id,entry_id,metric_id,value_number,value_text
11888,797,1,19.0,
11889,797,2,20.0,
11894,806,1,60.0,
11895,806,2,118.0,
11898,802,1,72.0,
11899,802,2,15.0,
11890,798,1,38.0,
11891,798,2,4.0,
11896,800,1,213.0,
11892,804,1,199.0,
11893,804,2,57.0,
25,897,9,4560.0,
13324,897,10,30.0,
29,898,9,7039.0,
2713,900,10,2.0,
27,901,9,38.0,
63,918,9,33792.0,
11897,800,2,43.0,
65,919,9,6285.0,
66,919,10,105.0,
84,938,9,34845.0,
14173,938,10,56.0,
15327,938,1,181.0,
15328,938,2,42.0,
11916,809,48,0.0,
82,939,9,4166.0,
14191,939,10,76.0,
15325,939,2,7.0,
86,940,9,4116.0,
14235,940,10,17.0,
11933,810,48,0.0,
15331,940,1,38.0,
80,941,9,3056.0,
14287,942,10,91.0,
15329,942,1,49.0,
15330,942,2,29.0,
11943,811,21,0.0,
11948,811,27,0.0,
11949,811,32,0.0,
11950,811,48,0.0,
88,943,9,31.0,
101,944,9,8931.0,
15337,944,1,64.0,
15338,944,2,87.0,
15333,945,1,12.0,
11962,812,21,0.0,
11966,812,48,0.0,
15334,945,2,16.0,
97,946,9,5737.0,
11972,813,21,0.0,
11973,813,48,0.0,
15343,946,1,49.0,
93,947,9,5548.0,
14426,947,10,88.0,
15339,947,1,26.0,
95,948,9,23486.0,
14446,948,10,65.0,
15341,948,1,211.0,
11991,816,48,0.0,
11992,816,49,0.0,
15342,948,2,53.0,
15347,950,1,16.0,
15348,950,2,113.0,
110,951,9,5549.0,
15351,951,1,48.0,
15352,951,2,11.0,
114,952,9,6762.0,
15356,952,1,64.0,
15357,952,2,67.0,
106,953,9,5324.0,
15349,953,1,41.0,
15350,953,2,14.0,
112,954,9,16046.0,
15345,954,1,210.0,
15346,954,2,172.0,
12008,817,27,0.0,
12009,817,32,0.0,
12010,817,48,0.0,
108,955,9,21893.0,
15354,955,1,200.0,
45,956,9,40953.0,
14648,956,10,71.0,
47,957,9,5708.0,
14666,957,10,29.0,
42,958,9,4823.0,
50,960,9,7362.0,
14754,960,10,102.0,
35,962,9,4042.0,
12022,818,21,0.0,
12027,818,27,0.0,
11908,809,18,2.0,
11909,809,19,2.0,
11910,809,20,4.0,
11911,809,21,2.0,
11912,809,22,119.0,
11913,809,23,25.0,
11914,809,24,11.0,
11915,809,25,27.0,
11917,809,49,30.0,
11918,809,50,38.0,
11902,808,13,7.0,
11907,809,17,10.0,
11924,810,17,30.0,
11925,810,18,5.0,
11926,810,19,5.0,
11927,810,20,10.0,
11928,810,21,4.0,
11929,810,22,867.0,
11930,810,23,63.0,
11931,810,24,47.0,
11932,810,25,85.0,
11939,811,17,1.0,
11940,811,18,2.0,
11941,811,19,2.0,
11942,811,20,10.0,
11944,811,22,8.0,
11945,811,23,6.0,
11946,811,24,4.0,
11947,811,25,105.0,
11951,811,49,261.0,
11952,811,50,1.0,
11953,811,51,9.0,
11959,812,17,10.0,
11960,812,18,2.0,
11961,812,19,2.0,
11963,812,22,146.0,
11964,812,23,56.0,
11965,812,24,15.0,
11967,812,49,150.0,
11968,812,50,4.0,
11969,812,51,16.0,
11974,813,49,130.0,
11975,813,50,1.0,
11982,816,17,13.0,
11983,816,18,1.0,
11984,816,19,1.0,
11985,816,20,7.0,
11986,816,21,2.0,
11987,816,22,170.0,
11988,816,23,10.0,
11989,816,24,5.0,
12028,818,32,0.0,
12029,818,48,0.0,
14823,962,10,23.0,
14866,963,10,110.0,
33,964,9,39230.0,
14887,964,10,64.0,
30,965,9,2226.0,
12047,819,27,0.0,
12048,819,32,0.0,
12049,819,48,0.0,
31,966,9,4894.0,
14918,966,10,58.0,
12055,820,21,0.0,
12056,820,49,0.0,
70,967,9,4877.0,
74,968,9,4975.0,
72,969,9,42370.0,
15047,969,10,79.0,
15074,971,10,107.0,
76,972,9,3708.0,
12076,822,27,0.0,
12077,822,32,0.0,
12078,822,48,0.0,
12095,823,48,0.0,
12113,824,48,0.0,
12130,825,27,0.0,
12131,825,32,0.0,
12132,825,48,0.0,
12144,826,21,0.0,
12148,826,27,0.0,
12149,826,32,0.0,
12150,826,48,0.0,
12156,827,21,0.0,
12157,827,48,0.0,
12179,829,27,0.0,
12180,829,32,0.0,
12181,829,48,0.0,
12043,819,22,73.0,
12044,819,23,68.0,
12045,819,24,5.0,
12046,819,25,67.0,
12050,819,49,48.0,
12051,819,50,18.0,
12052,819,51,86.5,
12057,820,50,1.0,
12065,822,13,6.0,
12030,818,49,432.0,
12031,818,50,1.0,
12032,818,51,86.0,
12038,819,17,7.0,
12039,819,18,3.0,
12040,819,19,1.0,
12041,819,20,8.0,
12042,819,21,1.0,
12067,822,17,31.0,
12068,822,18,5.0,
12069,822,19,13.0,
12070,822,20,27.0,
12071,822,21,6.0,
12072,822,22,1188.0,
12073,822,23,116.0,
12074,822,24,155.0,
12075,822,25,277.0,
12079,822,49,30.0,
12080,822,50,42.0,
12081,822,51,40.5,
12086,823,17,7.0,
12087,823,18,2.0,
12088,823,19,2.0,
12089,823,20,6.0,
12090,823,21,1.0,
12091,823,22,62.0,
12092,823,23,14.0,
12093,823,24,11.0,
12094,823,25,48.0,
12096,823,49,20.0,
12097,823,50,19.0,
2714,16,13,99.0,
2715,16,14,99.0,
12199,830,27,0.0,
12200,830,32,0.0,
12201,830,48,0.0,
12219,831,27,0.0,
12220,831,32,0.0,
12221,831,48,0.0,
12238,832,27,0.0,
12239,832,32,0.0,
12240,832,48,0.0,
12252,833,21,0.0,
12256,833,27,0.0,
12257,833,32,0.0,
12258,833,48,0.0,
12264,834,19,0.0,
12265,834,21,0.0,
12266,834,24,0.0,
12267,834,48,0.0,
12288,836,27,0.0,
12289,836,32,0.0,
12290,836,48,0.0,
12291,836,49,0.0,
12303,837,21,0.0,
12308,837,27,0.0,
12309,837,32,0.0,
12310,837,48,0.0,
12311,837,49,0.0,
12328,838,27,0.0,
12329,838,32,0.0,
12330,838,48,0.0,
12202,830,49,20.0,
12203,830,50,4.0,
12204,830,51,25.0,
12210,831,17,21.0,
12211,831,18,9.0,
12212,831,19,7.0,
12213,831,20,11.0,
12214,831,21,6.0,
12215,831,22,754.0,
12190,830,17,8.0,
12191,830,18,2.0,
12192,830,19,2.0,
12193,830,20,1.0,
12194,830,21,3.0,
12195,830,22,85.0,
12196,830,23,21.0,
12197,830,24,6.0,
12198,830,25,4.0,
12216,831,23,778.0,
12217,831,24,65.0,
12218,831,25,94.0,
12222,831,49,402.0,
12223,831,50,2.0,
12229,832,17,4.0,
12230,832,18,4.0,
12231,832,19,2.0,
12232,832,20,12.0,
12233,832,21,2.0,
12234,832,22,40.0,
12235,832,23,20.0,
12236,832,24,9.0,
12237,832,25,100.0,
12241,832,49,372.0,
12242,832,50,1.0,
12243,832,51,24.5,
12249,833,17,12.0,
12250,833,18,3.0,
12251,833,19,1.0,
12253,833,22,206.0,
12254,833,23,66.0,
12255,833,24,4.0,
12347,839,27,0.0,
12348,839,32,0.0,
12349,839,48,0.0,
12367,840,48,0.0,
12368,840,49,0.0,
12373,841,21,0.0,
12374,841,48,0.0,
12395,843,49,0.0,
12415,844,49,0.0,
12435,845,49,0.0,
12436,845,50,0.0,
12437,845,51,0.0,
12455,846,49,0.0,
12470,847,21,0.0,
12475,847,49,0.0,
12484,848,18,0.0,
12485,848,19,0.0,
12486,848,20,0.0,
12487,848,21,0.0,
12489,848,23,0.0,
12490,848,24,0.0,
12491,848,25,0.0,
12492,848,49,0.0,
12493,848,50,0.0,
12494,848,51,0.0,
12496,849,4,19042.0,
12497,849,6,33736.0,
12498,849,10,150.0,
12361,840,20,9.0,
12362,840,21,1.0,
12363,840,22,135.0,
12364,840,23,72.0,
12365,840,24,7.0,
12366,840,25,69.0,
12369,840,50,3.0,
12370,840,51,9.0,
12382,843,13,122.0,
12342,839,21,3.0,
12343,839,22,50.0,
12344,839,23,51.0,
12345,839,24,11.0,
12346,839,25,91.0,
12350,839,49,411.0,
12351,839,50,1.0,
12352,839,51,9.0,
12358,840,17,10.0,
12359,840,18,3.0,
12360,840,19,7.0,
12386,843,17,11.0,
12387,843,18,4.0,
12388,843,19,18.0,
12389,843,20,19.0,
12390,843,21,16.0,
12391,843,22,456.0,
12392,843,23,88.0,
12393,843,24,237.0,
12394,843,25,164.0,
12396,843,50,15.0,
12397,843,51,14.0,
12406,844,17,11.0,
12407,844,18,3.0,
12408,844,19,2.0,
12409,844,20,6.0,
12410,844,21,7.0,
12411,844,22,175.0,
12412,844,23,47.0,
12413,844,24,17.0,
12414,844,25,46.0,
12416,844,50,28.0,
12417,844,51,31.0,
12426,845,17,22.0,
12427,845,18,4.0,
12428,845,19,7.0,
12429,845,20,8.0,
12430,845,21,17.0,
12431,845,22,684.0,
12432,845,23,113.0,
12433,845,24,71.0,
12511,849,27,0.0,
12512,849,32,0.0,
12513,849,48,0.0,
12530,850,48,0.0,
12547,851,27,0.0,
12548,851,32,0.0,
12549,851,48,0.0,
12562,853,21,0.0,
12567,853,27,0.0,
12568,853,32,0.0,
12569,853,48,0.0,
12581,856,18,0.0,
12584,856,23,0.0,
12587,856,48,0.0,
12596,857,19,0.0,
12599,857,24,0.0,
12601,857,48,0.0,
12608,858,17,0.0,
12609,858,19,0.0,
12611,858,22,0.0,
12612,858,24,0.0,
12614,858,48,0.0,
12623,859,18,0.0,
12624,859,19,0.0,
12628,859,23,0.0,
12629,859,24,0.0,
12631,859,27,0.0,
12632,859,32,0.0,
12633,859,48,0.0,
12641,860,19,0.0,
12642,860,24,0.0,
12643,860,27,0.0,
12644,860,32,0.0,
12645,860,48,0.0,
12646,860,49,0.0,
12650,861,48,0.0,
12651,861,51,0.0,
12506,849,21,13.0,
12507,849,22,652.0,
12508,849,23,153.0,
12509,849,24,315.0,
12510,849,25,165.0,
12514,849,49,674.0,
12515,849,50,9.0,
12516,849,51,53.0,
12521,850,17,14.0,
12522,850,18,3.0,
12523,850,19,5.0,
12524,850,20,6.0,
12500,849,13,11.0,
12502,849,17,11.0,
12503,849,18,5.0,
12504,849,19,25.0,
12505,849,20,20.0,
12525,850,21,6.0,
12526,850,22,177.0,
12527,850,23,17.0,
12528,850,24,30.0,
12529,850,25,53.0,
12531,850,49,108.0,
12532,850,50,17.0,
12538,851,17,24.0,
12539,851,18,5.0,
12540,851,19,7.0,
12541,851,20,8.0,
12542,851,21,15.0,
12543,851,22,737.0,
12544,851,23,95.0,
12545,851,24,86.0,
12546,851,25,75.0,
12550,851,49,491.0,
12551,851,50,1.0,
12558,853,17,9.0,
12559,853,18,10.0,
12560,853,19,3.0,
12561,853,20,7.0,
12563,853,22,143.0,
12564,853,23,292.0,
12565,853,24,32.0,
12566,853,25,114.0,
12668,863,27,0.0,
12669,863,32,0.0,
12670,863,48,0.0,
12687,864,48,0.0,
12704,865,48,0.0,
12721,866,27,0.0,
12722,866,32,0.0,
12723,866,48,0.0,
12735,867,21,0.0,
12739,867,27,0.0,
12740,867,32,0.0,
12741,867,48,0.0,
12746,868,48,0.0,
12767,870,27,0.0,
12768,870,32,0.0,
12769,870,48,0.0,
12785,871,48,0.0,
12801,872,48,0.0,
12663,863,21,7.0,
12664,863,22,1083.0,
12665,863,23,1357.0,
12666,863,24,123.0,
12667,863,25,184.0,
12671,863,49,75.0,
12672,863,50,10.0,
12673,863,51,28.0,
12678,864,17,9.0,
12657,863,13,5.0,
12659,863,17,27.0,
12660,863,18,7.0,
12661,863,19,11.0,
12662,863,20,21.0,
12679,864,18,2.0,
12680,864,19,2.0,
12681,864,20,6.0,
12682,864,21,2.0,
12683,864,22,118.0,
12684,864,23,28.0,
12685,864,24,8.0,
12686,864,25,48.0,
12688,864,49,115.0,
12689,864,50,4.0,
12695,865,17,31.0,
12696,865,18,5.0,
12697,865,19,7.0,
12698,865,20,11.0,
12699,865,21,1.0,
12700,865,22,819.0,
12701,865,23,66.0,
12702,865,24,85.0,
12703,865,25,88.0,
12705,865,49,407.0,
12706,865,50,2.0,
12712,866,17,5.0,
12713,866,18,5.0,
12816,873,27,0.0,
12817,873,32,0.0,
12818,873,48,0.0,
12830,874,21,0.0,
12834,874,48,0.0,
12840,875,20,0.0,
12842,875,25,0.0,
12843,875,48,0.0,
12844,875,51,0.0,
12861,877,27,0.0,
12862,877,32,0.0,
12863,877,48,0.0,
12879,878,48,0.0,
12896,879,48,0.0,
12911,880,27,0.0,
12912,880,32,0.0,
12913,880,48,0.0,
12925,881,21,0.0,
12929,881,27,0.0,
12930,881,32,0.0,
12931,881,48,0.0,
12932,881,49,0.0,
12937,882,21,0.0,
12938,882,48,0.0,
12956,884,27,0.0,
12957,884,32,0.0,
12958,884,48,0.0,
12827,874,17,11.0,
12828,874,18,4.0,
12829,874,19,2.0,
12831,874,22,152.0,
12832,874,23,116.0,
12833,874,24,11.0,
12835,874,49,46.0,
12836,874,50,6.0,
12837,874,51,12.0,
12841,875,21,2.0,
12850,877,13,4.0,
12813,873,23,78.0,
12814,873,24,13.0,
12815,873,25,83.0,
12819,873,49,290.0,
12820,873,50,1.0,
12821,873,51,6.0,
12852,877,17,23.0,
12853,877,18,5.0,
12854,877,19,8.0,
12855,877,20,18.0,
12856,877,21,4.0,
12857,877,22,900.0,
12858,877,23,132.0,
12859,877,24,1719.0,
12860,877,25,162.0,
12864,877,49,140.0,
12865,877,50,17.0,
12866,877,51,76.25,
12870,878,17,7.0,
12871,878,18,3.0,
12872,878,19,2.0,
12873,878,20,6.0,
12874,878,21,2.0,
12875,878,22,104.0,
12876,878,23,19.0,
12877,878,24,14.0,
12878,878,25,50.0,
12880,878,49,85.0,
12881,878,50,21.0,
12887,879,17,25.0,
12888,879,18,6.0,
12977,886,48,0.0,
12987,887,21,0.0,
12992,887,27,0.0,
12993,887,32,0.0,
12994,887,48,0.0,
13006,888,21,0.0,
13010,888,48,0.0,
13016,889,21,0.0,
13017,889,48,0.0,
13037,891,48,0.0,
13059,892,48,0.0,
13081,893,48,0.0,
13105,894,48,0.0,
13122,895,21,0.0,
13004,888,18,3.0,
13005,888,19,1.0,
13007,888,22,166.0,
13008,888,23,81.0,
13009,888,24,7.0,
13011,888,49,70.0,
13012,888,50,5.0,
13013,888,51,10.0,
12970,886,19,6.0,
12971,886,20,11.0,
12972,886,21,3.0,
12973,886,22,418.0,
12974,886,23,49.0,
12975,886,24,68.0,
12976,886,25,71.0,
12983,887,17,7.0,
12984,887,18,4.0,
12985,887,19,2.0,
12986,887,20,5.0,
12988,887,22,127.0,
12989,887,23,43.0,
12990,887,24,5.0,
12991,887,25,41.0,
12995,887,49,301.0,
12996,887,50,1.0,
12997,887,51,8.0,
13003,888,17,9.0,
13028,891,17,8.0,
13029,891,18,2.0,
13030,891,19,2.0,
13031,891,20,1.0,
13032,891,21,3.0,
13033,891,22,85.0,
13034,891,23,21.0,
13035,891,24,6.0,
13036,891,25,4.0,
13038,891,49,1.0,
13039,891,50,4.0,
13040,891,51,25.0,
13050,892,17,21.0,
13051,892,18,9.0,
13052,892,19,7.0,
13053,892,20,11.0,
13054,892,21,6.0,
13055,892,22,754.0,
13056,892,23,778.0,
13057,892,24,65.0,
13058,892,25,94.0,
13060,892,49,5.0,
13061,892,50,4.0,
13062,892,51,20.0,
13072,893,17,4.0,
13073,893,18,4.0,
13074,893,19,2.0,
13127,895,48,0.0,
13136,896,18,0.0,
13137,896,19,0.0,
13139,896,21,0.0,
13141,896,23,0.0,
13142,896,24,0.0,
13144,896,48,0.0,
13148,797,29,2.0,
13149,797,34,20.0,
13150,797,46,3.0,
13162,806,19,3.0,
13163,806,24,25.0,
13164,806,46,1.0,
13177,802,16,0.0,
13178,802,17,0.0,
13179,802,18,0.0,
13183,802,22,0.0,
13184,802,23,0.0,
13188,802,27,0.0,
13189,802,28,0.0,
13190,802,29,0.0,
13191,802,30,0.0,
13192,802,31,0.0,
13193,802,32,0.0,
13194,802,33,0.0,
13195,802,34,0.0,
13196,802,35,0.0,
13197,802,36,0.0,
13198,802,37,0.0,
13199,802,38,0.0,
13200,802,39,0.0,
13201,802,40,0.0,
13202,802,41,0.0,
13203,802,42,0.0,
13204,802,43,0.0,
13205,802,44,0.0,
13206,802,45,0.0,
13207,802,46,0.0,
13208,802,47,0.0,
13220,798,16,0.0,
13223,798,19,3.0,
13225,798,21,0.0,
13230,798,26,0.0,
13231,798,27,0.0,
13232,798,28,0.0,
13233,798,29,0.0,
13234,798,30,0.0,
13235,798,31,0.0,
13236,798,32,0.0,
13237,798,33,0.0,
13238,798,34,0.0,
13239,798,35,0.0,
13240,798,36,0.0,
13241,798,37,0.0,
13242,798,38,0.0,
13243,798,39,0.0,
13244,798,40,0.0,
13245,798,41,0.0,
13246,798,42,0.0,
13247,798,43,0.0,
13248,798,44,0.0,
13249,798,45,0.0,
13250,798,46,0.0,
13251,798,47,0.0,
13263,800,18,1.0,
13266,800,23,30.0,
13269,800,48,988.0,
13132,896,14,0.0,
13133,896,15,15.0,
13134,896,16,404.0,
13128,895,49,2.0,
13129,895,50,4.0,
13130,895,51,28.0,
13135,896,17,1.0,
13138,896,20,2.0,
13140,896,22,25.0,
13143,896,25,16.0,
13145,896,49,21.0,
13146,896,50,2.0,
13147,896,51,8.0,
13151,797,47,3.0,
13152,797,48,184.0,
13153,797,49,170.0,
13284,804,17,0.0,
13288,804,21,0.0,
13289,804,22,0.0,
13293,804,26,0.0,
13294,804,27,0.0,
13295,804,28,0.0,
13296,804,29,0.0,
13297,804,30,0.0,
13298,804,31,0.0,
13299,804,32,0.0,
13300,804,33,0.0,
13301,804,34,0.0,
13302,804,35,0.0,
13303,804,36,0.0,
13304,804,37,0.0,
13308,804,41,0.0,
13309,804,42,0.0,
13366,898,10,120.0,
13384,899,10,74.0,
13313,804,46,0.0,
13314,804,47,0.0,
13325,897,16,4.0,
13327,897,18,2.0,
13335,897,26,0.0,
13336,897,27,0.0,
13337,897,28,0.0,
13338,897,29,0.0,
13339,897,30,0.0,
13340,897,31,0.0,
13341,897,32,0.0,
13342,897,33,0.0,
13343,897,34,0.0,
13344,897,35,0.0,
13345,897,36,0.0,
13346,897,37,0.0,
13347,897,38,0.0,
13348,897,39,0.0,
13349,897,40,0.0,
13350,897,41,0.0,
13351,897,42,0.0,
13352,897,43,0.0,
13353,897,44,0.0,
13354,897,45,0.0,
13355,897,46,0.0,
13356,897,47,0.0,
13368,898,16,10.0,
13378,898,48,313.0,
13386,899,16,24.0,
13396,899,48,2016.0,
13401,900,5,2.0,
13402,900,26,3.0,
13403,900,29,3.0,
13404,900,31,105.0,
13405,900,34,70.0,
13406,900,48,295.0,
13411,901,4,0.0,
13412,901,5,0.0,
13413,901,6,0.0,
13414,901,10,0.0,
13415,901,12,0.0,
13419,901,7,0.0,
13421,901,17,0.0,
13422,901,18,0.0,
13423,901,19,0.0,
13424,901,20,0.0,
13425,901,21,0.0,
13426,901,22,0.0,
13427,901,23,0.0,
13428,901,24,0.0,
13429,901,25,0.0,
13285,804,18,0.0,
13286,804,19,5.0,
13287,804,20,20.0,
13290,804,23,0.0,
13291,804,24,43.0,
13292,804,25,175.0,
13305,804,38,0.0,
13306,804,39,1.0,
13307,804,40,2.0,
13441,901,37,0.0,
13442,901,38,0.0,
13445,901,41,0.0,
13446,901,42,0.0,
13447,901,43,0.0,
13450,901,48,133.0,
13462,902,7,0.0,
13473,902,48,0.0,
13495,903,48,0.0,
13512,904,21,0.0,
13517,904,48,0.0,
13541,905,48,0.0,
13563,906,48,0.0,
13572,907,18,0.0,
13573,907,19,0.0,
13574,907,20,0.0,
13575,907,21,0.0,
13577,907,23,0.0,
13578,907,24,0.0,
13579,907,25,0.0,
13580,907,48,0.0,
13581,907,49,0.0,
13476,902,51,60.0,
13486,903,17,23.0,
13487,903,18,6.0,
13488,903,19,7.0,
13489,903,20,14.0,
13490,903,21,4.0,
13491,903,22,683.0,
13443,901,39,0.0,
13444,901,40,2.0,
13448,901,44,0.0,
13449,901,45,43.0,
13451,901,49,133.0,
13452,901,50,27.0,
13453,901,51,134.25,
13464,902,17,13.0,
13465,902,18,1.0,
13466,902,19,1.0,
13467,902,20,7.0,
13468,902,21,2.0,
13469,902,22,170.0,
13470,902,23,10.0,
13471,902,24,5.0,
13472,902,25,56.0,
13474,902,49,8.0,
13475,902,50,35.0,
13492,903,23,66.0,
13493,903,24,93.0,
13494,903,25,116.0,
13496,903,49,5.0,
13497,903,50,16.0,
13498,903,51,221.0,
13508,904,17,5.0,
13509,904,18,4.0,
13510,904,19,2.0,
13511,904,20,13.0,
13513,904,22,52.0,
13514,904,23,47.0,
13515,904,24,8.0,
13516,904,25,118.0,
13518,904,49,11.0,
13519,904,50,4.0,
13520,904,51,86.0,
13527,905,13,2.0,
13532,905,17,28.0,
13533,905,18,5.0,
13534,905,19,12.0,
13535,905,20,29.0,
13536,905,21,1.0,
13537,905,22,940.0,
13538,905,23,123.0,
13539,905,24,131.0,
13540,905,25,143.0,
13601,908,48,0.0,
13621,909,48,0.0,
13641,910,48,0.0,
13643,910,50,0.0,
13644,910,51,0.0,
13656,911,21,0.0,
13661,911,48,0.0,
13676,912,21,0.0,
13681,912,48,0.0,
13689,913,18,0.0,
13690,913,19,0.0,
13691,913,20,0.0,
13692,913,21,0.0,
13694,913,23,0.0,
13695,913,24,0.0,
13696,913,25,0.0,
13697,913,48,0.0,
13702,914,46,2.0,
13703,914,48,246.0,
13704,914,51,1.0,
13709,915,16,10.0,
13716,915,23,39.0,
13719,915,46,1.0,
13720,915,48,4.0,
13727,916,16,24.0,
13737,916,27,1.0,
13738,916,48,4.0,
13749,918,13,123.0,
13752,918,16,12.0,
13607,909,4,2152.0,
13603,908,50,9.0,
13604,908,51,48.0,
13612,909,17,10.0,
13613,909,18,2.0,
13614,909,19,2.0,
13598,908,23,99.0,
13599,908,24,47.0,
13600,908,25,137.0,
13602,908,49,47.0,
13615,909,20,4.0,
13616,909,21,2.0,
13617,909,22,119.0,
13618,909,23,25.0,
13619,909,24,11.0,
13620,909,25,27.0,
13622,909,49,7.0,
13623,909,50,38.0,
13624,909,51,27.0,
13632,910,17,30.0,
13633,910,18,5.0,
13634,910,19,5.0,
13635,910,20,10.0,
13636,910,21,4.0,
13637,910,22,867.0,
13638,910,23,63.0,
13639,910,24,47.0,
13640,910,25,85.0,
13642,910,49,5.0,
13652,911,17,1.0,
13653,911,18,2.0,
13654,911,19,2.0,
13655,911,20,10.0,
13657,911,22,8.0,
13658,911,23,6.0,
13659,911,24,4.0,
13660,911,25,105.0,
13755,918,19,21.0,
13762,918,27,4.0,
13763,918,32,1602.0,
13764,918,37,2.0,
13765,918,42,10.0,
13766,918,48,374.0,
13775,919,16,11.0,
13785,919,48,95.0,
13809,920,48,0.0,
13819,921,7,0.0,
13830,921,48,0.0,
13851,922,48,0.0,
13872,923,48,0.0,
13893,924,48,0.0,
13901,925,17,0.0,
13902,925,18,0.0,
13903,925,19,0.0,
13904,925,20,0.0,
13905,925,21,0.0,
13906,925,22,0.0,
13907,925,23,0.0,
13908,925,24,0.0,
13909,925,25,0.0,
13910,925,48,0.0,
13777,919,18,3.0,
13778,919,19,6.0,
13779,919,20,7.0,
13780,919,21,4.0,
13781,919,22,202.0,
13782,919,23,93.0,
13756,918,20,21.0,
13757,918,21,13.0,
13758,918,22,547.0,
13759,918,23,226.0,
13760,918,24,398.0,
13761,918,25,192.0,
13767,918,49,374.0,
13768,918,50,20.0,
13769,918,51,27.5,
13771,919,4,4771.0,
13772,919,5,471.0,
13773,919,6,724.0,
13774,919,7,0.0,
13776,919,17,11.0,
13783,919,24,57.0,
13784,919,25,53.0,
13786,919,49,95.0,
13787,919,50,7.0,
13788,919,51,6.0,
13795,920,13,2.0,
13800,920,17,13.0,
13801,920,18,4.0,
13802,920,19,23.0,
13803,920,20,22.0,
13804,920,21,19.0,
13805,920,22,629.0,
13806,920,23,92.0,
13807,920,24,289.0,
13808,920,25,202.0,
13810,920,49,8.0,
13811,920,50,15.0,
13812,920,51,14.0,
13821,921,17,10.0,
13822,921,18,3.0,
13823,921,19,4.0,
13824,921,20,4.0,
13920,926,7,0.0,
13931,926,48,0.0,
13952,927,48,0.0,
13973,928,48,0.0,
13996,929,48,0.0,
14012,930,21,0.0,
14017,930,48,0.0,
14026,931,18,0.0,
14027,931,19,0.0,
14028,931,20,0.0,
14029,931,21,0.0,
14031,931,23,0.0,
14032,931,24,0.0,
14033,931,25,0.0,
14034,931,48,0.0,
14051,932,21,0.0,
14056,932,48,0.0,
13955,927,51,13.0,
13964,928,17,4.0,
13965,928,18,1.0,
13966,928,19,2.0,
13967,928,20,13.0,
13968,928,21,2.0,
13969,928,22,39.0,
13970,928,23,7.0,
13912,925,50,1.0,
13913,925,51,4.0,
13922,926,17,7.0,
13923,926,18,2.0,
13924,926,19,2.0,
13925,926,20,6.0,
13926,926,21,1.0,
13927,926,22,62.0,
13928,926,23,14.0,
13929,926,24,11.0,
13930,926,25,48.0,
13932,926,49,21.0,
13933,926,50,16.0,
13934,926,51,20.0,
13943,927,17,33.0,
13944,927,18,6.0,
13945,927,19,7.0,
13946,927,20,14.0,
13947,927,21,4.0,
13948,927,22,1059.0,
13949,927,23,88.0,
13950,927,24,75.0,
13951,927,25,128.0,
13953,927,49,6.0,
13954,927,50,6.0,
13971,928,24,19.0,
13972,928,25,122.0,
13974,928,49,8.0,
13975,928,50,1.0,
13976,928,51,53.0,
13982,929,13,6.0,
13987,929,17,31.0,
13988,929,18,5.0,
13989,929,19,13.0,
13990,929,20,27.0,
13991,929,21,6.0,
13992,929,22,1188.0,
13993,929,23,116.0,
13994,929,24,155.0,
13995,929,25,277.0,
13997,929,49,13.0,
13998,929,50,42.0,
13999,929,51,41.0,
14008,930,17,14.0,
14009,930,18,1.0,
14010,930,19,1.0,
14011,930,20,8.0,
14013,930,22,162.0,
14014,930,23,4.0,
14078,933,48,0.0,
14100,934,48,0.0,
14124,935,48,0.0,
14146,936,48,0.0,
14155,937,18,0.0,
14156,937,19,0.0,
14157,937,20,0.0,
14158,937,21,0.0,
14160,937,23,0.0,
14161,937,24,0.0,
14162,937,25,0.0,
14163,937,48,0.0,
14165,937,50,0.0,
14166,937,51,0.0,
14175,938,16,21.0,
14185,938,48,1433.0,
14192,939,13,0.0,
14194,939,16,4.0,
14195,939,17,4.0,
14196,939,18,4.0,
14205,939,27,0.0,
14206,939,28,0.0,
14207,939,29,0.0,
14208,939,30,0.0,
14209,939,31,0.0,
14210,939,32,0.0,
14211,939,33,0.0,
14212,939,34,0.0,
14213,939,35,0.0,
14214,939,36,0.0,
14215,939,37,0.0,
14216,939,38,0.0,
14217,939,39,0.0,
14218,939,40,0.0,
14219,939,41,0.0,
14220,939,42,0.0,
14221,939,43,0.0,
14222,939,44,0.0,
14223,939,45,0.0,
14224,939,46,0.0,
14225,939,47,0.0,
14084,934,4,3941.0,
14074,933,22,714.0,
14075,933,23,70.0,
14076,933,24,84.0,
14077,933,25,96.0,
14069,933,17,21.0,
14070,933,18,5.0,
14071,933,19,5.0,
14072,933,20,10.0,
14073,933,21,5.0,
14079,933,49,6.0,
14080,933,50,6.0,
14081,933,51,4.0,
14091,934,17,4.0,
14092,934,18,5.0,
14093,934,19,2.0,
14094,934,20,9.0,
14095,934,21,3.0,
14096,934,22,50.0,
14097,934,23,51.0,
14098,934,24,11.0,
14099,934,25,91.0,
14101,934,49,9.0,
14102,934,50,1.0,
14103,934,51,9.0,
14110,935,13,1.0,
14115,935,17,15.0,
14116,935,18,10.0,
14117,935,19,6.0,
14118,935,20,22.0,
14119,935,21,8.0,
14120,935,22,636.0,
14121,935,23,140.0,
14122,935,24,59.0,
14353,944,10,125.0,
14237,940,16,4.0,
14238,940,17,4.0,
14247,940,26,0.0,
14248,940,27,0.0,
14249,940,28,0.0,
14250,940,29,0.0,
14251,940,30,0.0,
14252,940,31,0.0,
14253,940,32,0.0,
14254,940,33,0.0,
14255,940,34,0.0,
14256,940,35,0.0,
14257,940,36,0.0,
14258,940,37,0.0,
14259,940,38,0.0,
14262,940,41,0.0,
14263,940,42,0.0,
14264,940,43,0.0,
14267,940,46,0.0,
14268,940,47,0.0,
14275,941,26,3.0,
14276,941,31,102.0,
14277,941,46,2.0,
14289,942,16,11.0,
14293,942,21,231.0,
14297,942,46,1.0,
14305,943,4,0.0,
14306,943,5,0.0,
14307,943,6,0.0,
14308,943,10,0.0,
14313,943,7,0.0,
14315,943,17,0.0,
14316,943,18,0.0,
14317,943,19,0.0,
14318,943,20,0.0,
14319,943,21,0.0,
14320,943,22,0.0,
14321,943,23,0.0,
14322,943,24,0.0,
14323,943,25,0.0,
14335,943,37,0.0,
14340,943,42,0.0,
14344,943,48,15.0,
14355,944,16,12.0,
14365,944,46,1.0,
14373,945,46,5.0,
14226,939,48,0.0,
14227,939,49,514.0,
14228,939,50,7.0,
14229,939,51,30.5,
14232,940,4,3068.0,
14233,940,5,178.0,
14234,940,6,523.0,
14236,940,7,11.0,
14239,940,18,4.0,
14240,940,19,2.0,
14241,940,20,8.0,
14242,940,21,0.0,
14517,952,10,93.0,
14385,946,16,4.0,
14396,946,27,0.0,
14397,946,28,0.0,
14398,946,29,0.0,
14399,946,30,0.0,
14400,946,31,0.0,
14401,946,32,0.0,
14402,946,33,0.0,
14403,946,34,0.0,
14404,946,35,0.0,
14405,946,36,0.0,
14406,946,37,0.0,
14407,946,38,0.0,
14408,946,39,0.0,
14409,946,40,0.0,
14410,946,41,0.0,
14411,946,42,0.0,
14412,946,43,0.0,
14413,946,44,0.0,
14414,946,45,0.0,
14415,946,46,0.0,
14416,946,47,0.0,
14428,947,16,6.0,
14438,947,48,638.0,
14447,948,7,1494.0,
14448,948,16,31.0,
14458,948,46,1.0,
14466,950,46,7.0,
14469,950,51,5.0,
14476,951,16,5.0,
14487,951,27,0.0,
14488,951,28,0.0,
14489,951,29,0.0,
14490,951,30,0.0,
14491,951,31,0.0,
14492,951,32,0.0,
14493,951,33,0.0,
14494,951,34,0.0,
14495,951,35,0.0,
14496,951,36,0.0,
14497,951,37,0.0,
14498,951,38,0.0,
14499,951,39,0.0,
14500,951,40,0.0,
14501,951,41,0.0,
14502,951,42,0.0,
14503,951,43,0.0,
14504,951,44,0.0,
14505,951,45,0.0,
14506,951,46,0.0,
14507,951,47,0.0,
14519,952,16,9.0,
14529,952,46,2.0,
14533,952,50,0.0,
14534,952,51,0.0,
14474,951,10,18.0,
14384,946,7,11.0,
14386,946,17,4.0,
14387,946,18,5.0,
14388,946,19,2.0,
14389,946,20,10.0,
14390,946,21,1.0,
14391,946,22,48.0,
14392,946,23,30.0,
14393,946,24,13.0,
14394,946,25,81.0,
14395,946,26,6.0,
14417,946,48,0.0,
14418,946,49,965.0,
14542,953,13,0.0,
14543,953,14,0.0,
14544,953,15,0.0,
14547,953,17,4.0,
14548,953,18,4.0,
14557,953,27,0.0,
14558,953,28,0.0,
14559,953,29,0.0,
14560,953,30,0.0,
14561,953,31,0.0,
14562,953,32,0.0,
14563,953,33,0.0,
14564,953,34,0.0,
14565,953,35,0.0,
14566,953,36,0.0,
14567,953,37,0.0,
14568,953,38,0.0,
14569,953,39,0.0,
14570,953,40,0.0,
14571,953,41,0.0,
14572,953,42,0.0,
14573,953,43,0.0,
14574,953,44,0.0,
14575,953,45,0.0,
14576,953,46,0.0,
14577,953,47,0.0,
14540,953,10,69.0,
14591,954,16,21.0,
14599,954,25,284.0,
14611,954,37,0.0,
14612,954,38,0.0,
14616,954,42,0.0,
14617,954,43,0.0,
14620,954,48,135.0,
14629,955,7,2008.0,
14630,955,16,35.0,
14640,955,48,1475.0,
14643,956,50,1.0,
14650,956,16,31.0,
14660,956,48,1392.0,
14668,957,16,4.0,
14680,957,28,0.0,
14681,957,29,0.0,
14682,957,30,0.0,
14685,957,33,0.0,
14686,957,34,0.0,
14687,957,35,0.0,
14688,957,36,0.0,
14689,957,37,0.0,
14690,957,38,0.0,
14691,957,39,0.0,
14692,957,40,0.0,
14693,957,41,0.0,
14694,957,42,0.0,
14695,957,43,0.0,
14696,957,44,0.0,
14541,953,12,103.0,
14545,953,7,2.0,
14546,953,16,0.0,
14549,953,19,4.0,
14550,953,20,8.0,
14551,953,21,1.0,
14552,953,22,38.0,
14553,953,23,48.0,
14554,953,24,29.0,
14555,953,25,59.0,
14556,953,26,13.0,
14697,957,45,0.0,
14698,957,46,0.0,
14699,957,47,0.0,
14709,958,10,64.0,
14711,958,16,5.0,
14721,958,26,0.0,
14722,958,27,0.0,
14723,958,28,0.0,
14724,958,29,0.0,
14725,958,30,0.0,
14726,958,31,0.0,
14727,958,32,0.0,
14728,958,33,0.0,
14729,958,34,0.0,
14730,958,35,0.0,
14731,958,36,0.0,
14732,958,37,0.0,
14733,958,38,0.0,
14734,958,39,0.0,
14735,958,40,0.0,
14736,958,41,0.0,
14737,958,42,0.0,
14738,958,43,0.0,
14739,958,44,0.0,
14740,958,45,0.0,
14741,958,46,0.0,
14742,958,48,287.0,
14748,959,49,7.0,
14756,960,16,11.0,
14766,960,48,154.0,
14773,961,4,0.0,
14774,961,5,0.0,
14775,961,6,0.0,
14776,961,10,0.0,
14781,961,7,0.0,
14783,961,17,0.0,
14784,961,18,0.0,
14785,961,19,0.0,
14786,961,20,0.0,
14787,961,21,0.0,
14788,961,22,0.0,
14789,961,23,0.0,
14790,961,24,0.0,
14791,961,25,0.0,
14803,961,37,0.0,
14804,961,38,0.0,
14807,961,41,0.0,
14808,961,42,0.0,
14809,961,43,0.0,
14812,961,46,0.0,
14813,961,47,0.0,
14825,962,16,7.0,
14837,962,28,0.0,
14838,962,29,0.0,
14839,962,30,0.0,
14842,962,33,0.0,
14843,962,34,0.0,
14844,962,35,0.0,
14845,962,36,0.0,
14846,962,37,0.0,
14847,962,38,0.0,
14848,962,39,0.0,
14849,962,40,0.0,
14850,962,41,0.0,
14851,962,42,0.0,
14852,962,43,0.0,
14853,962,44,0.0,
14700,957,48,0.0,
14701,957,49,649.0,
14702,957,50,4.0,
14703,957,51,12.0,
14706,958,4,2648.0,
14707,958,5,202.0,
14708,958,6,491.0,
14710,958,7,0.0,
14712,958,17,5.0,
14713,958,18,3.0,
14854,962,45,0.0,
14855,962,46,0.0,
14856,962,47,0.0,
14961,967,10,83.0,
14868,963,16,7.0,
14878,963,48,251.0,
14889,964,16,15.0,
14899,964,48,2292.0,
14904,965,26,3.0,
14905,965,29,2.0,
14906,965,31,91.0,
14907,965,34,25.0,
14908,965,46,2.0,
14920,966,16,8.0,
14922,966,18,2.0,
14931,966,27,0.0,
14932,966,28,0.0,
14933,966,29,0.0,
14934,966,30,0.0,
14935,966,31,0.0,
14936,966,32,0.0,
14937,966,33,0.0,
14938,966,34,0.0,
14939,966,35,0.0,
14940,966,36,0.0,
14941,966,37,0.0,
14942,966,38,0.0,
14943,966,39,0.0,
14944,966,40,0.0,
14945,966,41,0.0,
14946,966,42,0.0,
14947,966,43,0.0,
14948,966,44,0.0,
14949,966,45,0.0,
14950,966,46,0.0,
14951,966,47,0.0,
14963,967,16,7.0,
14973,967,26,0.0,
14974,967,27,0.0,
14975,967,28,0.0,
14976,967,29,0.0,
14977,967,30,0.0,
14978,967,31,0.0,
14979,967,32,0.0,
14980,967,33,0.0,
14981,967,34,0.0,
14982,967,35,0.0,
14983,967,36,0.0,
14984,967,37,0.0,
14985,967,38,0.0,
14986,967,39,0.0,
14987,967,40,0.0,
14988,967,41,0.0,
14989,967,42,0.0,
14990,967,43,0.0,
14991,967,44,0.0,
14992,967,45,0.0,
14993,967,46,0.0,
14994,967,47,0.0,
15006,968,16,5.0,
15004,968,10,18.0,
14857,962,48,0.0,
14858,962,49,638.0,
14859,962,50,13.0,
14860,962,51,121.0,
14863,963,4,4167.0,
14864,963,5,423.0,
14865,963,6,877.0,
14867,963,7,17.0,
14869,963,17,7.0,
14870,963,18,3.0,
14871,963,19,2.0,
14872,963,20,6.0,
15016,968,26,0.0,
15017,968,27,0.0,
15018,968,28,0.0,
15019,968,29,0.0,
15020,968,30,0.0,
15021,968,31,0.0,
15022,968,32,0.0,
15023,968,33,0.0,
15024,968,34,0.0,
15025,968,35,0.0,
15026,968,36,0.0,
15027,968,37,0.0,
15028,968,38,0.0,
15029,968,39,0.0,
15030,968,40,0.0,
15031,968,41,0.0,
15032,968,42,0.0,
15033,968,43,0.0,
15034,968,44,0.0,
15035,968,45,0.0,
15036,968,46,0.0,
15037,968,47,0.0,
15049,969,16,33.0,
15059,969,46,2.0,
15063,969,50,1.0,
15066,970,48,2.0,
15076,971,16,13.0,
15080,971,21,295.0,
15084,971,46,1.0,
15092,972,4,0.0,
15093,972,5,0.0,
15094,972,6,0.0,
15095,972,10,0.0,
15100,972,7,0.0,
15102,972,17,0.0,
15103,972,18,0.0,
15104,972,19,0.0,
15105,972,20,0.0,
15106,972,21,0.0,
15107,972,22,0.0,
15108,972,23,0.0,
15109,972,24,0.0,
15110,972,25,0.0,
15122,972,37,0.0,
15123,972,38,0.0,
15126,972,41,0.0,
15127,972,42,0.0,
15128,972,43,0.0,
15131,972,46,0.0,
15132,972,47,0.0,
15011,968,21,0.0,
15012,968,22,70.0,
15013,968,23,29.0,
15014,968,24,16.0,
15015,968,25,122.0,
15038,968,48,0.0,
15039,968,49,844.0,
15040,968,50,3.0,
15041,968,51,26.0,
15044,969,4,14045.0,
15045,969,5,1042.0,
15046,969,6,1807.0,
15048,969,7,10.0,
15050,969,17,33.0,
15051,969,18,6.0,
15052,969,19,8.0,
15053,969,20,10.0,
15054,969,21,4.0,
15055,969,22,1370.0,
15056,969,23,81.0,
15057,969,24,76.0,
15058,969,25,87.0,
15060,969,47,2.0,
15061,969,48,550.0,
15062,969,49,1352.0,
15067,970,49,2.0,
15068,970,50,5.0,
15069,970,51,36.5,
15071,971,4,4900.0,
15072,971,5,506.0,
15073,971,6,912.0,
15075,971,7,16.0,
15077,971,17,13.0,
15078,971,18,3.0,
15079,971,19,2.0,
15081,971,22,295.0,
15082,971,23,75.0,
15270,897,1,41.0,
15271,897,2,15.0,
15268,898,1,43.0,
15263,899,1,181.0,
15264,899,2,50.0,
15261,900,1,7.0,
15265,901,1,2.0,
15266,901,2,19.0,
15296,914,1,13.0,
15297,914,2,6.0,
15300,915,1,34.0,
15301,915,2,12.0,
15302,916,1,252.0,
15303,916,2,76.0,
15307,917,2,15.0,
15298,918,1,223.0,
15299,918,2,90.0,
15304,919,1,65.0,
15305,919,2,21.0,
15324,939,1,21.0,
15321,941,2,4.0,
15322,943,1,17.0,
15323,943,2,2.0,
15292,956,1,234.0,
15293,956,2,62.0,
15294,957,1,64.0,
15291,958,2,10.0,
15284,959,1,10.0,
15285,959,2,37.0,
15288,960,1,62.0,
15289,960,2,37.0,
15286,961,1,1.0,
15287,961,2,83.0,
15280,962,1,47.0,
15281,962,2,19.0,
15282,963,1,65.0,
15283,963,2,12.0,
15278,964,1,211.0,
15279,964,2,38.0,
15272,965,1,19.0,
15273,965,2,84.0,
15276,966,1,27.0,
15313,967,2,13.0,
15314,968,1,59.0,
15315,968,2,22.0,
15316,969,1,223.0,
15317,969,2,42.0,
15308,970,1,7.0,
15309,970,2,31.0,
15318,971,1,63.0,
15319,971,2,8.0,
15310,972,1,5.0,
15311,972,2,293.0,
15262,900,2,2.0,
15267,973,1,23.0,
15269,898,2,9.0,
15274,981,1,27.0,
15275,981,2,107.0,
15277,966,2,5.0,
15290,958,1,36.0,
15295,957,2,12.0,
15306,917,1,67.0,
15312,967,1,24.0,
15320,941,1,9.0,
15326,997,2,1.0,
15332,940,2,2.0,
15335,949,1,32.0,
15336,949,2,59.0,
15340,947,2,6.0,
15344,946,2,13.0,
15353,1006,1,1.0,
15355,955,2,61.0,
15358,1011,81,116.0,
15359,1012,81,1642.0,
15360,1013,81,3527.0,
15361,1014,81,250.0,
15362,1015,81,373.0,
15363,1016,81,290.0,
15364,1017,81,473.0,
15365,1018,81,81.0,
15366,1019,81,105.0,
15367,1020,81,266.0,
15368,1021,81,244.0,
15369,1022,81,74.0,
15370,1023,81,16.0,
15371,1024,81,62.0,
15372,1025,81,7.0,
15373,1026,81,52.0,
15374,1027,81,120.0,
15375,1028,81,75.0,
15376,1029,81,201.0,
15377,1030,81,13.0,
15378,1031,81,70.0,
15379,1032,81,308.0,
15380,1033,81,5.0,
15381,1034,81,42.0,
15382,1035,56,31544.0,
15383,1035,57,161.0,
15384,1035,58,178.0,
15385,1035,59,84.0,
15386,1035,60,101.0,
15387,1035,62,104.0,
15388,1035,63,4452.0,
15389,1035,64,12501.0,
15390,1035,65,24.0,
15391,1035,71,1230.0,
15392,1035,72,1439.0,
15393,1035,73,57.5,
15394,1035,77,787.0,
15395,1035,78,56.0,
15396,1035,79,1731.0,
15397,1035,80,9918.0,
15398,1035,75,9089.0,
15399,1035,76,2078.0,
15400,1036,75,9134.0,
15401,1036,76,2121.0,
15402,1036,56,29744.0,
15403,1036,57,112.0,
15404,1036,58,954.0,
15405,1036,59,45.0,
15406,1036,60,191.0,
15407,1036,62,96.0,
15408,1036,63,641.0,
15409,1036,64,7589.0,
15410,1036,65,5.0,
15411,1036,71,1230.0,
15412,1036,72,2880.0,
15413,1036,73,92.8,
15414,1036,77,795.0,
15415,1036,78,54.0,
15416,1036,79,2119.0,
15417,1036,80,10556.0,
15418,1036,74,0.0,
15419,1036,61,68.0,
15420,1037,56,30051.0,
15421,1037,57,102.0,
15422,1037,58,1017.0,
15423,1037,59,227.0,
15424,1037,62,16.0,
15425,1037,71,1160.0,
15426,1037,72,5067.0,
15427,1037,73,151.3,
15428,1037,78,32.0,
15429,1037,75,8090.0,
15430,1037,76,1845.0,
15431,1038,56,44243.0,
15432,1038,57,120.0,
15433,1038,58,666.0,
15434,1038,59,114.0,
15435,1038,62,74.0,
15436,1038,71,1160.0,
15437,1038,72,5143.0,
15438,1038,73,141.9,
15439,1038,78,38.0,
15440,1038,75,8027.0,
15441,1038,76,1830.0,
15442,1039,56,31022.0,
15443,1039,57,87.0,
15444,1039,58,279.0,
15445,1039,59,158.0,
15446,1039,62,64.0,
15447,1039,71,1170.0,
15448,1039,72,2533.0,
15449,1039,73,89.4,
15450,1039,78,133.0,
15451,1039,75,8241.0,
15452,1039,76,1900.0,
15453,1040,56,28904.0,
15454,1040,57,90.0,
15455,1040,58,2733.0,
15456,1040,59,107.0,
15457,1040,62,30.0,
15458,1040,71,1170.0,
15459,1040,72,4156.0,
15460,1040,73,121.7,
15461,1040,78,38.0,
15462,1040,75,8147.0,
15463,1040,76,1877.0,
15464,1041,56,23974.0,
15465,1041,57,74.0,
15466,1041,58,93.0,
15467,1041,59,106.0,
15468,1041,62,41.0,
15469,1041,71,1170.0,
15470,1041,72,2360.0,
15471,1041,73,201.6,
15472,1041,78,50.0,
15473,1041,75,8279.0,
15474,1041,76,1903.0,
15475,1042,56,23158.0,
15476,1042,57,110.0,
15477,1042,58,96.0,
15478,1042,59,147.0,
15479,1042,62,69.0,
15480,1042,71,1180.0,
15481,1042,72,1620.0,
15482,1042,73,85.3,
15483,1042,78,36.0,
15484,1042,75,8354.0,
15485,1042,76,1913.0,
15486,1043,56,30550.0,
15487,1043,57,151.0,
15488,1043,58,97.0,
15489,1043,59,231.0,
15490,1043,62,85.0,
15491,1043,71,1190.0,
15492,1043,72,2148.0,
15493,1043,73,90.4,
15494,1043,75,8448.0,
15495,1043,76,1921.0,
15496,1044,56,25532.0,
15497,1044,57,112.0,
15498,1044,58,108.0,
15499,1044,59,119.0,
15500,1044,62,51.0,
15501,1044,71,1190.0,
15502,1044,72,2939.0,
15503,1044,73,114.8,
15504,1044,78,37.0,
15505,1044,75,8533.0,
15506,1044,76,1944.0,
15507,1045,56,26431.0,
15508,1045,57,193.0,
15509,1045,58,119.0,
15510,1045,59,151.0,
15511,1045,62,131.0,
15512,1045,71,1200.0,
15513,1045,72,3525.0,
15514,1045,73,140.1,
15515,1045,78,53.0,
15516,1045,75,8619.0,
15517,1045,76,1972.0,
15518,1046,56,25974.0,
15519,1046,57,120.0,
15520,1046,58,85.0,
15521,1046,59,131.0,
15522,1046,62,82.0,
15523,1046,71,1210.0,
15524,1046,72,2435.0,
15525,1046,73,87.8,
15526,1046,75,8703.0,
15527,1046,76,1990.0,
15528,1047,75,8875.0,
15529,1047,76,2031.0,
15530,1047,56,30295.0,
15531,1047,57,88.0,
15532,1047,58,117.0,
15533,1047,59,197.0,
15534,1047,62,64.0,
15535,1047,71,1220.0,
15536,1047,72,2540.0,
15537,1047,73,93.9,
15538,1047,78,34.0,
15539,1048,56,43697.0,
15540,1048,71,1160.0,
15541,1048,72,7639.0,
15542,1048,73,182.0,
15543,1048,78,32.0,
15544,1048,75,7985.0,
15545,1048,76,1805.0,
15546,1049,75,9225.0,
15547,1049,76,2160.0,
15548,1049,56,29805.0,
15549,1049,57,94.0,
15550,1049,58,1637.0,
15551,1049,59,84.0,
15552,1049,60,98.0,
15553,1049,62,61.0,
15554,1049,63,213.0,
15555,1049,64,9911.0,
15556,1049,65,11.0,
15557,1049,71,1250.0,
15558,1049,72,1301.0,
15559,1049,73,84.3,
15560,1049,77,808.0,
15561,1049,78,44.0,
15562,1049,79,1933.0,
15563,1049,80,10270.0,
15564,1049,74,3.0,
15565,1049,61,8.0,
15566,1050,56,24187.0,
15567,1050,57,105.0,
15568,1050,58,165.0,
15569,1050,59,99.0,
15570,1050,60,133.0,
15571,1050,62,89.0,
15572,1050,63,155.0,
15573,1050,64,8590.0,
15574,1050,65,9.0,
15575,1050,71,1250.0,
15576,1050,72,1883.0,
15577,1050,73,75.9,
15578,1050,77,813.0,
15579,1050,78,50.0,
15580,1050,79,1915.0,
15581,1050,80,9724.0,
15582,1050,74,6.0,
15583,1050,61,13.0,
15584,1050,75,9302.0,
15585,1050,76,2193.0,
15586,1051,75,9341.0,
15587,1051,76,2213.0,
15588,1051,56,21988.0,
15589,1051,57,90.0,
15590,1051,58,91.0,
15591,1051,59,127.0,
15592,1051,60,103.0,
15593,1051,62,75.0,
15594,1051,63,179.0,
15595,1051,64,6781.0,
15596,1051,65,38.0,
15597,1051,71,1260.0,
15598,1051,72,1944.0,
15599,1051,73,72.2,
15600,1051,77,814.0,
15601,1051,78,28.0,
15602,1051,79,1868.0,
15603,1051,80,9025.0,
15604,1051,74,2.0,
15605,1051,61,16.0,
15606,1052,56,23277.0,
15607,1052,57,85.0,
15608,1052,58,42.0,
15609,1052,59,100.0,
15610,1052,60,124.0,
15611,1052,62,76.0,
15612,1052,63,1248.0,
15613,1052,64,6936.0,
15614,1052,65,138.0,
15615,1052,71,1260.0,
15616,1052,72,1678.0,
15617,1052,73,53.9,
15618,1052,77,819.0,
15619,1052,78,40.0,
15620,1052,79,1906.0,
15621,1052,80,9039.0,
15622,1052,74,5.0,
15623,1052,61,18.0,
15624,1052,75,9427.0,
15625,1052,76,2228.0,
15626,1053,75,9535.0,
15627,1053,76,2272.0,
15628,1053,56,28900.0,
15629,1053,57,82.0,
15630,1053,58,95.0,
15631,1053,59,106.0,
15632,1053,60,138.0,
15633,1053,62,55.0,
15634,1053,63,1447.0,
15635,1053,64,14540.0,
15636,1053,65,71.0,
15637,1053,71,1270.0,
15638,1053,72,1867.0,
15639,1053,73,66.5,
15640,1053,77,818.0,
15641,1053,78,43.0,
15642,1053,79,2097.0,
15643,1053,80,22663.0,
15644,1053,74,2.0,
15645,1053,61,17.0,
15646,1054,56,30550.0,
15647,1054,71,1090.0,
15648,1054,72,7349.0,
15649,1054,73,210.0,
15650,1054,78,58.0,
15651,1054,75,8448.0,
15652,1054,76,1686.0,
15653,1054,61,231.0,
15654,1055,56,25532.0,
15655,1055,71,1190.0,
15656,1055,72,2939.0,
15657,1055,73,115.0,
15658,1055,78,37.0,
15659,1055,79,797.0,
15660,1055,80,2938.0,
15661,1055,75,8533.0,
15662,1055,76,1944.0,
15663,1056,56,26431.0,
15664,1056,71,1200.0,
15665,1056,72,3525.0,
15666,1056,73,140.0,
15667,1056,78,53.0,
15668,1056,79,1262.0,
15669,1056,80,5287.0,
15670,1056,75,8619.0,
15671,1056,76,22642.0,
15672,1057,56,25974.0,
15673,1057,71,1210.0,
15674,1057,72,2435.0,
15675,1057,73,88.0,
15676,1057,78,32.0,
15677,1057,79,1356.0,
15678,1057,80,6226.0,
15679,1057,75,8703.0,
15680,1057,76,21632.0,
15681,1058,56,30295.0,
15682,1058,71,1220.0,
15683,1058,72,2540.0,
15684,1058,73,94.0,
15685,1058,78,34.0,
15686,1058,79,1520.0,
15687,1058,80,8076.0,
15688,1058,75,8875.0,
15689,1058,76,22065.0,
15690,1059,56,32054.0,
15691,1059,71,1230.0,
15692,1059,72,1761.0,
15693,1059,73,72.0,
15694,1059,78,48.0,
15695,1059,79,1611.0,
15696,1059,80,8756.0,
15697,1059,75,9002.0,
15698,1059,76,14112.0,
15699,1060,56,27707.0,
15700,1060,57,68.0,
15701,1060,58,147.0,
15702,1060,59,160.0,
15703,1060,60,126.0,
15704,1060,62,62.0,
15705,1060,63,209.0,
15706,1060,65,11685.0,
15707,1060,71,1280.0,
15708,1060,72,2042.0,
15709,1060,73,67.5,
15710,1060,77,824.0,
15711,1060,78,30.0,
15712,1060,79,2063.0,
15713,1060,80,37619.0,
15714,1060,74,2.0,
15715,1060,61,17.0,
15716,1060,75,9713.0,
15717,1060,76,2314.0,
15718,1061,56,28476.0,
15719,1061,57,73.0,
15720,1061,58,115.0,
15721,1061,59,138.0,
15722,1061,60,108.0,
15723,1061,62,81.0,
15724,1061,63,166.0,
15725,1061,64,15616.0,
15726,1061,65,52.0,
15727,1061,71,1280.0,
15728,1061,72,1751.0,
15729,1061,73,65.0,
15730,1061,77,837.0,
15731,1061,78,39.0,
15732,1061,79,2319.0,
15733,1061,80,46299.0,
15734,1061,74,2.0,
15735,1061,61,17.0,
15736,1061,75,9785.0,
15737,1061,76,2345.0,
15738,797,88,18.0,
15739,798,88,47.0,
15740,800,88,259.0,
15741,802,88,87.0,
15742,804,88,286.0,
15743,806,88,174.0,
15744,897,88,41.0,
15745,898,88,51.0,
15746,899,88,215.0,
15747,900,88,6.0,
15748,901,88,60.0,
15749,914,88,15.0,
15750,915,88,46.0,
15751,916,88,320.0,
15752,917,88,77.0,
15753,918,88,337.0,
15754,919,88,81.0,
15755,938,88,197.0,
15756,939,88,23.0,
15757,940,88,38.0,
15758,941,88,10.0,
15759,942,88,74.0,
15760,943,88,58.0,
15761,944,88,151.0,
15762,945,88,23.0,
15763,946,88,54.0,
15764,947,88,25.0,
15765,948,88,251.0,
15766,949,88,91.0,
15767,950,88,114.0,
15768,951,88,63.0,
15769,952,88,129.0,
15770,953,88,47.0,
15771,954,88,406.0,
15772,955,88,256.0,
15773,956,88,283.0,
15774,957,88,61.0,
15775,958,88,49.0,
15776,959,88,23.0,
15777,960,88,83.0,
15778,961,88,149.0,
15779,962,88,54.0,
15780,963,88,75.0,
15781,964,88,236.0,
15782,965,88,41.0,
15783,966,88,34.0,
15784,967,88,35.0,
15785,968,88,68.0,
15786,969,88,249.0,
15787,970,88,5.0,
15788,971,88,64.0,
15789,972,88,370.0,
15790,973,88,23.0,
15791,981,88,134.0,
15792,997,88,1.0,
15793,1006,88,1.0,
15794,1062,1,49.0,
15795,1062,2,0.0,
15799,1062,6,0.0,
15802,1062,10,0.0,
15803,1062,12,0.0,
15804,1062,13,0.0,
15805,1062,14,0.0,
15806,1062,15,0.0,
15807,1062,7,0.0,
15808,1062,16,0.0,
15809,1062,17,0.0,
15810,1062,18,0.0,
15811,1062,19,0.0,
15812,1062,20,0.0,
15813,1062,21,0.0,
15814,1062,22,0.0,
15815,1062,23,0.0,
15816,1062,24,0.0,
15817,1062,25,0.0,
15818,1062,26,0.0,
15819,1062,27,0.0,
15820,1062,28,0.0,
15821,1062,29,0.0,
15822,1062,30,0.0,
15823,1062,31,0.0,
15824,1062,32,0.0,
15825,1062,33,0.0,
15826,1062,34,0.0,
15827,1062,35,0.0,
15828,1062,36,0.0,
15829,1062,37,0.0,
15830,1062,38,0.0,
15831,1062,39,0.0,
15832,1062,40,0.0,
15833,1062,41,0.0,
15834,1062,42,0.0,
15835,1062,43,0.0,
15836,1062,44,0.0,
15837,1062,45,0.0,
15838,1062,46,0.0,
15839,1062,47,0.0,
15840,1062,48,0.0,
15841,1062,49,0.0,
15842,1062,50,0.0,
15843,1062,51,0.0,
15845,1063,1,385.0,
15846,1063,2,0.0,
15850,1063,6,0.0,
15853,1063,10,0.0,
15854,1063,12,0.0,
15855,1063,13,0.0,
15856,1063,14,0.0,
15857,1063,15,0.0,
15858,1063,7,0.0,
15859,1063,16,0.0,
15860,1063,17,0.0,
15861,1063,18,0.0,
15862,1063,19,0.0,
15863,1063,20,0.0,
15864,1063,21,0.0,
15865,1063,22,0.0,
15866,1063,23,0.0,
15867,1063,24,0.0,
15868,1063,25,0.0,
15869,1063,26,0.0,
15870,1063,27,0.0,
15871,1063,28,0.0,
15872,1063,29,0.0,
15873,1063,30,0.0,
15874,1063,31,0.0,
15875,1063,32,0.0,
15876,1063,33,0.0,
15877,1063,34,0.0,
15878,1063,35,0.0,
15879,1063,36,0.0,
15880,1063,37,0.0,
15881,1063,38,0.0,
15882,1063,39,0.0,
15883,1063,40,0.0,
15884,1063,41,0.0,
15885,1063,42,0.0,
15886,1063,43,0.0,
15887,1063,44,0.0,
15888,1063,45,0.0,
15889,1063,46,0.0,
15890,1063,47,0.0,
15891,1063,48,0.0,
15892,1063,49,0.0,
15893,1063,50,0.0,
15894,1063,51,0.0,
15896,1064,1,97.0,
15897,1064,2,0.0,
15901,1064,6,0.0,
15904,1064,10,0.0,
15905,1064,12,0.0,
15906,1064,13,0.0,
15907,1064,14,0.0,
15908,1064,15,0.0,
15909,1064,7,0.0,
15910,1064,16,0.0,
15911,1064,17,0.0,
15912,1064,18,0.0,
15913,1064,19,0.0,
15914,1064,20,0.0,
15915,1064,21,0.0,
15916,1064,22,0.0,
15917,1064,23,0.0,
15918,1064,24,0.0,
15919,1064,25,0.0,
15920,1064,26,0.0,
15921,1064,27,0.0,
15922,1064,28,0.0,
15923,1064,29,0.0,
15924,1064,30,0.0,
15925,1064,31,0.0,
15926,1064,32,0.0,
15927,1064,33,0.0,
15928,1064,34,0.0,
15929,1064,35,0.0,
15930,1064,36,0.0,
15931,1064,37,0.0,
15932,1064,38,0.0,
15933,1064,39,0.0,
15934,1064,40,0.0,
15935,1064,41,0.0,
15936,1064,42,0.0,
15937,1064,43,0.0,
15938,1064,44,0.0,
15939,1064,45,0.0,
15940,1064,46,0.0,
15941,1064,47,0.0,
15942,1064,48,0.0,
15943,1064,49,0.0,
15944,1064,50,0.0,
15945,1064,51,0.0,
15947,1065,1,41.0,
15948,1065,2,0.0,
15951,1065,5,0.0,
15952,1065,6,0.0,
15955,1065,10,0.0,
15956,1065,12,0.0,
15957,1065,13,0.0,
15958,1065,14,0.0,
15959,1065,15,0.0,
15960,1065,7,0.0,
15961,1065,16,0.0,
15962,1065,17,0.0,
15963,1065,18,0.0,
15964,1065,19,0.0,
15965,1065,20,0.0,
15966,1065,21,0.0,
15967,1065,22,0.0,
15968,1065,23,0.0,
15969,1065,24,0.0,
15970,1065,25,0.0,
15971,1065,26,0.0,
15972,1065,27,0.0,
15973,1065,28,0.0,
15974,1065,29,0.0,
15975,1065,30,0.0,
15976,1065,31,0.0,
15977,1065,32,0.0,
15978,1065,33,0.0,
15979,1065,34,0.0,
15980,1065,35,0.0,
15981,1065,36,0.0,
15982,1065,37,0.0,
15983,1065,38,0.0,
15984,1065,39,0.0,
15985,1065,40,0.0,
15986,1065,41,0.0,
15987,1065,42,0.0,
15988,1065,43,0.0,
15989,1065,44,0.0,
15990,1065,45,0.0,
15991,1065,46,0.0,
15992,1065,47,0.0,
15993,1065,48,0.0,
15994,1065,49,0.0,
15995,1065,50,0.0,
15996,1065,51,0.0,
15998,1066,1,340.0,
15999,1066,2,0.0,
16003,1066,6,0.0,
16006,1066,10,0.0,
16007,1066,12,0.0,
16008,1066,13,0.0,
16009,1066,14,0.0,
16010,1066,15,0.0,
16011,1066,7,0.0,
16012,1066,16,0.0,
16013,1066,17,0.0,
16014,1066,18,0.0,
16015,1066,19,0.0,
16016,1066,20,0.0,
16017,1066,21,0.0,
16018,1066,22,0.0,
16019,1066,23,0.0,
16020,1066,24,0.0,
16021,1066,25,0.0,
16022,1066,26,0.0,
16023,1066,27,0.0,
16024,1066,28,0.0,
16025,1066,29,0.0,
16026,1066,30,0.0,
16027,1066,31,0.0,
16028,1066,32,0.0,
16029,1066,33,0.0,
16030,1066,34,0.0,
16031,1066,35,0.0,
16032,1066,36,0.0,
16033,1066,37,0.0,
16034,1066,38,0.0,
16035,1066,39,0.0,
16036,1066,40,0.0,
16037,1066,41,0.0,
16038,1066,42,0.0,
16039,1066,43,0.0,
16040,1066,44,0.0,
16041,1066,45,0.0,
16042,1066,46,0.0,
16043,1066,47,0.0,
16044,1066,48,0.0,
16045,1066,49,0.0,
16046,1066,50,0.0,
16047,1066,51,0.0,
16049,1067,1,976.0,
16050,1067,2,0.0,
16054,1067,6,0.0,
16057,1067,10,0.0,
16061,1067,15,0.0,
16062,1067,7,0.0,
16063,1067,16,0.0,
16064,1067,17,0.0,
16065,1067,18,0.0,
16066,1067,19,0.0,
16067,1067,20,0.0,
16068,1067,21,0.0,
16069,1067,22,0.0,
16070,1067,23,0.0,
16071,1067,24,0.0,
16072,1067,25,0.0,
16073,1067,26,0.0,
16074,1067,27,0.0,
16075,1067,28,0.0,
16076,1067,29,0.0,
16077,1067,30,0.0,
16078,1067,31,0.0,
16079,1067,32,0.0,
16080,1067,33,0.0,
16081,1067,34,0.0,
16082,1067,35,0.0,
16083,1067,36,0.0,
16084,1067,37,0.0,
16085,1067,38,0.0,
16086,1067,39,0.0,
16087,1067,40,0.0,
16088,1067,41,0.0,
16089,1067,42,0.0,
16090,1067,43,0.0,
16091,1067,44,0.0,
16092,1067,45,0.0,
16093,1067,46,0.0,
16094,1067,47,0.0,
16095,1067,48,0.0,
16096,1067,49,0.0,
16097,1067,50,0.0,
16098,1067,51,0.0,
16100,1068,1,64.0,
16101,1068,2,0.0,
16105,1068,6,0.0,
16108,1068,10,0.0,
16109,1068,12,0.0,
16110,1068,13,0.0,
16111,1068,14,0.0,
16112,1068,15,0.0,
16113,1068,7,0.0,
16114,1068,16,0.0,
16115,1068,17,0.0,
16116,1068,18,0.0,
16117,1068,19,0.0,
16118,1068,20,0.0,
16119,1068,21,0.0,
16120,1068,22,0.0,
16121,1068,23,0.0,
16122,1068,24,0.0,
16123,1068,25,0.0,
16124,1068,26,0.0,
16125,1068,27,0.0,
16126,1068,28,0.0,
16127,1068,29,0.0,
16128,1068,30,0.0,
16129,1068,31,0.0,
16130,1068,32,0.0,
16131,1068,33,0.0,
16132,1068,34,0.0,
16133,1068,35,0.0,
16134,1068,36,0.0,
16135,1068,37,0.0,
16136,1068,38,0.0,
16137,1068,39,0.0,
16138,1068,40,0.0,
16139,1068,41,0.0,
16140,1068,42,0.0,
16141,1068,43,0.0,
16142,1068,44,0.0,
16143,1068,45,0.0,
16144,1068,46,0.0,
16145,1068,47,0.0,
16146,1068,48,0.0,
16147,1068,49,0.0,
16148,1068,50,0.0,
16149,1068,51,0.0,
16151,1069,1,52.0,
16152,1069,2,0.0,
16159,1069,10,0.0,
16160,1069,12,0.0,
16161,1069,13,0.0,
16162,1069,14,0.0,
16163,1069,15,0.0,
16164,1069,7,0.0,
16165,1069,16,0.0,
16166,1069,17,0.0,
16167,1069,18,0.0,
16168,1069,19,0.0,
16169,1069,20,0.0,
16170,1069,21,0.0,
16171,1069,22,0.0,
16172,1069,23,0.0,
16173,1069,24,0.0,
16174,1069,25,0.0,
16175,1069,26,0.0,
16176,1069,27,0.0,
16177,1069,28,0.0,
16178,1069,29,0.0,
16179,1069,30,0.0,
16180,1069,31,0.0,
16181,1069,32,0.0,
16182,1069,33,0.0,
16183,1069,34,0.0,
16184,1069,35,0.0,
16185,1069,36,0.0,
16186,1069,37,0.0,
16187,1069,38,0.0,
16188,1069,39,0.0,
16189,1069,40,0.0,
16190,1069,41,0.0,
16191,1069,42,0.0,
16192,1069,43,0.0,
16193,1069,44,0.0,
16194,1069,45,0.0,
16195,1069,46,0.0,
16196,1069,47,0.0,
16197,1069,48,0.0,
16198,1069,49,0.0,
16199,1069,50,0.0,
16200,1069,51,0.0,
16202,1070,1,335.0,
16203,1070,2,0.0,
16210,1070,10,0.0,
16211,1070,12,0.0,
16212,1070,13,0.0,
16213,1070,14,0.0,
16214,1070,15,0.0,
16215,1070,7,0.0,
16216,1070,16,0.0,
16217,1070,17,0.0,
16218,1070,18,0.0,
16219,1070,19,0.0,
16220,1070,20,0.0,
16221,1070,21,0.0,
16222,1070,22,0.0,
16223,1070,23,0.0,
16224,1070,24,0.0,
16225,1070,25,0.0,
16226,1070,26,0.0,
16227,1070,27,0.0,
16228,1070,28,0.0,
16229,1070,29,0.0,
16230,1070,30,0.0,
16231,1070,31,0.0,
16232,1070,32,0.0,
16233,1070,33,0.0,
16234,1070,34,0.0,
16235,1070,35,0.0,
16236,1070,36,0.0,
16237,1070,37,0.0,
16238,1070,38,0.0,
16239,1070,39,0.0,
16240,1070,40,0.0,
16241,1070,41,0.0,
16242,1070,42,0.0,
16243,1070,43,0.0,
16244,1070,44,0.0,
16245,1070,45,0.0,
16246,1070,46,0.0,
16247,1070,47,0.0,
16248,1070,48,0.0,
16249,1070,49,0.0,
16250,1070,50,0.0,
16251,1070,51,0.0,
16253,1071,1,152.0,
16254,1071,2,0.0,
16261,1071,10,0.0,
16262,1071,12,0.0,
16263,1071,13,0.0,
16264,1071,14,0.0,
16265,1071,15,0.0,
16266,1071,7,0.0,
16267,1071,16,0.0,
16268,1071,17,0.0,
16269,1071,18,0.0,
16270,1071,19,0.0,
16271,1071,20,0.0,
16272,1071,21,0.0,
16273,1071,22,0.0,
16274,1071,23,0.0,
16275,1071,24,0.0,
16276,1071,25,0.0,
16277,1071,26,0.0,
16278,1071,27,0.0,
16279,1071,28,0.0,
16280,1071,29,0.0,
16281,1071,30,0.0,
16282,1071,31,0.0,
16283,1071,32,0.0,
16284,1071,33,0.0,
16285,1071,34,0.0,
16286,1071,35,0.0,
16287,1071,36,0.0,
16288,1071,37,0.0,
16289,1071,38,0.0,
16290,1071,39,0.0,
16291,1071,40,0.0,
16292,1071,41,0.0,
16293,1071,42,0.0,
16294,1071,43,0.0,
16295,1071,44,0.0,
16296,1071,45,0.0,
16297,1071,46,0.0,
16298,1071,47,0.0,
16299,1071,48,0.0,
16300,1071,49,0.0,
16301,1071,50,0.0,
16302,1071,51,0.0,
16304,1072,1,95.0,
16305,1072,2,0.0,
16308,1072,5,0.0,
16309,1072,6,0.0,
16312,1072,10,0.0,
16313,1072,12,0.0,
16314,1072,13,0.0,
16315,1072,14,0.0,
16316,1072,15,0.0,
16317,1072,7,0.0,
16318,1072,16,0.0,
16319,1072,17,0.0,
16320,1072,18,0.0,
16321,1072,19,0.0,
16322,1072,20,0.0,
16323,1072,21,0.0,
16324,1072,22,0.0,
16325,1072,23,0.0,
16326,1072,24,0.0,
16327,1072,25,0.0,
16328,1072,26,0.0,
16329,1072,27,0.0,
16330,1072,28,0.0,
16331,1072,29,0.0,
16332,1072,30,0.0,
16333,1072,31,0.0,
16334,1072,32,0.0,
16335,1072,33,0.0,
16336,1072,34,0.0,
16337,1072,35,0.0,
16338,1072,36,0.0,
16339,1072,37,0.0,
16340,1072,38,0.0,
16341,1072,39,0.0,
16342,1072,40,0.0,
16343,1072,41,0.0,
16344,1072,42,0.0,
16345,1072,43,0.0,
16346,1072,44,0.0,
16347,1072,45,0.0,
16348,1072,46,0.0,
16349,1072,47,0.0,
16350,1072,48,0.0,
16351,1072,49,0.0,
16352,1072,50,0.0,
16353,1072,51,0.0,
16355,1073,1,306.0,
16356,1073,2,0.0,
16363,1073,10,0.0,
16364,1073,12,0.0,
16365,1073,13,0.0,
16366,1073,14,0.0,
16367,1073,15,0.0,
16368,1073,7,0.0,
16369,1073,16,0.0,
16370,1073,17,0.0,
16371,1073,18,0.0,
16372,1073,19,0.0,
16373,1073,20,0.0,
16374,1073,21,0.0,
16375,1073,22,0.0,
16376,1073,23,0.0,
16377,1073,24,0.0,
16378,1073,25,0.0,
16379,1073,26,0.0,
16380,1073,27,0.0,
16381,1073,28,0.0,
16382,1073,29,0.0,
16383,1073,30,0.0,
16384,1073,31,0.0,
16385,1073,32,0.0,
16386,1073,33,0.0,
16387,1073,34,0.0,
16388,1073,35,0.0,
16389,1073,36,0.0,
16390,1073,37,0.0,
16391,1073,38,0.0,
16392,1073,39,0.0,
16393,1073,40,0.0,
16394,1073,41,0.0,
16395,1073,42,0.0,
16396,1073,43,0.0,
16397,1073,44,0.0,
16398,1073,45,0.0,
16399,1073,46,0.0,
16400,1073,47,0.0,
16401,1073,48,0.0,
16402,1073,49,0.0,
16403,1073,50,0.0,
16404,1073,51,0.0,
16406,1074,1,1008.0,
16407,1074,2,0.0,
16411,1074,6,0.0,
16414,1074,10,0.0,
16418,1074,15,0.0,
16419,1074,7,0.0,
16420,1074,16,0.0,
16421,1074,17,0.0,
16422,1074,18,0.0,
16423,1074,19,0.0,
16424,1074,20,0.0,
16425,1074,21,0.0,
16426,1074,22,0.0,
16427,1074,23,0.0,
16428,1074,24,0.0,
16429,1074,25,0.0,
16430,1074,26,0.0,
16431,1074,27,0.0,
16432,1074,28,0.0,
16433,1074,29,0.0,
16434,1074,30,0.0,
16435,1074,31,0.0,
16436,1074,32,0.0,
16437,1074,33,0.0,
16438,1074,34,0.0,
16439,1074,35,0.0,
16440,1074,36,0.0,
16441,1074,37,0.0,
16442,1074,38,0.0,
16443,1074,39,0.0,
16444,1074,40,0.0,
16445,1074,41,0.0,
16446,1074,42,0.0,
16447,1074,43,0.0,
16448,1074,44,0.0,
16449,1074,45,0.0,
16450,1074,46,0.0,
16451,1074,47,0.0,
16452,1074,48,0.0,
16453,1074,49,0.0,
16454,1074,50,0.0,
16455,1074,51,0.0,
16457,1075,1,68.0,
16458,1075,2,0.0,
16465,1075,10,0.0,
16466,1075,12,0.0,
16467,1075,13,0.0,
16468,1075,14,0.0,
16469,1075,15,0.0,
16470,1075,7,0.0,
16471,1075,16,0.0,
16472,1075,17,0.0,
16473,1075,18,0.0,
16474,1075,19,0.0,
16475,1075,20,0.0,
16476,1075,21,0.0,
16477,1075,22,0.0,
16478,1075,23,0.0,
16479,1075,24,0.0,
16480,1075,25,0.0,
16481,1075,26,0.0,
16482,1075,27,0.0,
16483,1075,28,0.0,
16484,1075,29,0.0,
16485,1075,30,0.0,
16486,1075,31,0.0,
16487,1075,32,0.0,
16488,1075,33,0.0,
16489,1075,34,0.0,
16490,1075,35,0.0,
16491,1075,36,0.0,
16492,1075,37,0.0,
16493,1075,38,0.0,
16494,1075,39,0.0,
16495,1075,40,0.0,
16496,1075,41,0.0,
16497,1075,42,0.0,
16498,1075,43,0.0,
16499,1075,44,0.0,
16500,1075,45,0.0,
16501,1075,46,0.0,
16502,1075,47,0.0,
16503,1075,48,0.0,
16504,1075,49,0.0,
16505,1075,50,0.0,
16506,1075,51,0.0,
16508,1076,1,159.0,
16509,1076,2,0.0,
16516,1076,10,0.0,
16517,1076,12,0.0,
16518,1076,13,0.0,
16519,1076,14,0.0,
16520,1076,15,0.0,
16521,1076,7,0.0,
16522,1076,16,0.0,
16523,1076,17,0.0,
16524,1076,18,0.0,
16525,1076,19,0.0,
16526,1076,20,0.0,
16527,1076,21,0.0,
16528,1076,22,0.0,
16529,1076,23,0.0,
16530,1076,24,0.0,
16531,1076,25,0.0,
16532,1076,26,0.0,
16533,1076,27,0.0,
16534,1076,28,0.0,
16535,1076,29,0.0,
16536,1076,30,0.0,
16537,1076,31,0.0,
16538,1076,32,0.0,
16539,1076,33,0.0,
16540,1076,34,0.0,
16541,1076,35,0.0,
16542,1076,36,0.0,
16543,1076,37,0.0,
16544,1076,38,0.0,
16545,1076,39,0.0,
16546,1076,40,0.0,
16547,1076,41,0.0,
16548,1076,42,0.0,
16549,1076,43,0.0,
16550,1076,44,0.0,
16551,1076,45,0.0,
16552,1076,46,0.0,
16553,1076,47,0.0,
16554,1076,48,0.0,
16555,1076,49,0.0,
16556,1076,50,0.0,
16557,1076,51,0.0,
16559,1077,1,385.0,
16560,1077,2,0.0,
16567,1077,10,0.0,
16568,1077,12,0.0,
16569,1077,13,0.0,
16570,1077,14,0.0,
16571,1077,15,0.0,
16572,1077,7,0.0,
16573,1077,16,0.0,
16574,1077,17,0.0,
16575,1077,18,0.0,
16576,1077,19,0.0,
16577,1077,20,0.0,
16578,1077,21,0.0,
16579,1077,22,0.0,
16580,1077,23,0.0,
16581,1077,24,0.0,
16582,1077,25,0.0,
16583,1077,26,0.0,
16584,1077,27,0.0,
16585,1077,28,0.0,
16586,1077,29,0.0,
16587,1077,30,0.0,
16588,1077,31,0.0,
16589,1077,32,0.0,
16590,1077,33,0.0,
16591,1077,34,0.0,
16592,1077,35,0.0,
16593,1077,36,0.0,
16594,1077,37,0.0,
16595,1077,38,0.0,
16596,1077,39,0.0,
16597,1077,40,0.0,
16598,1077,41,0.0,
16599,1077,42,0.0,
16600,1077,43,0.0,
16601,1077,44,0.0,
16602,1077,45,0.0,
16603,1077,46,0.0,
16604,1077,47,0.0,
16605,1077,48,0.0,
16606,1077,49,0.0,
16607,1077,50,0.0,
16608,1077,51,0.0,
16610,1078,1,93.0,
16611,1078,2,0.0,
16618,1078,10,0.0,
16619,1078,12,0.0,
16620,1078,13,0.0,
16621,1078,14,0.0,
16622,1078,15,0.0,
16623,1078,7,0.0,
16624,1078,16,0.0,
16625,1078,17,0.0,
16626,1078,18,0.0,
16627,1078,19,0.0,
16628,1078,20,0.0,
16629,1078,21,0.0,
16630,1078,22,0.0,
16631,1078,23,0.0,
16632,1078,24,0.0,
16633,1078,25,0.0,
16634,1078,26,0.0,
16635,1078,27,0.0,
16636,1078,28,0.0,
16637,1078,29,0.0,
16638,1078,30,0.0,
16639,1078,31,0.0,
16640,1078,32,0.0,
16641,1078,33,0.0,
16642,1078,34,0.0,
16643,1078,35,0.0,
16644,1078,36,0.0,
16645,1078,37,0.0,
16646,1078,38,0.0,
16647,1078,39,0.0,
16648,1078,40,0.0,
16649,1078,41,0.0,
16650,1078,42,0.0,
16651,1078,43,0.0,
16652,1078,44,0.0,
16653,1078,45,0.0,
16654,1078,46,0.0,
16655,1078,47,0.0,
16656,1078,48,0.0,
16657,1078,49,0.0,
16658,1078,50,0.0,
16659,1078,51,0.0,
16661,1079,1,75.0,
16662,1079,2,0.0,
16665,1079,5,0.0,
16666,1079,6,0.0,
16669,1079,10,0.0,
16670,1079,12,0.0,
16671,1079,13,0.0,
16672,1079,14,0.0,
16673,1079,15,0.0,
16674,1079,7,0.0,
16675,1079,16,0.0,
16676,1079,17,0.0,
16677,1079,18,0.0,
16678,1079,19,0.0,
16679,1079,20,0.0,
16680,1079,21,0.0,
16681,1079,22,0.0,
16682,1079,23,0.0,
16683,1079,24,0.0,
16684,1079,25,0.0,
16685,1079,26,0.0,
16686,1079,27,0.0,
16687,1079,28,0.0,
16688,1079,29,0.0,
16689,1079,30,0.0,
16690,1079,31,0.0,
16691,1079,32,0.0,
16692,1079,33,0.0,
16693,1079,34,0.0,
16694,1079,35,0.0,
16695,1079,36,0.0,
16696,1079,37,0.0,
16697,1079,38,0.0,
16698,1079,39,0.0,
16699,1079,40,0.0,
16700,1079,41,0.0,
16701,1079,42,0.0,
16702,1079,43,0.0,
16703,1079,44,0.0,
16704,1079,45,0.0,
16705,1079,46,0.0,
16706,1079,47,0.0,
16707,1079,48,0.0,
16708,1079,49,0.0,
16709,1079,50,0.0,
16710,1079,51,0.0,
16712,1080,1,364.0,
16713,1080,2,0.0,
16720,1080,10,0.0,
16721,1080,12,0.0,
16722,1080,13,0.0,
16723,1080,14,0.0,
16724,1080,15,0.0,
16725,1080,7,0.0,
16726,1080,16,0.0,
16727,1080,17,0.0,
16728,1080,18,0.0,
16729,1080,19,0.0,
16730,1080,20,0.0,
16731,1080,21,0.0,
16732,1080,22,0.0,
16733,1080,23,0.0,
16734,1080,24,0.0,
16735,1080,25,0.0,
16736,1080,26,0.0,
16737,1080,27,0.0,
16738,1080,28,0.0,
16739,1080,29,0.0,
16740,1080,30,0.0,
16741,1080,31,0.0,
16742,1080,32,0.0,
16743,1080,33,0.0,
16744,1080,34,0.0,
16745,1080,35,0.0,
16746,1080,36,0.0,
16747,1080,37,0.0,
16748,1080,38,0.0,
16749,1080,39,0.0,
16750,1080,40,0.0,
16751,1080,41,0.0,
16752,1080,42,0.0,
16753,1080,43,0.0,
16754,1080,44,0.0,
16755,1080,45,0.0,
16756,1080,46,0.0,
16757,1080,47,0.0,
16758,1080,48,0.0,
16759,1080,49,0.0,
16760,1080,50,0.0,
16761,1080,51,0.0,
16763,1081,1,1182.0,
16764,1081,2,0.0,
16768,1081,6,0.0,
16771,1081,10,0.0,
16775,1081,15,0.0,
16776,1081,7,0.0,
16777,1081,16,0.0,
16778,1081,17,0.0,
16779,1081,18,0.0,
16780,1081,19,0.0,
16781,1081,20,0.0,
16782,1081,21,0.0,
16783,1081,22,0.0,
16784,1081,23,0.0,
16785,1081,24,0.0,
16786,1081,25,0.0,
16787,1081,26,0.0,
16788,1081,27,0.0,
16789,1081,28,0.0,
16790,1081,29,0.0,
16791,1081,30,0.0,
16792,1081,31,0.0,
16793,1081,32,0.0,
16794,1081,33,0.0,
16795,1081,34,0.0,
16796,1081,35,0.0,
16797,1081,36,0.0,
16798,1081,37,0.0,
16799,1081,38,0.0,
16800,1081,39,0.0,
16801,1081,40,0.0,
16802,1081,41,0.0,
16803,1081,42,0.0,
16804,1081,43,0.0,
16805,1081,44,0.0,
16806,1081,45,0.0,
16807,1081,46,0.0,
16808,1081,47,0.0,
16809,1081,48,0.0,
16810,1081,49,0.0,
16811,1081,50,0.0,
16812,1081,51,0.0,
16814,1082,1,106.0,
16815,1082,2,0.0,
16822,1082,10,0.0,
16823,1082,12,0.0,
16824,1082,13,0.0,
16825,1082,14,0.0,
16826,1082,15,0.0,
16827,1082,7,0.0,
16828,1082,16,0.0,
16829,1082,17,0.0,
16830,1082,18,0.0,
16831,1082,19,0.0,
16832,1082,20,0.0,
16833,1082,21,0.0,
16834,1082,22,0.0,
16835,1082,23,0.0,
16836,1082,24,0.0,
16837,1082,25,0.0,
16838,1082,26,0.0,
16839,1082,27,0.0,
16840,1082,28,0.0,
16841,1082,29,0.0,
16842,1082,30,0.0,
16843,1082,31,0.0,
16844,1082,32,0.0,
16845,1082,33,0.0,
16846,1082,34,0.0,
16847,1082,35,0.0,
16848,1082,36,0.0,
16849,1082,37,0.0,
16850,1082,38,0.0,
16851,1082,39,0.0,
16852,1082,40,0.0,
16853,1082,41,0.0,
16854,1082,42,0.0,
16855,1082,43,0.0,
16856,1082,44,0.0,
16857,1082,45,0.0,
16858,1082,46,0.0,
16859,1082,47,0.0,
16860,1082,48,0.0,
16861,1082,49,0.0,
16862,1082,50,0.0,
16863,1082,51,0.0,
16865,1083,1,121.0,
16866,1083,2,0.0,
16873,1083,10,0.0,
16874,1083,12,0.0,
16875,1083,13,0.0,
16876,1083,14,0.0,
16877,1083,15,0.0,
16878,1083,7,0.0,
16879,1083,16,0.0,
16880,1083,17,0.0,
16881,1083,18,0.0,
16882,1083,19,0.0,
16883,1083,20,0.0,
16884,1083,21,0.0,
16885,1083,22,0.0,
16886,1083,23,0.0,
16887,1083,24,0.0,
16888,1083,25,0.0,
16889,1083,26,0.0,
16890,1083,27,0.0,
16891,1083,28,0.0,
16892,1083,29,0.0,
16893,1083,30,0.0,
16894,1083,31,0.0,
16895,1083,32,0.0,
16896,1083,33,0.0,
16897,1083,34,0.0,
16898,1083,35,0.0,
16899,1083,36,0.0,
16900,1083,37,0.0,
16901,1083,38,0.0,
16902,1083,39,0.0,
16903,1083,40,0.0,
16904,1083,41,0.0,
16905,1083,42,0.0,
16906,1083,43,0.0,
16907,1083,44,0.0,
16908,1083,45,0.0,
16909,1083,46,0.0,
16910,1083,47,0.0,
16911,1083,48,0.0,
16912,1083,49,0.0,
16913,1083,50,0.0,
16914,1083,51,0.0,
16916,1084,1,194.0,
16917,1084,2,0.0,
16924,1084,10,0.0,
16925,1084,12,0.0,
16926,1084,13,0.0,
16927,1084,14,0.0,
16928,1084,15,0.0,
16929,1084,7,0.0,
16930,1084,16,0.0,
16931,1084,17,0.0,
16932,1084,18,0.0,
16933,1084,19,0.0,
16934,1084,20,0.0,
16935,1084,21,0.0,
16936,1084,22,0.0,
16937,1084,23,0.0,
16938,1084,24,0.0,
16939,1084,25,0.0,
16940,1084,26,0.0,
16941,1084,27,0.0,
16942,1084,28,0.0,
16943,1084,29,0.0,
16944,1084,30,0.0,
16945,1084,31,0.0,
16946,1084,32,0.0,
16947,1084,33,0.0,
16948,1084,34,0.0,
16949,1084,35,0.0,
16950,1084,36,0.0,
16951,1084,37,0.0,
16952,1084,38,0.0,
16953,1084,39,0.0,
16954,1084,40,0.0,
16955,1084,41,0.0,
16956,1084,42,0.0,
16957,1084,43,0.0,
16958,1084,44,0.0,
16959,1084,45,0.0,
16960,1084,46,0.0,
16961,1084,47,0.0,
16962,1084,48,0.0,
16963,1084,49,0.0,
16964,1084,50,0.0,
16965,1084,51,0.0,
16967,1085,1,49.0,
16968,1085,2,0.0,
16975,1085,10,0.0,
16976,1085,12,0.0,
16977,1085,13,0.0,
16978,1085,14,0.0,
16979,1085,15,0.0,
16980,1085,7,0.0,
16981,1085,16,0.0,
16982,1085,17,0.0,
16983,1085,18,0.0,
16984,1085,19,0.0,
16985,1085,20,0.0,
16986,1085,21,0.0,
16987,1085,22,0.0,
16988,1085,23,0.0,
16989,1085,24,0.0,
16990,1085,25,0.0,
16991,1085,26,0.0,
16992,1085,27,0.0,
16993,1085,28,0.0,
16994,1085,29,0.0,
16995,1085,30,0.0,
16996,1085,31,0.0,
16997,1085,32,0.0,
16998,1085,33,0.0,
16999,1085,34,0.0,
17000,1085,35,0.0,
17001,1085,36,0.0,
17002,1085,37,0.0,
17003,1085,38,0.0,
17004,1085,39,0.0,
17005,1085,40,0.0,
17006,1085,41,0.0,
17007,1085,42,0.0,
17008,1085,43,0.0,
17009,1085,44,0.0,
17010,1085,45,0.0,
17011,1085,46,0.0,
17012,1085,47,0.0,
17013,1085,48,0.0,
17014,1085,49,0.0,
17015,1085,50,0.0,
17016,1085,51,0.0,
17018,1086,1,78.0,
17019,1086,2,0.0,
17022,1086,5,0.0,
17023,1086,6,0.0,
17026,1086,10,0.0,
17027,1086,12,0.0,
17028,1086,13,0.0,
17029,1086,14,0.0,
17030,1086,15,0.0,
17031,1086,7,0.0,
17032,1086,16,0.0,
17033,1086,17,0.0,
17034,1086,18,0.0,
17035,1086,19,0.0,
17036,1086,20,0.0,
17037,1086,21,0.0,
17038,1086,22,0.0,
17039,1086,23,0.0,
17040,1086,24,0.0,
17041,1086,25,0.0,
17042,1086,26,0.0,
17043,1086,27,0.0,
17044,1086,28,0.0,
17045,1086,29,0.0,
17046,1086,30,0.0,
17047,1086,31,0.0,
17048,1086,32,0.0,
17049,1086,33,0.0,
17050,1086,34,0.0,
17051,1086,35,0.0,
17052,1086,36,0.0,
17053,1086,37,0.0,
17054,1086,38,0.0,
17055,1086,39,0.0,
17056,1086,40,0.0,
17057,1086,41,0.0,
17058,1086,42,0.0,
17059,1086,43,0.0,
17060,1086,44,0.0,
17061,1086,45,0.0,
17062,1086,46,0.0,
17063,1086,47,0.0,
17064,1086,48,0.0,
17065,1086,49,0.0,
17066,1086,50,0.0,
17067,1086,51,0.0,
17069,1087,1,271.0,
17070,1087,2,0.0,
17077,1087,10,0.0,
17078,1087,12,0.0,
17079,1087,13,0.0,
17080,1087,14,0.0,
17081,1087,15,0.0,
17082,1087,7,0.0,
17083,1087,16,0.0,
17084,1087,17,0.0,
17085,1087,18,0.0,
17086,1087,19,0.0,
17087,1087,20,0.0,
17088,1087,21,0.0,
17089,1087,22,0.0,
17090,1087,23,0.0,
17091,1087,24,0.0,
17092,1087,25,0.0,
17093,1087,26,0.0,
17094,1087,27,0.0,
17095,1087,28,0.0,
17096,1087,29,0.0,
17097,1087,30,0.0,
17098,1087,31,0.0,
17099,1087,32,0.0,
17100,1087,33,0.0,
17101,1087,34,0.0,
17102,1087,35,0.0,
17103,1087,36,0.0,
17104,1087,37,0.0,
17105,1087,38,0.0,
17106,1087,39,0.0,
17107,1087,40,0.0,
17108,1087,41,0.0,
17109,1087,42,0.0,
17110,1087,43,0.0,
17111,1087,44,0.0,
17112,1087,45,0.0,
17113,1087,46,0.0,
17114,1087,47,0.0,
17115,1087,48,0.0,
17116,1087,49,0.0,
17117,1087,50,0.0,
17118,1087,51,0.0,
17120,1088,1,769.0,
17121,1088,2,0.0,
17125,1088,6,0.0,
17128,1088,10,0.0,
17129,1088,12,0.0,
17132,1088,15,0.0,
17133,1088,7,0.0,
17134,1088,16,0.0,
17135,1088,17,0.0,
17136,1088,18,0.0,
17137,1088,19,0.0,
17138,1088,20,0.0,
17139,1088,21,0.0,
17140,1088,22,0.0,
17141,1088,23,0.0,
17142,1088,24,0.0,
17143,1088,25,0.0,
17144,1088,26,0.0,
17145,1088,27,0.0,
17146,1088,28,0.0,
17147,1088,29,0.0,
17148,1088,30,0.0,
17149,1088,31,0.0,
17150,1088,32,0.0,
17151,1088,33,0.0,
17152,1088,34,0.0,
17153,1088,35,0.0,
17154,1088,36,0.0,
17155,1088,37,0.0,
17156,1088,38,0.0,
17157,1088,39,0.0,
17158,1088,40,0.0,
17159,1088,41,0.0,
17160,1088,42,0.0,
17161,1088,43,0.0,
17162,1088,44,0.0,
17163,1088,45,0.0,
17164,1088,46,0.0,
17165,1088,47,0.0,
17166,1088,48,0.0,
17167,1088,49,0.0,
17168,1088,50,0.0,
17169,1088,51,0.0,
17171,1089,1,56.0,
17172,1089,2,0.0,
17179,1089,10,0.0,
17180,1089,12,0.0,
17181,1089,13,0.0,
17182,1089,14,0.0,
17183,1089,15,0.0,
17184,1089,7,0.0,
17185,1089,16,0.0,
17186,1089,17,0.0,
17187,1089,18,0.0,
17188,1089,19,0.0,
17189,1089,20,0.0,
17190,1089,21,0.0,
17191,1089,22,0.0,
17192,1089,23,0.0,
17193,1089,24,0.0,
17194,1089,25,0.0,
17195,1089,26,0.0,
17196,1089,27,0.0,
17197,1089,28,0.0,
17198,1089,29,0.0,
17199,1089,30,0.0,
17200,1089,31,0.0,
17201,1089,32,0.0,
17202,1089,33,0.0,
17203,1089,34,0.0,
17204,1089,35,0.0,
17205,1089,36,0.0,
17206,1089,37,0.0,
17207,1089,38,0.0,
17208,1089,39,0.0,
17209,1089,40,0.0,
17210,1089,41,0.0,
17211,1089,42,0.0,
17212,1089,43,0.0,
17213,1089,44,0.0,
17214,1089,45,0.0,
17215,1089,46,0.0,
17216,1089,47,0.0,
17217,1089,48,0.0,
17218,1089,49,0.0,
17219,1089,50,0.0,
17220,1089,51,0.0,
17222,1090,1,63.0,
17223,1090,2,0.0,
17230,1090,10,0.0,
17231,1090,12,0.0,
17232,1090,13,0.0,
17233,1090,14,0.0,
17234,1090,15,0.0,
17235,1090,7,0.0,
17236,1090,16,0.0,
17237,1090,17,0.0,
17238,1090,18,0.0,
17239,1090,19,0.0,
17240,1090,20,0.0,
17241,1090,21,0.0,
17242,1090,22,0.0,
17243,1090,23,0.0,
17244,1090,24,0.0,
17245,1090,25,0.0,
17246,1090,26,0.0,
17247,1090,27,0.0,
17248,1090,28,0.0,
17249,1090,29,0.0,
17250,1090,30,0.0,
17251,1090,31,0.0,
17252,1090,32,0.0,
17253,1090,33,0.0,
17254,1090,34,0.0,
17255,1090,35,0.0,
17256,1090,36,0.0,
17257,1090,37,0.0,
17258,1090,38,0.0,
17259,1090,39,0.0,
17260,1090,40,0.0,
17261,1090,41,0.0,
17262,1090,42,0.0,
17263,1090,43,0.0,
17264,1090,44,0.0,
17265,1090,45,0.0,
17266,1090,46,0.0,
17267,1090,47,0.0,
17268,1090,48,0.0,
17269,1090,49,0.0,
17270,1090,50,0.0,
17271,1090,51,0.0,
17273,1091,1,146.0,
17274,1091,2,0.0,
17281,1091,10,0.0,
17282,1091,12,0.0,
17283,1091,13,0.0,
17284,1091,14,0.0,
17285,1091,15,0.0,
17286,1091,7,0.0,
17287,1091,16,0.0,
17288,1091,17,0.0,
17289,1091,18,0.0,
17290,1091,19,0.0,
17291,1091,20,0.0,
17292,1091,21,0.0,
17293,1091,22,0.0,
17294,1091,23,0.0,
17295,1091,24,0.0,
17296,1091,25,0.0,
17297,1091,26,0.0,
17298,1091,27,0.0,
17299,1091,28,0.0,
17300,1091,29,0.0,
17301,1091,30,0.0,
17302,1091,31,0.0,
17303,1091,32,0.0,
17304,1091,33,0.0,
17305,1091,34,0.0,
17306,1091,35,0.0,
17307,1091,36,0.0,
17308,1091,37,0.0,
17309,1091,38,0.0,
17310,1091,39,0.0,
17311,1091,40,0.0,
17312,1091,41,0.0,
17313,1091,42,0.0,
17314,1091,43,0.0,
17315,1091,44,0.0,
17316,1091,45,0.0,
17317,1091,46,0.0,
17318,1091,47,0.0,
17319,1091,48,0.0,
17320,1091,49,0.0,
17321,1091,50,0.0,
17322,1091,51,0.0,
17324,1092,1,40.0,
17325,1092,2,0.0,
17332,1092,10,0.0,
17333,1092,12,0.0,
17334,1092,13,0.0,
17335,1092,14,0.0,
17336,1092,15,0.0,
17337,1092,7,0.0,
17338,1092,16,0.0,
17339,1092,17,0.0,
17340,1092,18,0.0,
17341,1092,19,0.0,
17342,1092,20,0.0,
17343,1092,21,0.0,
17344,1092,22,0.0,
17345,1092,23,0.0,
17346,1092,24,0.0,
17347,1092,25,0.0,
17348,1092,26,0.0,
17349,1092,27,0.0,
17350,1092,28,0.0,
17351,1092,29,0.0,
17352,1092,30,0.0,
17353,1092,31,0.0,
17354,1092,32,0.0,
17355,1092,33,0.0,
17356,1092,34,0.0,
17357,1092,35,0.0,
17358,1092,36,0.0,
17359,1092,37,0.0,
17360,1092,38,0.0,
17361,1092,39,0.0,
17362,1092,40,0.0,
17363,1092,41,0.0,
17364,1092,42,0.0,
17365,1092,43,0.0,
17366,1092,44,0.0,
17367,1092,45,0.0,
17368,1092,46,0.0,
17369,1092,47,0.0,
17370,1092,48,0.0,
17371,1092,49,0.0,
17372,1092,50,0.0,
17373,1092,51,0.0,
17375,1093,1,13.0,
17376,1093,2,0.0,
17379,1093,5,0.0,
17380,1093,6,0.0,
17383,1093,10,0.0,
17384,1093,12,0.0,
17385,1093,13,0.0,
17386,1093,14,0.0,
17387,1093,15,0.0,
17388,1093,7,0.0,
17389,1093,16,0.0,
17390,1093,17,0.0,
17391,1093,18,0.0,
17392,1093,19,0.0,
17393,1093,20,0.0,
17394,1093,21,0.0,
17395,1093,22,0.0,
17396,1093,23,0.0,
17397,1093,24,0.0,
17398,1093,25,0.0,
17399,1093,26,0.0,
17400,1093,27,0.0,
17401,1093,28,0.0,
17402,1093,29,0.0,
17403,1093,30,0.0,
17404,1093,31,0.0,
17405,1093,32,0.0,
17406,1093,33,0.0,
17407,1093,34,0.0,
17408,1093,35,0.0,
17409,1093,36,0.0,
17410,1093,37,0.0,
17411,1093,38,0.0,
17412,1093,39,0.0,
17413,1093,40,0.0,
17414,1093,41,0.0,
17415,1093,42,0.0,
17416,1093,43,0.0,
17417,1093,44,0.0,
17418,1093,45,0.0,
17419,1093,46,0.0,
17420,1093,47,0.0,
17421,1093,48,0.0,
17422,1093,49,0.0,
17423,1093,50,0.0,
17424,1093,51,0.0,
17426,1094,1,146.0,
17427,1094,2,0.0,
17434,1094,10,0.0,
17435,1094,12,0.0,
17436,1094,13,0.0,
17437,1094,14,0.0,
17438,1094,15,0.0,
17439,1094,7,0.0,
17440,1094,16,0.0,
17441,1094,17,0.0,
17442,1094,18,0.0,
17443,1094,19,0.0,
17444,1094,20,0.0,
17445,1094,21,0.0,
17446,1094,22,0.0,
17447,1094,23,0.0,
17448,1094,24,0.0,
17449,1094,25,0.0,
17450,1094,26,0.0,
17451,1094,27,0.0,
17452,1094,28,0.0,
17453,1094,29,0.0,
17454,1094,30,0.0,
17455,1094,31,0.0,
17456,1094,32,0.0,
17457,1094,33,0.0,
17458,1094,34,0.0,
17459,1094,35,0.0,
17460,1094,36,0.0,
17461,1094,37,0.0,
17462,1094,38,0.0,
17463,1094,39,0.0,
17464,1094,40,0.0,
17465,1094,41,0.0,
17466,1094,42,0.0,
17467,1094,43,0.0,
17468,1094,44,0.0,
17469,1094,45,0.0,
17470,1094,46,0.0,
17471,1094,47,0.0,
17472,1094,48,0.0,
17473,1094,49,0.0,
17474,1094,50,0.0,
17475,1094,51,0.0,
17477,1095,1,458.0,
17478,1095,2,0.0,
17482,1095,6,0.0,
17485,1095,10,0.0,
17489,1095,15,0.0,
17490,1095,7,0.0,
17491,1095,16,0.0,
17492,1095,17,0.0,
17493,1095,18,0.0,
17494,1095,19,0.0,
17495,1095,20,0.0,
17496,1095,21,0.0,
17497,1095,22,0.0,
17498,1095,23,0.0,
17499,1095,24,0.0,
17500,1095,25,0.0,
17501,1095,26,0.0,
17502,1095,27,0.0,
17503,1095,28,0.0,
17504,1095,29,0.0,
17505,1095,30,0.0,
17506,1095,31,0.0,
17507,1095,32,0.0,
17508,1095,33,0.0,
17509,1095,34,0.0,
17510,1095,35,0.0,
17511,1095,36,0.0,
17512,1095,37,0.0,
17513,1095,38,0.0,
17514,1095,39,0.0,
17515,1095,40,0.0,
17516,1095,41,0.0,
17517,1095,42,0.0,
17518,1095,43,0.0,
17519,1095,44,0.0,
17520,1095,45,0.0,
17521,1095,46,0.0,
17522,1095,47,0.0,
17523,1095,48,0.0,
17524,1095,49,0.0,
17525,1095,50,0.0,
17526,1095,51,0.0,
17528,1096,1,50.0,
17529,1096,2,0.0,
17536,1096,10,0.0,
17537,1096,12,0.0,
17538,1096,13,0.0,
17539,1096,14,0.0,
17540,1096,15,0.0,
17541,1096,7,0.0,
17542,1096,16,0.0,
17543,1096,17,0.0,
17544,1096,18,0.0,
17545,1096,19,0.0,
17546,1096,20,0.0,
17547,1096,21,0.0,
17548,1096,22,0.0,
17549,1096,23,0.0,
17550,1096,24,0.0,
17551,1096,25,0.0,
17552,1096,26,0.0,
17553,1096,27,0.0,
17554,1096,28,0.0,
17555,1096,29,0.0,
17556,1096,30,0.0,
17557,1096,31,0.0,
17558,1096,32,0.0,
17559,1096,33,0.0,
17560,1096,34,0.0,
17561,1096,35,0.0,
17562,1096,36,0.0,
17563,1096,37,0.0,
17564,1096,38,0.0,
17565,1096,39,0.0,
17566,1096,40,0.0,
17567,1096,41,0.0,
17568,1096,42,0.0,
17569,1096,43,0.0,
17570,1096,44,0.0,
17571,1096,45,0.0,
17572,1096,46,0.0,
17573,1096,47,0.0,
17574,1096,48,0.0,
17575,1096,49,0.0,
17576,1096,50,0.0,
17577,1096,51,0.0,
17579,1097,1,37.0,
17580,1097,2,0.0,
17587,1097,10,0.0,
17588,1097,12,0.0,
17589,1097,13,0.0,
17590,1097,14,0.0,
17591,1097,15,0.0,
17592,1097,7,0.0,
17593,1097,16,0.0,
17594,1097,17,0.0,
17595,1097,18,0.0,
17596,1097,19,0.0,
17597,1097,20,0.0,
17598,1097,21,0.0,
17599,1097,22,0.0,
17600,1097,23,0.0,
17601,1097,24,0.0,
17602,1097,25,0.0,
17603,1097,26,0.0,
17604,1097,27,0.0,
17605,1097,28,0.0,
17606,1097,29,0.0,
17607,1097,30,0.0,
17608,1097,31,0.0,
17609,1097,32,0.0,
17610,1097,33,0.0,
17611,1097,34,0.0,
17612,1097,35,0.0,
17613,1097,36,0.0,
17614,1097,37,0.0,
17615,1097,38,0.0,
17616,1097,39,0.0,
17617,1097,40,0.0,
17618,1097,41,0.0,
17619,1097,42,0.0,
17620,1097,43,0.0,
17621,1097,44,0.0,
17622,1097,45,0.0,
17623,1097,46,0.0,
17624,1097,47,0.0,
17625,1097,48,0.0,
17626,1097,49,0.0,
17627,1097,50,0.0,
17628,1097,51,0.0,
17630,1098,1,182.0,
17631,1098,2,0.0,
17638,1098,10,0.0,
17639,1098,12,0.0,
17640,1098,13,0.0,
17641,1098,14,0.0,
17642,1098,15,0.0,
17643,1098,7,0.0,
17644,1098,16,0.0,
17645,1098,17,0.0,
17646,1098,18,0.0,
17647,1098,19,0.0,
17648,1098,20,0.0,
17649,1098,21,0.0,
17650,1098,22,0.0,
17651,1098,23,0.0,
17652,1098,24,0.0,
17653,1098,25,0.0,
17654,1098,26,0.0,
17655,1098,27,0.0,
17656,1098,28,0.0,
17657,1098,29,0.0,
17658,1098,30,0.0,
17659,1098,31,0.0,
17660,1098,32,0.0,
17661,1098,33,0.0,
17662,1098,34,0.0,
17663,1098,35,0.0,
17664,1098,36,0.0,
17665,1098,37,0.0,
17666,1098,38,0.0,
17667,1098,39,0.0,
17668,1098,40,0.0,
17669,1098,41,0.0,
17670,1098,42,0.0,
17671,1098,43,0.0,
17672,1098,44,0.0,
17673,1098,45,0.0,
17674,1098,46,0.0,
17675,1098,47,0.0,
17676,1098,48,0.0,
17677,1098,49,0.0,
17678,1098,50,0.0,
17679,1098,51,0.0,
17681,1099,1,29.0,
17682,1099,2,0.0,
17689,1099,10,0.0,
17690,1099,12,0.0,
17691,1099,13,0.0,
17692,1099,14,0.0,
17693,1099,15,0.0,
17694,1099,7,0.0,
17695,1099,16,0.0,
17696,1099,17,0.0,
17697,1099,18,0.0,
17698,1099,19,0.0,
17699,1099,20,0.0,
17700,1099,21,0.0,
17701,1099,22,0.0,
17702,1099,23,0.0,
17703,1099,24,0.0,
17704,1099,25,0.0,
17705,1099,26,0.0,
17706,1099,27,0.0,
17707,1099,28,0.0,
17708,1099,29,0.0,
17709,1099,30,0.0,
17710,1099,31,0.0,
17711,1099,32,0.0,
17712,1099,33,0.0,
17713,1099,34,0.0,
17714,1099,35,0.0,
17715,1099,36,0.0,
17716,1099,37,0.0,
17717,1099,38,0.0,
17718,1099,39,0.0,
17719,1099,40,0.0,
17720,1099,41,0.0,
17721,1099,42,0.0,
17722,1099,43,0.0,
17723,1099,44,0.0,
17724,1099,45,0.0,
17725,1099,46,0.0,
17726,1099,47,0.0,
17727,1099,48,0.0,
17728,1099,49,0.0,
17729,1099,50,0.0,
17730,1099,51,0.0,
17732,1100,1,76.0,
17733,1100,2,0.0,
17736,1100,5,0.0,
17737,1100,6,0.0,
17740,1100,10,0.0,
17741,1100,12,0.0,
17742,1100,13,0.0,
17743,1100,14,0.0,
17744,1100,15,0.0,
17745,1100,7,0.0,
17746,1100,16,0.0,
17747,1100,17,0.0,
17748,1100,18,0.0,
17749,1100,19,0.0,
17750,1100,20,0.0,
17751,1100,21,0.0,
17752,1100,22,0.0,
17753,1100,23,0.0,
17754,1100,24,0.0,
17755,1100,25,0.0,
17756,1100,26,0.0,
17757,1100,27,0.0,
17758,1100,28,0.0,
17759,1100,29,0.0,
17760,1100,30,0.0,
17761,1100,31,0.0,
17762,1100,32,0.0,
17763,1100,33,0.0,
17764,1100,34,0.0,
17765,1100,35,0.0,
17766,1100,36,0.0,
17767,1100,37,0.0,
17768,1100,38,0.0,
17769,1100,39,0.0,
17770,1100,40,0.0,
17771,1100,41,0.0,
17772,1100,42,0.0,
17773,1100,43,0.0,
17774,1100,44,0.0,
17775,1100,45,0.0,
17776,1100,46,0.0,
17777,1100,47,0.0,
17778,1100,48,0.0,
17779,1100,49,0.0,
17780,1100,50,0.0,
17781,1100,51,0.0,
17783,1101,1,108.0,
17784,1101,2,0.0,
17791,1101,10,0.0,
17792,1101,12,0.0,
17793,1101,13,0.0,
17794,1101,14,0.0,
17795,1101,15,0.0,
17796,1101,7,0.0,
17797,1101,16,0.0,
17798,1101,17,0.0,
17799,1101,18,0.0,
17800,1101,19,0.0,
17801,1101,20,0.0,
17802,1101,21,0.0,
17803,1101,22,0.0,
17804,1101,23,0.0,
17805,1101,24,0.0,
17806,1101,25,0.0,
17807,1101,26,0.0,
17808,1101,27,0.0,
17809,1101,28,0.0,
17810,1101,29,0.0,
17811,1101,30,0.0,
17812,1101,31,0.0,
17813,1101,32,0.0,
17814,1101,33,0.0,
17815,1101,34,0.0,
17816,1101,35,0.0,
17817,1101,36,0.0,
17818,1101,37,0.0,
17819,1101,38,0.0,
17820,1101,39,0.0,
17821,1101,40,0.0,
17822,1101,41,0.0,
17823,1101,42,0.0,
17824,1101,43,0.0,
17825,1101,44,0.0,
17826,1101,45,0.0,
17827,1101,46,0.0,
17828,1101,47,0.0,
17829,1101,48,0.0,
17830,1101,49,0.0,
17831,1101,50,0.0,
17832,1101,51,0.0,
17834,1102,1,470.0,
17835,1102,2,0.0,
17839,1102,6,0.0,
17842,1102,10,0.0,
17846,1102,15,0.0,
17847,1102,7,0.0,
17848,1102,16,0.0,
17849,1102,17,0.0,
17850,1102,18,0.0,
17851,1102,19,0.0,
17852,1102,20,0.0,
17853,1102,21,0.0,
17854,1102,22,0.0,
17855,1102,23,0.0,
17856,1102,24,0.0,
17857,1102,25,0.0,
17858,1102,26,0.0,
17859,1102,27,0.0,
17860,1102,28,0.0,
17861,1102,29,0.0,
17862,1102,30,0.0,
17863,1102,31,0.0,
17864,1102,32,0.0,
17865,1102,33,0.0,
17866,1102,34,0.0,
17867,1102,35,0.0,
17868,1102,36,0.0,
17869,1102,37,0.0,
17870,1102,38,0.0,
17871,1102,39,0.0,
17872,1102,40,0.0,
17873,1102,41,0.0,
17874,1102,42,0.0,
17875,1102,43,0.0,
17876,1102,44,0.0,
17877,1102,45,0.0,
17878,1102,46,0.0,
17879,1102,47,0.0,
17880,1102,48,0.0,
17881,1102,49,0.0,
17882,1102,50,0.0,
17883,1102,51,0.0,
17885,1103,1,38.0,
17886,1103,2,0.0,
17893,1103,10,0.0,
17894,1103,12,0.0,
17895,1103,13,0.0,
17896,1103,14,0.0,
17897,1103,15,0.0,
17898,1103,7,0.0,
17899,1103,16,0.0,
17900,1103,17,0.0,
17901,1103,18,0.0,
17902,1103,19,0.0,
17903,1103,20,0.0,
17904,1103,21,0.0,
17905,1103,22,0.0,
17906,1103,23,0.0,
17907,1103,24,0.0,
17908,1103,25,0.0,
17909,1103,26,0.0,
17910,1103,27,0.0,
17911,1103,28,0.0,
17912,1103,29,0.0,
17913,1103,30,0.0,
17914,1103,31,0.0,
17915,1103,32,0.0,
17916,1103,33,0.0,
17917,1103,34,0.0,
17918,1103,35,0.0,
17919,1103,36,0.0,
17920,1103,37,0.0,
17921,1103,38,0.0,
17922,1103,39,0.0,
17923,1103,40,0.0,
17924,1103,41,0.0,
17925,1103,42,0.0,
17926,1103,43,0.0,
17927,1103,44,0.0,
17928,1103,45,0.0,
17929,1103,46,0.0,
17930,1103,47,0.0,
17931,1103,48,0.0,
17932,1103,49,0.0,
17933,1103,50,0.0,
17934,1103,51,0.0,
17936,1104,1,42.0,
17937,1104,2,0.0,
17944,1104,10,0.0,
17945,1104,12,0.0,
17946,1104,13,0.0,
17947,1104,14,0.0,
17948,1104,15,0.0,
17949,1104,7,0.0,
17950,1104,16,0.0,
17951,1104,17,0.0,
17952,1104,18,0.0,
17953,1104,19,0.0,
17954,1104,20,0.0,
17955,1104,21,0.0,
17956,1104,22,0.0,
17957,1104,23,0.0,
17958,1104,24,0.0,
17959,1104,25,0.0,
17960,1104,26,0.0,
17961,1104,27,0.0,
17962,1104,28,0.0,
17963,1104,29,0.0,
17964,1104,30,0.0,
17965,1104,31,0.0,
17966,1104,32,0.0,
17967,1104,33,0.0,
17968,1104,34,0.0,
17969,1104,35,0.0,
17970,1104,36,0.0,
17971,1104,37,0.0,
17972,1104,38,0.0,
17973,1104,39,0.0,
17974,1104,40,0.0,
17975,1104,41,0.0,
17976,1104,42,0.0,
17977,1104,43,0.0,
17978,1104,44,0.0,
17979,1104,45,0.0,
17980,1104,46,0.0,
17981,1104,47,0.0,
17982,1104,48,0.0,
17983,1104,49,0.0,
17984,1104,50,0.0,
17985,1104,51,0.0,
17987,1105,1,234.0,
17988,1105,2,0.0,
17995,1105,10,0.0,
17996,1105,12,0.0,
17997,1105,13,0.0,
17998,1105,14,0.0,
17999,1105,15,0.0,
18000,1105,7,0.0,
18001,1105,16,0.0,
18002,1105,17,0.0,
18003,1105,18,0.0,
18004,1105,19,0.0,
18005,1105,20,0.0,
18006,1105,21,0.0,
18007,1105,22,0.0,
18008,1105,23,0.0,
18009,1105,24,0.0,
18010,1105,25,0.0,
18011,1105,26,0.0,
18012,1105,27,0.0,
18013,1105,28,0.0,
18014,1105,29,0.0,
18015,1105,30,0.0,
18016,1105,31,0.0,
18017,1105,32,0.0,
18018,1105,33,0.0,
18019,1105,34,0.0,
18020,1105,35,0.0,
18021,1105,36,0.0,
18022,1105,37,0.0,
18023,1105,38,0.0,
18024,1105,39,0.0,
18025,1105,40,0.0,
18026,1105,41,0.0,
18027,1105,42,0.0,
18028,1105,43,0.0,
18029,1105,44,0.0,
18030,1105,45,0.0,
18031,1105,46,0.0,
18032,1105,47,0.0,
18033,1105,48,0.0,
18034,1105,49,0.0,
18035,1105,50,0.0,
18036,1105,51,0.0,
18038,1106,1,64.0,
18039,1106,2,0.0,
18046,1106,10,0.0,
18047,1106,12,0.0,
18048,1106,13,0.0,
18049,1106,14,0.0,
18050,1106,15,0.0,
18051,1106,7,0.0,
18052,1106,16,0.0,
18053,1106,17,0.0,
18054,1106,18,0.0,
18055,1106,19,0.0,
18056,1106,20,0.0,
18057,1106,21,0.0,
18058,1106,22,0.0,
18059,1106,23,0.0,
18060,1106,24,0.0,
18061,1106,25,0.0,
18062,1106,26,0.0,
18063,1106,27,0.0,
18064,1106,28,0.0,
18065,1106,29,0.0,
18066,1106,30,0.0,
18067,1106,31,0.0,
18068,1106,32,0.0,
18069,1106,33,0.0,
18070,1106,34,0.0,
18071,1106,35,0.0,
18072,1106,36,0.0,
18073,1106,37,0.0,
18074,1106,38,0.0,
18075,1106,39,0.0,
18076,1106,40,0.0,
18077,1106,41,0.0,
18078,1106,42,0.0,
18079,1106,43,0.0,
18080,1106,44,0.0,
18081,1106,45,0.0,
18082,1106,46,0.0,
18083,1106,47,0.0,
18084,1106,48,0.0,
18085,1106,49,0.0,
18086,1106,50,0.0,
18087,1106,51,0.0,
18089,1107,1,58.0,
18090,1107,2,0.0,
18093,1107,5,0.0,
18094,1107,6,0.0,
18097,1107,10,0.0,
18098,1107,12,0.0,
18099,1107,13,0.0,
18100,1107,14,0.0,
18101,1107,15,0.0,
18102,1107,7,0.0,
18103,1107,16,0.0,
18104,1107,17,0.0,
18105,1107,18,0.0,
18106,1107,19,0.0,
18107,1107,20,0.0,
18108,1107,21,0.0,
18109,1107,22,0.0,
18110,1107,23,0.0,
18111,1107,24,0.0,
18112,1107,25,0.0,
18113,1107,26,0.0,
18114,1107,27,0.0,
18115,1107,28,0.0,
18116,1107,29,0.0,
18117,1107,30,0.0,
18118,1107,31,0.0,
18119,1107,32,0.0,
18120,1107,33,0.0,
18121,1107,34,0.0,
18122,1107,35,0.0,
18123,1107,36,0.0,
18124,1107,37,0.0,
18125,1107,38,0.0,
18126,1107,39,0.0,
18127,1107,40,0.0,
18128,1107,41,0.0,
18129,1107,42,0.0,
18130,1107,43,0.0,
18131,1107,44,0.0,
18132,1107,45,0.0,
18133,1107,46,0.0,
18134,1107,47,0.0,
18135,1107,48,0.0,
18136,1107,49,0.0,
18137,1107,50,0.0,
18138,1107,51,0.0,
18140,1108,1,238.0,
18141,1108,2,0.0,
18148,1108,10,0.0,
18149,1108,12,0.0,
18150,1108,13,0.0,
18151,1108,14,0.0,
18152,1108,15,0.0,
18153,1108,7,0.0,
18154,1108,16,0.0,
18155,1108,17,0.0,
18156,1108,18,0.0,
18157,1108,19,0.0,
18158,1108,20,0.0,
18159,1108,21,0.0,
18160,1108,22,0.0,
18161,1108,23,0.0,
18162,1108,24,0.0,
18163,1108,25,0.0,
18164,1108,26,0.0,
18165,1108,27,0.0,
18166,1108,28,0.0,
18167,1108,29,0.0,
18168,1108,30,0.0,
18169,1108,31,0.0,
18170,1108,32,0.0,
18171,1108,33,0.0,
18172,1108,34,0.0,
18173,1108,35,0.0,
18174,1108,36,0.0,
18175,1108,37,0.0,
18176,1108,38,0.0,
18177,1108,39,0.0,
18178,1108,40,0.0,
18179,1108,41,0.0,
18180,1108,42,0.0,
18181,1108,43,0.0,
18182,1108,44,0.0,
18183,1108,45,0.0,
18184,1108,46,0.0,
18185,1108,47,0.0,
18186,1108,48,0.0,
18187,1108,49,0.0,
18188,1108,50,0.0,
18189,1108,51,0.0,
18191,1109,1,692.0,
18192,1109,2,0.0,
18196,1109,6,0.0,
18199,1109,10,0.0,
18203,1109,15,0.0,
18204,1109,7,0.0,
18205,1109,16,0.0,
18206,1109,17,0.0,
18207,1109,18,0.0,
18208,1109,19,0.0,
18209,1109,20,0.0,
18210,1109,21,0.0,
18211,1109,22,0.0,
18212,1109,23,0.0,
18213,1109,24,0.0,
18214,1109,25,0.0,
18215,1109,26,0.0,
18216,1109,27,0.0,
18217,1109,28,0.0,
18218,1109,29,0.0,
18219,1109,30,0.0,
18220,1109,31,0.0,
18221,1109,32,0.0,
18222,1109,33,0.0,
18223,1109,34,0.0,
18224,1109,35,0.0,
18225,1109,36,0.0,
18226,1109,37,0.0,
18227,1109,38,0.0,
18228,1109,39,0.0,
18229,1109,40,0.0,
18230,1109,41,0.0,
18231,1109,42,0.0,
18232,1109,43,0.0,
18233,1109,44,0.0,
18234,1109,45,0.0,
18235,1109,46,0.0,
18236,1109,47,0.0,
18237,1109,48,0.0,
18238,1109,49,0.0,
18239,1109,50,0.0,
18240,1109,51,0.0,
18242,1110,1,56.0,
18243,1110,2,0.0,
18250,1110,10,0.0,
18251,1110,12,0.0,
18252,1110,13,0.0,
18253,1110,14,0.0,
18254,1110,15,0.0,
18255,1110,7,0.0,
18256,1110,16,0.0,
18257,1110,17,0.0,
18258,1110,18,0.0,
18259,1110,19,0.0,
18260,1110,20,0.0,
18261,1110,21,0.0,
18262,1110,22,0.0,
18263,1110,23,0.0,
18264,1110,24,0.0,
18265,1110,25,0.0,
18266,1110,26,0.0,
18267,1110,27,0.0,
18268,1110,28,0.0,
18269,1110,29,0.0,
18270,1110,30,0.0,
18271,1110,31,0.0,
18272,1110,32,0.0,
18273,1110,33,0.0,
18274,1110,34,0.0,
18275,1110,35,0.0,
18276,1110,36,0.0,
18277,1110,37,0.0,
18278,1110,38,0.0,
18279,1110,39,0.0,
18280,1110,40,0.0,
18281,1110,41,0.0,
18282,1110,42,0.0,
18283,1110,43,0.0,
18284,1110,44,0.0,
18285,1110,45,0.0,
18286,1110,46,0.0,
18287,1110,47,0.0,
18288,1110,48,0.0,
18289,1110,49,0.0,
18290,1110,50,0.0,
18291,1110,51,0.0,
18293,1111,1,42.0,
18294,1111,2,0.0,
18301,1111,10,0.0,
18302,1111,12,0.0,
18303,1111,13,0.0,
18304,1111,14,0.0,
18305,1111,15,0.0,
18306,1111,7,0.0,
18307,1111,16,0.0,
18308,1111,17,0.0,
18309,1111,18,0.0,
18310,1111,19,0.0,
18311,1111,20,0.0,
18312,1111,21,0.0,
18313,1111,22,0.0,
18314,1111,23,0.0,
18315,1111,24,0.0,
18316,1111,25,0.0,
18317,1111,26,0.0,
18318,1111,27,0.0,
18319,1111,28,0.0,
18320,1111,29,0.0,
18321,1111,30,0.0,
18322,1111,31,0.0,
18323,1111,32,0.0,
18324,1111,33,0.0,
18325,1111,34,0.0,
18326,1111,35,0.0,
18327,1111,36,0.0,
18328,1111,37,0.0,
18329,1111,38,0.0,
18330,1111,39,0.0,
18331,1111,40,0.0,
18332,1111,41,0.0,
18333,1111,42,0.0,
18334,1111,43,0.0,
18335,1111,44,0.0,
18336,1111,45,0.0,
18337,1111,46,0.0,
18338,1111,47,0.0,
18339,1111,48,0.0,
18340,1111,49,0.0,
18341,1111,50,0.0,
18342,1111,51,0.0,
18344,1112,1,212.0,
18345,1112,2,0.0,
18352,1112,10,0.0,
18353,1112,12,0.0,
18354,1112,13,0.0,
18355,1112,14,0.0,
18356,1112,15,0.0,
18357,1112,7,0.0,
18358,1112,16,0.0,
18359,1112,17,0.0,
18360,1112,18,0.0,
18361,1112,19,0.0,
18362,1112,20,0.0,
18363,1112,21,0.0,
18364,1112,22,0.0,
18365,1112,23,0.0,
18366,1112,24,0.0,
18367,1112,25,0.0,
18368,1112,26,0.0,
18369,1112,27,0.0,
18370,1112,28,0.0,
18371,1112,29,0.0,
18372,1112,30,0.0,
18373,1112,31,0.0,
18374,1112,32,0.0,
18375,1112,33,0.0,
18376,1112,34,0.0,
18377,1112,35,0.0,
18378,1112,36,0.0,
18379,1112,37,0.0,
18380,1112,38,0.0,
18381,1112,39,0.0,
18382,1112,40,0.0,
18383,1112,41,0.0,
18384,1112,42,0.0,
18385,1112,43,0.0,
18386,1112,44,0.0,
18387,1112,45,0.0,
18388,1112,46,0.0,
18389,1112,47,0.0,
18390,1112,48,0.0,
18391,1112,49,0.0,
18392,1112,50,0.0,
18393,1112,51,0.0,
18395,1113,1,29.0,
18396,1113,2,0.0,
18403,1113,10,0.0,
18404,1113,12,0.0,
18405,1113,13,0.0,
18406,1113,14,0.0,
18407,1113,15,0.0,
18408,1113,7,0.0,
18409,1113,16,0.0,
18410,1113,17,0.0,
18411,1113,18,0.0,
18412,1113,19,0.0,
18413,1113,20,0.0,
18414,1113,21,0.0,
18415,1113,22,0.0,
18416,1113,23,0.0,
18417,1113,24,0.0,
18418,1113,25,0.0,
18419,1113,26,0.0,
18420,1113,27,0.0,
18421,1113,28,0.0,
18422,1113,29,0.0,
18423,1113,30,0.0,
18424,1113,31,0.0,
18425,1113,32,0.0,
18426,1113,33,0.0,
18427,1113,34,0.0,
18428,1113,35,0.0,
18429,1113,36,0.0,
18430,1113,37,0.0,
18431,1113,38,0.0,
18432,1113,39,0.0,
18433,1113,40,0.0,
18434,1113,41,0.0,
18435,1113,42,0.0,
18436,1113,43,0.0,
18437,1113,44,0.0,
18438,1113,45,0.0,
18439,1113,46,0.0,
18440,1113,47,0.0,
18441,1113,48,0.0,
18442,1113,49,0.0,
18443,1113,50,0.0,
18444,1113,51,0.0,
18446,1114,1,44.0,
18447,1114,2,0.0,
18450,1114,5,0.0,
18451,1114,6,0.0,
18454,1114,10,0.0,
18455,1114,12,0.0,
18456,1114,13,0.0,
18457,1114,14,0.0,
18458,1114,15,0.0,
18459,1114,7,0.0,
18460,1114,16,0.0,
18461,1114,17,0.0,
18462,1114,18,0.0,
18463,1114,19,0.0,
18464,1114,20,0.0,
18465,1114,21,0.0,
18466,1114,22,0.0,
18467,1114,23,0.0,
18468,1114,24,0.0,
18469,1114,25,0.0,
18470,1114,26,0.0,
18471,1114,27,0.0,
18472,1114,28,0.0,
18473,1114,29,0.0,
18474,1114,30,0.0,
18475,1114,31,0.0,
18476,1114,32,0.0,
18477,1114,33,0.0,
18478,1114,34,0.0,
18479,1114,35,0.0,
18480,1114,36,0.0,
18481,1114,37,0.0,
18482,1114,38,0.0,
18483,1114,39,0.0,
18484,1114,40,0.0,
18485,1114,41,0.0,
18486,1114,42,0.0,
18487,1114,43,0.0,
18488,1114,44,0.0,
18489,1114,45,0.0,
18490,1114,46,0.0,
18491,1114,47,0.0,
18492,1114,48,0.0,
18493,1114,49,0.0,
18494,1114,50,0.0,
18495,1114,51,0.0,
18497,1115,1,176.0,
18498,1115,2,0.0,
18505,1115,10,0.0,
18506,1115,12,0.0,
18507,1115,13,0.0,
18508,1115,14,0.0,
18509,1115,15,0.0,
18510,1115,7,0.0,
18511,1115,16,0.0,
18512,1115,17,0.0,
18513,1115,18,0.0,
18514,1115,19,0.0,
18515,1115,20,0.0,
18516,1115,21,0.0,
18517,1115,22,0.0,
18518,1115,23,0.0,
18519,1115,24,0.0,
18520,1115,25,0.0,
18521,1115,26,0.0,
18522,1115,27,0.0,
18523,1115,28,0.0,
18524,1115,29,0.0,
18525,1115,30,0.0,
18526,1115,31,0.0,
18527,1115,32,0.0,
18528,1115,33,0.0,
18529,1115,34,0.0,
18530,1115,35,0.0,
18531,1115,36,0.0,
18532,1115,37,0.0,
18533,1115,38,0.0,
18534,1115,39,0.0,
18535,1115,40,0.0,
18536,1115,41,0.0,
18537,1115,42,0.0,
18538,1115,43,0.0,
18539,1115,44,0.0,
18540,1115,45,0.0,
18541,1115,46,0.0,
18542,1115,47,0.0,
18543,1115,48,0.0,
18544,1115,49,0.0,
18545,1115,50,0.0,
18546,1115,51,0.0,
18548,1116,1,569.0,
18549,1116,2,0.0,
18553,1116,6,0.0,
18556,1116,10,0.0,
18560,1116,15,0.0,
18561,1116,7,0.0,
18562,1116,16,0.0,
18563,1116,17,0.0,
18564,1116,18,0.0,
18565,1116,19,0.0,
18566,1116,20,0.0,
18567,1116,21,0.0,
18568,1116,22,0.0,
18569,1116,23,0.0,
18570,1116,24,0.0,
18571,1116,25,0.0,
18572,1116,26,0.0,
18573,1116,27,0.0,
18574,1116,28,0.0,
18575,1116,29,0.0,
18576,1116,30,0.0,
18577,1116,31,0.0,
18578,1116,32,0.0,
18579,1116,33,0.0,
18580,1116,34,0.0,
18581,1116,35,0.0,
18582,1116,36,0.0,
18583,1116,37,0.0,
18584,1116,38,0.0,
18585,1116,39,0.0,
18586,1116,40,0.0,
18587,1116,41,0.0,
18588,1116,42,0.0,
18589,1116,43,0.0,
18590,1116,44,0.0,
18591,1116,45,0.0,
18592,1116,46,0.0,
18593,1116,47,0.0,
18594,1116,48,0.0,
18595,1116,49,0.0,
18596,1116,50,0.0,
18597,1116,51,0.0,
18599,1117,1,66.0,
18600,1117,2,0.0,
18607,1117,10,0.0,
18608,1117,12,0.0,
18609,1117,13,0.0,
18610,1117,14,0.0,
18611,1117,15,0.0,
18612,1117,7,0.0,
18613,1117,16,0.0,
18614,1117,17,0.0,
18615,1117,18,0.0,
18616,1117,19,0.0,
18617,1117,20,0.0,
18618,1117,21,0.0,
18619,1117,22,0.0,
18620,1117,23,0.0,
18621,1117,24,0.0,
18622,1117,25,0.0,
18623,1117,26,0.0,
18624,1117,27,0.0,
18625,1117,28,0.0,
18626,1117,29,0.0,
18627,1117,30,0.0,
18628,1117,31,0.0,
18629,1117,32,0.0,
18630,1117,33,0.0,
18631,1117,34,0.0,
18632,1117,35,0.0,
18633,1117,36,0.0,
18634,1117,37,0.0,
18635,1117,38,0.0,
18636,1117,39,0.0,
18637,1117,40,0.0,
18638,1117,41,0.0,
18639,1117,42,0.0,
18640,1117,43,0.0,
18641,1117,44,0.0,
18642,1117,45,0.0,
18643,1117,46,0.0,
18644,1117,47,0.0,
18645,1117,48,0.0,
18646,1117,49,0.0,
18647,1117,50,0.0,
18648,1117,51,0.0,
18650,1118,1,28.0,
18651,1118,2,0.0,
18658,1118,10,0.0,
18659,1118,12,0.0,
18660,1118,13,0.0,
18661,1118,14,0.0,
18662,1118,15,0.0,
18663,1118,7,0.0,
18664,1118,16,0.0,
18665,1118,17,0.0,
18666,1118,18,0.0,
18667,1118,19,0.0,
18668,1118,20,0.0,
18669,1118,21,0.0,
18670,1118,22,0.0,
18671,1118,23,0.0,
18672,1118,24,0.0,
18673,1118,25,0.0,
18674,1118,26,0.0,
18675,1118,27,0.0,
18676,1118,28,0.0,
18677,1118,29,0.0,
18678,1118,30,0.0,
18679,1118,31,0.0,
18680,1118,32,0.0,
18681,1118,33,0.0,
18682,1118,34,0.0,
18683,1118,35,0.0,
18684,1118,36,0.0,
18685,1118,37,0.0,
18686,1118,38,0.0,
18687,1118,39,0.0,
18688,1118,40,0.0,
18689,1118,41,0.0,
18690,1118,42,0.0,
18691,1118,43,0.0,
18692,1118,44,0.0,
18693,1118,45,0.0,
18694,1118,46,0.0,
18695,1118,47,0.0,
18696,1118,48,0.0,
18697,1118,49,0.0,
18698,1118,50,0.0,
18699,1118,51,0.0,
18701,1119,1,192.0,
18702,1119,2,0.0,
18709,1119,10,0.0,
18710,1119,12,0.0,
18711,1119,13,0.0,
18712,1119,14,0.0,
18713,1119,15,0.0,
18714,1119,7,0.0,
18715,1119,16,0.0,
18716,1119,17,0.0,
18717,1119,18,0.0,
18718,1119,19,0.0,
18719,1119,20,0.0,
18720,1119,21,0.0,
18721,1119,22,0.0,
18722,1119,23,0.0,
18723,1119,24,0.0,
18724,1119,25,0.0,
18725,1119,26,0.0,
18726,1119,27,0.0,
18727,1119,28,0.0,
18728,1119,29,0.0,
18729,1119,30,0.0,
18730,1119,31,0.0,
18731,1119,32,0.0,
18732,1119,33,0.0,
18733,1119,34,0.0,
18734,1119,35,0.0,
18735,1119,36,0.0,
18736,1119,37,0.0,
18737,1119,38,0.0,
18738,1119,39,0.0,
18739,1119,40,0.0,
18740,1119,41,0.0,
18741,1119,42,0.0,
18742,1119,43,0.0,
18743,1119,44,0.0,
18744,1119,45,0.0,
18745,1119,46,0.0,
18746,1119,47,0.0,
18747,1119,48,0.0,
18748,1119,49,0.0,
18749,1119,50,0.0,
18750,1119,51,0.0,
18752,1120,1,54.0,
18753,1120,2,0.0,
18760,1120,10,0.0,
18761,1120,12,0.0,
18762,1120,13,0.0,
18763,1120,14,0.0,
18764,1120,15,0.0,
18765,1120,7,0.0,
18766,1120,16,0.0,
18767,1120,17,0.0,
18768,1120,18,0.0,
18769,1120,19,0.0,
18770,1120,20,0.0,
18771,1120,21,0.0,
18772,1120,22,0.0,
18773,1120,23,0.0,
18774,1120,24,0.0,
18775,1120,25,0.0,
18776,1120,26,0.0,
18777,1120,27,0.0,
18778,1120,28,0.0,
18779,1120,29,0.0,
18780,1120,30,0.0,
18781,1120,31,0.0,
18782,1120,32,0.0,
18783,1120,33,0.0,
18784,1120,34,0.0,
18785,1120,35,0.0,
18786,1120,36,0.0,
18787,1120,37,0.0,
18788,1120,38,0.0,
18789,1120,39,0.0,
18790,1120,40,0.0,
18791,1120,41,0.0,
18792,1120,42,0.0,
18793,1120,43,0.0,
18794,1120,44,0.0,
18795,1120,45,0.0,
18796,1120,46,0.0,
18797,1120,47,0.0,
18798,1120,48,0.0,
18799,1120,49,0.0,
18800,1120,50,0.0,
18801,1120,51,0.0,
18803,1121,1,74.0,
18804,1121,2,0.0,
18807,1121,5,0.0,
18808,1121,6,0.0,
18811,1121,10,0.0,
18812,1121,12,0.0,
18813,1121,13,0.0,
18814,1121,14,0.0,
18815,1121,15,0.0,
18816,1121,7,0.0,
18817,1121,16,0.0,
18818,1121,17,0.0,
18819,1121,18,0.0,
18820,1121,19,0.0,
18821,1121,20,0.0,
18822,1121,21,0.0,
18823,1121,22,0.0,
18824,1121,23,0.0,
18825,1121,24,0.0,
18826,1121,25,0.0,
18827,1121,26,0.0,
18828,1121,27,0.0,
18829,1121,28,0.0,
18830,1121,29,0.0,
18831,1121,30,0.0,
18832,1121,31,0.0,
18833,1121,32,0.0,
18834,1121,33,0.0,
18835,1121,34,0.0,
18836,1121,35,0.0,
18837,1121,36,0.0,
18838,1121,37,0.0,
18839,1121,38,0.0,
18840,1121,39,0.0,
18841,1121,40,0.0,
18842,1121,41,0.0,
18843,1121,42,0.0,
18844,1121,43,0.0,
18845,1121,44,0.0,
18846,1121,45,0.0,
18847,1121,46,0.0,
18848,1121,47,0.0,
18849,1121,48,0.0,
18850,1121,49,0.0,
18851,1121,50,0.0,
18852,1121,51,0.0,
18854,1122,1,224.0,
18855,1122,2,0.0,
18862,1122,10,0.0,
18863,1122,12,0.0,
18864,1122,13,0.0,
18865,1122,14,0.0,
18866,1122,15,0.0,
18867,1122,7,0.0,
18868,1122,16,0.0,
18869,1122,17,0.0,
18870,1122,18,0.0,
18871,1122,19,0.0,
18872,1122,20,0.0,
18873,1122,21,0.0,
18874,1122,22,0.0,
18875,1122,23,0.0,
18876,1122,24,0.0,
18877,1122,25,0.0,
18878,1122,26,0.0,
18879,1122,27,0.0,
18880,1122,28,0.0,
18881,1122,29,0.0,
18882,1122,30,0.0,
18883,1122,31,0.0,
18884,1122,32,0.0,
18885,1122,33,0.0,
18886,1122,34,0.0,
18887,1122,35,0.0,
18888,1122,36,0.0,
18889,1122,37,0.0,
18890,1122,38,0.0,
18891,1122,39,0.0,
18892,1122,40,0.0,
18893,1122,41,0.0,
18894,1122,42,0.0,
18895,1122,43,0.0,
18896,1122,44,0.0,
18897,1122,45,0.0,
18898,1122,46,0.0,
18899,1122,47,0.0,
18900,1122,48,0.0,
18901,1122,49,0.0,
18902,1122,50,0.0,
18903,1122,51,0.0,
18905,1123,1,650.0,
18906,1123,2,0.0,
18910,1123,6,0.0,
18913,1123,10,0.0,
18914,1123,12,0.0,
18917,1123,15,0.0,
18918,1123,7,0.0,
18919,1123,16,0.0,
18920,1123,17,0.0,
18921,1123,18,0.0,
18922,1123,19,0.0,
18923,1123,20,0.0,
18924,1123,21,0.0,
18925,1123,22,0.0,
18926,1123,23,0.0,
18927,1123,24,0.0,
18928,1123,25,0.0,
18929,1123,26,0.0,
18930,1123,27,0.0,
18931,1123,28,0.0,
18932,1123,29,0.0,
18933,1123,30,0.0,
18934,1123,31,0.0,
18935,1123,32,0.0,
18936,1123,33,0.0,
18937,1123,34,0.0,
18938,1123,35,0.0,
18939,1123,36,0.0,
18940,1123,37,0.0,
18941,1123,38,0.0,
18942,1123,39,0.0,
18943,1123,40,0.0,
18944,1123,41,0.0,
18945,1123,42,0.0,
18946,1123,43,0.0,
18947,1123,44,0.0,
18948,1123,45,0.0,
18949,1123,46,0.0,
18950,1123,47,0.0,
18951,1123,48,0.0,
18952,1123,49,0.0,
18953,1123,50,0.0,
18954,1123,51,0.0,
18956,1124,1,78.0,
18957,1124,2,0.0,
18964,1124,10,0.0,
18965,1124,12,0.0,
18966,1124,13,0.0,
18967,1124,14,0.0,
18968,1124,15,0.0,
18969,1124,7,0.0,
18970,1124,16,0.0,
18971,1124,17,0.0,
18972,1124,18,0.0,
18973,1124,19,0.0,
18974,1124,20,0.0,
18975,1124,21,0.0,
18976,1124,22,0.0,
18977,1124,23,0.0,
18978,1124,24,0.0,
18979,1124,25,0.0,
18980,1124,26,0.0,
18981,1124,27,0.0,
18982,1124,28,0.0,
18983,1124,29,0.0,
18984,1124,30,0.0,
18985,1124,31,0.0,
18986,1124,32,0.0,
18987,1124,33,0.0,
18988,1124,34,0.0,
18989,1124,35,0.0,
18990,1124,36,0.0,
18991,1124,37,0.0,
18992,1124,38,0.0,
18993,1124,39,0.0,
18994,1124,40,0.0,
18995,1124,41,0.0,
18996,1124,42,0.0,
18997,1124,43,0.0,
18998,1124,44,0.0,
18999,1124,45,0.0,
19000,1124,46,0.0,
19001,1124,47,0.0,
19002,1124,48,0.0,
19003,1124,49,0.0,
19004,1124,50,0.0,
19005,1124,51,0.0,
19007,1125,1,24.0,
19008,1125,2,0.0,
19015,1125,10,0.0,
19016,1125,12,0.0,
19017,1125,13,0.0,
19018,1125,14,0.0,
19019,1125,15,0.0,
19020,1125,7,0.0,
19021,1125,16,0.0,
19022,1125,17,0.0,
19023,1125,18,0.0,
19024,1125,19,0.0,
19025,1125,20,0.0,
19026,1125,21,0.0,
19027,1125,22,0.0,
19028,1125,23,0.0,
19029,1125,24,0.0,
19030,1125,25,0.0,
19031,1125,26,0.0,
19032,1125,27,0.0,
19033,1125,28,0.0,
19034,1125,29,0.0,
19035,1125,30,0.0,
19036,1125,31,0.0,
19037,1125,32,0.0,
19038,1125,33,0.0,
19039,1125,34,0.0,
19040,1125,35,0.0,
19041,1125,36,0.0,
19042,1125,37,0.0,
19043,1125,38,0.0,
19044,1125,39,0.0,
19045,1125,40,0.0,
19046,1125,41,0.0,
19047,1125,42,0.0,
19048,1125,43,0.0,
19049,1125,44,0.0,
19050,1125,45,0.0,
19051,1125,46,0.0,
19052,1125,47,0.0,
19053,1125,48,0.0,
19054,1125,49,0.0,
19055,1125,50,0.0,
19056,1125,51,0.0,
19058,1126,1,138.0,
19059,1126,2,0.0,
19066,1126,10,0.0,
19067,1126,12,0.0,
19068,1126,13,0.0,
19069,1126,14,0.0,
19070,1126,15,0.0,
19071,1126,7,0.0,
19072,1126,16,0.0,
19073,1126,17,0.0,
19074,1126,18,0.0,
19075,1126,19,0.0,
19076,1126,20,0.0,
19077,1126,21,0.0,
19078,1126,22,0.0,
19079,1126,23,0.0,
19080,1126,24,0.0,
19081,1126,25,0.0,
19082,1126,26,0.0,
19083,1126,27,0.0,
19084,1126,28,0.0,
19085,1126,29,0.0,
19086,1126,30,0.0,
19087,1126,31,0.0,
19088,1126,32,0.0,
19089,1126,33,0.0,
19090,1126,34,0.0,
19091,1126,35,0.0,
19092,1126,36,0.0,
19093,1126,37,0.0,
19094,1126,38,0.0,
19095,1126,39,0.0,
19096,1126,40,0.0,
19097,1126,41,0.0,
19098,1126,42,0.0,
19099,1126,43,0.0,
19100,1126,44,0.0,
19101,1126,45,0.0,
19102,1126,46,0.0,
19103,1126,47,0.0,
19104,1126,48,0.0,
19105,1126,49,0.0,
19106,1126,50,0.0,
19107,1126,51,0.0,
19109,1127,1,36.0,
19110,1127,2,0.0,
19117,1127,10,0.0,
19118,1127,12,0.0,
19119,1127,13,0.0,
19120,1127,14,0.0,
19121,1127,15,0.0,
19122,1127,7,0.0,
19123,1127,16,0.0,
19124,1127,17,0.0,
19125,1127,18,0.0,
19126,1127,19,0.0,
19127,1127,20,0.0,
19128,1127,21,0.0,
19129,1127,22,0.0,
19130,1127,23,0.0,
19131,1127,24,0.0,
19132,1127,25,0.0,
19133,1127,26,0.0,
19134,1127,27,0.0,
19135,1127,28,0.0,
19136,1127,29,0.0,
19137,1127,30,0.0,
19138,1127,31,0.0,
19139,1127,32,0.0,
19140,1127,33,0.0,
19141,1127,34,0.0,
19142,1127,35,0.0,
19143,1127,36,0.0,
19144,1127,37,0.0,
19145,1127,38,0.0,
19146,1127,39,0.0,
19147,1127,40,0.0,
19148,1127,41,0.0,
19149,1127,42,0.0,
19150,1127,43,0.0,
19151,1127,44,0.0,
19152,1127,45,0.0,
19153,1127,46,0.0,
19154,1127,47,0.0,
19155,1127,48,0.0,
19156,1127,49,0.0,
19157,1127,50,0.0,
19158,1127,51,0.0,
19160,1128,1,72.0,
19161,1128,2,0.0,
19164,1128,5,0.0,
19165,1128,6,0.0,
19168,1128,10,0.0,
19169,1128,12,0.0,
19170,1128,13,0.0,
19171,1128,14,0.0,
19172,1128,15,0.0,
19173,1128,7,0.0,
19174,1128,16,0.0,
19175,1128,17,0.0,
19176,1128,18,0.0,
19177,1128,19,0.0,
19178,1128,20,0.0,
19179,1128,21,0.0,
19180,1128,22,0.0,
19181,1128,23,0.0,
19182,1128,24,0.0,
19183,1128,25,0.0,
19184,1128,26,0.0,
19185,1128,27,0.0,
19186,1128,28,0.0,
19187,1128,29,0.0,
19188,1128,30,0.0,
19189,1128,31,0.0,
19190,1128,32,0.0,
19191,1128,33,0.0,
19192,1128,34,0.0,
19193,1128,35,0.0,
19194,1128,36,0.0,
19195,1128,37,0.0,
19196,1128,38,0.0,
19197,1128,39,0.0,
19198,1128,40,0.0,
19199,1128,41,0.0,
19200,1128,42,0.0,
19201,1128,43,0.0,
19202,1128,44,0.0,
19203,1128,45,0.0,
19204,1128,46,0.0,
19205,1128,47,0.0,
19206,1128,48,0.0,
19207,1128,49,0.0,
19208,1128,50,0.0,
19209,1128,51,0.0,
19211,1129,1,148.0,
19212,1129,2,0.0,
19219,1129,10,0.0,
19220,1129,12,0.0,
19221,1129,13,0.0,
19222,1129,14,0.0,
19223,1129,15,0.0,
19224,1129,7,0.0,
19225,1129,16,0.0,
19226,1129,17,0.0,
19227,1129,18,0.0,
19228,1129,19,0.0,
19229,1129,20,0.0,
19230,1129,21,0.0,
19231,1129,22,0.0,
19232,1129,23,0.0,
19233,1129,24,0.0,
19234,1129,25,0.0,
19235,1129,26,0.0,
19236,1129,27,0.0,
19237,1129,28,0.0,
19238,1129,29,0.0,
19239,1129,30,0.0,
19240,1129,31,0.0,
19241,1129,32,0.0,
19242,1129,33,0.0,
19243,1129,34,0.0,
19244,1129,35,0.0,
19245,1129,36,0.0,
19246,1129,37,0.0,
19247,1129,38,0.0,
19248,1129,39,0.0,
19249,1129,40,0.0,
19250,1129,41,0.0,
19251,1129,42,0.0,
19252,1129,43,0.0,
19253,1129,44,0.0,
19254,1129,45,0.0,
19255,1129,46,0.0,
19256,1129,47,0.0,
19257,1129,48,0.0,
19258,1129,49,0.0,
19259,1129,50,0.0,
19260,1129,51,0.0,
19262,1130,1,470.0,
19263,1130,2,0.0,
19267,1130,6,0.0,
19270,1130,10,0.0,
19274,1130,15,0.0,
19275,1130,7,0.0,
19276,1130,16,0.0,
19277,1130,17,0.0,
19278,1130,18,0.0,
19279,1130,19,0.0,
19280,1130,20,0.0,
19281,1130,21,0.0,
19282,1130,22,0.0,
19283,1130,23,0.0,
19284,1130,24,0.0,
19285,1130,25,0.0,
19286,1130,26,0.0,
19287,1130,27,0.0,
19288,1130,28,0.0,
19289,1130,29,0.0,
19290,1130,30,0.0,
19291,1130,31,0.0,
19292,1130,32,0.0,
19293,1130,33,0.0,
19294,1130,34,0.0,
19295,1130,35,0.0,
19296,1130,36,0.0,
19297,1130,37,0.0,
19298,1130,38,0.0,
19299,1130,39,0.0,
19300,1130,40,0.0,
19301,1130,41,0.0,
19302,1130,42,0.0,
19303,1130,43,0.0,
19304,1130,44,0.0,
19305,1130,45,0.0,
19306,1130,46,0.0,
19307,1130,47,0.0,
19308,1130,48,0.0,
19309,1130,49,0.0,
19310,1130,50,0.0,
19311,1130,51,0.0,
19313,1131,1,52.0,
19314,1131,2,0.0,
19321,1131,10,0.0,
19322,1131,12,0.0,
19323,1131,13,0.0,
19324,1131,14,0.0,
19325,1131,15,0.0,
19326,1131,7,0.0,
19327,1131,16,0.0,
19328,1131,17,0.0,
19329,1131,18,0.0,
19330,1131,19,0.0,
19331,1131,20,0.0,
19332,1131,21,0.0,
19333,1131,22,0.0,
19334,1131,23,0.0,
19335,1131,24,0.0,
19336,1131,25,0.0,
19337,1131,26,0.0,
19338,1131,27,0.0,
19339,1131,28,0.0,
19340,1131,29,0.0,
19341,1131,30,0.0,
19342,1131,31,0.0,
19343,1131,32,0.0,
19344,1131,33,0.0,
19345,1131,34,0.0,
19346,1131,35,0.0,
19347,1131,36,0.0,
19348,1131,37,0.0,
19349,1131,38,0.0,
19350,1131,39,0.0,
19351,1131,40,0.0,
19352,1131,41,0.0,
19353,1131,42,0.0,
19354,1131,43,0.0,
19355,1131,44,0.0,
19356,1131,45,0.0,
19357,1131,46,0.0,
19358,1131,47,0.0,
19359,1131,48,0.0,
19360,1131,49,0.0,
19361,1131,50,0.0,
19362,1131,51,0.0,
19364,1132,1,41.0,
19365,1132,2,0.0,
19372,1132,10,0.0,
19373,1132,12,0.0,
19374,1132,13,0.0,
19375,1132,14,0.0,
19376,1132,15,0.0,
19377,1132,7,0.0,
19378,1132,16,0.0,
19379,1132,17,0.0,
19380,1132,18,0.0,
19381,1132,19,0.0,
19382,1132,20,0.0,
19383,1132,21,0.0,
19384,1132,22,0.0,
19385,1132,23,0.0,
19386,1132,24,0.0,
19387,1132,25,0.0,
19388,1132,26,0.0,
19389,1132,27,0.0,
19390,1132,28,0.0,
19391,1132,29,0.0,
19392,1132,30,0.0,
19393,1132,31,0.0,
19394,1132,32,0.0,
19395,1132,33,0.0,
19396,1132,34,0.0,
19397,1132,35,0.0,
19398,1132,36,0.0,
19399,1132,37,0.0,
19400,1132,38,0.0,
19401,1132,39,0.0,
19402,1132,40,0.0,
19403,1132,41,0.0,
19404,1132,42,0.0,
19405,1132,43,0.0,
19406,1132,44,0.0,
19407,1132,45,0.0,
19408,1132,46,0.0,
19409,1132,47,0.0,
19410,1132,48,0.0,
19411,1132,49,0.0,
19412,1132,50,0.0,
19413,1132,51,0.0,
19415,1133,1,208.0,
19416,1133,2,0.0,
19423,1133,10,0.0,
19424,1133,12,0.0,
19425,1133,13,0.0,
19426,1133,14,0.0,
19427,1133,15,0.0,
19428,1133,7,0.0,
19429,1133,16,0.0,
19430,1133,17,0.0,
19431,1133,18,0.0,
19432,1133,19,0.0,
19433,1133,20,0.0,
19434,1133,21,0.0,
19435,1133,22,0.0,
19436,1133,23,0.0,
19437,1133,24,0.0,
19438,1133,25,0.0,
19439,1133,26,0.0,
19440,1133,27,0.0,
19441,1133,28,0.0,
19442,1133,29,0.0,
19443,1133,30,0.0,
19444,1133,31,0.0,
19445,1133,32,0.0,
19446,1133,33,0.0,
19447,1133,34,0.0,
19448,1133,35,0.0,
19449,1133,36,0.0,
19450,1133,37,0.0,
19451,1133,38,0.0,
19452,1133,39,0.0,
19453,1133,40,0.0,
19454,1133,41,0.0,
19455,1133,42,0.0,
19456,1133,43,0.0,
19457,1133,44,0.0,
19458,1133,45,0.0,
19459,1133,46,0.0,
19460,1133,47,0.0,
19461,1133,48,0.0,
19462,1133,49,0.0,
19463,1133,50,0.0,
19464,1133,51,0.0,
19466,1134,1,44.0,
19467,1134,2,0.0,
19474,1134,10,0.0,
19475,1134,12,0.0,
19476,1134,13,0.0,
19477,1134,14,0.0,
19478,1134,15,0.0,
19479,1134,7,0.0,
19480,1134,16,0.0,
19481,1134,17,0.0,
19482,1134,18,0.0,
19483,1134,19,0.0,
19484,1134,20,0.0,
19485,1134,21,0.0,
19486,1134,22,0.0,
19487,1134,23,0.0,
19488,1134,24,0.0,
19489,1134,25,0.0,
19490,1134,26,0.0,
19491,1134,27,0.0,
19492,1134,28,0.0,
19493,1134,29,0.0,
19494,1134,30,0.0,
19495,1134,31,0.0,
19496,1134,32,0.0,
19497,1134,33,0.0,
19498,1134,34,0.0,
19499,1134,35,0.0,
19500,1134,36,0.0,
19501,1134,37,0.0,
19502,1134,38,0.0,
19503,1134,39,0.0,
19504,1134,40,0.0,
19505,1134,41,0.0,
19506,1134,42,0.0,
19507,1134,43,0.0,
19508,1134,44,0.0,
19509,1134,45,0.0,
19510,1134,46,0.0,
19511,1134,47,0.0,
19512,1134,48,0.0,
19513,1134,49,0.0,
19514,1134,50,0.0,
19515,1134,51,0.0,
19517,1135,1,211.0,
19518,1135,2,0.0,
19521,1135,5,0.0,
19522,1135,6,0.0,
19525,1135,10,0.0,
19526,1135,12,0.0,
19527,1135,13,0.0,
19528,1135,14,0.0,
19529,1135,15,0.0,
19530,1135,7,0.0,
19531,1135,16,0.0,
19532,1135,17,0.0,
19533,1135,18,0.0,
19534,1135,19,0.0,
19535,1135,20,0.0,
19536,1135,21,0.0,
19537,1135,22,0.0,
19538,1135,23,0.0,
19539,1135,24,0.0,
19540,1135,25,0.0,
19541,1135,26,0.0,
19542,1135,27,0.0,
19543,1135,28,0.0,
19544,1135,29,0.0,
19545,1135,30,0.0,
19546,1135,31,0.0,
19547,1135,32,0.0,
19548,1135,33,0.0,
19549,1135,34,0.0,
19550,1135,35,0.0,
19551,1135,36,0.0,
19552,1135,37,0.0,
19553,1135,38,0.0,
19554,1135,39,0.0,
19555,1135,40,0.0,
19556,1135,41,0.0,
19557,1135,42,0.0,
19558,1135,43,0.0,
19559,1135,44,0.0,
19560,1135,45,0.0,
19561,1135,46,0.0,
19562,1135,47,0.0,
19563,1135,48,0.0,
19564,1135,49,0.0,
19565,1135,50,0.0,
19566,1135,51,0.0,
19568,1136,1,291.0,
19569,1136,2,0.0,
19576,1136,10,0.0,
19577,1136,12,0.0,
19578,1136,13,0.0,
19579,1136,14,0.0,
19580,1136,15,0.0,
19581,1136,7,0.0,
19582,1136,16,0.0,
19583,1136,17,0.0,
19584,1136,18,0.0,
19585,1136,19,0.0,
19586,1136,20,0.0,
19587,1136,21,0.0,
19588,1136,22,0.0,
19589,1136,23,0.0,
19590,1136,24,0.0,
19591,1136,25,0.0,
19592,1136,26,0.0,
19593,1136,27,0.0,
19594,1136,28,0.0,
19595,1136,29,0.0,
19596,1136,30,0.0,
19597,1136,31,0.0,
19598,1136,32,0.0,
19599,1136,33,0.0,
19600,1136,34,0.0,
19601,1136,35,0.0,
19602,1136,36,0.0,
19603,1136,37,0.0,
19604,1136,38,0.0,
19605,1136,39,0.0,
19606,1136,40,0.0,
19607,1136,41,0.0,
19608,1136,42,0.0,
19609,1136,43,0.0,
19610,1136,44,0.0,
19611,1136,45,0.0,
19612,1136,46,0.0,
19613,1136,47,0.0,
19614,1136,48,0.0,
19615,1136,49,0.0,
19616,1136,50,0.0,
19617,1136,51,0.0,
19619,1137,1,855.0,
19620,1137,2,0.0,
19624,1137,6,0.0,
19627,1137,10,0.0,
19631,1137,15,0.0,
19632,1137,7,0.0,
19633,1137,16,0.0,
19634,1137,17,0.0,
19635,1137,18,0.0,
19636,1137,19,0.0,
19637,1137,20,0.0,
19638,1137,21,0.0,
19639,1137,22,0.0,
19640,1137,23,0.0,
19641,1137,24,0.0,
19642,1137,25,0.0,
19643,1137,26,0.0,
19644,1137,27,0.0,
19645,1137,28,0.0,
19646,1137,29,0.0,
19647,1137,30,0.0,
19648,1137,31,0.0,
19649,1137,32,0.0,
19650,1137,33,0.0,
19651,1137,34,0.0,
19652,1137,35,0.0,
19653,1137,36,0.0,
19654,1137,37,0.0,
19655,1137,38,0.0,
19656,1137,39,0.0,
19657,1137,40,0.0,
19658,1137,41,0.0,
19659,1137,42,0.0,
19660,1137,43,0.0,
19661,1137,44,0.0,
19662,1137,45,0.0,
19663,1137,46,0.0,
19664,1137,47,0.0,
19665,1137,48,0.0,
19666,1137,49,0.0,
19667,1137,50,0.0,
19668,1137,51,0.0,
19670,1138,1,60.0,
19671,1138,2,0.0,
19678,1138,10,0.0,
19679,1138,12,0.0,
19680,1138,13,0.0,
19681,1138,14,0.0,
19682,1138,15,0.0,
19683,1138,7,0.0,
19684,1138,16,0.0,
19685,1138,17,0.0,
19686,1138,18,0.0,
19687,1138,19,0.0,
19688,1138,20,0.0,
19689,1138,21,0.0,
19690,1138,22,0.0,
19691,1138,23,0.0,
19692,1138,24,0.0,
19693,1138,25,0.0,
19694,1138,26,0.0,
19695,1138,27,0.0,
19696,1138,28,0.0,
19697,1138,29,0.0,
19698,1138,30,0.0,
19699,1138,31,0.0,
19700,1138,32,0.0,
19701,1138,33,0.0,
19702,1138,34,0.0,
19703,1138,35,0.0,
19704,1138,36,0.0,
19705,1138,37,0.0,
19706,1138,38,0.0,
19707,1138,39,0.0,
19708,1138,40,0.0,
19709,1138,41,0.0,
19710,1138,42,0.0,
19711,1138,43,0.0,
19712,1138,44,0.0,
19713,1138,45,0.0,
19714,1138,46,0.0,
19715,1138,47,0.0,
19716,1138,48,0.0,
19717,1138,49,0.0,
19718,1138,50,0.0,
19719,1138,51,0.0,
19721,1139,1,82.0,
19722,1139,2,0.0,
19729,1139,10,0.0,
19730,1139,12,0.0,
19731,1139,13,0.0,
19732,1139,14,0.0,
19733,1139,15,0.0,
19734,1139,7,0.0,
19735,1139,16,0.0,
19736,1139,17,0.0,
19737,1139,18,0.0,
19738,1139,19,0.0,
19739,1139,20,0.0,
19740,1139,21,0.0,
19741,1139,22,0.0,
19742,1139,23,0.0,
19743,1139,24,0.0,
19744,1139,25,0.0,
19745,1139,26,0.0,
19746,1139,27,0.0,
19747,1139,28,0.0,
19748,1139,29,0.0,
19749,1139,30,0.0,
19750,1139,31,0.0,
19751,1139,32,0.0,
19752,1139,33,0.0,
19753,1139,34,0.0,
19754,1139,35,0.0,
19755,1139,36,0.0,
19756,1139,37,0.0,
19757,1139,38,0.0,
19758,1139,39,0.0,
19759,1139,40,0.0,
19760,1139,41,0.0,
19761,1139,42,0.0,
19762,1139,43,0.0,
19763,1139,44,0.0,
19764,1139,45,0.0,
19765,1139,46,0.0,
19766,1139,47,0.0,
19767,1139,48,0.0,
19768,1139,49,0.0,
19769,1139,50,0.0,
19770,1139,51,0.0,
19772,1140,1,495.0,
19773,1140,2,0.0,
19780,1140,10,0.0,
19781,1140,12,0.0,
19782,1140,13,0.0,
19783,1140,14,0.0,
19784,1140,15,0.0,
19785,1140,7,0.0,
19786,1140,16,0.0,
19787,1140,17,0.0,
19788,1140,18,0.0,
19789,1140,19,0.0,
19790,1140,20,0.0,
19791,1140,21,0.0,
19792,1140,22,0.0,
19793,1140,23,0.0,
19794,1140,24,0.0,
19795,1140,25,0.0,
19796,1140,26,0.0,
19797,1140,27,0.0,
19798,1140,28,0.0,
19799,1140,29,0.0,
19800,1140,30,0.0,
19801,1140,31,0.0,
19802,1140,32,0.0,
19803,1140,33,0.0,
19804,1140,34,0.0,
19805,1140,35,0.0,
19806,1140,36,0.0,
19807,1140,37,0.0,
19808,1140,38,0.0,
19809,1140,39,0.0,
19810,1140,40,0.0,
19811,1140,41,0.0,
19812,1140,42,0.0,
19813,1140,43,0.0,
19814,1140,44,0.0,
19815,1140,45,0.0,
19816,1140,46,0.0,
19817,1140,47,0.0,
19818,1140,48,0.0,
19819,1140,49,0.0,
19820,1140,50,0.0,
19821,1140,51,0.0,
19823,1141,1,117.0,
19824,1141,2,0.0,
19831,1141,10,0.0,
19832,1141,12,0.0,
19833,1141,13,0.0,
19834,1141,14,0.0,
19835,1141,15,0.0,
19836,1141,7,0.0,
19837,1141,16,0.0,
19838,1141,17,0.0,
19839,1141,18,0.0,
19840,1141,19,0.0,
19841,1141,20,0.0,
19842,1141,21,0.0,
19843,1141,22,0.0,
19844,1141,23,0.0,
19845,1141,24,0.0,
19846,1141,25,0.0,
19847,1141,26,0.0,
19848,1141,27,0.0,
19849,1141,28,0.0,
19850,1141,29,0.0,
19851,1141,30,0.0,
19852,1141,31,0.0,
19853,1141,32,0.0,
19854,1141,33,0.0,
19855,1141,34,0.0,
19856,1141,35,0.0,
19857,1141,36,0.0,
19858,1141,37,0.0,
19859,1141,38,0.0,
19860,1141,39,0.0,
19861,1141,40,0.0,
19862,1141,41,0.0,
19863,1141,42,0.0,
19864,1141,43,0.0,
19865,1141,44,0.0,
19866,1141,45,0.0,
19867,1141,46,0.0,
19868,1141,47,0.0,
19869,1141,48,0.0,
19870,1141,49,0.0,
19871,1141,50,0.0,
19872,1141,51,0.0,
19874,1142,1,104.0,
19875,1142,2,0.0,
19878,1142,5,0.0,
19879,1142,6,0.0,
19882,1142,10,0.0,
19883,1142,12,0.0,
19884,1142,13,0.0,
19885,1142,14,0.0,
19886,1142,15,0.0,
19887,1142,7,0.0,
19888,1142,16,0.0,
19889,1142,17,0.0,
19890,1142,18,0.0,
19891,1142,19,0.0,
19892,1142,20,0.0,
19893,1142,21,0.0,
19894,1142,22,0.0,
19895,1142,23,0.0,
19896,1142,24,0.0,
19897,1142,25,0.0,
19898,1142,26,0.0,
19899,1142,27,0.0,
19900,1142,28,0.0,
19901,1142,29,0.0,
19902,1142,30,0.0,
19903,1142,31,0.0,
19904,1142,32,0.0,
19905,1142,33,0.0,
19906,1142,34,0.0,
19907,1142,35,0.0,
19908,1142,36,0.0,
19909,1142,37,0.0,
19910,1142,38,0.0,
19911,1142,39,0.0,
19912,1142,40,0.0,
19913,1142,41,0.0,
19914,1142,42,0.0,
19915,1142,43,0.0,
19916,1142,44,0.0,
19917,1142,45,0.0,
19918,1142,46,0.0,
19919,1142,47,0.0,
19920,1142,48,0.0,
19921,1142,49,0.0,
19922,1142,50,0.0,
19923,1142,51,0.0,
19925,1143,1,362.0,
19926,1143,2,0.0,
19933,1143,10,0.0,
19934,1143,12,0.0,
19935,1143,13,0.0,
19936,1143,14,0.0,
19937,1143,15,0.0,
19938,1143,7,0.0,
19939,1143,16,0.0,
19940,1143,17,0.0,
19941,1143,18,0.0,
19942,1143,19,0.0,
19943,1143,20,0.0,
19944,1143,21,0.0,
19945,1143,22,0.0,
19946,1143,23,0.0,
19947,1143,24,0.0,
19948,1143,25,0.0,
19949,1143,26,0.0,
19950,1143,27,0.0,
19951,1143,28,0.0,
19952,1143,29,0.0,
19953,1143,30,0.0,
19954,1143,31,0.0,
19955,1143,32,0.0,
19956,1143,33,0.0,
19957,1143,34,0.0,
19958,1143,35,0.0,
19959,1143,36,0.0,
19960,1143,37,0.0,
19961,1143,38,0.0,
19962,1143,39,0.0,
19963,1143,40,0.0,
19964,1143,41,0.0,
19965,1143,42,0.0,
19966,1143,43,0.0,
19967,1143,44,0.0,
19968,1143,45,0.0,
19969,1143,46,0.0,
19970,1143,47,0.0,
19971,1143,48,0.0,
19972,1143,49,0.0,
19973,1143,50,0.0,
19974,1143,51,0.0,
19976,1144,1,1277.0,
19977,1144,2,0.0,
19981,1144,6,0.0,
19984,1144,10,0.0,
19988,1144,15,0.0,
19989,1144,7,0.0,
19990,1144,16,0.0,
19991,1144,17,0.0,
19992,1144,18,0.0,
19993,1144,19,0.0,
19994,1144,20,0.0,
19995,1144,21,0.0,
19996,1144,22,0.0,
19997,1144,23,0.0,
19998,1144,24,0.0,
19999,1144,25,0.0,
20000,1144,26,0.0,
20001,1144,27,0.0,
20002,1144,28,0.0,
20003,1144,29,0.0,
20004,1144,30,0.0,
20005,1144,31,0.0,
20006,1144,32,0.0,
20007,1144,33,0.0,
20008,1144,34,0.0,
20009,1144,35,0.0,
20010,1144,36,0.0,
20011,1144,37,0.0,
20012,1144,38,0.0,
20013,1144,39,0.0,
20014,1144,40,0.0,
20015,1144,41,0.0,
20016,1144,42,0.0,
20017,1144,43,0.0,
20018,1144,44,0.0,
20019,1144,45,0.0,
20020,1144,46,0.0,
20021,1144,47,0.0,
20022,1144,48,0.0,
20023,1144,49,0.0,
20024,1144,50,0.0,
20025,1144,51,0.0,
20027,1145,1,117.0,
20028,1145,2,0.0,
20035,1145,10,0.0,
20036,1145,12,0.0,
20037,1145,13,0.0,
20038,1145,14,0.0,
20039,1145,15,0.0,
20040,1145,7,0.0,
20041,1145,16,0.0,
20042,1145,17,0.0,
20043,1145,18,0.0,
20044,1145,19,0.0,
20045,1145,20,0.0,
20046,1145,21,0.0,
20047,1145,22,0.0,
20048,1145,23,0.0,
20049,1145,24,0.0,
20050,1145,25,0.0,
20051,1145,26,0.0,
20052,1145,27,0.0,
20053,1145,28,0.0,
20054,1145,29,0.0,
20055,1145,30,0.0,
20056,1145,31,0.0,
20057,1145,32,0.0,
20058,1145,33,0.0,
20059,1145,34,0.0,
20060,1145,35,0.0,
20061,1145,36,0.0,
20062,1145,37,0.0,
20063,1145,38,0.0,
20064,1145,39,0.0,
20065,1145,40,0.0,
20066,1145,41,0.0,
20067,1145,42,0.0,
20068,1145,43,0.0,
20069,1145,44,0.0,
20070,1145,45,0.0,
20071,1145,46,0.0,
20072,1145,47,0.0,
20073,1145,48,0.0,
20074,1145,49,0.0,
20075,1145,50,0.0,
20076,1145,51,0.0,
20078,1146,1,64.0,
20079,1146,2,0.0,
20087,1146,12,0.0,
20088,1146,13,0.0,
20091,1146,7,0.0,
20093,1146,17,0.0,
20094,1146,18,0.0,
20095,1146,19,0.0,
20096,1146,20,0.0,
20097,1146,21,0.0,
20098,1146,22,0.0,
20099,1146,23,0.0,
20100,1146,24,0.0,
20101,1146,25,0.0,
20102,1146,26,0.0,
20103,1146,27,0.0,
20104,1146,28,0.0,
20105,1146,29,0.0,
20106,1146,30,0.0,
20107,1146,31,0.0,
20108,1146,32,0.0,
20109,1146,33,0.0,
20110,1146,34,0.0,
20111,1146,35,0.0,
20112,1146,36,0.0,
20113,1146,37,0.0,
20114,1146,38,0.0,
20115,1146,39,0.0,
20116,1146,40,0.0,
20117,1146,41,0.0,
20118,1146,42,0.0,
20119,1146,43,0.0,
20120,1146,44,0.0,
20121,1146,45,0.0,
20122,1146,46,0.0,
20123,1146,47,0.0,
20124,1146,48,0.0,
20125,1146,49,0.0,
20126,1146,50,0.0,
20127,1146,51,0.0,
20129,1147,1,366.0,
20130,1147,2,0.0,
20138,1147,12,0.0,
20139,1147,13,0.0,
20142,1147,7,0.0,
20144,1147,17,0.0,
20145,1147,18,0.0,
20146,1147,19,0.0,
20147,1147,20,0.0,
20148,1147,21,0.0,
20149,1147,22,0.0,
20150,1147,23,0.0,
20151,1147,24,0.0,
20152,1147,25,0.0,
20153,1147,26,0.0,
20154,1147,27,0.0,
20155,1147,28,0.0,
20156,1147,29,0.0,
20157,1147,30,0.0,
20158,1147,31,0.0,
20159,1147,32,0.0,
20160,1147,33,0.0,
20161,1147,34,0.0,
20162,1147,35,0.0,
20163,1147,36,0.0,
20164,1147,37,0.0,
20165,1147,38,0.0,
20166,1147,39,0.0,
20167,1147,40,0.0,
20168,1147,41,0.0,
20169,1147,42,0.0,
20170,1147,43,0.0,
20171,1147,44,0.0,
20172,1147,45,0.0,
20173,1147,46,0.0,
20174,1147,47,0.0,
20175,1147,48,0.0,
20176,1147,49,0.0,
20177,1147,50,0.0,
20178,1147,51,0.0,
20180,1148,1,99.0,
20181,1148,2,0.0,
20189,1148,12,0.0,
20190,1148,13,0.0,
20193,1148,7,0.0,
20195,1148,17,0.0,
20196,1148,18,0.0,
20197,1148,19,0.0,
20198,1148,20,0.0,
20199,1148,21,0.0,
20200,1148,22,0.0,
20201,1148,23,0.0,
20202,1148,24,0.0,
20203,1148,25,0.0,
20204,1148,26,0.0,
20205,1148,27,0.0,
20206,1148,28,0.0,
20207,1148,29,0.0,
20208,1148,30,0.0,
20209,1148,31,0.0,
20210,1148,32,0.0,
20211,1148,33,0.0,
20212,1148,34,0.0,
20213,1148,35,0.0,
20214,1148,36,0.0,
20215,1148,37,0.0,
20216,1148,38,0.0,
20217,1148,39,0.0,
20218,1148,40,0.0,
20219,1148,41,0.0,
20220,1148,42,0.0,
20221,1148,43,0.0,
20222,1148,44,0.0,
20223,1148,45,0.0,
20224,1148,46,0.0,
20225,1148,47,0.0,
20226,1148,48,0.0,
20227,1148,49,0.0,
20228,1148,50,0.0,
20229,1148,51,0.0,
20231,1149,1,49.0,
20232,1149,2,0.0,
20235,1149,5,0.0,
20236,1149,6,0.0,
20240,1149,12,0.0,
20241,1149,13,0.0,
20244,1149,7,0.0,
20246,1149,17,0.0,
20247,1149,18,0.0,
20248,1149,19,0.0,
20249,1149,20,0.0,
20250,1149,21,0.0,
20251,1149,22,0.0,
20252,1149,23,0.0,
20253,1149,24,0.0,
20254,1149,25,0.0,
20255,1149,26,0.0,
20256,1149,27,0.0,
20257,1149,28,0.0,
20258,1149,29,0.0,
20259,1149,30,0.0,
20260,1149,31,0.0,
20261,1149,32,0.0,
20262,1149,33,0.0,
20263,1149,34,0.0,
20264,1149,35,0.0,
20265,1149,36,0.0,
20266,1149,37,0.0,
20267,1149,38,0.0,
20268,1149,39,0.0,
20269,1149,40,0.0,
20270,1149,41,0.0,
20271,1149,42,0.0,
20272,1149,43,0.0,
20273,1149,44,0.0,
20274,1149,45,0.0,
20275,1149,46,0.0,
20276,1149,47,0.0,
20277,1149,48,0.0,
20278,1149,49,0.0,
20279,1149,50,0.0,
20280,1149,51,0.0,
20282,1150,1,404.0,
20283,1150,2,0.0,
20291,1150,12,0.0,
20292,1150,13,0.0,
20295,1150,7,0.0,
20297,1150,17,0.0,
20298,1150,18,0.0,
20299,1150,19,0.0,
20300,1150,20,0.0,
20301,1150,21,0.0,
20302,1150,22,0.0,
20303,1150,23,0.0,
20304,1150,24,0.0,
20305,1150,25,0.0,
20306,1150,26,0.0,
20307,1150,27,0.0,
20308,1150,28,0.0,
20309,1150,29,0.0,
20310,1150,30,0.0,
20311,1150,31,0.0,
20312,1150,32,0.0,
20313,1150,33,0.0,
20314,1150,34,0.0,
20315,1150,35,0.0,
20316,1150,36,0.0,
20317,1150,37,0.0,
20318,1150,38,0.0,
20319,1150,39,0.0,
20320,1150,40,0.0,
20321,1150,41,0.0,
20322,1150,42,0.0,
20323,1150,43,0.0,
20324,1150,44,0.0,
20325,1150,45,0.0,
20326,1150,46,0.0,
20327,1150,47,0.0,
20328,1150,48,0.0,
20329,1150,49,0.0,
20330,1150,50,0.0,
20331,1150,51,0.0,
20333,1151,1,1051.0,
20334,1151,2,0.0,
20338,1151,6,0.0,
20345,1151,15,0.0,
20346,1151,7,0.0,
20347,1151,16,0.0,
20348,1151,17,0.0,
20349,1151,18,0.0,
20350,1151,19,0.0,
20351,1151,20,0.0,
20352,1151,21,0.0,
20353,1151,22,0.0,
20354,1151,23,0.0,
20355,1151,24,0.0,
20356,1151,25,0.0,
20357,1151,26,0.0,
20358,1151,27,0.0,
20359,1151,28,0.0,
20360,1151,29,0.0,
20361,1151,30,0.0,
20362,1151,31,0.0,
20363,1151,32,0.0,
20364,1151,33,0.0,
20365,1151,34,0.0,
20366,1151,35,0.0,
20367,1151,36,0.0,
20368,1151,37,0.0,
20369,1151,38,0.0,
20370,1151,39,0.0,
20371,1151,40,0.0,
20372,1151,41,0.0,
20373,1151,42,0.0,
20374,1151,43,0.0,
20375,1151,44,0.0,
20376,1151,45,0.0,
20377,1151,46,0.0,
20378,1151,47,0.0,
20379,1151,48,0.0,
20380,1151,49,0.0,
20381,1151,50,0.0,
20382,1151,51,0.0,
20384,1152,1,69.0,
20385,1152,2,0.0,
20393,1152,12,0.0,
20394,1152,13,0.0,
20397,1152,7,0.0,
20399,1152,17,0.0,
20400,1152,18,0.0,
20401,1152,19,0.0,
20402,1152,20,0.0,
20403,1152,21,0.0,
20404,1152,22,0.0,
20405,1152,23,0.0,
20406,1152,24,0.0,
20407,1152,25,0.0,
20408,1152,26,0.0,
20409,1152,27,0.0,
20410,1152,28,0.0,
20411,1152,29,0.0,
20412,1152,30,0.0,
20413,1152,31,0.0,
20414,1152,32,0.0,
20415,1152,33,0.0,
20416,1152,34,0.0,
20417,1152,35,0.0,
20418,1152,36,0.0,
20419,1152,37,0.0,
20420,1152,38,0.0,
20421,1152,39,0.0,
20422,1152,40,0.0,
20423,1152,41,0.0,
20424,1152,42,0.0,
20425,1152,43,0.0,
20426,1152,44,0.0,
20427,1152,45,0.0,
20428,1152,46,0.0,
20429,1152,47,0.0,
20430,1152,48,0.0,
20431,1152,49,0.0,
20432,1152,50,0.0,
20433,1152,51,0.0,
20435,1153,1,56.0,
20436,1153,2,0.0,
20444,1153,12,0.0,
20445,1153,13,0.0,
20448,1153,7,0.0,
20450,1153,17,0.0,
20451,1153,18,0.0,
20452,1153,19,0.0,
20453,1153,20,0.0,
20454,1153,21,0.0,
20455,1153,22,0.0,
20456,1153,23,0.0,
20457,1153,24,0.0,
20458,1153,25,0.0,
20459,1153,26,0.0,
20460,1153,27,0.0,
20461,1153,28,0.0,
20462,1153,29,0.0,
20463,1153,30,0.0,
20464,1153,31,0.0,
20465,1153,32,0.0,
20466,1153,33,0.0,
20467,1153,34,0.0,
20468,1153,35,0.0,
20469,1153,36,0.0,
20470,1153,37,0.0,
20471,1153,38,0.0,
20472,1153,39,0.0,
20473,1153,40,0.0,
20474,1153,41,0.0,
20475,1153,42,0.0,
20476,1153,43,0.0,
20477,1153,44,0.0,
20478,1153,45,0.0,
20479,1153,46,0.0,
20480,1153,47,0.0,
20481,1153,48,0.0,
20482,1153,49,0.0,
20483,1153,50,0.0,
20484,1153,51,0.0,
20486,1154,1,331.0,
20487,1154,2,0.0,
20495,1154,12,0.0,
20496,1154,13,0.0,
20499,1154,7,0.0,
20501,1154,17,0.0,
20502,1154,18,0.0,
20503,1154,19,0.0,
20504,1154,20,0.0,
20505,1154,21,0.0,
20506,1154,22,0.0,
20507,1154,23,0.0,
20508,1154,24,0.0,
20509,1154,25,0.0,
20510,1154,26,0.0,
20511,1154,27,0.0,
20512,1154,28,0.0,
20513,1154,29,0.0,
20514,1154,30,0.0,
20515,1154,31,0.0,
20516,1154,32,0.0,
20517,1154,33,0.0,
20518,1154,34,0.0,
20519,1154,35,0.0,
20520,1154,36,0.0,
20521,1154,37,0.0,
20522,1154,38,0.0,
20523,1154,39,0.0,
20524,1154,40,0.0,
20525,1154,41,0.0,
20526,1154,42,0.0,
20527,1154,43,0.0,
20528,1154,44,0.0,
20529,1154,45,0.0,
20530,1154,46,0.0,
20531,1154,47,0.0,
20532,1154,48,0.0,
20533,1154,49,0.0,
20534,1154,50,0.0,
20535,1154,51,0.0,
20537,1155,1,72.0,
20538,1155,2,0.0,
20546,1155,12,0.0,
20547,1155,13,0.0,
20550,1155,7,0.0,
20552,1155,17,0.0,
20553,1155,18,0.0,
20554,1155,19,0.0,
20555,1155,20,0.0,
20556,1155,21,0.0,
20557,1155,22,0.0,
20558,1155,23,0.0,
20559,1155,24,0.0,
20560,1155,25,0.0,
20561,1155,26,0.0,
20562,1155,27,0.0,
20563,1155,28,0.0,
20564,1155,29,0.0,
20565,1155,30,0.0,
20566,1155,31,0.0,
20567,1155,32,0.0,
20568,1155,33,0.0,
20569,1155,34,0.0,
20570,1155,35,0.0,
20571,1155,36,0.0,
20572,1155,37,0.0,
20573,1155,38,0.0,
20574,1155,39,0.0,
20575,1155,40,0.0,
20576,1155,41,0.0,
20577,1155,42,0.0,
20578,1155,43,0.0,
20579,1155,44,0.0,
20580,1155,45,0.0,
20581,1155,46,0.0,
20582,1155,47,0.0,
20583,1155,48,0.0,
20584,1155,49,0.0,
20585,1155,50,0.0,
20586,1155,51,0.0,
20588,1156,1,60.0,
20589,1156,2,0.0,
20592,1156,5,0.0,
20593,1156,6,0.0,
20597,1156,12,0.0,
20598,1156,13,0.0,
20601,1156,7,0.0,
20603,1156,17,0.0,
20604,1156,18,0.0,
20605,1156,19,0.0,
20606,1156,20,0.0,
20607,1156,21,0.0,
20608,1156,22,0.0,
20609,1156,23,0.0,
20610,1156,24,0.0,
20611,1156,25,0.0,
20612,1156,26,0.0,
20613,1156,27,0.0,
20614,1156,28,0.0,
20615,1156,29,0.0,
20616,1156,30,0.0,
20617,1156,31,0.0,
20618,1156,32,0.0,
20619,1156,33,0.0,
20620,1156,34,0.0,
20621,1156,35,0.0,
20622,1156,36,0.0,
20623,1156,37,0.0,
20624,1156,38,0.0,
20625,1156,39,0.0,
20626,1156,40,0.0,
20627,1156,41,0.0,
20628,1156,42,0.0,
20629,1156,43,0.0,
20630,1156,44,0.0,
20631,1156,45,0.0,
20632,1156,46,0.0,
20633,1156,47,0.0,
20634,1156,48,0.0,
20635,1156,49,0.0,
20636,1156,50,0.0,
20637,1156,51,0.0,
20639,1157,1,274.0,
20640,1157,2,0.0,
20648,1157,12,0.0,
20649,1157,13,0.0,
20652,1157,7,0.0,
20654,1157,17,0.0,
20655,1157,18,0.0,
20656,1157,19,0.0,
20657,1157,20,0.0,
20658,1157,21,0.0,
20659,1157,22,0.0,
20660,1157,23,0.0,
20661,1157,24,0.0,
20662,1157,25,0.0,
20663,1157,26,0.0,
20664,1157,27,0.0,
20665,1157,28,0.0,
20666,1157,29,0.0,
20667,1157,30,0.0,
20668,1157,31,0.0,
20669,1157,32,0.0,
20670,1157,33,0.0,
20671,1157,34,0.0,
20672,1157,35,0.0,
20673,1157,36,0.0,
20674,1157,37,0.0,
20675,1157,38,0.0,
20676,1157,39,0.0,
20677,1157,40,0.0,
20678,1157,41,0.0,
20679,1157,42,0.0,
20680,1157,43,0.0,
20681,1157,44,0.0,
20682,1157,45,0.0,
20683,1157,46,0.0,
20684,1157,47,0.0,
20685,1157,48,0.0,
20686,1157,49,0.0,
20687,1157,50,0.0,
20688,1157,51,0.0,
20690,1158,1,868.0,
20691,1158,2,0.0,
20695,1158,6,0.0,
20702,1158,15,0.0,
20703,1158,7,0.0,
20704,1158,16,0.0,
20705,1158,17,0.0,
20706,1158,18,0.0,
20707,1158,19,0.0,
20708,1158,20,0.0,
20709,1158,21,0.0,
20710,1158,22,0.0,
20711,1158,23,0.0,
20712,1158,24,0.0,
20713,1158,25,0.0,
20714,1158,26,0.0,
20715,1158,27,0.0,
20716,1158,28,0.0,
20717,1158,29,0.0,
20718,1158,30,0.0,
20719,1158,31,0.0,
20720,1158,32,0.0,
20721,1158,33,0.0,
20722,1158,34,0.0,
20723,1158,35,0.0,
20724,1158,36,0.0,
20725,1158,37,0.0,
20726,1158,38,0.0,
20727,1158,39,0.0,
20728,1158,40,0.0,
20729,1158,41,0.0,
20730,1158,42,0.0,
20731,1158,43,0.0,
20732,1158,44,0.0,
20733,1158,45,0.0,
20734,1158,46,0.0,
20735,1158,47,0.0,
20736,1158,48,0.0,
20737,1158,49,0.0,
20738,1158,50,0.0,
20739,1158,51,0.0,
20741,1159,1,75.0,
20742,1159,2,0.0,
20750,1159,12,0.0,
20751,1159,13,0.0,
20754,1159,7,0.0,
20756,1159,17,0.0,
20757,1159,18,0.0,
20758,1159,19,0.0,
20759,1159,20,0.0,
20760,1159,21,0.0,
20761,1159,22,0.0,
20762,1159,23,0.0,
20763,1159,24,0.0,
20764,1159,25,0.0,
20765,1159,26,0.0,
20766,1159,27,0.0,
20767,1159,28,0.0,
20768,1159,29,0.0,
20769,1159,30,0.0,
20770,1159,31,0.0,
20771,1159,32,0.0,
20772,1159,33,0.0,
20773,1159,34,0.0,
20774,1159,35,0.0,
20775,1159,36,0.0,
20776,1159,37,0.0,
20777,1159,38,0.0,
20778,1159,39,0.0,
20779,1159,40,0.0,
20780,1159,41,0.0,
20781,1159,42,0.0,
20782,1159,43,0.0,
20783,1159,44,0.0,
20784,1159,45,0.0,
20785,1159,46,0.0,
20786,1159,47,0.0,
20787,1159,48,0.0,
20788,1159,49,0.0,
20789,1159,50,0.0,
20790,1159,51,0.0,
20792,1160,1,44.0,
20793,1160,2,0.0,
20801,1160,12,0.0,
20802,1160,13,0.0,
20805,1160,7,0.0,
20807,1160,17,0.0,
20808,1160,18,0.0,
20809,1160,19,0.0,
20810,1160,20,0.0,
20811,1160,21,0.0,
20812,1160,22,0.0,
20813,1160,23,0.0,
20814,1160,24,0.0,
20815,1160,25,0.0,
20816,1160,26,0.0,
20817,1160,27,0.0,
20818,1160,28,0.0,
20819,1160,29,0.0,
20820,1160,30,0.0,
20821,1160,31,0.0,
20822,1160,32,0.0,
20823,1160,33,0.0,
20824,1160,34,0.0,
20825,1160,35,0.0,
20826,1160,36,0.0,
20827,1160,37,0.0,
20828,1160,38,0.0,
20829,1160,39,0.0,
20830,1160,40,0.0,
20831,1160,41,0.0,
20832,1160,42,0.0,
20833,1160,43,0.0,
20834,1160,44,0.0,
20835,1160,45,0.0,
20836,1160,46,0.0,
20837,1160,47,0.0,
20838,1160,48,0.0,
20839,1160,49,0.0,
20840,1160,50,0.0,
20841,1160,51,0.0,
20843,1161,1,267.0,
20844,1161,2,0.0,
20852,1161,12,0.0,
20853,1161,13,0.0,
20856,1161,7,0.0,
20858,1161,17,0.0,
20859,1161,18,0.0,
20860,1161,19,0.0,
20861,1161,20,0.0,
20862,1161,21,0.0,
20863,1161,22,0.0,
20864,1161,23,0.0,
20865,1161,24,0.0,
20866,1161,25,0.0,
20867,1161,26,0.0,
20868,1161,27,0.0,
20869,1161,28,0.0,
20870,1161,29,0.0,
20871,1161,30,0.0,
20872,1161,31,0.0,
20873,1161,32,0.0,
20874,1161,33,0.0,
20875,1161,34,0.0,
20876,1161,35,0.0,
20877,1161,36,0.0,
20878,1161,37,0.0,
20879,1161,38,0.0,
20880,1161,39,0.0,
20881,1161,40,0.0,
20882,1161,41,0.0,
20883,1161,42,0.0,
20884,1161,43,0.0,
20885,1161,44,0.0,
20886,1161,45,0.0,
20887,1161,46,0.0,
20888,1161,47,0.0,
20889,1161,48,0.0,
20890,1161,49,0.0,
20891,1161,50,0.0,
20892,1161,51,0.0,
20894,1162,1,71.0,
20895,1162,2,0.0,
20903,1162,12,0.0,
20904,1162,13,0.0,
20907,1162,7,0.0,
20909,1162,17,0.0,
20910,1162,18,0.0,
20911,1162,19,0.0,
20912,1162,20,0.0,
20913,1162,21,0.0,
20914,1162,22,0.0,
20915,1162,23,0.0,
20916,1162,24,0.0,
20917,1162,25,0.0,
20918,1162,26,0.0,
20919,1162,27,0.0,
20920,1162,28,0.0,
20921,1162,29,0.0,
20922,1162,30,0.0,
20923,1162,31,0.0,
20924,1162,32,0.0,
20925,1162,33,0.0,
20926,1162,34,0.0,
20927,1162,35,0.0,
20928,1162,36,0.0,
20929,1162,37,0.0,
20930,1162,38,0.0,
20931,1162,39,0.0,
20932,1162,40,0.0,
20933,1162,41,0.0,
20934,1162,42,0.0,
20935,1162,43,0.0,
20936,1162,44,0.0,
20937,1162,45,0.0,
20938,1162,46,0.0,
20939,1162,47,0.0,
20940,1162,48,0.0,
20941,1162,49,0.0,
20942,1162,50,0.0,
20943,1162,51,0.0,
20945,1163,1,179.0,
20946,1163,2,0.0,
20949,1163,5,0.0,
20950,1163,6,0.0,
20954,1163,12,0.0,
20955,1163,13,0.0,
20958,1163,7,0.0,
20960,1163,17,0.0,
20961,1163,18,0.0,
20962,1163,19,0.0,
20963,1163,20,0.0,
20964,1163,21,0.0,
20965,1163,22,0.0,
20966,1163,23,0.0,
20967,1163,24,0.0,
20968,1163,25,0.0,
20969,1163,26,0.0,
20970,1163,27,0.0,
20971,1163,28,0.0,
20972,1163,29,0.0,
20973,1163,30,0.0,
20974,1163,31,0.0,
20975,1163,32,0.0,
20976,1163,33,0.0,
20977,1163,34,0.0,
20978,1163,35,0.0,
20979,1163,36,0.0,
20980,1163,37,0.0,
20981,1163,38,0.0,
20982,1163,39,0.0,
20983,1163,40,0.0,
20984,1163,41,0.0,
20985,1163,42,0.0,
20986,1163,43,0.0,
20987,1163,44,0.0,
20988,1163,45,0.0,
20989,1163,46,0.0,
20990,1163,47,0.0,
20991,1163,48,0.0,
20992,1163,49,0.0,
20993,1163,50,0.0,
20994,1163,51,0.0,
20996,1164,1,313.0,
20997,1164,2,0.0,
21005,1164,12,0.0,
21006,1164,13,0.0,
21009,1164,7,0.0,
21011,1164,17,0.0,
21012,1164,18,0.0,
21013,1164,19,0.0,
21014,1164,20,0.0,
21015,1164,21,0.0,
21016,1164,22,0.0,
21017,1164,23,0.0,
21018,1164,24,0.0,
21019,1164,25,0.0,
21020,1164,26,0.0,
21021,1164,27,0.0,
21022,1164,28,0.0,
21023,1164,29,0.0,
21024,1164,30,0.0,
21025,1164,31,0.0,
21026,1164,32,0.0,
21027,1164,33,0.0,
21028,1164,34,0.0,
21029,1164,35,0.0,
21030,1164,36,0.0,
21031,1164,37,0.0,
21032,1164,38,0.0,
21033,1164,39,0.0,
21034,1164,40,0.0,
21035,1164,41,0.0,
21036,1164,42,0.0,
21037,1164,43,0.0,
21038,1164,44,0.0,
21039,1164,45,0.0,
21040,1164,46,0.0,
21041,1164,47,0.0,
21042,1164,48,0.0,
21043,1164,49,0.0,
21044,1164,50,0.0,
21045,1164,51,0.0,
21047,1165,1,959.0,
21048,1165,2,0.0,
21052,1165,6,0.0,
21059,1165,15,0.0,
21060,1165,7,0.0,
21061,1165,16,0.0,
21062,1165,17,0.0,
21063,1165,18,0.0,
21064,1165,19,0.0,
21065,1165,20,0.0,
21066,1165,21,0.0,
21067,1165,22,0.0,
21068,1165,23,0.0,
21069,1165,24,0.0,
21070,1165,25,0.0,
21071,1165,26,0.0,
21072,1165,27,0.0,
21073,1165,28,0.0,
21074,1165,29,0.0,
21075,1165,30,0.0,
21076,1165,31,0.0,
21077,1165,32,0.0,
21078,1165,33,0.0,
21079,1165,34,0.0,
21080,1165,35,0.0,
21081,1165,36,0.0,
21082,1165,37,0.0,
21083,1165,38,0.0,
21084,1165,39,0.0,
21085,1165,40,0.0,
21086,1165,41,0.0,
21087,1165,42,0.0,
21088,1165,43,0.0,
21089,1165,44,0.0,
21090,1165,45,0.0,
21091,1165,46,0.0,
21092,1165,47,0.0,
21093,1165,48,0.0,
21094,1165,49,0.0,
21095,1165,50,0.0,
21096,1165,51,0.0,
21098,1166,1,85.0,
21099,1166,2,0.0,
21107,1166,12,0.0,
21108,1166,13,0.0,
21111,1166,7,0.0,
21113,1166,17,0.0,
21114,1166,18,0.0,
21115,1166,19,0.0,
21116,1166,20,0.0,
21117,1166,21,0.0,
21118,1166,22,0.0,
21119,1166,23,0.0,
21120,1166,24,0.0,
21121,1166,25,0.0,
21122,1166,26,0.0,
21123,1166,27,0.0,
21124,1166,28,0.0,
21125,1166,29,0.0,
21126,1166,30,0.0,
21127,1166,31,0.0,
21128,1166,32,0.0,
21129,1166,33,0.0,
21130,1166,34,0.0,
21131,1166,35,0.0,
21132,1166,36,0.0,
21133,1166,37,0.0,
21134,1166,38,0.0,
21135,1166,39,0.0,
21136,1166,40,0.0,
21137,1166,41,0.0,
21138,1166,42,0.0,
21139,1166,43,0.0,
21140,1166,44,0.0,
21141,1166,45,0.0,
21142,1166,46,0.0,
21143,1166,47,0.0,
21144,1166,48,0.0,
21145,1166,49,0.0,
21146,1166,50,0.0,
21147,1166,51,0.0,
21149,1167,1,58.0,
21150,1167,2,0.0,
21158,1167,12,0.0,
21159,1167,13,0.0,
21162,1167,7,0.0,
21164,1167,17,0.0,
21165,1167,18,0.0,
21166,1167,19,0.0,
21167,1167,20,0.0,
21168,1167,21,0.0,
21169,1167,22,0.0,
21170,1167,23,0.0,
21171,1167,24,0.0,
21172,1167,25,0.0,
21173,1167,26,0.0,
21174,1167,27,0.0,
21175,1167,28,0.0,
21176,1167,29,0.0,
21177,1167,30,0.0,
21178,1167,31,0.0,
21179,1167,32,0.0,
21180,1167,33,0.0,
21181,1167,34,0.0,
21182,1167,35,0.0,
21183,1167,36,0.0,
21184,1167,37,0.0,
21185,1167,38,0.0,
21186,1167,39,0.0,
21187,1167,40,0.0,
21188,1167,41,0.0,
21189,1167,42,0.0,
21190,1167,43,0.0,
21191,1167,44,0.0,
21192,1167,45,0.0,
21193,1167,46,0.0,
21194,1167,47,0.0,
21195,1167,48,0.0,
21196,1167,49,0.0,
21197,1167,50,0.0,
21198,1167,51,0.0,
21200,1168,1,282.0,
21201,1168,2,0.0,
21209,1168,12,0.0,
21210,1168,13,0.0,
21213,1168,7,0.0,
21215,1168,17,0.0,
21216,1168,18,0.0,
21217,1168,19,0.0,
21218,1168,20,0.0,
21219,1168,21,0.0,
21220,1168,22,0.0,
21221,1168,23,0.0,
21222,1168,24,0.0,
21223,1168,25,0.0,
21224,1168,26,0.0,
21225,1168,27,0.0,
21226,1168,28,0.0,
21227,1168,29,0.0,
21228,1168,30,0.0,
21229,1168,31,0.0,
21230,1168,32,0.0,
21231,1168,33,0.0,
21232,1168,34,0.0,
21233,1168,35,0.0,
21234,1168,36,0.0,
21235,1168,37,0.0,
21236,1168,38,0.0,
21237,1168,39,0.0,
21238,1168,40,0.0,
21239,1168,41,0.0,
21240,1168,42,0.0,
21241,1168,43,0.0,
21242,1168,44,0.0,
21243,1168,45,0.0,
21244,1168,46,0.0,
21245,1168,47,0.0,
21246,1168,48,0.0,
21247,1168,49,0.0,
21248,1168,50,0.0,
21249,1168,51,0.0,
21251,1169,1,73.0,
21252,1169,2,0.0,
21260,1169,12,0.0,
21261,1169,13,0.0,
21264,1169,7,0.0,
21266,1169,17,0.0,
21267,1169,18,0.0,
21268,1169,19,0.0,
21269,1169,20,0.0,
21270,1169,21,0.0,
21271,1169,22,0.0,
21272,1169,23,0.0,
21273,1169,24,0.0,
21274,1169,25,0.0,
21275,1169,26,0.0,
21276,1169,27,0.0,
21277,1169,28,0.0,
21278,1169,29,0.0,
21279,1169,30,0.0,
21280,1169,31,0.0,
21281,1169,32,0.0,
21282,1169,33,0.0,
21283,1169,34,0.0,
21284,1169,35,0.0,
21285,1169,36,0.0,
21286,1169,37,0.0,
21287,1169,38,0.0,
21288,1169,39,0.0,
21289,1169,40,0.0,
21290,1169,41,0.0,
21291,1169,42,0.0,
21292,1169,43,0.0,
21293,1169,44,0.0,
21294,1169,45,0.0,
21295,1169,46,0.0,
21296,1169,47,0.0,
21297,1169,48,0.0,
21298,1169,49,0.0,
21299,1169,50,0.0,
21300,1169,51,0.0,
21302,1170,1,81.0,
21303,1170,2,0.0,
21306,1170,5,0.0,
21307,1170,6,0.0,
21311,1170,12,0.0,
21312,1170,13,0.0,
21315,1170,7,0.0,
21317,1170,17,0.0,
21318,1170,18,0.0,
21319,1170,19,0.0,
21320,1170,20,0.0,
21321,1170,21,0.0,
21322,1170,22,0.0,
21323,1170,23,0.0,
21324,1170,24,0.0,
21325,1170,25,0.0,
21326,1170,26,0.0,
21327,1170,27,0.0,
21328,1170,28,0.0,
21329,1170,29,0.0,
21330,1170,30,0.0,
21331,1170,31,0.0,
21332,1170,32,0.0,
21333,1170,33,0.0,
21334,1170,34,0.0,
21335,1170,35,0.0,
21336,1170,36,0.0,
21337,1170,37,0.0,
21338,1170,38,0.0,
21339,1170,39,0.0,
21340,1170,40,0.0,
21341,1170,41,0.0,
21342,1170,42,0.0,
21343,1170,43,0.0,
21344,1170,44,0.0,
21345,1170,45,0.0,
21346,1170,46,0.0,
21347,1170,47,0.0,
21348,1170,48,0.0,
21349,1170,49,0.0,
21350,1170,50,0.0,
21351,1170,51,0.0,
21353,1171,1,264.0,
21354,1171,2,0.0,
21362,1171,12,0.0,
21363,1171,13,0.0,
21366,1171,7,0.0,
21368,1171,17,0.0,
21369,1171,18,0.0,
21370,1171,19,0.0,
21371,1171,20,0.0,
21372,1171,21,0.0,
21373,1171,22,0.0,
21374,1171,23,0.0,
21375,1171,24,0.0,
21376,1171,25,0.0,
21377,1171,26,0.0,
21378,1171,27,0.0,
21379,1171,28,0.0,
21380,1171,29,0.0,
21381,1171,30,0.0,
21382,1171,31,0.0,
21383,1171,32,0.0,
21384,1171,33,0.0,
21385,1171,34,0.0,
21386,1171,35,0.0,
21387,1171,36,0.0,
21388,1171,37,0.0,
21389,1171,38,0.0,
21390,1171,39,0.0,
21391,1171,40,0.0,
21392,1171,41,0.0,
21393,1171,42,0.0,
21394,1171,43,0.0,
21395,1171,44,0.0,
21396,1171,45,0.0,
21397,1171,46,0.0,
21398,1171,47,0.0,
21399,1171,48,0.0,
21400,1171,49,0.0,
21401,1171,50,0.0,
21402,1171,51,0.0,
21404,1172,1,865.0,
21405,1172,2,0.0,
21409,1172,6,0.0,
21416,1172,15,0.0,
21417,1172,7,0.0,
21418,1172,16,0.0,
21419,1172,17,0.0,
21420,1172,18,0.0,
21421,1172,19,0.0,
21422,1172,20,0.0,
21423,1172,21,0.0,
21424,1172,22,0.0,
21425,1172,23,0.0,
21426,1172,24,0.0,
21427,1172,25,0.0,
21428,1172,26,0.0,
21429,1172,27,0.0,
21430,1172,28,0.0,
21431,1172,29,0.0,
21432,1172,30,0.0,
21433,1172,31,0.0,
21434,1172,32,0.0,
21435,1172,33,0.0,
21436,1172,34,0.0,
21437,1172,35,0.0,
21438,1172,36,0.0,
21439,1172,37,0.0,
21440,1172,38,0.0,
21441,1172,39,0.0,
21442,1172,40,0.0,
21443,1172,41,0.0,
21444,1172,42,0.0,
21445,1172,43,0.0,
21446,1172,44,0.0,
21447,1172,45,0.0,
21448,1172,46,0.0,
21449,1172,47,0.0,
21450,1172,48,0.0,
21451,1172,49,0.0,
21452,1172,50,0.0,
21453,1172,51,0.0,
21455,1173,1,107.0,
21456,1173,2,0.0,
21464,1173,12,0.0,
21465,1173,13,0.0,
21468,1173,7,0.0,
21470,1173,17,0.0,
21471,1173,18,0.0,
21472,1173,19,0.0,
21473,1173,20,0.0,
21474,1173,21,0.0,
21475,1173,22,0.0,
21476,1173,23,0.0,
21477,1173,24,0.0,
21478,1173,25,0.0,
21479,1173,26,0.0,
21480,1173,27,0.0,
21481,1173,28,0.0,
21482,1173,29,0.0,
21483,1173,30,0.0,
21484,1173,31,0.0,
21485,1173,32,0.0,
21486,1173,33,0.0,
21487,1173,34,0.0,
21488,1173,35,0.0,
21489,1173,36,0.0,
21490,1173,37,0.0,
21491,1173,38,0.0,
21492,1173,39,0.0,
21493,1173,40,0.0,
21494,1173,41,0.0,
21495,1173,42,0.0,
21496,1173,43,0.0,
21497,1173,44,0.0,
21498,1173,45,0.0,
21499,1173,46,0.0,
21500,1173,47,0.0,
21501,1173,48,0.0,
21502,1173,49,0.0,
21503,1173,50,0.0,
21504,1173,51,0.0,
21506,1174,1,18.0,
21507,1174,2,0.0,
21515,1174,12,0.0,
21516,1174,13,0.0,
21519,1174,7,0.0,
21521,1174,17,0.0,
21522,1174,18,0.0,
21523,1174,19,0.0,
21524,1174,20,0.0,
21525,1174,21,0.0,
21526,1174,22,0.0,
21527,1174,23,0.0,
21528,1174,24,0.0,
21529,1174,25,0.0,
21530,1174,26,0.0,
21531,1174,27,0.0,
21532,1174,28,0.0,
21533,1174,29,0.0,
21534,1174,30,0.0,
21535,1174,31,0.0,
21536,1174,32,0.0,
21537,1174,33,0.0,
21538,1174,34,0.0,
21539,1174,35,0.0,
21540,1174,36,0.0,
21541,1174,37,0.0,
21542,1174,38,0.0,
21543,1174,39,0.0,
21544,1174,40,0.0,
21545,1174,41,0.0,
21546,1174,42,0.0,
21547,1174,43,0.0,
21548,1174,44,0.0,
21549,1174,45,0.0,
21550,1174,46,0.0,
21551,1174,47,0.0,
21552,1174,48,0.0,
21553,1174,49,0.0,
21554,1174,50,0.0,
21555,1174,51,0.0,
21557,1175,1,167.0,
21558,1175,2,0.0,
21566,1175,12,0.0,
21567,1175,13,0.0,
21570,1175,7,0.0,
21572,1175,17,0.0,
21573,1175,18,0.0,
21574,1175,19,0.0,
21575,1175,20,0.0,
21576,1175,21,0.0,
21577,1175,22,0.0,
21578,1175,23,0.0,
21579,1175,24,0.0,
21580,1175,25,0.0,
21581,1175,26,0.0,
21582,1175,27,0.0,
21583,1175,28,0.0,
21584,1175,29,0.0,
21585,1175,30,0.0,
21586,1175,31,0.0,
21587,1175,32,0.0,
21588,1175,33,0.0,
21589,1175,34,0.0,
21590,1175,35,0.0,
21591,1175,36,0.0,
21592,1175,37,0.0,
21593,1175,38,0.0,
21594,1175,39,0.0,
21595,1175,40,0.0,
21596,1175,41,0.0,
21597,1175,42,0.0,
21598,1175,43,0.0,
21599,1175,44,0.0,
21600,1175,45,0.0,
21601,1175,46,0.0,
21602,1175,47,0.0,
21603,1175,48,0.0,
21604,1175,49,0.0,
21605,1175,50,0.0,
21606,1175,51,0.0,
21608,1176,1,52.0,
21609,1176,2,0.0,
21617,1176,12,0.0,
21618,1176,13,0.0,
21621,1176,7,0.0,
21623,1176,17,0.0,
21624,1176,18,0.0,
21625,1176,19,0.0,
21626,1176,20,0.0,
21627,1176,21,0.0,
21628,1176,22,0.0,
21629,1176,23,0.0,
21630,1176,24,0.0,
21631,1176,25,0.0,
21632,1176,26,0.0,
21633,1176,27,0.0,
21634,1176,28,0.0,
21635,1176,29,0.0,
21636,1176,30,0.0,
21637,1176,31,0.0,
21638,1176,32,0.0,
21639,1176,33,0.0,
21640,1176,34,0.0,
21641,1176,35,0.0,
21642,1176,36,0.0,
21643,1176,37,0.0,
21644,1176,38,0.0,
21645,1176,39,0.0,
21646,1176,40,0.0,
21647,1176,41,0.0,
21648,1176,42,0.0,
21649,1176,43,0.0,
21650,1176,44,0.0,
21651,1176,45,0.0,
21652,1176,46,0.0,
21653,1176,47,0.0,
21654,1176,48,0.0,
21655,1176,49,0.0,
21656,1176,50,0.0,
21657,1176,51,0.0,
21659,1177,1,26.0,
21660,1177,2,0.0,
21663,1177,5,0.0,
21664,1177,6,0.0,
21668,1177,12,0.0,
21669,1177,13,0.0,
21672,1177,7,0.0,
21674,1177,17,0.0,
21675,1177,18,0.0,
21676,1177,19,0.0,
21677,1177,20,0.0,
21678,1177,21,0.0,
21679,1177,22,0.0,
21680,1177,23,0.0,
21681,1177,24,0.0,
21682,1177,25,0.0,
21683,1177,26,0.0,
21684,1177,27,0.0,
21685,1177,28,0.0,
21686,1177,29,0.0,
21687,1177,30,0.0,
21688,1177,31,0.0,
21689,1177,32,0.0,
21690,1177,33,0.0,
21691,1177,34,0.0,
21692,1177,35,0.0,
21693,1177,36,0.0,
21694,1177,37,0.0,
21695,1177,38,0.0,
21696,1177,39,0.0,
21697,1177,40,0.0,
21698,1177,41,0.0,
21699,1177,42,0.0,
21700,1177,43,0.0,
21701,1177,44,0.0,
21702,1177,45,0.0,
21703,1177,46,0.0,
21704,1177,47,0.0,
21705,1177,48,0.0,
21706,1177,49,0.0,
21707,1177,50,0.0,
21708,1177,51,0.0,
21710,1178,1,188.0,
21711,1178,2,0.0,
21719,1178,12,0.0,
21720,1178,13,0.0,
21723,1178,7,0.0,
21725,1178,17,0.0,
21726,1178,18,0.0,
21727,1178,19,0.0,
21728,1178,20,0.0,
21729,1178,21,0.0,
21730,1178,22,0.0,
21731,1178,23,0.0,
21732,1178,24,0.0,
21733,1178,25,0.0,
21734,1178,26,0.0,
21735,1178,27,0.0,
21736,1178,28,0.0,
21737,1178,29,0.0,
21738,1178,30,0.0,
21739,1178,31,0.0,
21740,1178,32,0.0,
21741,1178,33,0.0,
21742,1178,34,0.0,
21743,1178,35,0.0,
21744,1178,36,0.0,
21745,1178,37,0.0,
21746,1178,38,0.0,
21747,1178,39,0.0,
21748,1178,40,0.0,
21749,1178,41,0.0,
21750,1178,42,0.0,
21751,1178,43,0.0,
21752,1178,44,0.0,
21753,1178,45,0.0,
21754,1178,46,0.0,
21755,1178,47,0.0,
21756,1178,48,0.0,
21757,1178,49,0.0,
21758,1178,50,0.0,
21759,1178,51,0.0,
21761,1179,1,507.0,
21762,1179,2,0.0,
21766,1179,6,0.0,
21773,1179,15,0.0,
21774,1179,7,0.0,
21775,1179,16,0.0,
21776,1179,17,0.0,
21777,1179,18,0.0,
21778,1179,19,0.0,
21779,1179,20,0.0,
21780,1179,21,0.0,
21781,1179,22,0.0,
21782,1179,23,0.0,
21783,1179,24,0.0,
21784,1179,25,0.0,
21785,1179,26,0.0,
21786,1179,27,0.0,
21787,1179,28,0.0,
21788,1179,29,0.0,
21789,1179,30,0.0,
21790,1179,31,0.0,
21791,1179,32,0.0,
21792,1179,33,0.0,
21793,1179,34,0.0,
21794,1179,35,0.0,
21795,1179,36,0.0,
21796,1179,37,0.0,
21797,1179,38,0.0,
21798,1179,39,0.0,
21799,1179,40,0.0,
21800,1179,41,0.0,
21801,1179,42,0.0,
21802,1179,43,0.0,
21803,1179,44,0.0,
21804,1179,45,0.0,
21805,1179,46,0.0,
21806,1179,47,0.0,
21807,1179,48,0.0,
21808,1179,49,0.0,
21809,1179,50,0.0,
21810,1179,51,0.0,
21812,1180,1,56.0,
21813,1180,2,0.0,
21821,1180,12,0.0,
21822,1180,13,0.0,
21825,1180,7,0.0,
21827,1180,17,0.0,
21828,1180,18,0.0,
21829,1180,19,0.0,
21830,1180,20,0.0,
21831,1180,21,0.0,
21832,1180,22,0.0,
21833,1180,23,0.0,
21834,1180,24,0.0,
21835,1180,25,0.0,
21836,1180,26,0.0,
21837,1180,27,0.0,
21838,1180,28,0.0,
21839,1180,29,0.0,
21840,1180,30,0.0,
21841,1180,31,0.0,
21842,1180,32,0.0,
21843,1180,33,0.0,
21844,1180,34,0.0,
21845,1180,35,0.0,
21846,1180,36,0.0,
21847,1180,37,0.0,
21848,1180,38,0.0,
21849,1180,39,0.0,
21850,1180,40,0.0,
21851,1180,41,0.0,
21852,1180,42,0.0,
21853,1180,43,0.0,
21854,1180,44,0.0,
21855,1180,45,0.0,
21856,1180,46,0.0,
21857,1180,47,0.0,
21858,1180,48,0.0,
21859,1180,49,0.0,
21860,1180,50,0.0,
21861,1180,51,0.0,
21863,1181,1,19.0,
21864,1181,2,0.0,
21872,1181,12,0.0,
21873,1181,13,0.0,
21876,1181,7,0.0,
21878,1181,17,0.0,
21879,1181,18,0.0,
21880,1181,19,0.0,
21881,1181,20,0.0,
21882,1181,21,0.0,
21883,1181,22,0.0,
21884,1181,23,0.0,
21885,1181,24,0.0,
21886,1181,25,0.0,
21887,1181,26,0.0,
21888,1181,27,0.0,
21889,1181,28,0.0,
21890,1181,29,0.0,
21891,1181,30,0.0,
21892,1181,31,0.0,
21893,1181,32,0.0,
21894,1181,33,0.0,
21895,1181,34,0.0,
21896,1181,35,0.0,
21897,1181,36,0.0,
21898,1181,37,0.0,
21899,1181,38,0.0,
21900,1181,39,0.0,
21901,1181,40,0.0,
21902,1181,41,0.0,
21903,1181,42,0.0,
21904,1181,43,0.0,
21905,1181,44,0.0,
21906,1181,45,0.0,
21907,1181,46,0.0,
21908,1181,47,0.0,
21909,1181,48,0.0,
21910,1181,49,0.0,
21911,1181,50,0.0,
21912,1181,51,0.0,
21914,1182,1,136.0,
21915,1182,2,0.0,
21923,1182,12,0.0,
21924,1182,13,0.0,
21927,1182,7,0.0,
21929,1182,17,0.0,
21930,1182,18,0.0,
21931,1182,19,0.0,
21932,1182,20,0.0,
21933,1182,21,0.0,
21934,1182,22,0.0,
21935,1182,23,0.0,
21936,1182,24,0.0,
21937,1182,25,0.0,
21938,1182,26,0.0,
21939,1182,27,0.0,
21940,1182,28,0.0,
21941,1182,29,0.0,
21942,1182,30,0.0,
21943,1182,31,0.0,
21944,1182,32,0.0,
21945,1182,33,0.0,
21946,1182,34,0.0,
21947,1182,35,0.0,
21948,1182,36,0.0,
21949,1182,37,0.0,
21950,1182,38,0.0,
21951,1182,39,0.0,
21952,1182,40,0.0,
21953,1182,41,0.0,
21954,1182,42,0.0,
21955,1182,43,0.0,
21956,1182,44,0.0,
21957,1182,45,0.0,
21958,1182,46,0.0,
21959,1182,47,0.0,
21960,1182,48,0.0,
21961,1182,49,0.0,
21962,1182,50,0.0,
21963,1182,51,0.0,
21965,1183,1,61.0,
21966,1183,2,0.0,
21974,1183,12,0.0,
21975,1183,13,0.0,
21978,1183,7,0.0,
21980,1183,17,0.0,
21981,1183,18,0.0,
21982,1183,19,0.0,
21983,1183,20,0.0,
21984,1183,21,0.0,
21985,1183,22,0.0,
21986,1183,23,0.0,
21987,1183,24,0.0,
21988,1183,25,0.0,
21989,1183,26,0.0,
21990,1183,27,0.0,
21991,1183,28,0.0,
21992,1183,29,0.0,
21993,1183,30,0.0,
21994,1183,31,0.0,
21995,1183,32,0.0,
21996,1183,33,0.0,
21997,1183,34,0.0,
21998,1183,35,0.0,
21999,1183,36,0.0,
22000,1183,37,0.0,
22001,1183,38,0.0,
22002,1183,39,0.0,
22003,1183,40,0.0,
22004,1183,41,0.0,
22005,1183,42,0.0,
22006,1183,43,0.0,
22007,1183,44,0.0,
22008,1183,45,0.0,
22009,1183,46,0.0,
22010,1183,47,0.0,
22011,1183,48,0.0,
22012,1183,49,0.0,
22013,1183,50,0.0,
22014,1183,51,0.0,
22016,1184,1,28.0,
22017,1184,2,0.0,
22020,1184,5,0.0,
22021,1184,6,0.0,
22025,1184,12,0.0,
22026,1184,13,0.0,
22029,1184,7,0.0,
22031,1184,17,0.0,
22032,1184,18,0.0,
22033,1184,19,0.0,
22034,1184,20,0.0,
22035,1184,21,0.0,
22036,1184,22,0.0,
22037,1184,23,0.0,
22038,1184,24,0.0,
22039,1184,25,0.0,
22040,1184,26,0.0,
22041,1184,27,0.0,
22042,1184,28,0.0,
22043,1184,29,0.0,
22044,1184,30,0.0,
22045,1184,31,0.0,
22046,1184,32,0.0,
22047,1184,33,0.0,
22048,1184,34,0.0,
22049,1184,35,0.0,
22050,1184,36,0.0,
22051,1184,37,0.0,
22052,1184,38,0.0,
22053,1184,39,0.0,
22054,1184,40,0.0,
22055,1184,41,0.0,
22056,1184,42,0.0,
22057,1184,43,0.0,
22058,1184,44,0.0,
22059,1184,45,0.0,
22060,1184,46,0.0,
22061,1184,47,0.0,
22062,1184,48,0.0,
22063,1184,49,0.0,
22064,1184,50,0.0,
22065,1184,51,0.0,
22067,1185,1,124.0,
22068,1185,2,0.0,
22076,1185,12,0.0,
22077,1185,13,0.0,
22080,1185,7,0.0,
22082,1185,17,0.0,
22083,1185,18,0.0,
22084,1185,19,0.0,
22085,1185,20,0.0,
22086,1185,21,0.0,
22087,1185,22,0.0,
22088,1185,23,0.0,
22089,1185,24,0.0,
22090,1185,25,0.0,
22091,1185,26,0.0,
22092,1185,27,0.0,
22093,1185,28,0.0,
22094,1185,29,0.0,
22095,1185,30,0.0,
22096,1185,31,0.0,
22097,1185,32,0.0,
22098,1185,33,0.0,
22099,1185,34,0.0,
22100,1185,35,0.0,
22101,1185,36,0.0,
22102,1185,37,0.0,
22103,1185,38,0.0,
22104,1185,39,0.0,
22105,1185,40,0.0,
22106,1185,41,0.0,
22107,1185,42,0.0,
22108,1185,43,0.0,
22109,1185,44,0.0,
22110,1185,45,0.0,
22111,1185,46,0.0,
22112,1185,47,0.0,
22113,1185,48,0.0,
22114,1185,49,0.0,
22115,1185,50,0.0,
22116,1185,51,0.0,
22118,1186,1,409.0,
22119,1186,2,0.0,
22123,1186,6,0.0,
22130,1186,15,0.0,
22131,1186,7,0.0,
22132,1186,16,0.0,
22133,1186,17,0.0,
22134,1186,18,0.0,
22135,1186,19,0.0,
22136,1186,20,0.0,
22137,1186,21,0.0,
22138,1186,22,0.0,
22139,1186,23,0.0,
22140,1186,24,0.0,
22141,1186,25,0.0,
22142,1186,26,0.0,
22143,1186,27,0.0,
22144,1186,28,0.0,
22145,1186,29,0.0,
22146,1186,30,0.0,
22147,1186,31,0.0,
22148,1186,32,0.0,
22149,1186,33,0.0,
22150,1186,34,0.0,
22151,1186,35,0.0,
22152,1186,36,0.0,
22153,1186,37,0.0,
22154,1186,38,0.0,
22155,1186,39,0.0,
22156,1186,40,0.0,
22157,1186,41,0.0,
22158,1186,42,0.0,
22159,1186,43,0.0,
22160,1186,44,0.0,
22161,1186,45,0.0,
22162,1186,46,0.0,
22163,1186,47,0.0,
22164,1186,48,0.0,
22165,1186,49,0.0,
22166,1186,50,0.0,
22167,1186,51,0.0,
22169,1187,1,41.0,
22170,1187,2,0.0,
22178,1187,12,0.0,
22179,1187,13,0.0,
22182,1187,7,0.0,
22184,1187,17,0.0,
22185,1187,18,0.0,
22186,1187,19,0.0,
22187,1187,20,0.0,
22188,1187,21,0.0,
22189,1187,22,0.0,
22190,1187,23,0.0,
22191,1187,24,0.0,
22192,1187,25,0.0,
22193,1187,26,0.0,
22194,1187,27,0.0,
22195,1187,28,0.0,
22196,1187,29,0.0,
22197,1187,30,0.0,
22198,1187,31,0.0,
22199,1187,32,0.0,
22200,1187,33,0.0,
22201,1187,34,0.0,
22202,1187,35,0.0,
22203,1187,36,0.0,
22204,1187,37,0.0,
22205,1187,38,0.0,
22206,1187,39,0.0,
22207,1187,40,0.0,
22208,1187,41,0.0,
22209,1187,42,0.0,
22210,1187,43,0.0,
22211,1187,44,0.0,
22212,1187,45,0.0,
22213,1187,46,0.0,
22214,1187,47,0.0,
22215,1187,48,0.0,
22216,1187,49,0.0,
22217,1187,50,0.0,
22218,1187,51,0.0,
22220,1188,1,42.0,
22221,1188,2,0.0,
22229,1188,12,0.0,
22230,1188,13,0.0,
22233,1188,7,0.0,
22235,1188,17,0.0,
22236,1188,18,0.0,
22237,1188,19,0.0,
22238,1188,20,0.0,
22239,1188,21,0.0,
22240,1188,22,0.0,
22241,1188,23,0.0,
22242,1188,24,0.0,
22243,1188,25,0.0,
22244,1188,26,0.0,
22245,1188,27,0.0,
22246,1188,28,0.0,
22247,1188,29,0.0,
22248,1188,30,0.0,
22249,1188,31,0.0,
22250,1188,32,0.0,
22251,1188,33,0.0,
22252,1188,34,0.0,
22253,1188,35,0.0,
22254,1188,36,0.0,
22255,1188,37,0.0,
22256,1188,38,0.0,
22257,1188,39,0.0,
22258,1188,40,0.0,
22259,1188,41,0.0,
22260,1188,42,0.0,
22261,1188,43,0.0,
22262,1188,44,0.0,
22263,1188,45,0.0,
22264,1188,46,0.0,
22265,1188,47,0.0,
22266,1188,48,0.0,
22267,1188,49,0.0,
22268,1188,50,0.0,
22269,1188,51,0.0,
22271,1189,1,229.0,
22272,1189,2,0.0,
22280,1189,12,0.0,
22281,1189,13,0.0,
22284,1189,7,0.0,
22286,1189,17,0.0,
22287,1189,18,0.0,
22288,1189,19,0.0,
22289,1189,20,0.0,
22290,1189,21,0.0,
22291,1189,22,0.0,
22292,1189,23,0.0,
22293,1189,24,0.0,
22294,1189,25,0.0,
22295,1189,26,0.0,
22296,1189,27,0.0,
22297,1189,28,0.0,
22298,1189,29,0.0,
22299,1189,30,0.0,
22300,1189,31,0.0,
22301,1189,32,0.0,
22302,1189,33,0.0,
22303,1189,34,0.0,
22304,1189,35,0.0,
22305,1189,36,0.0,
22306,1189,37,0.0,
22307,1189,38,0.0,
22308,1189,39,0.0,
22309,1189,40,0.0,
22310,1189,41,0.0,
22311,1189,42,0.0,
22312,1189,43,0.0,
22313,1189,44,0.0,
22314,1189,45,0.0,
22315,1189,46,0.0,
22316,1189,47,0.0,
22317,1189,48,0.0,
22318,1189,49,0.0,
22319,1189,50,0.0,
22320,1189,51,0.0,
22322,1190,1,66.0,
22323,1190,2,0.0,
22331,1190,12,0.0,
22332,1190,13,0.0,
22335,1190,7,0.0,
22337,1190,17,0.0,
22338,1190,18,0.0,
22339,1190,19,0.0,
22340,1190,20,0.0,
22341,1190,21,0.0,
22342,1190,22,0.0,
22343,1190,23,0.0,
22344,1190,24,0.0,
22345,1190,25,0.0,
22346,1190,26,0.0,
22347,1190,27,0.0,
22348,1190,28,0.0,
22349,1190,29,0.0,
22350,1190,30,0.0,
22351,1190,31,0.0,
22352,1190,32,0.0,
22353,1190,33,0.0,
22354,1190,34,0.0,
22355,1190,35,0.0,
22356,1190,36,0.0,
22357,1190,37,0.0,
22358,1190,38,0.0,
22359,1190,39,0.0,
22360,1190,40,0.0,
22361,1190,41,0.0,
22362,1190,42,0.0,
22363,1190,43,0.0,
22364,1190,44,0.0,
22365,1190,45,0.0,
22366,1190,46,0.0,
22367,1190,47,0.0,
22368,1190,48,0.0,
22369,1190,49,0.0,
22370,1190,50,0.0,
22371,1190,51,0.0,
22373,1191,1,62.0,
22374,1191,2,0.0,
22377,1191,5,0.0,
22378,1191,6,0.0,
22382,1191,12,0.0,
22383,1191,13,0.0,
22386,1191,7,0.0,
22388,1191,17,0.0,
22389,1191,18,0.0,
22390,1191,19,0.0,
22391,1191,20,0.0,
22392,1191,21,0.0,
22393,1191,22,0.0,
22394,1191,23,0.0,
22395,1191,24,0.0,
22396,1191,25,0.0,
22397,1191,26,0.0,
22398,1191,27,0.0,
22399,1191,28,0.0,
22400,1191,29,0.0,
22401,1191,30,0.0,
22402,1191,31,0.0,
22403,1191,32,0.0,
22404,1191,33,0.0,
22405,1191,34,0.0,
22406,1191,35,0.0,
22407,1191,36,0.0,
22408,1191,37,0.0,
22409,1191,38,0.0,
22410,1191,39,0.0,
22411,1191,40,0.0,
22412,1191,41,0.0,
22413,1191,42,0.0,
22414,1191,43,0.0,
22415,1191,44,0.0,
22416,1191,45,0.0,
22417,1191,46,0.0,
22418,1191,47,0.0,
22419,1191,48,0.0,
22420,1191,49,0.0,
22421,1191,50,0.0,
22422,1191,51,0.0,
22424,1192,1,225.0,
22425,1192,2,0.0,
22433,1192,12,0.0,
22434,1192,13,0.0,
22437,1192,7,0.0,
22439,1192,17,0.0,
22440,1192,18,0.0,
22441,1192,19,0.0,
22442,1192,20,0.0,
22443,1192,21,0.0,
22444,1192,22,0.0,
22445,1192,23,0.0,
22446,1192,24,0.0,
22447,1192,25,0.0,
22448,1192,26,0.0,
22449,1192,27,0.0,
22450,1192,28,0.0,
22451,1192,29,0.0,
22452,1192,30,0.0,
22453,1192,31,0.0,
22454,1192,32,0.0,
22455,1192,33,0.0,
22456,1192,34,0.0,
22457,1192,35,0.0,
22458,1192,36,0.0,
22459,1192,37,0.0,
22460,1192,38,0.0,
22461,1192,39,0.0,
22462,1192,40,0.0,
22463,1192,41,0.0,
22464,1192,42,0.0,
22465,1192,43,0.0,
22466,1192,44,0.0,
22467,1192,45,0.0,
22468,1192,46,0.0,
22469,1192,47,0.0,
22470,1192,48,0.0,
22471,1192,49,0.0,
22472,1192,50,0.0,
22473,1192,51,0.0,
22475,1193,1,697.0,
22476,1193,2,0.0,
22480,1193,6,0.0,
22487,1193,15,0.0,
22488,1193,7,0.0,
22489,1193,16,0.0,
22490,1193,17,0.0,
22491,1193,18,0.0,
22492,1193,19,0.0,
22493,1193,20,0.0,
22494,1193,21,0.0,
22495,1193,22,0.0,
22496,1193,23,0.0,
22497,1193,24,0.0,
22498,1193,25,0.0,
22499,1193,26,0.0,
22500,1193,27,0.0,
22501,1193,28,0.0,
22502,1193,29,0.0,
22503,1193,30,0.0,
22504,1193,31,0.0,
22505,1193,32,0.0,
22506,1193,33,0.0,
22507,1193,34,0.0,
22508,1193,35,0.0,
22509,1193,36,0.0,
22510,1193,37,0.0,
22511,1193,38,0.0,
22512,1193,39,0.0,
22513,1193,40,0.0,
22514,1193,41,0.0,
22515,1193,42,0.0,
22516,1193,43,0.0,
22517,1193,44,0.0,
22518,1193,45,0.0,
22519,1193,46,0.0,
22520,1193,47,0.0,
22521,1193,48,0.0,
22522,1193,49,0.0,
22523,1193,50,0.0,
22524,1193,51,0.0,
22526,1194,1,73.0,
22527,1194,2,0.0,
22535,1194,12,0.0,
22536,1194,13,0.0,
22539,1194,7,0.0,
22541,1194,17,0.0,
22542,1194,18,0.0,
22543,1194,19,0.0,
22544,1194,20,0.0,
22545,1194,21,0.0,
22546,1194,22,0.0,
22547,1194,23,0.0,
22548,1194,24,0.0,
22549,1194,25,0.0,
22550,1194,26,0.0,
22551,1194,27,0.0,
22552,1194,28,0.0,
22553,1194,29,0.0,
22554,1194,30,0.0,
22555,1194,31,0.0,
22556,1194,32,0.0,
22557,1194,33,0.0,
22558,1194,34,0.0,
22559,1194,35,0.0,
22560,1194,36,0.0,
22561,1194,37,0.0,
22562,1194,38,0.0,
22563,1194,39,0.0,
22564,1194,40,0.0,
22565,1194,41,0.0,
22566,1194,42,0.0,
22567,1194,43,0.0,
22568,1194,44,0.0,
22569,1194,45,0.0,
22570,1194,46,0.0,
22571,1194,47,0.0,
22572,1194,48,0.0,
22573,1194,49,0.0,
22574,1194,50,0.0,
22575,1194,51,0.0,
22577,1195,1,34.0,
22578,1195,2,0.0,
22586,1195,12,0.0,
22587,1195,13,0.0,
22590,1195,7,0.0,
22592,1195,17,0.0,
22593,1195,18,0.0,
22594,1195,19,0.0,
22595,1195,20,0.0,
22596,1195,21,0.0,
22597,1195,22,0.0,
22598,1195,23,0.0,
22599,1195,24,0.0,
22600,1195,25,0.0,
22601,1195,26,0.0,
22602,1195,27,0.0,
22603,1195,28,0.0,
22604,1195,29,0.0,
22605,1195,30,0.0,
22606,1195,31,0.0,
22607,1195,32,0.0,
22608,1195,33,0.0,
22609,1195,34,0.0,
22610,1195,35,0.0,
22611,1195,36,0.0,
22612,1195,37,0.0,
22613,1195,38,0.0,
22614,1195,39,0.0,
22615,1195,40,0.0,
22616,1195,41,0.0,
22617,1195,42,0.0,
22618,1195,43,0.0,
22619,1195,44,0.0,
22620,1195,45,0.0,
22621,1195,46,0.0,
22622,1195,47,0.0,
22623,1195,48,0.0,
22624,1195,49,0.0,
22625,1195,50,0.0,
22626,1195,51,0.0,
22628,1196,1,197.0,
22629,1196,2,0.0,
22637,1196,12,0.0,
22638,1196,13,0.0,
22641,1196,7,0.0,
22643,1196,17,0.0,
22644,1196,18,0.0,
22645,1196,19,0.0,
22646,1196,20,0.0,
22647,1196,21,0.0,
22648,1196,22,0.0,
22649,1196,23,0.0,
22650,1196,24,0.0,
22651,1196,25,0.0,
22652,1196,26,0.0,
22653,1196,27,0.0,
22654,1196,28,0.0,
22655,1196,29,0.0,
22656,1196,30,0.0,
22657,1196,31,0.0,
22658,1196,32,0.0,
22659,1196,33,0.0,
22660,1196,34,0.0,
22661,1196,35,0.0,
22662,1196,36,0.0,
22663,1196,37,0.0,
22664,1196,38,0.0,
22665,1196,39,0.0,
22666,1196,40,0.0,
22667,1196,41,0.0,
22668,1196,42,0.0,
22669,1196,43,0.0,
22670,1196,44,0.0,
22671,1196,45,0.0,
22672,1196,46,0.0,
22673,1196,47,0.0,
22674,1196,48,0.0,
22675,1196,49,0.0,
22676,1196,50,0.0,
22677,1196,51,0.0,
22679,1197,1,57.0,
22680,1197,2,0.0,
22688,1197,12,0.0,
22689,1197,13,0.0,
22692,1197,7,0.0,
22694,1197,17,0.0,
22695,1197,18,0.0,
22696,1197,19,0.0,
22697,1197,20,0.0,
22698,1197,21,0.0,
22699,1197,22,0.0,
22700,1197,23,0.0,
22701,1197,24,0.0,
22702,1197,25,0.0,
22703,1197,26,0.0,
22704,1197,27,0.0,
22705,1197,28,0.0,
22706,1197,29,0.0,
22707,1197,30,0.0,
22708,1197,31,0.0,
22709,1197,32,0.0,
22710,1197,33,0.0,
22711,1197,34,0.0,
22712,1197,35,0.0,
22713,1197,36,0.0,
22714,1197,37,0.0,
22715,1197,38,0.0,
22716,1197,39,0.0,
22717,1197,40,0.0,
22718,1197,41,0.0,
22719,1197,42,0.0,
22720,1197,43,0.0,
22721,1197,44,0.0,
22722,1197,45,0.0,
22723,1197,46,0.0,
22724,1197,47,0.0,
22725,1197,48,0.0,
22726,1197,49,0.0,
22727,1197,50,0.0,
22728,1197,51,0.0,
22730,1198,1,35.0,
22731,1198,2,0.0,
22734,1198,5,0.0,
22735,1198,6,0.0,
22739,1198,12,0.0,
22740,1198,13,0.0,
22743,1198,7,0.0,
22745,1198,17,0.0,
22746,1198,18,0.0,
22747,1198,19,0.0,
22748,1198,20,0.0,
22749,1198,21,0.0,
22750,1198,22,0.0,
22751,1198,23,0.0,
22752,1198,24,0.0,
22753,1198,25,0.0,
22754,1198,26,0.0,
22755,1198,27,0.0,
22756,1198,28,0.0,
22757,1198,29,0.0,
22758,1198,30,0.0,
22759,1198,31,0.0,
22760,1198,32,0.0,
22761,1198,33,0.0,
22762,1198,34,0.0,
22763,1198,35,0.0,
22764,1198,36,0.0,
22765,1198,37,0.0,
22766,1198,38,0.0,
22767,1198,39,0.0,
22768,1198,40,0.0,
22769,1198,41,0.0,
22770,1198,42,0.0,
22771,1198,43,0.0,
22772,1198,44,0.0,
22773,1198,45,0.0,
22774,1198,46,0.0,
22775,1198,47,0.0,
22776,1198,48,0.0,
22777,1198,49,0.0,
22778,1198,50,0.0,
22779,1198,51,0.0,
22781,1199,1,242.0,
22782,1199,2,0.0,
22790,1199,12,0.0,
22791,1199,13,0.0,
22794,1199,7,0.0,
22796,1199,17,0.0,
22797,1199,18,0.0,
22798,1199,19,0.0,
22799,1199,20,0.0,
22800,1199,21,0.0,
22801,1199,22,0.0,
22802,1199,23,0.0,
22803,1199,24,0.0,
22804,1199,25,0.0,
22805,1199,26,0.0,
22806,1199,27,0.0,
22807,1199,28,0.0,
22808,1199,29,0.0,
22809,1199,30,0.0,
22810,1199,31,0.0,
22811,1199,32,0.0,
22812,1199,33,0.0,
22813,1199,34,0.0,
22814,1199,35,0.0,
22815,1199,36,0.0,
22816,1199,37,0.0,
22817,1199,38,0.0,
22818,1199,39,0.0,
22819,1199,40,0.0,
22820,1199,41,0.0,
22821,1199,42,0.0,
22822,1199,43,0.0,
22823,1199,44,0.0,
22824,1199,45,0.0,
22825,1199,46,0.0,
22826,1199,47,0.0,
22827,1199,48,0.0,
22828,1199,49,0.0,
22829,1199,50,0.0,
22830,1199,51,0.0,
22832,1200,1,637.0,
22833,1200,2,0.0,
22837,1200,6,0.0,
22844,1200,15,0.0,
22845,1200,7,0.0,
22846,1200,16,0.0,
22847,1200,17,0.0,
22848,1200,18,0.0,
22849,1200,19,0.0,
22850,1200,20,0.0,
22851,1200,21,0.0,
22852,1200,22,0.0,
22853,1200,23,0.0,
22854,1200,24,0.0,
22855,1200,25,0.0,
22856,1200,26,0.0,
22857,1200,27,0.0,
22858,1200,28,0.0,
22859,1200,29,0.0,
22860,1200,30,0.0,
22861,1200,31,0.0,
22862,1200,32,0.0,
22863,1200,33,0.0,
22864,1200,34,0.0,
22865,1200,35,0.0,
22866,1200,36,0.0,
22867,1200,37,0.0,
22868,1200,38,0.0,
22869,1200,39,0.0,
22870,1200,40,0.0,
22871,1200,41,0.0,
22872,1200,42,0.0,
22873,1200,43,0.0,
22874,1200,44,0.0,
22875,1200,45,0.0,
22876,1200,46,0.0,
22877,1200,47,0.0,
22878,1200,48,0.0,
22879,1200,49,0.0,
22880,1200,50,0.0,
22881,1200,51,0.0,
22883,1201,1,72.0,
22884,1201,2,0.0,
22892,1201,12,0.0,
22893,1201,13,0.0,
22896,1201,7,0.0,
22898,1201,17,0.0,
22899,1201,18,0.0,
22900,1201,19,0.0,
22901,1201,20,0.0,
22902,1201,21,0.0,
22903,1201,22,0.0,
22904,1201,23,0.0,
22905,1201,24,0.0,
22906,1201,25,0.0,
22907,1201,26,0.0,
22908,1201,27,0.0,
22909,1201,28,0.0,
22910,1201,29,0.0,
22911,1201,30,0.0,
22912,1201,31,0.0,
22913,1201,32,0.0,
22914,1201,33,0.0,
22915,1201,34,0.0,
22916,1201,35,0.0,
22917,1201,36,0.0,
22918,1201,37,0.0,
22919,1201,38,0.0,
22920,1201,39,0.0,
22921,1201,40,0.0,
22922,1201,41,0.0,
22923,1201,42,0.0,
22924,1201,43,0.0,
22925,1201,44,0.0,
22926,1201,45,0.0,
22927,1201,46,0.0,
22928,1201,47,0.0,
22929,1201,48,0.0,
22930,1201,49,0.0,
22931,1201,50,0.0,
22932,1201,51,0.0,
22934,1202,1,27.0,
22935,1202,2,0.0,
22943,1202,12,0.0,
22944,1202,13,0.0,
22947,1202,7,0.0,
22949,1202,17,0.0,
22950,1202,18,0.0,
22951,1202,19,0.0,
22952,1202,20,0.0,
22953,1202,21,0.0,
22954,1202,22,0.0,
22955,1202,23,0.0,
22956,1202,24,0.0,
22957,1202,25,0.0,
22958,1202,26,0.0,
22959,1202,27,0.0,
22960,1202,28,0.0,
22961,1202,29,0.0,
22962,1202,30,0.0,
22963,1202,31,0.0,
22964,1202,32,0.0,
22965,1202,33,0.0,
22966,1202,34,0.0,
22967,1202,35,0.0,
22968,1202,36,0.0,
22969,1202,37,0.0,
22970,1202,38,0.0,
22971,1202,39,0.0,
22972,1202,40,0.0,
22973,1202,41,0.0,
22974,1202,42,0.0,
22975,1202,43,0.0,
22976,1202,44,0.0,
22977,1202,45,0.0,
22978,1202,46,0.0,
22979,1202,47,0.0,
22980,1202,48,0.0,
22981,1202,49,0.0,
22982,1202,50,0.0,
22983,1202,51,0.0,
22985,1203,1,104.0,
22986,1203,2,0.0,
22994,1203,12,0.0,
22995,1203,13,0.0,
22998,1203,7,0.0,
23000,1203,17,0.0,
23001,1203,18,0.0,
23002,1203,19,0.0,
23003,1203,20,0.0,
23004,1203,21,0.0,
23005,1203,22,0.0,
23006,1203,23,0.0,
23007,1203,24,0.0,
23008,1203,25,0.0,
23009,1203,26,0.0,
23010,1203,27,0.0,
23011,1203,28,0.0,
23012,1203,29,0.0,
23013,1203,30,0.0,
23014,1203,31,0.0,
23015,1203,32,0.0,
23016,1203,33,0.0,
23017,1203,34,0.0,
23018,1203,35,0.0,
23019,1203,36,0.0,
23020,1203,37,0.0,
23021,1203,38,0.0,
23022,1203,39,0.0,
23023,1203,40,0.0,
23024,1203,41,0.0,
23025,1203,42,0.0,
23026,1203,43,0.0,
23027,1203,44,0.0,
23028,1203,45,0.0,
23029,1203,46,0.0,
23030,1203,47,0.0,
23031,1203,48,0.0,
23032,1203,49,0.0,
23033,1203,50,0.0,
23034,1203,51,0.0,
23036,1204,1,29.0,
23037,1204,2,0.0,
23045,1204,12,0.0,
23046,1204,13,0.0,
23049,1204,7,0.0,
23051,1204,17,0.0,
23052,1204,18,0.0,
23053,1204,19,0.0,
23054,1204,20,0.0,
23055,1204,21,0.0,
23056,1204,22,0.0,
23057,1204,23,0.0,
23058,1204,24,0.0,
23059,1204,25,0.0,
23060,1204,26,0.0,
23061,1204,27,0.0,
23062,1204,28,0.0,
23063,1204,29,0.0,
23064,1204,30,0.0,
23065,1204,31,0.0,
23066,1204,32,0.0,
23067,1204,33,0.0,
23068,1204,34,0.0,
23069,1204,35,0.0,
23070,1204,36,0.0,
23071,1204,37,0.0,
23072,1204,38,0.0,
23073,1204,39,0.0,
23074,1204,40,0.0,
23075,1204,41,0.0,
23076,1204,42,0.0,
23077,1204,43,0.0,
23078,1204,44,0.0,
23079,1204,45,0.0,
23080,1204,46,0.0,
23081,1204,47,0.0,
23082,1204,48,0.0,
23083,1204,49,0.0,
23084,1204,50,0.0,
23085,1204,51,0.0,
23087,1205,1,79.0,
23088,1205,2,0.0,
23091,1205,5,0.0,
23092,1205,6,0.0,
23096,1205,12,0.0,
23097,1205,13,0.0,
23100,1205,7,0.0,
23102,1205,17,0.0,
23103,1205,18,0.0,
23104,1205,19,0.0,
23105,1205,20,0.0,
23106,1205,21,0.0,
23107,1205,22,0.0,
23108,1205,23,0.0,
23109,1205,24,0.0,
23110,1205,25,0.0,
23111,1205,26,0.0,
23112,1205,27,0.0,
23113,1205,28,0.0,
23114,1205,29,0.0,
23115,1205,30,0.0,
23116,1205,31,0.0,
23117,1205,32,0.0,
23118,1205,33,0.0,
23119,1205,34,0.0,
23120,1205,35,0.0,
23121,1205,36,0.0,
23122,1205,37,0.0,
23123,1205,38,0.0,
23124,1205,39,0.0,
23125,1205,40,0.0,
23126,1205,41,0.0,
23127,1205,42,0.0,
23128,1205,43,0.0,
23129,1205,44,0.0,
23130,1205,45,0.0,
23131,1205,46,0.0,
23132,1205,47,0.0,
23133,1205,48,0.0,
23134,1205,49,0.0,
23135,1205,50,0.0,
23136,1205,51,0.0,
23138,1206,1,114.0,
23139,1206,2,0.0,
23147,1206,12,0.0,
23148,1206,13,0.0,
23151,1206,7,0.0,
23153,1206,17,0.0,
23154,1206,18,0.0,
23155,1206,19,0.0,
23156,1206,20,0.0,
23157,1206,21,0.0,
23158,1206,22,0.0,
23159,1206,23,0.0,
23160,1206,24,0.0,
23161,1206,25,0.0,
23162,1206,26,0.0,
23163,1206,27,0.0,
23164,1206,28,0.0,
23165,1206,29,0.0,
23166,1206,30,0.0,
23167,1206,31,0.0,
23168,1206,32,0.0,
23169,1206,33,0.0,
23170,1206,34,0.0,
23171,1206,35,0.0,
23172,1206,36,0.0,
23173,1206,37,0.0,
23174,1206,38,0.0,
23175,1206,39,0.0,
23176,1206,40,0.0,
23177,1206,41,0.0,
23178,1206,42,0.0,
23179,1206,43,0.0,
23180,1206,44,0.0,
23181,1206,45,0.0,
23182,1206,46,0.0,
23183,1206,47,0.0,
23184,1206,48,0.0,
23185,1206,49,0.0,
23186,1206,50,0.0,
23187,1206,51,0.0,
23189,1207,1,369.0,
23190,1207,2,0.0,
23194,1207,6,0.0,
23201,1207,15,0.0,
23202,1207,7,0.0,
23203,1207,16,0.0,
23204,1207,17,0.0,
23205,1207,18,0.0,
23206,1207,19,0.0,
23207,1207,20,0.0,
23208,1207,21,0.0,
23209,1207,22,0.0,
23210,1207,23,0.0,
23211,1207,24,0.0,
23212,1207,25,0.0,
23213,1207,26,0.0,
23214,1207,27,0.0,
23215,1207,28,0.0,
23216,1207,29,0.0,
23217,1207,30,0.0,
23218,1207,31,0.0,
23219,1207,32,0.0,
23220,1207,33,0.0,
23221,1207,34,0.0,
23222,1207,35,0.0,
23223,1207,36,0.0,
23224,1207,37,0.0,
23225,1207,38,0.0,
23226,1207,39,0.0,
23227,1207,40,0.0,
23228,1207,41,0.0,
23229,1207,42,0.0,
23230,1207,43,0.0,
23231,1207,44,0.0,
23232,1207,45,0.0,
23233,1207,46,0.0,
23234,1207,47,0.0,
23235,1207,48,0.0,
23236,1207,49,0.0,
23237,1207,50,0.0,
23238,1207,51,0.0,
23240,1208,1,16.0,
23241,1208,2,0.0,
23249,1208,12,0.0,
23250,1208,13,0.0,
23253,1208,7,0.0,
23255,1208,17,0.0,
23256,1208,18,0.0,
23257,1208,19,0.0,
23258,1208,20,0.0,
23259,1208,21,0.0,
23260,1208,22,0.0,
23261,1208,23,0.0,
23262,1208,24,0.0,
23263,1208,25,0.0,
23264,1208,26,0.0,
23265,1208,27,0.0,
23266,1208,28,0.0,
23267,1208,29,0.0,
23268,1208,30,0.0,
23269,1208,31,0.0,
23270,1208,32,0.0,
23271,1208,33,0.0,
23272,1208,34,0.0,
23273,1208,35,0.0,
23274,1208,36,0.0,
23275,1208,37,0.0,
23276,1208,38,0.0,
23277,1208,39,0.0,
23278,1208,40,0.0,
23279,1208,41,0.0,
23280,1208,42,0.0,
23281,1208,43,0.0,
23282,1208,44,0.0,
23283,1208,45,0.0,
23284,1208,46,0.0,
23285,1208,47,0.0,
23286,1208,48,0.0,
23287,1208,49,0.0,
23288,1208,50,0.0,
23289,1208,51,0.0,
23291,1209,1,16.0,
23292,1209,2,0.0,
23294,1209,4,0.0,
23295,1209,5,0.0,
23296,1209,6,0.0,
23299,1209,10,0.0,
23300,1209,12,0.0,
23301,1209,13,0.0,
23302,1209,14,0.0,
23303,1209,15,0.0,
23304,1209,7,0.0,
23305,1209,16,0.0,
23306,1209,17,0.0,
23307,1209,18,0.0,
23308,1209,19,0.0,
23309,1209,20,0.0,
23310,1209,21,0.0,
23311,1209,22,0.0,
23312,1209,23,0.0,
23313,1209,24,0.0,
23314,1209,25,0.0,
23315,1209,26,0.0,
23316,1209,27,0.0,
23317,1209,28,0.0,
23318,1209,29,0.0,
23319,1209,30,0.0,
23320,1209,31,0.0,
23321,1209,32,0.0,
23322,1209,33,0.0,
23323,1209,34,0.0,
23324,1209,35,0.0,
23325,1209,36,0.0,
23326,1209,37,0.0,
23327,1209,38,0.0,
23328,1209,39,0.0,
23329,1209,40,0.0,
23330,1209,41,0.0,
23331,1209,42,0.0,
23332,1209,43,0.0,
23333,1209,44,0.0,
23334,1209,45,0.0,
23335,1209,46,0.0,
23336,1209,47,0.0,
23337,1209,48,0.0,
23338,1209,49,0.0,
23339,1209,50,0.0,
23340,1209,51,0.0,
23342,1210,1,95.0,
23343,1210,2,0.0,
23345,1210,4,0.0,
23346,1210,5,0.0,
23347,1210,6,0.0,
23350,1210,10,0.0,
23351,1210,12,0.0,
23352,1210,13,0.0,
23353,1210,14,0.0,
23354,1210,15,0.0,
23355,1210,7,0.0,
23356,1210,16,0.0,
23357,1210,17,0.0,
23358,1210,18,0.0,
23359,1210,19,0.0,
23360,1210,20,0.0,
23361,1210,21,0.0,
23362,1210,22,0.0,
23363,1210,23,0.0,
23364,1210,24,0.0,
23365,1210,25,0.0,
23366,1210,26,0.0,
23367,1210,27,0.0,
23368,1210,28,0.0,
23369,1210,29,0.0,
23370,1210,30,0.0,
23371,1210,31,0.0,
23372,1210,32,0.0,
23373,1210,33,0.0,
23374,1210,34,0.0,
23375,1210,35,0.0,
23376,1210,36,0.0,
23377,1210,37,0.0,
23378,1210,38,0.0,
23379,1210,39,0.0,
23380,1210,40,0.0,
23381,1210,41,0.0,
23382,1210,42,0.0,
23383,1210,43,0.0,
23384,1210,44,0.0,
23385,1210,45,0.0,
23386,1210,46,0.0,
23387,1210,47,0.0,
23388,1210,48,0.0,
23389,1210,49,0.0,
23390,1210,50,0.0,
23391,1210,51,0.0,
23393,1211,1,22.0,
23394,1211,2,0.0,
23396,1211,4,0.0,
23397,1211,5,0.0,
23398,1211,6,0.0,
23401,1211,10,0.0,
23402,1211,12,0.0,
23403,1211,13,0.0,
23404,1211,14,0.0,
23405,1211,15,0.0,
23406,1211,7,0.0,
23407,1211,16,0.0,
23408,1211,17,0.0,
23409,1211,18,0.0,
23410,1211,19,0.0,
23411,1211,20,0.0,
23412,1211,21,0.0,
23413,1211,22,0.0,
23414,1211,23,0.0,
23415,1211,24,0.0,
23416,1211,25,0.0,
23417,1211,26,0.0,
23418,1211,27,0.0,
23419,1211,28,0.0,
23420,1211,29,0.0,
23421,1211,30,0.0,
23422,1211,31,0.0,
23423,1211,32,0.0,
23424,1211,33,0.0,
23425,1211,34,0.0,
23426,1211,35,0.0,
23427,1211,36,0.0,
23428,1211,37,0.0,
23429,1211,38,0.0,
23430,1211,39,0.0,
23431,1211,40,0.0,
23432,1211,41,0.0,
23433,1211,42,0.0,
23434,1211,43,0.0,
23435,1211,44,0.0,
23436,1211,45,0.0,
23437,1211,46,0.0,
23438,1211,47,0.0,
23439,1211,48,0.0,
23440,1211,49,0.0,
23441,1211,50,0.0,
23442,1211,51,0.0,
23444,1212,1,146.0,
23445,1212,2,0.0,
23447,1212,4,0.0,
23448,1212,5,0.0,
23449,1212,6,0.0,
23452,1212,10,0.0,
23453,1212,12,0.0,
23454,1212,13,0.0,
23455,1212,14,0.0,
23456,1212,15,0.0,
23457,1212,7,0.0,
23458,1212,16,0.0,
23459,1212,17,0.0,
23460,1212,18,0.0,
23461,1212,19,0.0,
23462,1212,20,0.0,
23463,1212,21,0.0,
23464,1212,22,0.0,
23465,1212,23,0.0,
23466,1212,24,0.0,
23467,1212,25,0.0,
23468,1212,26,0.0,
23469,1212,27,0.0,
23470,1212,28,0.0,
23471,1212,29,0.0,
23472,1212,30,0.0,
23473,1212,31,0.0,
23474,1212,32,0.0,
23475,1212,33,0.0,
23476,1212,34,0.0,
23477,1212,35,0.0,
23478,1212,36,0.0,
23479,1212,37,0.0,
23480,1212,38,0.0,
23481,1212,39,0.0,
23482,1212,40,0.0,
23483,1212,41,0.0,
23484,1212,42,0.0,
23485,1212,43,0.0,
23486,1212,44,0.0,
23487,1212,45,0.0,
23488,1212,46,0.0,
23489,1212,47,0.0,
23490,1212,48,0.0,
23491,1212,49,0.0,
23492,1212,50,0.0,
23493,1212,51,0.0,
23495,1213,1,66.0,
23496,1213,2,0.0,
23498,1213,4,0.0,
23499,1213,5,0.0,
23500,1213,6,0.0,
23503,1213,10,0.0,
23504,1213,12,0.0,
23505,1213,13,0.0,
23506,1213,14,0.0,
23507,1213,15,0.0,
23508,1213,7,0.0,
23509,1213,16,0.0,
23510,1213,17,0.0,
23511,1213,18,0.0,
23512,1213,19,0.0,
23513,1213,20,0.0,
23514,1213,21,0.0,
23515,1213,22,0.0,
23516,1213,23,0.0,
23517,1213,24,0.0,
23518,1213,25,0.0,
23519,1213,26,0.0,
23520,1213,27,0.0,
23521,1213,28,0.0,
23522,1213,29,0.0,
23523,1213,30,0.0,
23524,1213,31,0.0,
23525,1213,32,0.0,
23526,1213,33,0.0,
23527,1213,34,0.0,
23528,1213,35,0.0,
23529,1213,36,0.0,
23530,1213,37,0.0,
23531,1213,38,0.0,
23532,1213,39,0.0,
23533,1213,40,0.0,
23534,1213,41,0.0,
23535,1213,42,0.0,
23536,1213,43,0.0,
23537,1213,44,0.0,
23538,1213,45,0.0,
23539,1213,46,0.0,
23540,1213,47,0.0,
23541,1213,48,0.0,
23542,1213,49,0.0,
23543,1213,50,0.0,
23544,1213,51,0.0,
23546,1214,1,358.0,
23547,1214,2,0.0,
23549,1214,4,0.0,
23550,1214,5,0.0,
23551,1214,6,0.0,
23554,1214,10,0.0,
23555,1214,12,0.0,
23556,1214,13,0.0,
23557,1214,14,0.0,
23558,1214,15,0.0,
23559,1214,7,0.0,
23560,1214,16,0.0,
23561,1214,17,0.0,
23562,1214,18,0.0,
23563,1214,19,0.0,
23564,1214,20,0.0,
23565,1214,21,0.0,
23566,1214,22,0.0,
23567,1214,23,0.0,
23568,1214,24,0.0,
23569,1214,25,0.0,
23570,1214,26,0.0,
23571,1214,27,0.0,
23572,1214,28,0.0,
23573,1214,29,0.0,
23574,1214,30,0.0,
23575,1214,31,0.0,
23576,1214,32,0.0,
23577,1214,33,0.0,
23578,1214,34,0.0,
23579,1214,35,0.0,
23580,1214,36,0.0,
23581,1214,37,0.0,
23582,1214,38,0.0,
23583,1214,39,0.0,
23584,1214,40,0.0,
23585,1214,41,0.0,
23586,1214,42,0.0,
23587,1214,43,0.0,
23588,1214,44,0.0,
23589,1214,45,0.0,
23590,1214,46,0.0,
23591,1214,47,0.0,
23592,1214,48,0.0,
23593,1214,49,0.0,
23594,1214,50,0.0,
23595,1214,51,0.0,
23597,1215,1,13.0,
23598,1215,2,0.0,
23600,1215,4,0.0,
23601,1215,5,0.0,
23602,1215,6,0.0,
23605,1215,10,0.0,
23606,1215,12,0.0,
23607,1215,13,0.0,
23608,1215,14,0.0,
23609,1215,15,0.0,
23610,1215,7,0.0,
23611,1215,16,0.0,
23612,1215,17,0.0,
23613,1215,18,0.0,
23614,1215,19,0.0,
23615,1215,20,0.0,
23616,1215,21,0.0,
23617,1215,22,0.0,
23618,1215,23,0.0,
23619,1215,24,0.0,
23620,1215,25,0.0,
23621,1215,26,0.0,
23622,1215,27,0.0,
23623,1215,28,0.0,
23624,1215,29,0.0,
23625,1215,30,0.0,
23626,1215,31,0.0,
23627,1215,32,0.0,
23628,1215,33,0.0,
23629,1215,34,0.0,
23630,1215,35,0.0,
23631,1215,36,0.0,
23632,1215,37,0.0,
23633,1215,38,0.0,
23634,1215,39,0.0,
23635,1215,40,0.0,
23636,1215,41,0.0,
23637,1215,42,0.0,
23638,1215,43,0.0,
23639,1215,44,0.0,
23640,1215,45,0.0,
23641,1215,46,0.0,
23642,1215,47,0.0,
23643,1215,48,0.0,
23644,1215,49,0.0,
23645,1215,50,0.0,
23646,1215,51,0.0,
23648,1216,1,3.0,
23649,1216,2,0.0,
23651,1216,4,0.0,
23652,1216,5,0.0,
23653,1216,6,0.0,
23656,1216,10,0.0,
23657,1216,12,0.0,
23658,1216,13,0.0,
23661,1216,7,0.0,
23663,1216,17,0.0,
23664,1216,18,0.0,
23665,1216,19,0.0,
23666,1216,20,0.0,
23667,1216,21,0.0,
23668,1216,22,0.0,
23669,1216,23,0.0,
23670,1216,24,0.0,
23671,1216,25,0.0,
23672,1216,26,0.0,
23673,1216,27,0.0,
23674,1216,28,0.0,
23675,1216,29,0.0,
23676,1216,30,0.0,
23677,1216,31,0.0,
23678,1216,32,0.0,
23679,1216,33,0.0,
23680,1216,34,0.0,
23681,1216,35,0.0,
23682,1216,36,0.0,
23683,1216,37,0.0,
23684,1216,38,0.0,
23685,1216,39,0.0,
23686,1216,40,0.0,
23687,1216,41,0.0,
23688,1216,42,0.0,
23689,1216,43,0.0,
23690,1216,44,0.0,
23691,1216,45,0.0,
23692,1216,46,0.0,
23693,1216,47,0.0,
23694,1216,48,0.0,
23695,1216,49,0.0,
23696,1216,50,0.0,
23697,1216,51,0.0,
23699,1217,1,57.0,
23700,1217,2,0.0,
23702,1217,4,0.0,
23703,1217,5,0.0,
23704,1217,6,0.0,
23707,1217,10,0.0,
23708,1217,12,0.0,
23709,1217,13,0.0,
23712,1217,7,0.0,
23714,1217,17,0.0,
23715,1217,18,0.0,
23716,1217,19,0.0,
23717,1217,20,0.0,
23718,1217,21,0.0,
23719,1217,22,0.0,
23720,1217,23,0.0,
23721,1217,24,0.0,
23722,1217,25,0.0,
23723,1217,26,0.0,
23724,1217,27,0.0,
23725,1217,28,0.0,
23726,1217,29,0.0,
23727,1217,30,0.0,
23728,1217,31,0.0,
23729,1217,32,0.0,
23730,1217,33,0.0,
23731,1217,34,0.0,
23732,1217,35,0.0,
23733,1217,36,0.0,
23734,1217,37,0.0,
23735,1217,38,0.0,
23736,1217,39,0.0,
23737,1217,40,0.0,
23738,1217,41,0.0,
23739,1217,42,0.0,
23740,1217,43,0.0,
23741,1217,44,0.0,
23742,1217,45,0.0,
23743,1217,46,0.0,
23744,1217,47,0.0,
23745,1217,48,0.0,
23746,1217,49,0.0,
23747,1217,50,0.0,
23748,1217,51,0.0,
23750,1218,1,6.0,
23751,1218,2,0.0,
23753,1218,4,0.0,
23754,1218,5,0.0,
23755,1218,6,0.0,
23758,1218,10,0.0,
23759,1218,12,0.0,
23760,1218,13,0.0,
23763,1218,7,0.0,
23765,1218,17,0.0,
23766,1218,18,0.0,
23767,1218,19,0.0,
23768,1218,20,0.0,
23769,1218,21,0.0,
23770,1218,22,0.0,
23771,1218,23,0.0,
23772,1218,24,0.0,
23773,1218,25,0.0,
23774,1218,26,0.0,
23775,1218,27,0.0,
23776,1218,28,0.0,
23777,1218,29,0.0,
23778,1218,30,0.0,
23779,1218,31,0.0,
23780,1218,32,0.0,
23781,1218,33,0.0,
23782,1218,34,0.0,
23783,1218,35,0.0,
23784,1218,36,0.0,
23785,1218,37,0.0,
23786,1218,38,0.0,
23787,1218,39,0.0,
23788,1218,40,0.0,
23789,1218,41,0.0,
23790,1218,42,0.0,
23791,1218,43,0.0,
23792,1218,44,0.0,
23793,1218,45,0.0,
23794,1218,46,0.0,
23795,1218,47,0.0,
23796,1218,48,0.0,
23797,1218,49,0.0,
23798,1218,50,0.0,
23799,1218,51,0.0,
23801,1219,1,46.0,
23802,1219,2,0.0,
23804,1219,4,0.0,
23805,1219,5,0.0,
23806,1219,6,0.0,
23809,1219,10,0.0,
23810,1219,12,0.0,
23811,1219,13,0.0,
23814,1219,7,0.0,
23815,1219,16,0.0,
23816,1219,17,0.0,
23817,1219,18,0.0,
23818,1219,19,0.0,
23819,1219,20,0.0,
23820,1219,21,0.0,
23821,1219,22,0.0,
23822,1219,23,0.0,
23823,1219,24,0.0,
23824,1219,25,0.0,
23825,1219,26,0.0,
23826,1219,27,0.0,
23827,1219,28,0.0,
23828,1219,29,0.0,
23829,1219,30,0.0,
23830,1219,31,0.0,
23831,1219,32,0.0,
23832,1219,33,0.0,
23833,1219,34,0.0,
23834,1219,35,0.0,
23835,1219,36,0.0,
23836,1219,37,0.0,
23837,1219,38,0.0,
23838,1219,39,0.0,
23839,1219,40,0.0,
23840,1219,41,0.0,
23841,1219,42,0.0,
23842,1219,43,0.0,
23843,1219,44,0.0,
23844,1219,45,0.0,
23845,1219,46,0.0,
23846,1219,47,0.0,
23847,1219,48,0.0,
23848,1219,49,0.0,
23849,1219,50,0.0,
23850,1219,51,0.0,
23852,1220,1,39.0,
23853,1220,2,0.0,
23855,1220,4,0.0,
23856,1220,5,0.0,
23857,1220,6,0.0,
23860,1220,10,0.0,
23861,1220,12,0.0,
23862,1220,13,0.0,
23865,1220,7,0.0,
23867,1220,17,0.0,
23868,1220,18,0.0,
23869,1220,19,0.0,
23870,1220,20,0.0,
23871,1220,21,0.0,
23872,1220,22,0.0,
23873,1220,23,0.0,
23874,1220,24,0.0,
23875,1220,25,0.0,
23876,1220,26,0.0,
23877,1220,27,0.0,
23878,1220,28,0.0,
23879,1220,29,0.0,
23880,1220,30,0.0,
23881,1220,31,0.0,
23882,1220,32,0.0,
23883,1220,33,0.0,
23884,1220,34,0.0,
23885,1220,35,0.0,
23886,1220,36,0.0,
23887,1220,37,0.0,
23888,1220,38,0.0,
23889,1220,39,0.0,
23890,1220,40,0.0,
23891,1220,41,0.0,
23892,1220,42,0.0,
23893,1220,43,0.0,
23894,1220,44,0.0,
23895,1220,45,0.0,
23896,1220,46,0.0,
23897,1220,47,0.0,
23898,1220,48,0.0,
23899,1220,49,0.0,
23900,1220,50,0.0,
23901,1220,51,0.0,
23903,1221,1,160.0,
23904,1221,2,0.0,
23906,1221,4,0.0,
23907,1221,5,0.0,
23908,1221,6,0.0,
23911,1221,10,0.0,
23912,1221,12,0.0,
23915,1221,15,0.0,
23916,1221,7,0.0,
23917,1221,16,0.0,
23918,1221,17,0.0,
23919,1221,18,0.0,
23920,1221,19,0.0,
23921,1221,20,0.0,
23922,1221,21,0.0,
23923,1221,22,0.0,
23924,1221,23,0.0,
23925,1221,24,0.0,
23926,1221,25,0.0,
23927,1221,26,0.0,
23928,1221,27,0.0,
23929,1221,28,0.0,
23930,1221,29,0.0,
23931,1221,30,0.0,
23932,1221,31,0.0,
23933,1221,32,0.0,
23934,1221,33,0.0,
23935,1221,34,0.0,
23936,1221,35,0.0,
23937,1221,36,0.0,
23938,1221,37,0.0,
23939,1221,38,0.0,
23940,1221,39,0.0,
23941,1221,40,0.0,
23942,1221,41,0.0,
23943,1221,42,0.0,
23944,1221,43,0.0,
23945,1221,44,0.0,
23946,1221,45,0.0,
23947,1221,46,0.0,
23948,1221,47,0.0,
23949,1221,48,0.0,
23950,1221,49,0.0,
23951,1221,50,0.0,
23952,1221,51,0.0,
23954,1222,1,9.0,
23955,1222,2,0.0,
23957,1222,4,0.0,
23958,1222,5,0.0,
23959,1222,6,0.0,
23962,1222,10,0.0,
23963,1222,12,0.0,
23964,1222,13,0.0,
23967,1222,7,0.0,
23969,1222,17,0.0,
23970,1222,18,0.0,
23971,1222,19,0.0,
23972,1222,20,0.0,
23973,1222,21,0.0,
23974,1222,22,0.0,
23975,1222,23,0.0,
23976,1222,24,0.0,
23977,1222,25,0.0,
23978,1222,26,0.0,
23979,1222,27,0.0,
23980,1222,28,0.0,
23981,1222,29,0.0,
23982,1222,30,0.0,
23983,1222,31,0.0,
23984,1222,32,0.0,
23985,1222,33,0.0,
23986,1222,34,0.0,
23987,1222,35,0.0,
23988,1222,36,0.0,
23989,1222,37,0.0,
23990,1222,38,0.0,
23991,1222,39,0.0,
23992,1222,40,0.0,
23993,1222,41,0.0,
23994,1222,42,0.0,
23995,1222,43,0.0,
23996,1222,44,0.0,
23997,1222,45,0.0,
23998,1222,46,0.0,
23999,1222,47,0.0,
24000,1222,48,0.0,
24001,1222,49,0.0,
24002,1222,50,0.0,
24003,1222,51,0.0,
24005,1223,1,7.0,
24006,1223,2,0.0,
24009,1223,5,0.0,
24010,1223,6,0.0,
24014,1223,12,0.0,
24015,1223,13,0.0,
24018,1223,7,0.0,
24020,1223,17,0.0,
24021,1223,18,0.0,
24022,1223,19,0.0,
24023,1223,20,0.0,
24024,1223,21,0.0,
24025,1223,22,0.0,
24026,1223,23,0.0,
24027,1223,24,0.0,
24028,1223,25,0.0,
24029,1223,26,0.0,
24030,1223,27,0.0,
24031,1223,28,0.0,
24032,1223,29,0.0,
24033,1223,30,0.0,
24034,1223,31,0.0,
24035,1223,32,0.0,
24036,1223,33,0.0,
24037,1223,34,0.0,
24038,1223,35,0.0,
24039,1223,36,0.0,
24040,1223,37,0.0,
24041,1223,38,0.0,
24042,1223,39,0.0,
24043,1223,40,0.0,
24044,1223,41,0.0,
24045,1223,42,0.0,
24046,1223,43,0.0,
24047,1223,44,0.0,
24048,1223,45,0.0,
24049,1223,46,0.0,
24050,1223,47,0.0,
24051,1223,48,0.0,
24052,1223,49,0.0,
24053,1223,50,0.0,
24054,1223,51,0.0,
24056,1224,1,98.0,
24057,1224,2,0.0,
24059,1224,4,0.0,
24060,1224,5,0.0,
24061,1224,6,0.0,
24064,1224,10,0.0,
24065,1224,12,0.0,
24066,1224,13,0.0,
24069,1224,7,0.0,
24071,1224,17,0.0,
24072,1224,18,0.0,
24073,1224,19,0.0,
24074,1224,20,0.0,
24075,1224,21,0.0,
24076,1224,22,0.0,
24077,1224,23,0.0,
24078,1224,24,0.0,
24079,1224,25,0.0,
24080,1224,26,0.0,
24081,1224,27,0.0,
24082,1224,28,0.0,
24083,1224,29,0.0,
24084,1224,30,0.0,
24085,1224,31,0.0,
24086,1224,32,0.0,
24087,1224,33,0.0,
24088,1224,34,0.0,
24089,1224,35,0.0,
24090,1224,36,0.0,
24091,1224,37,0.0,
24092,1224,38,0.0,
24093,1224,39,0.0,
24094,1224,40,0.0,
24095,1224,41,0.0,
24096,1224,42,0.0,
24097,1224,43,0.0,
24098,1224,44,0.0,
24099,1224,45,0.0,
24100,1224,46,0.0,
24101,1224,47,0.0,
24102,1224,48,0.0,
24103,1224,49,0.0,
24104,1224,50,0.0,
24105,1224,51,0.0,
24107,1225,1,17.0,
24108,1225,2,0.0,
24111,1225,5,0.0,
24112,1225,6,0.0,
24115,1225,10,0.0,
24116,1225,12,0.0,
24117,1225,13,0.0,
24120,1225,7,0.0,
24122,1225,17,0.0,
24123,1225,18,0.0,
24124,1225,19,0.0,
24125,1225,20,0.0,
24126,1225,21,0.0,
24127,1225,22,0.0,
24128,1225,23,0.0,
24129,1225,24,0.0,
24130,1225,25,0.0,
24131,1225,26,0.0,
24132,1225,27,0.0,
24133,1225,28,0.0,
24134,1225,29,0.0,
24135,1225,30,0.0,
24136,1225,31,0.0,
24137,1225,32,0.0,
24138,1225,33,0.0,
24139,1225,34,0.0,
24140,1225,35,0.0,
24141,1225,36,0.0,
24142,1225,37,0.0,
24143,1225,38,0.0,
24144,1225,39,0.0,
24145,1225,40,0.0,
24146,1225,41,0.0,
24147,1225,42,0.0,
24148,1225,43,0.0,
24149,1225,44,0.0,
24150,1225,45,0.0,
24151,1225,46,0.0,
24152,1225,47,0.0,
24153,1225,48,0.0,
24154,1225,49,0.0,
24155,1225,50,0.0,
24156,1225,51,0.0,
24158,1226,1,77.0,
24159,1226,2,0.0,
24162,1226,5,0.0,
24163,1226,6,0.0,
24167,1226,12,0.0,
24168,1226,13,0.0,
24171,1226,7,0.0,
24173,1226,17,0.0,
24174,1226,18,0.0,
24175,1226,19,0.0,
24176,1226,20,0.0,
24177,1226,21,0.0,
24178,1226,22,0.0,
24179,1226,23,0.0,
24180,1226,24,0.0,
24181,1226,25,0.0,
24182,1226,26,0.0,
24183,1226,27,0.0,
24184,1226,28,0.0,
24185,1226,29,0.0,
24186,1226,30,0.0,
24187,1226,31,0.0,
24188,1226,32,0.0,
24189,1226,33,0.0,
24190,1226,34,0.0,
24191,1226,35,0.0,
24192,1226,36,0.0,
24193,1226,37,0.0,
24194,1226,38,0.0,
24195,1226,39,0.0,
24196,1226,40,0.0,
24197,1226,41,0.0,
24198,1226,42,0.0,
24199,1226,43,0.0,
24200,1226,44,0.0,
24201,1226,45,0.0,
24202,1226,46,0.0,
24203,1226,47,0.0,
24204,1226,48,0.0,
24205,1226,49,0.0,
24206,1226,50,0.0,
24207,1226,51,0.0,
24209,1227,1,52.0,
24210,1227,2,0.0,
24213,1227,5,0.0,
24214,1227,6,0.0,
24218,1227,12,0.0,
24219,1227,13,0.0,
24222,1227,7,0.0,
24224,1227,17,0.0,
24225,1227,18,0.0,
24226,1227,19,0.0,
24227,1227,20,0.0,
24228,1227,21,0.0,
24229,1227,22,0.0,
24230,1227,23,0.0,
24231,1227,24,0.0,
24232,1227,25,0.0,
24233,1227,26,0.0,
24234,1227,27,0.0,
24235,1227,28,0.0,
24236,1227,29,0.0,
24237,1227,30,0.0,
24238,1227,31,0.0,
24239,1227,32,0.0,
24240,1227,33,0.0,
24241,1227,34,0.0,
24242,1227,35,0.0,
24243,1227,36,0.0,
24244,1227,37,0.0,
24245,1227,38,0.0,
24246,1227,39,0.0,
24247,1227,40,0.0,
24248,1227,41,0.0,
24249,1227,42,0.0,
24250,1227,43,0.0,
24251,1227,44,0.0,
24252,1227,45,0.0,
24253,1227,46,0.0,
24254,1227,47,0.0,
24255,1227,48,0.0,
24256,1227,49,0.0,
24257,1227,50,0.0,
24258,1227,51,0.0,
24260,1228,1,275.0,
24261,1228,2,0.0,
24264,1228,5,0.0,
24265,1228,6,0.0,
24272,1228,15,0.0,
24273,1228,7,0.0,
24274,1228,16,0.0,
24275,1228,17,0.0,
24276,1228,18,0.0,
24277,1228,19,0.0,
24278,1228,20,0.0,
24279,1228,21,0.0,
24280,1228,22,0.0,
24281,1228,23,0.0,
24282,1228,24,0.0,
24283,1228,25,0.0,
24284,1228,26,0.0,
24285,1228,27,0.0,
24286,1228,28,0.0,
24287,1228,29,0.0,
24288,1228,30,0.0,
24289,1228,31,0.0,
24290,1228,32,0.0,
24291,1228,33,0.0,
24292,1228,34,0.0,
24293,1228,35,0.0,
24294,1228,36,0.0,
24295,1228,37,0.0,
24296,1228,38,0.0,
24297,1228,39,0.0,
24298,1228,40,0.0,
24299,1228,41,0.0,
24300,1228,42,0.0,
24301,1228,43,0.0,
24302,1228,44,0.0,
24303,1228,45,0.0,
24304,1228,46,0.0,
24305,1228,47,0.0,
24306,1228,48,0.0,
24307,1228,49,0.0,
24308,1228,50,0.0,
24309,1228,51,0.0,
24311,1229,1,24.0,
24312,1229,2,0.0,
24315,1229,5,0.0,
24316,1229,6,0.0,
24320,1229,12,0.0,
24321,1229,13,0.0,
24324,1229,7,0.0,
24326,1229,17,0.0,
24327,1229,18,0.0,
24328,1229,19,0.0,
24329,1229,20,0.0,
24330,1229,21,0.0,
24331,1229,22,0.0,
24332,1229,23,0.0,
24333,1229,24,0.0,
24334,1229,25,0.0,
24335,1229,26,0.0,
24336,1229,27,0.0,
24337,1229,28,0.0,
24338,1229,29,0.0,
24339,1229,30,0.0,
24340,1229,31,0.0,
24341,1229,32,0.0,
24342,1229,33,0.0,
24343,1229,34,0.0,
24344,1229,35,0.0,
24345,1229,36,0.0,
24346,1229,37,0.0,
24347,1229,38,0.0,
24348,1229,39,0.0,
24349,1229,40,0.0,
24350,1229,41,0.0,
24351,1229,42,0.0,
24352,1229,43,0.0,
24353,1229,44,0.0,
24354,1229,45,0.0,
24355,1229,46,0.0,
24356,1229,47,0.0,
24357,1229,48,0.0,
24358,1229,49,0.0,
24359,1229,50,0.0,
24360,1229,51,0.0,
24362,1230,1,19.0,
24363,1230,2,0.0,
24366,1230,5,0.0,
24367,1230,6,0.0,
24371,1230,12,0.0,
24372,1230,13,0.0,
24375,1230,7,0.0,
24377,1230,17,0.0,
24378,1230,18,0.0,
24379,1230,19,0.0,
24380,1230,20,0.0,
24381,1230,21,0.0,
24382,1230,22,0.0,
24383,1230,23,0.0,
24384,1230,24,0.0,
24385,1230,25,0.0,
24386,1230,26,0.0,
24387,1230,27,0.0,
24388,1230,28,0.0,
24389,1230,29,0.0,
24390,1230,30,0.0,
24391,1230,31,0.0,
24392,1230,32,0.0,
24393,1230,33,0.0,
24394,1230,34,0.0,
24395,1230,35,0.0,
24396,1230,36,0.0,
24397,1230,37,0.0,
24398,1230,38,0.0,
24399,1230,39,0.0,
24400,1230,40,0.0,
24401,1230,41,0.0,
24402,1230,42,0.0,
24403,1230,43,0.0,
24404,1230,44,0.0,
24405,1230,45,0.0,
24406,1230,46,0.0,
24407,1230,47,0.0,
24408,1230,48,0.0,
24409,1230,49,0.0,
24410,1230,50,0.0,
24411,1230,51,0.0,
24413,1231,1,99.0,
24414,1231,2,0.0,
24417,1231,5,0.0,
24418,1231,6,0.0,
24422,1231,12,0.0,
24423,1231,13,0.0,
24426,1231,7,0.0,
24428,1231,17,0.0,
24429,1231,18,0.0,
24430,1231,19,0.0,
24431,1231,20,0.0,
24432,1231,21,0.0,
24433,1231,22,0.0,
24434,1231,23,0.0,
24435,1231,24,0.0,
24436,1231,25,0.0,
24437,1231,26,0.0,
24438,1231,27,0.0,
24439,1231,28,0.0,
24440,1231,29,0.0,
24441,1231,30,0.0,
24442,1231,31,0.0,
24443,1231,32,0.0,
24444,1231,33,0.0,
24445,1231,34,0.0,
24446,1231,35,0.0,
24447,1231,36,0.0,
24448,1231,37,0.0,
24449,1231,38,0.0,
24450,1231,39,0.0,
24451,1231,40,0.0,
24452,1231,41,0.0,
24453,1231,42,0.0,
24454,1231,43,0.0,
24455,1231,44,0.0,
24456,1231,45,0.0,
24457,1231,46,0.0,
24458,1231,47,0.0,
24459,1231,48,0.0,
24460,1231,49,0.0,
24461,1231,50,0.0,
24462,1231,51,0.0,
24464,1232,1,17.0,
24465,1232,2,0.0,
24468,1232,5,0.0,
24469,1232,6,0.0,
24473,1232,12,0.0,
24474,1232,13,0.0,
24477,1232,7,0.0,
24479,1232,17,0.0,
24480,1232,18,0.0,
24481,1232,19,0.0,
24482,1232,20,0.0,
24483,1232,21,0.0,
24484,1232,22,0.0,
24485,1232,23,0.0,
24486,1232,24,0.0,
24487,1232,25,0.0,
24488,1232,26,0.0,
24489,1232,27,0.0,
24490,1232,28,0.0,
24491,1232,29,0.0,
24492,1232,30,0.0,
24493,1232,31,0.0,
24494,1232,32,0.0,
24495,1232,33,0.0,
24496,1232,34,0.0,
24497,1232,35,0.0,
24498,1232,36,0.0,
24499,1232,37,0.0,
24500,1232,38,0.0,
24501,1232,39,0.0,
24502,1232,40,0.0,
24503,1232,41,0.0,
24504,1232,42,0.0,
24505,1232,43,0.0,
24506,1232,44,0.0,
24507,1232,45,0.0,
24508,1232,46,0.0,
24509,1232,47,0.0,
24510,1232,48,0.0,
24511,1232,49,0.0,
24512,1232,50,0.0,
24513,1232,51,0.0,
24515,1233,1,56.0,
24516,1233,2,0.0,
24519,1233,5,0.0,
24520,1233,6,0.0,
24524,1233,12,0.0,
24525,1233,13,0.0,
24528,1233,7,0.0,
24530,1233,17,0.0,
24531,1233,18,0.0,
24532,1233,19,0.0,
24533,1233,20,0.0,
24534,1233,21,0.0,
24535,1233,22,0.0,
24536,1233,23,0.0,
24537,1233,24,0.0,
24538,1233,25,0.0,
24539,1233,26,0.0,
24540,1233,27,0.0,
24541,1233,28,0.0,
24542,1233,29,0.0,
24543,1233,30,0.0,
24544,1233,31,0.0,
24545,1233,32,0.0,
24546,1233,33,0.0,
24547,1233,34,0.0,
24548,1233,35,0.0,
24549,1233,36,0.0,
24550,1233,37,0.0,
24551,1233,38,0.0,
24552,1233,39,0.0,
24553,1233,40,0.0,
24554,1233,41,0.0,
24555,1233,42,0.0,
24556,1233,43,0.0,
24557,1233,44,0.0,
24558,1233,45,0.0,
24559,1233,46,0.0,
24560,1233,47,0.0,
24561,1233,48,0.0,
24562,1233,49,0.0,
24563,1233,50,0.0,
24564,1233,51,0.0,
24566,1234,1,44.0,
24567,1234,2,0.0,
24570,1234,5,0.0,
24571,1234,6,0.0,
24575,1234,12,0.0,
24576,1234,13,0.0,
24579,1234,7,0.0,
24581,1234,17,0.0,
24582,1234,18,0.0,
24583,1234,19,0.0,
24584,1234,20,0.0,
24585,1234,21,0.0,
24586,1234,22,0.0,
24587,1234,23,0.0,
24588,1234,24,0.0,
24589,1234,25,0.0,
24590,1234,26,0.0,
24591,1234,27,0.0,
24592,1234,28,0.0,
24593,1234,29,0.0,
24594,1234,30,0.0,
24595,1234,31,0.0,
24596,1234,32,0.0,
24597,1234,33,0.0,
24598,1234,34,0.0,
24599,1234,35,0.0,
24600,1234,36,0.0,
24601,1234,37,0.0,
24602,1234,38,0.0,
24603,1234,39,0.0,
24604,1234,40,0.0,
24605,1234,41,0.0,
24606,1234,42,0.0,
24607,1234,43,0.0,
24608,1234,44,0.0,
24609,1234,45,0.0,
24610,1234,46,0.0,
24611,1234,47,0.0,
24612,1234,48,0.0,
24613,1234,49,0.0,
24614,1234,50,0.0,
24615,1234,51,0.0,
24617,1235,1,256.0,
24618,1235,2,0.0,
24621,1235,5,0.0,
24622,1235,6,0.0,
24629,1235,15,0.0,
24630,1235,7,0.0,
24631,1235,16,0.0,
24632,1235,17,0.0,
24633,1235,18,0.0,
24634,1235,19,0.0,
24635,1235,20,0.0,
24636,1235,21,0.0,
24637,1235,22,0.0,
24638,1235,23,0.0,
24639,1235,24,0.0,
24640,1235,25,0.0,
24641,1235,26,0.0,
24642,1235,27,0.0,
24643,1235,28,0.0,
24644,1235,29,0.0,
24645,1235,30,0.0,
24646,1235,31,0.0,
24647,1235,32,0.0,
24648,1235,33,0.0,
24649,1235,34,0.0,
24650,1235,35,0.0,
24651,1235,36,0.0,
24652,1235,37,0.0,
24653,1235,38,0.0,
24654,1235,39,0.0,
24655,1235,40,0.0,
24656,1235,41,0.0,
24657,1235,42,0.0,
24658,1235,43,0.0,
24659,1235,44,0.0,
24660,1235,45,0.0,
24661,1235,46,0.0,
24662,1235,47,0.0,
24663,1235,48,0.0,
24664,1235,49,0.0,
24665,1235,50,0.0,
24666,1235,51,0.0,
24668,1236,1,21.0,
24669,1236,2,0.0,
24672,1236,5,0.0,
24673,1236,6,0.0,
24677,1236,12,0.0,
24678,1236,13,0.0,
24681,1236,7,0.0,
24683,1236,17,0.0,
24684,1236,18,0.0,
24685,1236,19,0.0,
24686,1236,20,0.0,
24687,1236,21,0.0,
24688,1236,22,0.0,
24689,1236,23,0.0,
24690,1236,24,0.0,
24691,1236,25,0.0,
24692,1236,26,0.0,
24693,1236,27,0.0,
24694,1236,28,0.0,
24695,1236,29,0.0,
24696,1236,30,0.0,
24697,1236,31,0.0,
24698,1236,32,0.0,
24699,1236,33,0.0,
24700,1236,34,0.0,
24701,1236,35,0.0,
24702,1236,36,0.0,
24703,1236,37,0.0,
24704,1236,38,0.0,
24705,1236,39,0.0,
24706,1236,40,0.0,
24707,1236,41,0.0,
24708,1236,42,0.0,
24709,1236,43,0.0,
24710,1236,44,0.0,
24711,1236,45,0.0,
24712,1236,46,0.0,
24713,1236,47,0.0,
24714,1236,48,0.0,
24715,1236,49,0.0,
24716,1236,50,0.0,
24717,1236,51,0.0,
24719,1237,1,19.0,
24720,1237,2,0.0,
24723,1237,5,0.0,
24724,1237,6,0.0,
24728,1237,12,0.0,
24729,1237,13,0.0,
24732,1237,7,0.0,
24734,1237,17,0.0,
24735,1237,18,0.0,
24736,1237,19,0.0,
24737,1237,20,0.0,
24738,1237,21,0.0,
24739,1237,22,0.0,
24740,1237,23,0.0,
24741,1237,24,0.0,
24742,1237,25,0.0,
24743,1237,26,0.0,
24744,1237,27,0.0,
24745,1237,28,0.0,
24746,1237,29,0.0,
24747,1237,30,0.0,
24748,1237,31,0.0,
24749,1237,32,0.0,
24750,1237,33,0.0,
24751,1237,34,0.0,
24752,1237,35,0.0,
24753,1237,36,0.0,
24754,1237,37,0.0,
24755,1237,38,0.0,
24756,1237,39,0.0,
24757,1237,40,0.0,
24758,1237,41,0.0,
24759,1237,42,0.0,
24760,1237,43,0.0,
24761,1237,44,0.0,
24762,1237,45,0.0,
24763,1237,46,0.0,
24764,1237,47,0.0,
24765,1237,48,0.0,
24766,1237,49,0.0,
24767,1237,50,0.0,
24768,1237,51,0.0,
24770,1238,1,130.0,
24771,1238,2,0.0,
24774,1238,5,0.0,
24775,1238,6,0.0,
24779,1238,12,0.0,
24780,1238,13,0.0,
24783,1238,7,0.0,
24785,1238,17,0.0,
24786,1238,18,0.0,
24787,1238,19,0.0,
24788,1238,20,0.0,
24789,1238,21,0.0,
24790,1238,22,0.0,
24791,1238,23,0.0,
24792,1238,24,0.0,
24793,1238,25,0.0,
24794,1238,26,0.0,
24795,1238,27,0.0,
24796,1238,28,0.0,
24797,1238,29,0.0,
24798,1238,30,0.0,
24799,1238,31,0.0,
24800,1238,32,0.0,
24801,1238,33,0.0,
24802,1238,34,0.0,
24803,1238,35,0.0,
24804,1238,36,0.0,
24805,1238,37,0.0,
24806,1238,38,0.0,
24807,1238,39,0.0,
24808,1238,40,0.0,
24809,1238,41,0.0,
24810,1238,42,0.0,
24811,1238,43,0.0,
24812,1238,44,0.0,
24813,1238,45,0.0,
24814,1238,46,0.0,
24815,1238,47,0.0,
24816,1238,48,0.0,
24817,1238,49,0.0,
24818,1238,50,0.0,
24819,1238,51,0.0,
24821,1239,1,24.0,
24822,1239,2,0.0,
24825,1239,5,0.0,
24826,1239,6,0.0,
24830,1239,12,0.0,
24831,1239,13,0.0,
24834,1239,7,0.0,
24836,1239,17,0.0,
24837,1239,18,0.0,
24838,1239,19,0.0,
24839,1239,20,0.0,
24840,1239,21,0.0,
24841,1239,22,0.0,
24842,1239,23,0.0,
24843,1239,24,0.0,
24844,1239,25,0.0,
24845,1239,26,0.0,
24846,1239,27,0.0,
24847,1239,28,0.0,
24848,1239,29,0.0,
24849,1239,30,0.0,
24850,1239,31,0.0,
24851,1239,32,0.0,
24852,1239,33,0.0,
24853,1239,34,0.0,
24854,1239,35,0.0,
24855,1239,36,0.0,
24856,1239,37,0.0,
24857,1239,38,0.0,
24858,1239,39,0.0,
24859,1239,40,0.0,
24860,1239,41,0.0,
24861,1239,42,0.0,
24862,1239,43,0.0,
24863,1239,44,0.0,
24864,1239,45,0.0,
24865,1239,46,0.0,
24866,1239,47,0.0,
24867,1239,48,0.0,
24868,1239,49,0.0,
24869,1239,50,0.0,
24870,1239,51,0.0,
24872,1240,1,56.0,
24873,1240,2,0.0,
24876,1240,5,0.0,
24877,1240,6,0.0,
24881,1240,12,0.0,
24882,1240,13,0.0,
24885,1240,7,0.0,
24887,1240,17,0.0,
24888,1240,18,0.0,
24889,1240,19,0.0,
24890,1240,20,0.0,
24891,1240,21,0.0,
24892,1240,22,0.0,
24893,1240,23,0.0,
24894,1240,24,0.0,
24895,1240,25,0.0,
24896,1240,26,0.0,
24897,1240,27,0.0,
24898,1240,28,0.0,
24899,1240,29,0.0,
24900,1240,30,0.0,
24901,1240,31,0.0,
24902,1240,32,0.0,
24903,1240,33,0.0,
24904,1240,34,0.0,
24905,1240,35,0.0,
24906,1240,36,0.0,
24907,1240,37,0.0,
24908,1240,38,0.0,
24909,1240,39,0.0,
24910,1240,40,0.0,
24911,1240,41,0.0,
24912,1240,42,0.0,
24913,1240,43,0.0,
24914,1240,44,0.0,
24915,1240,45,0.0,
24916,1240,46,0.0,
24917,1240,47,0.0,
24918,1240,48,0.0,
24919,1240,49,0.0,
24920,1240,50,0.0,
24921,1240,51,0.0,
24923,1241,1,57.0,
24924,1241,2,0.0,
24927,1241,5,0.0,
24928,1241,6,0.0,
24932,1241,12,0.0,
24933,1241,13,0.0,
24936,1241,7,0.0,
24938,1241,17,0.0,
24939,1241,18,0.0,
24940,1241,19,0.0,
24941,1241,20,0.0,
24942,1241,21,0.0,
24943,1241,22,0.0,
24944,1241,23,0.0,
24945,1241,24,0.0,
24946,1241,25,0.0,
24947,1241,26,0.0,
24948,1241,27,0.0,
24949,1241,28,0.0,
24950,1241,29,0.0,
24951,1241,30,0.0,
24952,1241,31,0.0,
24953,1241,32,0.0,
24954,1241,33,0.0,
24955,1241,34,0.0,
24956,1241,35,0.0,
24957,1241,36,0.0,
24958,1241,37,0.0,
24959,1241,38,0.0,
24960,1241,39,0.0,
24961,1241,40,0.0,
24962,1241,41,0.0,
24963,1241,42,0.0,
24964,1241,43,0.0,
24965,1241,44,0.0,
24966,1241,45,0.0,
24967,1241,46,0.0,
24968,1241,47,0.0,
24969,1241,48,0.0,
24970,1241,49,0.0,
24971,1241,50,0.0,
24972,1241,51,0.0,
24974,1242,1,306.0,
24975,1242,2,0.0,
24978,1242,5,0.0,
24979,1242,6,0.0,
24986,1242,15,0.0,
24987,1242,7,0.0,
24988,1242,16,0.0,
24989,1242,17,0.0,
24990,1242,18,0.0,
24991,1242,19,0.0,
24992,1242,20,0.0,
24993,1242,21,0.0,
24994,1242,22,0.0,
24995,1242,23,0.0,
24996,1242,24,0.0,
24997,1242,25,0.0,
24998,1242,26,0.0,
24999,1242,27,0.0,
25000,1242,28,0.0,
25001,1242,29,0.0,
25002,1242,30,0.0,
25003,1242,31,0.0,
25004,1242,32,0.0,
25005,1242,33,0.0,
25006,1242,34,0.0,
25007,1242,35,0.0,
25008,1242,36,0.0,
25009,1242,37,0.0,
25010,1242,38,0.0,
25011,1242,39,0.0,
25012,1242,40,0.0,
25013,1242,41,0.0,
25014,1242,42,0.0,
25015,1242,43,0.0,
25016,1242,44,0.0,
25017,1242,45,0.0,
25018,1242,46,0.0,
25019,1242,47,0.0,
25020,1242,48,0.0,
25021,1242,49,0.0,
25022,1242,50,0.0,
25023,1242,51,0.0,
25025,1243,1,20.0,
25026,1243,2,0.0,
25029,1243,5,0.0,
25030,1243,6,0.0,
25034,1243,12,0.0,
25035,1243,13,0.0,
25038,1243,7,0.0,
25040,1243,17,0.0,
25041,1243,18,0.0,
25042,1243,19,0.0,
25043,1243,20,0.0,
25044,1243,21,0.0,
25045,1243,22,0.0,
25046,1243,23,0.0,
25047,1243,24,0.0,
25048,1243,25,0.0,
25049,1243,26,0.0,
25050,1243,27,0.0,
25051,1243,28,0.0,
25052,1243,29,0.0,
25053,1243,30,0.0,
25054,1243,31,0.0,
25055,1243,32,0.0,
25056,1243,33,0.0,
25057,1243,34,0.0,
25058,1243,35,0.0,
25059,1243,36,0.0,
25060,1243,37,0.0,
25061,1243,38,0.0,
25062,1243,39,0.0,
25063,1243,40,0.0,
25064,1243,41,0.0,
25065,1243,42,0.0,
25066,1243,43,0.0,
25067,1243,44,0.0,
25068,1243,45,0.0,
25069,1243,46,0.0,
25070,1243,47,0.0,
25071,1243,48,0.0,
25072,1243,49,0.0,
25073,1243,50,0.0,
25074,1243,51,0.0,
25076,1244,1,17.0,
25077,1244,2,0.0,
25080,1244,5,0.0,
25081,1244,6,0.0,
25085,1244,12,0.0,
25086,1244,13,0.0,
25089,1244,7,0.0,
25091,1244,17,0.0,
25092,1244,18,0.0,
25093,1244,19,0.0,
25094,1244,20,0.0,
25095,1244,21,0.0,
25096,1244,22,0.0,
25097,1244,23,0.0,
25098,1244,24,0.0,
25099,1244,25,0.0,
25100,1244,26,0.0,
25101,1244,27,0.0,
25102,1244,28,0.0,
25103,1244,29,0.0,
25104,1244,30,0.0,
25105,1244,31,0.0,
25106,1244,32,0.0,
25107,1244,33,0.0,
25108,1244,34,0.0,
25109,1244,35,0.0,
25110,1244,36,0.0,
25111,1244,37,0.0,
25112,1244,38,0.0,
25113,1244,39,0.0,
25114,1244,40,0.0,
25115,1244,41,0.0,
25116,1244,42,0.0,
25117,1244,43,0.0,
25118,1244,44,0.0,
25119,1244,45,0.0,
25120,1244,46,0.0,
25121,1244,47,0.0,
25122,1244,48,0.0,
25123,1244,49,0.0,
25124,1244,50,0.0,
25125,1244,51,0.0,
25127,1245,1,47.0,
25128,1245,2,0.0,
25131,1245,5,0.0,
25132,1245,6,0.0,
25136,1245,12,0.0,
25137,1245,13,0.0,
25140,1245,7,0.0,
25142,1245,17,0.0,
25143,1245,18,0.0,
25144,1245,19,0.0,
25145,1245,20,0.0,
25146,1245,21,0.0,
25147,1245,22,0.0,
25148,1245,23,0.0,
25149,1245,24,0.0,
25150,1245,25,0.0,
25151,1245,26,0.0,
25152,1245,27,0.0,
25153,1245,28,0.0,
25154,1245,29,0.0,
25155,1245,30,0.0,
25156,1245,31,0.0,
25157,1245,32,0.0,
25158,1245,33,0.0,
25159,1245,34,0.0,
25160,1245,35,0.0,
25161,1245,36,0.0,
25162,1245,37,0.0,
25163,1245,38,0.0,
25164,1245,39,0.0,
25165,1245,40,0.0,
25166,1245,41,0.0,
25167,1245,42,0.0,
25168,1245,43,0.0,
25169,1245,44,0.0,
25170,1245,45,0.0,
25171,1245,46,0.0,
25172,1245,47,0.0,
25173,1245,48,0.0,
25174,1245,49,0.0,
25175,1245,50,0.0,
25176,1245,51,0.0,
25178,1246,1,3.0,
25179,1246,2,0.0,
25182,1246,5,0.0,
25183,1246,6,0.0,
25187,1246,12,0.0,
25188,1246,13,0.0,
25191,1246,7,0.0,
25193,1246,17,0.0,
25194,1246,18,0.0,
25195,1246,19,0.0,
25196,1246,20,0.0,
25197,1246,21,0.0,
25198,1246,22,0.0,
25199,1246,23,0.0,
25200,1246,24,0.0,
25201,1246,25,0.0,
25202,1246,26,0.0,
25203,1246,27,0.0,
25204,1246,28,0.0,
25205,1246,29,0.0,
25206,1246,30,0.0,
25207,1246,31,0.0,
25208,1246,32,0.0,
25209,1246,33,0.0,
25210,1246,34,0.0,
25211,1246,35,0.0,
25212,1246,36,0.0,
25213,1246,37,0.0,
25214,1246,38,0.0,
25215,1246,39,0.0,
25216,1246,40,0.0,
25217,1246,41,0.0,
25218,1246,42,0.0,
25219,1246,43,0.0,
25220,1246,44,0.0,
25221,1246,45,0.0,
25222,1246,46,0.0,
25223,1246,47,0.0,
25224,1246,48,0.0,
25225,1246,49,0.0,
25226,1246,50,0.0,
25227,1246,51,0.0,
25229,1247,1,44.0,
25230,1247,2,0.0,
25233,1247,5,0.0,
25234,1247,6,0.0,
25238,1247,12,0.0,
25239,1247,13,0.0,
25242,1247,7,0.0,
25244,1247,17,0.0,
25245,1247,18,0.0,
25246,1247,19,0.0,
25247,1247,20,0.0,
25248,1247,21,0.0,
25249,1247,22,0.0,
25250,1247,23,0.0,
25251,1247,24,0.0,
25252,1247,25,0.0,
25253,1247,26,0.0,
25254,1247,27,0.0,
25255,1247,28,0.0,
25256,1247,29,0.0,
25257,1247,30,0.0,
25258,1247,31,0.0,
25259,1247,32,0.0,
25260,1247,33,0.0,
25261,1247,34,0.0,
25262,1247,35,0.0,
25263,1247,36,0.0,
25264,1247,37,0.0,
25265,1247,38,0.0,
25266,1247,39,0.0,
25267,1247,40,0.0,
25268,1247,41,0.0,
25269,1247,42,0.0,
25270,1247,43,0.0,
25271,1247,44,0.0,
25272,1247,45,0.0,
25273,1247,46,0.0,
25274,1247,47,0.0,
25275,1247,48,0.0,
25276,1247,49,0.0,
25277,1247,50,0.0,
25278,1247,51,0.0,
25280,1248,1,89.0,
25281,1248,2,0.0,
25284,1248,5,0.0,
25285,1248,6,0.0,
25289,1248,12,0.0,
25290,1248,13,0.0,
25293,1248,7,0.0,
25295,1248,17,0.0,
25296,1248,18,0.0,
25297,1248,19,0.0,
25298,1248,20,0.0,
25299,1248,21,0.0,
25300,1248,22,0.0,
25301,1248,23,0.0,
25302,1248,24,0.0,
25303,1248,25,0.0,
25304,1248,26,0.0,
25305,1248,27,0.0,
25306,1248,28,0.0,
25307,1248,29,0.0,
25308,1248,30,0.0,
25309,1248,31,0.0,
25310,1248,32,0.0,
25311,1248,33,0.0,
25312,1248,34,0.0,
25313,1248,35,0.0,
25314,1248,36,0.0,
25315,1248,37,0.0,
25316,1248,38,0.0,
25317,1248,39,0.0,
25318,1248,40,0.0,
25319,1248,41,0.0,
25320,1248,42,0.0,
25321,1248,43,0.0,
25322,1248,44,0.0,
25323,1248,45,0.0,
25324,1248,46,0.0,
25325,1248,47,0.0,
25326,1248,48,0.0,
25327,1248,49,0.0,
25328,1248,50,0.0,
25329,1248,51,0.0,
25331,1249,1,210.0,
25332,1249,2,0.0,
25335,1249,5,0.0,
25336,1249,6,0.0,
25343,1249,15,0.0,
25344,1249,7,0.0,
25345,1249,16,0.0,
25346,1249,17,0.0,
25347,1249,18,0.0,
25348,1249,19,0.0,
25349,1249,20,0.0,
25350,1249,21,0.0,
25351,1249,22,0.0,
25352,1249,23,0.0,
25353,1249,24,0.0,
25354,1249,25,0.0,
25355,1249,26,0.0,
25356,1249,27,0.0,
25357,1249,28,0.0,
25358,1249,29,0.0,
25359,1249,30,0.0,
25360,1249,31,0.0,
25361,1249,32,0.0,
25362,1249,33,0.0,
25363,1249,34,0.0,
25364,1249,35,0.0,
25365,1249,36,0.0,
25366,1249,37,0.0,
25367,1249,38,0.0,
25368,1249,39,0.0,
25369,1249,40,0.0,
25370,1249,41,0.0,
25371,1249,42,0.0,
25372,1249,43,0.0,
25373,1249,44,0.0,
25374,1249,45,0.0,
25375,1249,46,0.0,
25376,1249,47,0.0,
25377,1249,48,0.0,
25378,1249,49,0.0,
25379,1249,50,0.0,
25380,1249,51,0.0,
25382,1250,1,10.0,
25383,1250,2,0.0,
25386,1250,5,0.0,
25387,1250,6,0.0,
25391,1250,12,0.0,
25392,1250,13,0.0,
25395,1250,7,0.0,
25397,1250,17,0.0,
25398,1250,18,0.0,
25399,1250,19,0.0,
25400,1250,20,0.0,
25401,1250,21,0.0,
25402,1250,22,0.0,
25403,1250,23,0.0,
25404,1250,24,0.0,
25405,1250,25,0.0,
25406,1250,26,0.0,
25407,1250,27,0.0,
25408,1250,28,0.0,
25409,1250,29,0.0,
25410,1250,30,0.0,
25411,1250,31,0.0,
25412,1250,32,0.0,
25413,1250,33,0.0,
25414,1250,34,0.0,
25415,1250,35,0.0,
25416,1250,36,0.0,
25417,1250,37,0.0,
25418,1250,38,0.0,
25419,1250,39,0.0,
25420,1250,40,0.0,
25421,1250,41,0.0,
25422,1250,42,0.0,
25423,1250,43,0.0,
25424,1250,44,0.0,
25425,1250,45,0.0,
25426,1250,46,0.0,
25427,1250,47,0.0,
25428,1250,48,0.0,
25429,1250,49,0.0,
25430,1250,50,0.0,
25431,1250,51,0.0,
25433,1251,1,10.0,
25434,1251,2,0.0,
25442,1251,12,0.0,
25443,1251,13,0.0,
25446,1251,7,0.0,
25448,1251,17,0.0,
25449,1251,18,0.0,
25450,1251,19,0.0,
25451,1251,20,0.0,
25452,1251,21,0.0,
25453,1251,22,0.0,
25454,1251,23,0.0,
25455,1251,24,0.0,
25456,1251,25,0.0,
25457,1251,26,0.0,
25458,1251,27,0.0,
25459,1251,28,0.0,
25460,1251,29,0.0,
25461,1251,30,0.0,
25462,1251,31,0.0,
25463,1251,32,0.0,
25464,1251,33,0.0,
25465,1251,34,0.0,
25466,1251,35,0.0,
25467,1251,36,0.0,
25468,1251,37,0.0,
25469,1251,38,0.0,
25470,1251,39,0.0,
25471,1251,40,0.0,
25472,1251,41,0.0,
25473,1251,42,0.0,
25474,1251,43,0.0,
25475,1251,44,0.0,
25476,1251,45,0.0,
25477,1251,46,0.0,
25478,1251,47,0.0,
25479,1251,48,0.0,
25480,1251,49,0.0,
25481,1251,50,0.0,
25482,1251,51,0.0,
25484,1252,1,62.0,
25485,1252,2,0.0,
25493,1252,12,0.0,
25494,1252,13,0.0,
25497,1252,7,0.0,
25499,1252,17,0.0,
25500,1252,18,0.0,
25501,1252,19,0.0,
25502,1252,20,0.0,
25503,1252,21,0.0,
25504,1252,22,0.0,
25505,1252,23,0.0,
25506,1252,24,0.0,
25507,1252,25,0.0,
25508,1252,26,0.0,
25509,1252,27,0.0,
25510,1252,28,0.0,
25511,1252,29,0.0,
25512,1252,30,0.0,
25513,1252,31,0.0,
25514,1252,32,0.0,
25515,1252,33,0.0,
25516,1252,34,0.0,
25517,1252,35,0.0,
25518,1252,36,0.0,
25519,1252,37,0.0,
25520,1252,38,0.0,
25521,1252,39,0.0,
25522,1252,40,0.0,
25523,1252,41,0.0,
25524,1252,42,0.0,
25525,1252,43,0.0,
25526,1252,44,0.0,
25527,1252,45,0.0,
25528,1252,46,0.0,
25529,1252,47,0.0,
25530,1252,48,0.0,
25531,1252,49,0.0,
25532,1252,50,0.0,
25533,1252,51,0.0,
25535,1253,1,15.0,
25536,1253,2,0.0,
25544,1253,12,0.0,
25545,1253,13,0.0,
25548,1253,7,0.0,
25550,1253,17,0.0,
25551,1253,18,0.0,
25552,1253,19,0.0,
25553,1253,20,0.0,
25554,1253,21,0.0,
25555,1253,22,0.0,
25556,1253,23,0.0,
25557,1253,24,0.0,
25558,1253,25,0.0,
25559,1253,26,0.0,
25560,1253,27,0.0,
25561,1253,28,0.0,
25562,1253,29,0.0,
25563,1253,30,0.0,
25564,1253,31,0.0,
25565,1253,32,0.0,
25566,1253,33,0.0,
25567,1253,34,0.0,
25568,1253,35,0.0,
25569,1253,36,0.0,
25570,1253,37,0.0,
25571,1253,38,0.0,
25572,1253,39,0.0,
25573,1253,40,0.0,
25574,1253,41,0.0,
25575,1253,42,0.0,
25576,1253,43,0.0,
25577,1253,44,0.0,
25578,1253,45,0.0,
25579,1253,46,0.0,
25580,1253,47,0.0,
25581,1253,48,0.0,
25582,1253,49,0.0,
25583,1253,50,0.0,
25584,1253,51,0.0,
25586,1254,1,63.0,
25587,1254,2,0.0,
25590,1254,5,0.0,
25591,1254,6,0.0,
25595,1254,12,0.0,
25596,1254,13,0.0,
25599,1254,7,0.0,
25601,1254,17,0.0,
25602,1254,18,0.0,
25603,1254,19,0.0,
25604,1254,20,0.0,
25605,1254,21,0.0,
25606,1254,22,0.0,
25607,1254,23,0.0,
25608,1254,24,0.0,
25609,1254,25,0.0,
25610,1254,26,0.0,
25611,1254,27,0.0,
25612,1254,28,0.0,
25613,1254,29,0.0,
25614,1254,30,0.0,
25615,1254,31,0.0,
25616,1254,32,0.0,
25617,1254,33,0.0,
25618,1254,34,0.0,
25619,1254,35,0.0,
25620,1254,36,0.0,
25621,1254,37,0.0,
25622,1254,38,0.0,
25623,1254,39,0.0,
25624,1254,40,0.0,
25625,1254,41,0.0,
25626,1254,42,0.0,
25627,1254,43,0.0,
25628,1254,44,0.0,
25629,1254,45,0.0,
25630,1254,46,0.0,
25631,1254,47,0.0,
25632,1254,48,0.0,
25633,1254,49,0.0,
25634,1254,50,0.0,
25635,1254,51,0.0,
25637,1255,1,66.0,
25638,1255,2,0.0,
25646,1255,12,0.0,
25647,1255,13,0.0,
25650,1255,7,0.0,
25652,1255,17,0.0,
25653,1255,18,0.0,
25654,1255,19,0.0,
25655,1255,20,0.0,
25656,1255,21,0.0,
25657,1255,22,0.0,
25658,1255,23,0.0,
25659,1255,24,0.0,
25660,1255,25,0.0,
25661,1255,26,0.0,
25662,1255,27,0.0,
25663,1255,28,0.0,
25664,1255,29,0.0,
25665,1255,30,0.0,
25666,1255,31,0.0,
25667,1255,32,0.0,
25668,1255,33,0.0,
25669,1255,34,0.0,
25670,1255,35,0.0,
25671,1255,36,0.0,
25672,1255,37,0.0,
25673,1255,38,0.0,
25674,1255,39,0.0,
25675,1255,40,0.0,
25676,1255,41,0.0,
25677,1255,42,0.0,
25678,1255,43,0.0,
25679,1255,44,0.0,
25680,1255,45,0.0,
25681,1255,46,0.0,
25682,1255,47,0.0,
25683,1255,48,0.0,
25684,1255,49,0.0,
25685,1255,50,0.0,
25686,1255,51,0.0,
25688,1256,1,226.0,
25689,1256,2,0.0,
25693,1256,6,0.0,
25700,1256,15,0.0,
25701,1256,7,0.0,
25702,1256,16,0.0,
25703,1256,17,0.0,
25704,1256,18,0.0,
25705,1256,19,0.0,
25706,1256,20,0.0,
25707,1256,21,0.0,
25708,1256,22,0.0,
25709,1256,23,0.0,
25710,1256,24,0.0,
25711,1256,25,0.0,
25712,1256,26,0.0,
25713,1256,27,0.0,
25714,1256,28,0.0,
25715,1256,29,0.0,
25716,1256,30,0.0,
25717,1256,31,0.0,
25718,1256,32,0.0,
25719,1256,33,0.0,
25720,1256,34,0.0,
25721,1256,35,0.0,
25722,1256,36,0.0,
25723,1256,37,0.0,
25724,1256,38,0.0,
25725,1256,39,0.0,
25726,1256,40,0.0,
25727,1256,41,0.0,
25728,1256,42,0.0,
25729,1256,43,0.0,
25730,1256,44,0.0,
25731,1256,45,0.0,
25732,1256,46,0.0,
25733,1256,47,0.0,
25734,1256,48,0.0,
25735,1256,49,0.0,
25736,1256,50,0.0,
25737,1256,51,0.0,
25739,1257,1,10.0,
25740,1257,2,0.0,
25748,1257,12,0.0,
25749,1257,13,0.0,
25752,1257,7,0.0,
25754,1257,17,0.0,
25755,1257,18,0.0,
25756,1257,19,0.0,
25757,1257,20,0.0,
25758,1257,21,0.0,
25759,1257,22,0.0,
25760,1257,23,0.0,
25761,1257,24,0.0,
25762,1257,25,0.0,
25763,1257,26,0.0,
25764,1257,27,0.0,
25765,1257,28,0.0,
25766,1257,29,0.0,
25767,1257,30,0.0,
25768,1257,31,0.0,
25769,1257,32,0.0,
25770,1257,33,0.0,
25771,1257,34,0.0,
25772,1257,35,0.0,
25773,1257,36,0.0,
25774,1257,37,0.0,
25775,1257,38,0.0,
25776,1257,39,0.0,
25777,1257,40,0.0,
25778,1257,41,0.0,
25779,1257,42,0.0,
25780,1257,43,0.0,
25781,1257,44,0.0,
25782,1257,45,0.0,
25783,1257,46,0.0,
25784,1257,47,0.0,
25785,1257,48,0.0,
25786,1257,49,0.0,
25787,1257,50,0.0,
25788,1257,51,0.0,
25790,1258,1,7.0,
25791,1258,2,0.0,
25799,1258,12,0.0,
25800,1258,13,0.0,
25803,1258,7,0.0,
25805,1258,17,0.0,
25806,1258,18,0.0,
25807,1258,19,0.0,
25808,1258,20,0.0,
25809,1258,21,0.0,
25810,1258,22,0.0,
25811,1258,23,0.0,
25812,1258,24,0.0,
25813,1258,25,0.0,
25814,1258,26,0.0,
25815,1258,27,0.0,
25816,1258,28,0.0,
25817,1258,29,0.0,
25818,1258,30,0.0,
25819,1258,31,0.0,
25820,1258,32,0.0,
25821,1258,33,0.0,
25822,1258,34,0.0,
25823,1258,35,0.0,
25824,1258,36,0.0,
25825,1258,37,0.0,
25826,1258,38,0.0,
25827,1258,39,0.0,
25828,1258,40,0.0,
25829,1258,41,0.0,
25830,1258,42,0.0,
25831,1258,43,0.0,
25832,1258,44,0.0,
25833,1258,45,0.0,
25834,1258,46,0.0,
25835,1258,47,0.0,
25836,1258,48,0.0,
25837,1258,49,0.0,
25838,1258,50,0.0,
25839,1258,51,0.0,
25841,1259,1,85.0,
25842,1259,2,0.0,
25850,1259,12,0.0,
25851,1259,13,0.0,
25854,1259,7,0.0,
25856,1259,17,0.0,
25857,1259,18,0.0,
25858,1259,19,0.0,
25859,1259,20,0.0,
25860,1259,21,0.0,
25861,1259,22,0.0,
25862,1259,23,0.0,
25863,1259,24,0.0,
25864,1259,25,0.0,
25865,1259,26,0.0,
25866,1259,27,0.0,
25867,1259,28,0.0,
25868,1259,29,0.0,
25869,1259,30,0.0,
25870,1259,31,0.0,
25871,1259,32,0.0,
25872,1259,33,0.0,
25873,1259,34,0.0,
25874,1259,35,0.0,
25875,1259,36,0.0,
25876,1259,37,0.0,
25877,1259,38,0.0,
25878,1259,39,0.0,
25879,1259,40,0.0,
25880,1259,41,0.0,
25881,1259,42,0.0,
25882,1259,43,0.0,
25883,1259,44,0.0,
25884,1259,45,0.0,
25885,1259,46,0.0,
25886,1259,47,0.0,
25887,1259,48,0.0,
25888,1259,49,0.0,
25889,1259,50,0.0,
25890,1259,51,0.0,
25892,1260,1,15.0,
25893,1260,2,0.0,
25901,1260,12,0.0,
25902,1260,13,0.0,
25905,1260,7,0.0,
25907,1260,17,0.0,
25908,1260,18,0.0,
25909,1260,19,0.0,
25910,1260,20,0.0,
25911,1260,21,0.0,
25912,1260,22,0.0,
25913,1260,23,0.0,
25914,1260,24,0.0,
25915,1260,25,0.0,
25916,1260,26,0.0,
25917,1260,27,0.0,
25918,1260,28,0.0,
25919,1260,29,0.0,
25920,1260,30,0.0,
25921,1260,31,0.0,
25922,1260,32,0.0,
25923,1260,33,0.0,
25924,1260,34,0.0,
25925,1260,35,0.0,
25926,1260,36,0.0,
25927,1260,37,0.0,
25928,1260,38,0.0,
25929,1260,39,0.0,
25930,1260,40,0.0,
25931,1260,41,0.0,
25932,1260,42,0.0,
25933,1260,43,0.0,
25934,1260,44,0.0,
25935,1260,45,0.0,
25936,1260,46,0.0,
25937,1260,47,0.0,
25938,1260,48,0.0,
25939,1260,49,0.0,
25940,1260,50,0.0,
25941,1260,51,0.0,
25943,1261,1,31.0,
25944,1261,2,0.0,
25947,1261,5,0.0,
25948,1261,6,0.0,
25952,1261,12,0.0,
25953,1261,13,0.0,
25956,1261,7,0.0,
25958,1261,17,0.0,
25959,1261,18,0.0,
25960,1261,19,0.0,
25961,1261,20,0.0,
25962,1261,21,0.0,
25963,1261,22,0.0,
25964,1261,23,0.0,
25965,1261,24,0.0,
25966,1261,25,0.0,
25967,1261,26,0.0,
25968,1261,27,0.0,
25969,1261,28,0.0,
25970,1261,29,0.0,
25971,1261,30,0.0,
25972,1261,31,0.0,
25973,1261,32,0.0,
25974,1261,33,0.0,
25975,1261,34,0.0,
25976,1261,35,0.0,
25977,1261,36,0.0,
25978,1261,37,0.0,
25979,1261,38,0.0,
25980,1261,39,0.0,
25981,1261,40,0.0,
25982,1261,41,0.0,
25983,1261,42,0.0,
25984,1261,43,0.0,
25985,1261,44,0.0,
25986,1261,45,0.0,
25987,1261,46,0.0,
25988,1261,47,0.0,
25989,1261,48,0.0,
25990,1261,49,0.0,
25991,1261,50,0.0,
25992,1261,51,0.0,
25994,1262,1,67.0,
25995,1262,2,0.0,
26003,1262,12,0.0,
26004,1262,13,0.0,
26007,1262,7,0.0,
26009,1262,17,0.0,
26010,1262,18,0.0,
26011,1262,19,0.0,
26012,1262,20,0.0,
26013,1262,21,0.0,
26014,1262,22,0.0,
26015,1262,23,0.0,
26016,1262,24,0.0,
26017,1262,25,0.0,
26018,1262,26,0.0,
26019,1262,27,0.0,
26020,1262,28,0.0,
26021,1262,29,0.0,
26022,1262,30,0.0,
26023,1262,31,0.0,
26024,1262,32,0.0,
26025,1262,33,0.0,
26026,1262,34,0.0,
26027,1262,35,0.0,
26028,1262,36,0.0,
26029,1262,37,0.0,
26030,1262,38,0.0,
26031,1262,39,0.0,
26032,1262,40,0.0,
26033,1262,41,0.0,
26034,1262,42,0.0,
26035,1262,43,0.0,
26036,1262,44,0.0,
26037,1262,45,0.0,
26038,1262,46,0.0,
26039,1262,47,0.0,
26040,1262,48,0.0,
26041,1262,49,0.0,
26042,1262,50,0.0,
26043,1262,51,0.0,
26045,1263,1,231.0,
26046,1263,2,0.0,
26050,1263,6,0.0,
26057,1263,15,0.0,
26058,1263,7,0.0,
26059,1263,16,0.0,
26060,1263,17,0.0,
26061,1263,18,0.0,
26062,1263,19,0.0,
26063,1263,20,0.0,
26064,1263,21,0.0,
26065,1263,22,0.0,
26066,1263,23,0.0,
26067,1263,24,0.0,
26068,1263,25,0.0,
26069,1263,26,0.0,
26070,1263,27,0.0,
26071,1263,28,0.0,
26072,1263,29,0.0,
26073,1263,30,0.0,
26074,1263,31,0.0,
26075,1263,32,0.0,
26076,1263,33,0.0,
26077,1263,34,0.0,
26078,1263,35,0.0,
26079,1263,36,0.0,
26080,1263,37,0.0,
26081,1263,38,0.0,
26082,1263,39,0.0,
26083,1263,40,0.0,
26084,1263,41,0.0,
26085,1263,42,0.0,
26086,1263,43,0.0,
26087,1263,44,0.0,
26088,1263,45,0.0,
26089,1263,46,0.0,
26090,1263,47,0.0,
26091,1263,48,0.0,
26092,1263,49,0.0,
26093,1263,50,0.0,
26094,1263,51,0.0,
26096,1264,1,26.0,
26097,1264,2,0.0,
26105,1264,12,0.0,
26106,1264,13,0.0,
26109,1264,7,0.0,
26111,1264,17,0.0,
26112,1264,18,0.0,
26113,1264,19,0.0,
26114,1264,20,0.0,
26115,1264,21,0.0,
26116,1264,22,0.0,
26117,1264,23,0.0,
26118,1264,24,0.0,
26119,1264,25,0.0,
26120,1264,26,0.0,
26121,1264,27,0.0,
26122,1264,28,0.0,
26123,1264,29,0.0,
26124,1264,30,0.0,
26125,1264,31,0.0,
26126,1264,32,0.0,
26127,1264,33,0.0,
26128,1264,34,0.0,
26129,1264,35,0.0,
26130,1264,36,0.0,
26131,1264,37,0.0,
26132,1264,38,0.0,
26133,1264,39,0.0,
26134,1264,40,0.0,
26135,1264,41,0.0,
26136,1264,42,0.0,
26137,1264,43,0.0,
26138,1264,44,0.0,
26139,1264,45,0.0,
26140,1264,46,0.0,
26141,1264,47,0.0,
26142,1264,48,0.0,
26143,1264,49,0.0,
26144,1264,50,0.0,
26145,1264,51,0.0,
26147,1265,1,3.0,
26148,1265,2,0.0,
26156,1265,12,0.0,
26157,1265,13,0.0,
26160,1265,7,0.0,
26162,1265,17,0.0,
26163,1265,18,0.0,
26164,1265,19,0.0,
26165,1265,20,0.0,
26166,1265,21,0.0,
26167,1265,22,0.0,
26168,1265,23,0.0,
26169,1265,24,0.0,
26170,1265,25,0.0,
26171,1265,26,0.0,
26172,1265,27,0.0,
26173,1265,28,0.0,
26174,1265,29,0.0,
26175,1265,30,0.0,
26176,1265,31,0.0,
26177,1265,32,0.0,
26178,1265,33,0.0,
26179,1265,34,0.0,
26180,1265,35,0.0,
26181,1265,36,0.0,
26182,1265,37,0.0,
26183,1265,38,0.0,
26184,1265,39,0.0,
26185,1265,40,0.0,
26186,1265,41,0.0,
26187,1265,42,0.0,
26188,1265,43,0.0,
26189,1265,44,0.0,
26190,1265,45,0.0,
26191,1265,46,0.0,
26192,1265,47,0.0,
26193,1265,48,0.0,
26194,1265,49,0.0,
26195,1265,50,0.0,
26196,1265,51,0.0,
26198,1266,1,71.0,
26199,1266,2,0.0,
26207,1266,12,0.0,
26208,1266,13,0.0,
26211,1266,7,0.0,
26213,1266,17,0.0,
26214,1266,18,0.0,
26215,1266,19,0.0,
26216,1266,20,0.0,
26217,1266,21,0.0,
26218,1266,22,0.0,
26219,1266,23,0.0,
26220,1266,24,0.0,
26221,1266,25,0.0,
26222,1266,26,0.0,
26223,1266,27,0.0,
26224,1266,28,0.0,
26225,1266,29,0.0,
26226,1266,30,0.0,
26227,1266,31,0.0,
26228,1266,32,0.0,
26229,1266,33,0.0,
26230,1266,34,0.0,
26231,1266,35,0.0,
26232,1266,36,0.0,
26233,1266,37,0.0,
26234,1266,38,0.0,
26235,1266,39,0.0,
26236,1266,40,0.0,
26237,1266,41,0.0,
26238,1266,42,0.0,
26239,1266,43,0.0,
26240,1266,44,0.0,
26241,1266,45,0.0,
26242,1266,46,0.0,
26243,1266,47,0.0,
26244,1266,48,0.0,
26245,1266,49,0.0,
26246,1266,50,0.0,
26247,1266,51,0.0,
26249,1267,1,22.0,
26250,1267,2,0.0,
26258,1267,12,0.0,
26259,1267,13,0.0,
26262,1267,7,0.0,
26264,1267,17,0.0,
26265,1267,18,0.0,
26266,1267,19,0.0,
26267,1267,20,0.0,
26268,1267,21,0.0,
26269,1267,22,0.0,
26270,1267,23,0.0,
26271,1267,24,0.0,
26272,1267,25,0.0,
26273,1267,26,0.0,
26274,1267,27,0.0,
26275,1267,28,0.0,
26276,1267,29,0.0,
26277,1267,30,0.0,
26278,1267,31,0.0,
26279,1267,32,0.0,
26280,1267,33,0.0,
26281,1267,34,0.0,
26282,1267,35,0.0,
26283,1267,36,0.0,
26284,1267,37,0.0,
26285,1267,38,0.0,
26286,1267,39,0.0,
26287,1267,40,0.0,
26288,1267,41,0.0,
26289,1267,42,0.0,
26290,1267,43,0.0,
26291,1267,44,0.0,
26292,1267,45,0.0,
26293,1267,46,0.0,
26294,1267,47,0.0,
26295,1267,48,0.0,
26296,1267,49,0.0,
26297,1267,50,0.0,
26298,1267,51,0.0,
26300,1268,1,42.0,
26301,1268,2,0.0,
26304,1268,5,0.0,
26305,1268,6,0.0,
26309,1268,12,0.0,
26310,1268,13,0.0,
26313,1268,7,0.0,
26315,1268,17,0.0,
26316,1268,18,0.0,
26317,1268,19,0.0,
26318,1268,20,0.0,
26319,1268,21,0.0,
26320,1268,22,0.0,
26321,1268,23,0.0,
26322,1268,24,0.0,
26323,1268,25,0.0,
26324,1268,26,0.0,
26325,1268,27,0.0,
26326,1268,28,0.0,
26327,1268,29,0.0,
26328,1268,30,0.0,
26329,1268,31,0.0,
26330,1268,32,0.0,
26331,1268,33,0.0,
26332,1268,34,0.0,
26333,1268,35,0.0,
26334,1268,36,0.0,
26335,1268,37,0.0,
26336,1268,38,0.0,
26337,1268,39,0.0,
26338,1268,40,0.0,
26339,1268,41,0.0,
26340,1268,42,0.0,
26341,1268,43,0.0,
26342,1268,44,0.0,
26343,1268,45,0.0,
26344,1268,46,0.0,
26345,1268,47,0.0,
26346,1268,48,0.0,
26347,1268,49,0.0,
26348,1268,50,0.0,
26349,1268,51,0.0,
26351,1269,1,61.0,
26352,1269,2,0.0,
26360,1269,12,0.0,
26361,1269,13,0.0,
26364,1269,7,0.0,
26366,1269,17,0.0,
26367,1269,18,0.0,
26368,1269,19,0.0,
26369,1269,20,0.0,
26370,1269,21,0.0,
26371,1269,22,0.0,
26372,1269,23,0.0,
26373,1269,24,0.0,
26374,1269,25,0.0,
26375,1269,26,0.0,
26376,1269,27,0.0,
26377,1269,28,0.0,
26378,1269,29,0.0,
26379,1269,30,0.0,
26380,1269,31,0.0,
26381,1269,32,0.0,
26382,1269,33,0.0,
26383,1269,34,0.0,
26384,1269,35,0.0,
26385,1269,36,0.0,
26386,1269,37,0.0,
26387,1269,38,0.0,
26388,1269,39,0.0,
26389,1269,40,0.0,
26390,1269,41,0.0,
26391,1269,42,0.0,
26392,1269,43,0.0,
26393,1269,44,0.0,
26394,1269,45,0.0,
26395,1269,46,0.0,
26396,1269,47,0.0,
26397,1269,48,0.0,
26398,1269,49,0.0,
26399,1269,50,0.0,
26400,1269,51,0.0,
26402,1270,1,207.0,
26403,1270,2,0.0,
26407,1270,6,0.0,
26414,1270,15,0.0,
26415,1270,7,0.0,
26416,1270,16,0.0,
26417,1270,17,0.0,
26418,1270,18,0.0,
26419,1270,19,0.0,
26420,1270,20,0.0,
26421,1270,21,0.0,
26422,1270,22,0.0,
26423,1270,23,0.0,
26424,1270,24,0.0,
26425,1270,25,0.0,
26426,1270,26,0.0,
26427,1270,27,0.0,
26428,1270,28,0.0,
26429,1270,29,0.0,
26430,1270,30,0.0,
26431,1270,31,0.0,
26432,1270,32,0.0,
26433,1270,33,0.0,
26434,1270,34,0.0,
26435,1270,35,0.0,
26436,1270,36,0.0,
26437,1270,37,0.0,
26438,1270,38,0.0,
26439,1270,39,0.0,
26440,1270,40,0.0,
26441,1270,41,0.0,
26442,1270,42,0.0,
26443,1270,43,0.0,
26444,1270,44,0.0,
26445,1270,45,0.0,
26446,1270,46,0.0,
26447,1270,47,0.0,
26448,1270,48,0.0,
26449,1270,49,0.0,
26450,1270,50,0.0,
26451,1270,51,0.0,
26453,1271,1,8.0,
26454,1271,2,0.0,
26462,1271,12,0.0,
26463,1271,13,0.0,
26466,1271,7,0.0,
26468,1271,17,0.0,
26469,1271,18,0.0,
26470,1271,19,0.0,
26471,1271,20,0.0,
26472,1271,21,0.0,
26473,1271,22,0.0,
26474,1271,23,0.0,
26475,1271,24,0.0,
26476,1271,25,0.0,
26477,1271,26,0.0,
26478,1271,27,0.0,
26479,1271,28,0.0,
26480,1271,29,0.0,
26481,1271,30,0.0,
26482,1271,31,0.0,
26483,1271,32,0.0,
26484,1271,33,0.0,
26485,1271,34,0.0,
26486,1271,35,0.0,
26487,1271,36,0.0,
26488,1271,37,0.0,
26489,1271,38,0.0,
26490,1271,39,0.0,
26491,1271,40,0.0,
26492,1271,41,0.0,
26493,1271,42,0.0,
26494,1271,43,0.0,
26495,1271,44,0.0,
26496,1271,45,0.0,
26497,1271,46,0.0,
26498,1271,47,0.0,
26499,1271,48,0.0,
26500,1271,49,0.0,
26501,1271,50,0.0,
26502,1271,51,0.0,
26504,1272,1,10.0,
26505,1272,2,0.0,
26513,1272,12,0.0,
26514,1272,13,0.0,
26517,1272,7,0.0,
26519,1272,17,0.0,
26520,1272,18,0.0,
26521,1272,19,0.0,
26522,1272,20,0.0,
26523,1272,21,0.0,
26524,1272,22,0.0,
26525,1272,23,0.0,
26526,1272,24,0.0,
26527,1272,25,0.0,
26528,1272,26,0.0,
26529,1272,27,0.0,
26530,1272,28,0.0,
26531,1272,29,0.0,
26532,1272,30,0.0,
26533,1272,31,0.0,
26534,1272,32,0.0,
26535,1272,33,0.0,
26536,1272,34,0.0,
26537,1272,35,0.0,
26538,1272,36,0.0,
26539,1272,37,0.0,
26540,1272,38,0.0,
26541,1272,39,0.0,
26542,1272,40,0.0,
26543,1272,41,0.0,
26544,1272,42,0.0,
26545,1272,43,0.0,
26546,1272,44,0.0,
26547,1272,45,0.0,
26548,1272,46,0.0,
26549,1272,47,0.0,
26550,1272,48,0.0,
26551,1272,49,0.0,
26552,1272,50,0.0,
26553,1272,51,0.0,
26555,1273,1,105.0,
26556,1273,2,0.0,
26564,1273,12,0.0,
26565,1273,13,0.0,
26568,1273,7,0.0,
26570,1273,17,0.0,
26571,1273,18,0.0,
26572,1273,19,0.0,
26573,1273,20,0.0,
26574,1273,21,0.0,
26575,1273,22,0.0,
26576,1273,23,0.0,
26577,1273,24,0.0,
26578,1273,25,0.0,
26579,1273,26,0.0,
26580,1273,27,0.0,
26581,1273,28,0.0,
26582,1273,29,0.0,
26583,1273,30,0.0,
26584,1273,31,0.0,
26585,1273,32,0.0,
26586,1273,33,0.0,
26587,1273,34,0.0,
26588,1273,35,0.0,
26589,1273,36,0.0,
26590,1273,37,0.0,
26591,1273,38,0.0,
26592,1273,39,0.0,
26593,1273,40,0.0,
26594,1273,41,0.0,
26595,1273,42,0.0,
26596,1273,43,0.0,
26597,1273,44,0.0,
26598,1273,45,0.0,
26599,1273,46,0.0,
26600,1273,47,0.0,
26601,1273,48,0.0,
26602,1273,49,0.0,
26603,1273,50,0.0,
26604,1273,51,0.0,
26606,1274,1,22.0,
26607,1274,2,0.0,
26615,1274,12,0.0,
26616,1274,13,0.0,
26619,1274,7,0.0,
26621,1274,17,0.0,
26622,1274,18,0.0,
26623,1274,19,0.0,
26624,1274,20,0.0,
26625,1274,21,0.0,
26626,1274,22,0.0,
26627,1274,23,0.0,
26628,1274,24,0.0,
26629,1274,25,0.0,
26630,1274,26,0.0,
26631,1274,27,0.0,
26632,1274,28,0.0,
26633,1274,29,0.0,
26634,1274,30,0.0,
26635,1274,31,0.0,
26636,1274,32,0.0,
26637,1274,33,0.0,
26638,1274,34,0.0,
26639,1274,35,0.0,
26640,1274,36,0.0,
26641,1274,37,0.0,
26642,1274,38,0.0,
26643,1274,39,0.0,
26644,1274,40,0.0,
26645,1274,41,0.0,
26646,1274,42,0.0,
26647,1274,43,0.0,
26648,1274,44,0.0,
26649,1274,45,0.0,
26650,1274,46,0.0,
26651,1274,47,0.0,
26652,1274,48,0.0,
26653,1274,49,0.0,
26654,1274,50,0.0,
26655,1274,51,0.0,
26657,1275,1,2.0,
26658,1275,2,0.0,
26661,1275,5,0.0,
26662,1275,6,0.0,
26666,1275,12,0.0,
26667,1275,13,0.0,
26670,1275,7,0.0,
26672,1275,17,0.0,
26673,1275,18,0.0,
26674,1275,19,0.0,
26675,1275,20,0.0,
26676,1275,21,0.0,
26677,1275,22,0.0,
26678,1275,23,0.0,
26679,1275,24,0.0,
26680,1275,25,0.0,
26681,1275,26,0.0,
26682,1275,27,0.0,
26683,1275,28,0.0,
26684,1275,29,0.0,
26685,1275,30,0.0,
26686,1275,31,0.0,
26687,1275,32,0.0,
26688,1275,33,0.0,
26689,1275,34,0.0,
26690,1275,35,0.0,
26691,1275,36,0.0,
26692,1275,37,0.0,
26693,1275,38,0.0,
26694,1275,39,0.0,
26695,1275,40,0.0,
26696,1275,41,0.0,
26697,1275,42,0.0,
26698,1275,43,0.0,
26699,1275,44,0.0,
26700,1275,45,0.0,
26701,1275,46,0.0,
26702,1275,47,0.0,
26703,1275,48,0.0,
26704,1275,49,0.0,
26705,1275,50,0.0,
26706,1275,51,0.0,
26708,1276,1,212.0,
26709,1276,2,0.0,
26717,1276,12,0.0,
26718,1276,13,0.0,
26721,1276,7,0.0,
26723,1276,17,0.0,
26724,1276,18,0.0,
26725,1276,19,0.0,
26726,1276,20,0.0,
26727,1276,21,0.0,
26728,1276,22,0.0,
26729,1276,23,0.0,
26730,1276,24,0.0,
26731,1276,25,0.0,
26732,1276,26,0.0,
26733,1276,27,0.0,
26734,1276,28,0.0,
26735,1276,29,0.0,
26736,1276,30,0.0,
26737,1276,31,0.0,
26738,1276,32,0.0,
26739,1276,33,0.0,
26740,1276,34,0.0,
26741,1276,35,0.0,
26742,1276,36,0.0,
26743,1276,37,0.0,
26744,1276,38,0.0,
26745,1276,39,0.0,
26746,1276,40,0.0,
26747,1276,41,0.0,
26748,1276,42,0.0,
26749,1276,43,0.0,
26750,1276,44,0.0,
26751,1276,45,0.0,
26752,1276,46,0.0,
26753,1276,47,0.0,
26754,1276,48,0.0,
26755,1276,49,0.0,
26756,1276,50,0.0,
26757,1276,51,0.0,
26759,1277,1,373.0,
26760,1277,2,0.0,
26764,1277,6,0.0,
26771,1277,15,0.0,
26772,1277,7,0.0,
26773,1277,16,0.0,
26774,1277,17,0.0,
26775,1277,18,0.0,
26776,1277,19,0.0,
26777,1277,20,0.0,
26778,1277,21,0.0,
26779,1277,22,0.0,
26780,1277,23,0.0,
26781,1277,24,0.0,
26782,1277,25,0.0,
26783,1277,26,0.0,
26784,1277,27,0.0,
26785,1277,28,0.0,
26786,1277,29,0.0,
26787,1277,30,0.0,
26788,1277,31,0.0,
26789,1277,32,0.0,
26790,1277,33,0.0,
26791,1277,34,0.0,
26792,1277,35,0.0,
26793,1277,36,0.0,
26794,1277,37,0.0,
26795,1277,38,0.0,
26796,1277,39,0.0,
26797,1277,40,0.0,
26798,1277,41,0.0,
26799,1277,42,0.0,
26800,1277,43,0.0,
26801,1277,44,0.0,
26802,1277,45,0.0,
26803,1277,46,0.0,
26804,1277,47,0.0,
26805,1277,48,0.0,
26806,1277,49,0.0,
26807,1277,50,0.0,
26808,1277,51,0.0,
26810,1278,1,22.0,
26811,1278,2,0.0,
26819,1278,12,0.0,
26820,1278,13,0.0,
26823,1278,7,0.0,
26825,1278,17,0.0,
26826,1278,18,0.0,
26827,1278,19,0.0,
26828,1278,20,0.0,
26829,1278,21,0.0,
26830,1278,22,0.0,
26831,1278,23,0.0,
26832,1278,24,0.0,
26833,1278,25,0.0,
26834,1278,26,0.0,
26835,1278,27,0.0,
26836,1278,28,0.0,
26837,1278,29,0.0,
26838,1278,30,0.0,
26839,1278,31,0.0,
26840,1278,32,0.0,
26841,1278,33,0.0,
26842,1278,34,0.0,
26843,1278,35,0.0,
26844,1278,36,0.0,
26845,1278,37,0.0,
26846,1278,38,0.0,
26847,1278,39,0.0,
26848,1278,40,0.0,
26849,1278,41,0.0,
26850,1278,42,0.0,
26851,1278,43,0.0,
26852,1278,44,0.0,
26853,1278,45,0.0,
26854,1278,46,0.0,
26855,1278,47,0.0,
26856,1278,48,0.0,
26857,1278,49,0.0,
26858,1278,50,0.0,
26859,1278,51,0.0,
26861,1279,1,16.0,
26862,1279,2,0.0,
26870,1279,12,0.0,
26871,1279,13,0.0,
26874,1279,7,0.0,
26876,1279,17,0.0,
26877,1279,18,0.0,
26878,1279,19,0.0,
26879,1279,20,0.0,
26880,1279,21,0.0,
26881,1279,22,0.0,
26882,1279,23,0.0,
26883,1279,24,0.0,
26884,1279,25,0.0,
26885,1279,26,0.0,
26886,1279,27,0.0,
26887,1279,28,0.0,
26888,1279,29,0.0,
26889,1279,30,0.0,
26890,1279,31,0.0,
26891,1279,32,0.0,
26892,1279,33,0.0,
26893,1279,34,0.0,
26894,1279,35,0.0,
26895,1279,36,0.0,
26896,1279,37,0.0,
26897,1279,38,0.0,
26898,1279,39,0.0,
26899,1279,40,0.0,
26900,1279,41,0.0,
26901,1279,42,0.0,
26902,1279,43,0.0,
26903,1279,44,0.0,
26904,1279,45,0.0,
26905,1279,46,0.0,
26906,1279,47,0.0,
26907,1279,48,0.0,
26908,1279,49,0.0,
26909,1279,50,0.0,
26910,1279,51,0.0,
26912,1280,1,32.0,
26913,1280,2,0.0,
26921,1280,12,0.0,
26922,1280,13,0.0,
26925,1280,7,0.0,
26927,1280,17,0.0,
26928,1280,18,0.0,
26929,1280,19,0.0,
26930,1280,20,0.0,
26931,1280,21,0.0,
26932,1280,22,0.0,
26933,1280,23,0.0,
26934,1280,24,0.0,
26935,1280,25,0.0,
26936,1280,26,0.0,
26937,1280,27,0.0,
26938,1280,28,0.0,
26939,1280,29,0.0,
26940,1280,30,0.0,
26941,1280,31,0.0,
26942,1280,32,0.0,
26943,1280,33,0.0,
26944,1280,34,0.0,
26945,1280,35,0.0,
26946,1280,36,0.0,
26947,1280,37,0.0,
26948,1280,38,0.0,
26949,1280,39,0.0,
26950,1280,40,0.0,
26951,1280,41,0.0,
26952,1280,42,0.0,
26953,1280,43,0.0,
26954,1280,44,0.0,
26955,1280,45,0.0,
26956,1280,46,0.0,
26957,1280,47,0.0,
26958,1280,48,0.0,
26959,1280,49,0.0,
26960,1280,50,0.0,
26961,1280,51,0.0,
26963,1281,1,17.0,
26964,1281,2,0.0,
26972,1281,12,0.0,
26973,1281,13,0.0,
26976,1281,7,0.0,
26978,1281,17,0.0,
26979,1281,18,0.0,
26980,1281,19,0.0,
26981,1281,20,0.0,
26982,1281,21,0.0,
26983,1281,22,0.0,
26984,1281,23,0.0,
26985,1281,24,0.0,
26986,1281,25,0.0,
26987,1281,26,0.0,
26988,1281,27,0.0,
26989,1281,28,0.0,
26990,1281,29,0.0,
26991,1281,30,0.0,
26992,1281,31,0.0,
26993,1281,32,0.0,
26994,1281,33,0.0,
26995,1281,34,0.0,
26996,1281,35,0.0,
26997,1281,36,0.0,
26998,1281,37,0.0,
26999,1281,38,0.0,
27000,1281,39,0.0,
27001,1281,40,0.0,
27002,1281,41,0.0,
27003,1281,42,0.0,
27004,1281,43,0.0,
27005,1281,44,0.0,
27006,1281,45,0.0,
27007,1281,46,0.0,
27008,1281,47,0.0,
27009,1281,48,0.0,
27010,1281,49,0.0,
27011,1281,50,0.0,
27012,1281,51,0.0,
27014,1282,1,4.0,
27015,1282,2,0.0,
27018,1282,5,0.0,
27019,1282,6,0.0,
27023,1282,12,0.0,
27024,1282,13,0.0,
27027,1282,7,0.0,
27029,1282,17,0.0,
27030,1282,18,0.0,
27031,1282,19,0.0,
27032,1282,20,0.0,
27033,1282,21,0.0,
27034,1282,22,0.0,
27035,1282,23,0.0,
27036,1282,24,0.0,
27037,1282,25,0.0,
27038,1282,26,0.0,
27039,1282,27,0.0,
27040,1282,28,0.0,
27041,1282,29,0.0,
27042,1282,30,0.0,
27043,1282,31,0.0,
27044,1282,32,0.0,
27045,1282,33,0.0,
27046,1282,34,0.0,
27047,1282,35,0.0,
27048,1282,36,0.0,
27049,1282,37,0.0,
27050,1282,38,0.0,
27051,1282,39,0.0,
27052,1282,40,0.0,
27053,1282,41,0.0,
27054,1282,42,0.0,
27055,1282,43,0.0,
27056,1282,44,0.0,
27057,1282,45,0.0,
27058,1282,46,0.0,
27059,1282,47,0.0,
27060,1282,48,0.0,
27061,1282,49,0.0,
27062,1282,50,0.0,
27063,1282,51,0.0,
27065,1283,1,84.0,
27066,1283,2,0.0,
27074,1283,12,0.0,
27075,1283,13,0.0,
27078,1283,7,0.0,
27080,1283,17,0.0,
27081,1283,18,0.0,
27082,1283,19,0.0,
27083,1283,20,0.0,
27084,1283,21,0.0,
27085,1283,22,0.0,
27086,1283,23,0.0,
27087,1283,24,0.0,
27088,1283,25,0.0,
27089,1283,26,0.0,
27090,1283,27,0.0,
27091,1283,28,0.0,
27092,1283,29,0.0,
27093,1283,30,0.0,
27094,1283,31,0.0,
27095,1283,32,0.0,
27096,1283,33,0.0,
27097,1283,34,0.0,
27098,1283,35,0.0,
27099,1283,36,0.0,
27100,1283,37,0.0,
27101,1283,38,0.0,
27102,1283,39,0.0,
27103,1283,40,0.0,
27104,1283,41,0.0,
27105,1283,42,0.0,
27106,1283,43,0.0,
27107,1283,44,0.0,
27108,1283,45,0.0,
27109,1283,46,0.0,
27110,1283,47,0.0,
27111,1283,48,0.0,
27112,1283,49,0.0,
27113,1283,50,0.0,
27114,1283,51,0.0,
27116,1284,1,168.0,
27117,1284,2,0.0,
27121,1284,6,0.0,
27128,1284,15,0.0,
27129,1284,7,0.0,
27130,1284,16,0.0,
27131,1284,17,0.0,
27132,1284,18,0.0,
27133,1284,19,0.0,
27134,1284,20,0.0,
27135,1284,21,0.0,
27136,1284,22,0.0,
27137,1284,23,0.0,
27138,1284,24,0.0,
27139,1284,25,0.0,
27140,1284,26,0.0,
27141,1284,27,0.0,
27142,1284,28,0.0,
27143,1284,29,0.0,
27144,1284,30,0.0,
27145,1284,31,0.0,
27146,1284,32,0.0,
27147,1284,33,0.0,
27148,1284,34,0.0,
27149,1284,35,0.0,
27150,1284,36,0.0,
27151,1284,37,0.0,
27152,1284,38,0.0,
27153,1284,39,0.0,
27154,1284,40,0.0,
27155,1284,41,0.0,
27156,1284,42,0.0,
27157,1284,43,0.0,
27158,1284,44,0.0,
27159,1284,45,0.0,
27160,1284,46,0.0,
27161,1284,47,0.0,
27162,1284,48,0.0,
27163,1284,49,0.0,
27164,1284,50,0.0,
27165,1284,51,0.0,
27167,1285,1,15.0,
27168,1285,2,0.0,
27176,1285,12,0.0,
27177,1285,13,0.0,
27180,1285,7,0.0,
27182,1285,17,0.0,
27183,1285,18,0.0,
27184,1285,19,0.0,
27185,1285,20,0.0,
27186,1285,21,0.0,
27187,1285,22,0.0,
27188,1285,23,0.0,
27189,1285,24,0.0,
27190,1285,25,0.0,
27191,1285,26,0.0,
27192,1285,27,0.0,
27193,1285,28,0.0,
27194,1285,29,0.0,
27195,1285,30,0.0,
27196,1285,31,0.0,
27197,1285,32,0.0,
27198,1285,33,0.0,
27199,1285,34,0.0,
27200,1285,35,0.0,
27201,1285,36,0.0,
27202,1285,37,0.0,
27203,1285,38,0.0,
27204,1285,39,0.0,
27205,1285,40,0.0,
27206,1285,41,0.0,
27207,1285,42,0.0,
27208,1285,43,0.0,
27209,1285,44,0.0,
27210,1285,45,0.0,
27211,1285,46,0.0,
27212,1285,47,0.0,
27213,1285,48,0.0,
27214,1285,49,0.0,
27215,1285,50,0.0,
27216,1285,51,0.0,
27218,1286,1,25.0,
27219,1286,2,0.0,
27227,1286,12,0.0,
27228,1286,13,0.0,
27231,1286,7,0.0,
27233,1286,17,0.0,
27234,1286,18,0.0,
27235,1286,19,0.0,
27236,1286,20,0.0,
27237,1286,21,0.0,
27238,1286,22,0.0,
27239,1286,23,0.0,
27240,1286,24,0.0,
27241,1286,25,0.0,
27242,1286,26,0.0,
27243,1286,27,0.0,
27244,1286,28,0.0,
27245,1286,29,0.0,
27246,1286,30,0.0,
27247,1286,31,0.0,
27248,1286,32,0.0,
27249,1286,33,0.0,
27250,1286,34,0.0,
27251,1286,35,0.0,
27252,1286,36,0.0,
27253,1286,37,0.0,
27254,1286,38,0.0,
27255,1286,39,0.0,
27256,1286,40,0.0,
27257,1286,41,0.0,
27258,1286,42,0.0,
27259,1286,43,0.0,
27260,1286,44,0.0,
27261,1286,45,0.0,
27262,1286,46,0.0,
27263,1286,47,0.0,
27264,1286,48,0.0,
27265,1286,49,0.0,
27266,1286,50,0.0,
27267,1286,51,0.0,
27269,1287,1,133.0,
27270,1287,2,0.0,
27278,1287,12,0.0,
27279,1287,13,0.0,
27282,1287,7,0.0,
27284,1287,17,0.0,
27285,1287,18,0.0,
27286,1287,19,0.0,
27287,1287,20,0.0,
27288,1287,21,0.0,
27289,1287,22,0.0,
27290,1287,23,0.0,
27291,1287,24,0.0,
27292,1287,25,0.0,
27293,1287,26,0.0,
27294,1287,27,0.0,
27295,1287,28,0.0,
27296,1287,29,0.0,
27297,1287,30,0.0,
27298,1287,31,0.0,
27299,1287,32,0.0,
27300,1287,33,0.0,
27301,1287,34,0.0,
27302,1287,35,0.0,
27303,1287,36,0.0,
27304,1287,37,0.0,
27305,1287,38,0.0,
27306,1287,39,0.0,
27307,1287,40,0.0,
27308,1287,41,0.0,
27309,1287,42,0.0,
27310,1287,43,0.0,
27311,1287,44,0.0,
27312,1287,45,0.0,
27313,1287,46,0.0,
27314,1287,47,0.0,
27315,1287,48,0.0,
27316,1287,49,0.0,
27317,1287,50,0.0,
27318,1287,51,0.0,
27320,1288,1,21.0,
27321,1288,2,0.0,
27329,1288,12,0.0,
27330,1288,13,0.0,
27333,1288,7,0.0,
27335,1288,17,0.0,
27336,1288,18,0.0,
27337,1288,19,0.0,
27338,1288,20,0.0,
27339,1288,21,0.0,
27340,1288,22,0.0,
27341,1288,23,0.0,
27342,1288,24,0.0,
27343,1288,25,0.0,
27344,1288,26,0.0,
27345,1288,27,0.0,
27346,1288,28,0.0,
27347,1288,29,0.0,
27348,1288,30,0.0,
27349,1288,31,0.0,
27350,1288,32,0.0,
27351,1288,33,0.0,
27352,1288,34,0.0,
27353,1288,35,0.0,
27354,1288,36,0.0,
27355,1288,37,0.0,
27356,1288,38,0.0,
27357,1288,39,0.0,
27358,1288,40,0.0,
27359,1288,41,0.0,
27360,1288,42,0.0,
27361,1288,43,0.0,
27362,1288,44,0.0,
27363,1288,45,0.0,
27364,1288,46,0.0,
27365,1288,47,0.0,
27366,1288,48,0.0,
27367,1288,49,0.0,
27368,1288,50,0.0,
27369,1288,51,0.0,
27371,1289,1,53.0,
27372,1289,2,0.0,
27375,1289,5,0.0,
27376,1289,6,0.0,
27380,1289,12,0.0,
27381,1289,13,0.0,
27384,1289,7,0.0,
27386,1289,17,0.0,
27387,1289,18,0.0,
27388,1289,19,0.0,
27389,1289,20,0.0,
27390,1289,21,0.0,
27391,1289,22,0.0,
27392,1289,23,0.0,
27393,1289,24,0.0,
27394,1289,25,0.0,
27395,1289,26,0.0,
27396,1289,27,0.0,
27397,1289,28,0.0,
27398,1289,29,0.0,
27399,1289,30,0.0,
27400,1289,31,0.0,
27401,1289,32,0.0,
27402,1289,33,0.0,
27403,1289,34,0.0,
27404,1289,35,0.0,
27405,1289,36,0.0,
27406,1289,37,0.0,
27407,1289,38,0.0,
27408,1289,39,0.0,
27409,1289,40,0.0,
27410,1289,41,0.0,
27411,1289,42,0.0,
27412,1289,43,0.0,
27413,1289,44,0.0,
27414,1289,45,0.0,
27415,1289,46,0.0,
27416,1289,47,0.0,
27417,1289,48,0.0,
27418,1289,49,0.0,
27419,1289,50,0.0,
27420,1289,51,0.0,
27422,1290,1,88.0,
27423,1290,2,0.0,
27431,1290,12,0.0,
27432,1290,13,0.0,
27435,1290,7,0.0,
27437,1290,17,0.0,
27438,1290,18,0.0,
27439,1290,19,0.0,
27440,1290,20,0.0,
27441,1290,21,0.0,
27442,1290,22,0.0,
27443,1290,23,0.0,
27444,1290,24,0.0,
27445,1290,25,0.0,
27446,1290,26,0.0,
27447,1290,27,0.0,
27448,1290,28,0.0,
27449,1290,29,0.0,
27450,1290,30,0.0,
27451,1290,31,0.0,
27452,1290,32,0.0,
27453,1290,33,0.0,
27454,1290,34,0.0,
27455,1290,35,0.0,
27456,1290,36,0.0,
27457,1290,37,0.0,
27458,1290,38,0.0,
27459,1290,39,0.0,
27460,1290,40,0.0,
27461,1290,41,0.0,
27462,1290,42,0.0,
27463,1290,43,0.0,
27464,1290,44,0.0,
27465,1290,45,0.0,
27466,1290,46,0.0,
27467,1290,47,0.0,
27468,1290,48,0.0,
27469,1290,49,0.0,
27470,1290,50,0.0,
27471,1290,51,0.0,
27473,1291,1,339.0,
27474,1291,2,0.0,
27478,1291,6,0.0,
27485,1291,15,0.0,
27486,1291,7,0.0,
27487,1291,16,0.0,
27488,1291,17,0.0,
27489,1291,18,0.0,
27490,1291,19,0.0,
27491,1291,20,0.0,
27492,1291,21,0.0,
27493,1291,22,0.0,
27494,1291,23,0.0,
27495,1291,24,0.0,
27496,1291,25,0.0,
27497,1291,26,0.0,
27498,1291,27,0.0,
27499,1291,28,0.0,
27500,1291,29,0.0,
27501,1291,30,0.0,
27502,1291,31,0.0,
27503,1291,32,0.0,
27504,1291,33,0.0,
27505,1291,34,0.0,
27506,1291,35,0.0,
27507,1291,36,0.0,
27508,1291,37,0.0,
27509,1291,38,0.0,
27510,1291,39,0.0,
27511,1291,40,0.0,
27512,1291,41,0.0,
27513,1291,42,0.0,
27514,1291,43,0.0,
27515,1291,44,0.0,
27516,1291,45,0.0,
27517,1291,46,0.0,
27518,1291,47,0.0,
27519,1291,48,0.0,
27520,1291,49,0.0,
27521,1291,50,0.0,
27522,1291,51,0.0,
27524,1292,1,19.0,
27525,1292,2,0.0,
27533,1292,12,0.0,
27534,1292,13,0.0,
27537,1292,7,0.0,
27539,1292,17,0.0,
27540,1292,18,0.0,
27541,1292,19,0.0,
27542,1292,20,0.0,
27543,1292,21,0.0,
27544,1292,22,0.0,
27545,1292,23,0.0,
27546,1292,24,0.0,
27547,1292,25,0.0,
27548,1292,26,0.0,
27549,1292,27,0.0,
27550,1292,28,0.0,
27551,1292,29,0.0,
27552,1292,30,0.0,
27553,1292,31,0.0,
27554,1292,32,0.0,
27555,1292,33,0.0,
27556,1292,34,0.0,
27557,1292,35,0.0,
27558,1292,36,0.0,
27559,1292,37,0.0,
27560,1292,38,0.0,
27561,1292,39,0.0,
27562,1292,40,0.0,
27563,1292,41,0.0,
27564,1292,42,0.0,
27565,1292,43,0.0,
27566,1292,44,0.0,
27567,1292,45,0.0,
27568,1292,46,0.0,
27569,1292,47,0.0,
27570,1292,48,0.0,
27571,1292,49,0.0,
27572,1292,50,0.0,
27573,1292,51,0.0,
27575,1293,1,12.0,
27576,1293,2,0.0,
27584,1293,12,0.0,
27585,1293,13,0.0,
27588,1293,7,0.0,
27590,1293,17,0.0,
27591,1293,18,0.0,
27592,1293,19,0.0,
27593,1293,20,0.0,
27594,1293,21,0.0,
27595,1293,22,0.0,
27596,1293,23,0.0,
27597,1293,24,0.0,
27598,1293,25,0.0,
27599,1293,26,0.0,
27600,1293,27,0.0,
27601,1293,28,0.0,
27602,1293,29,0.0,
27603,1293,30,0.0,
27604,1293,31,0.0,
27605,1293,32,0.0,
27606,1293,33,0.0,
27607,1293,34,0.0,
27608,1293,35,0.0,
27609,1293,36,0.0,
27610,1293,37,0.0,
27611,1293,38,0.0,
27612,1293,39,0.0,
27613,1293,40,0.0,
27614,1293,41,0.0,
27615,1293,42,0.0,
27616,1293,43,0.0,
27617,1293,44,0.0,
27618,1293,45,0.0,
27619,1293,46,0.0,
27620,1293,47,0.0,
27621,1293,48,0.0,
27622,1293,49,0.0,
27623,1293,50,0.0,
27624,1293,51,0.0,
27626,1294,1,141.0,
27627,1294,2,0.0,
27635,1294,12,0.0,
27636,1294,13,0.0,
27639,1294,7,0.0,
27641,1294,17,0.0,
27642,1294,18,0.0,
27643,1294,19,0.0,
27644,1294,20,0.0,
27645,1294,21,0.0,
27646,1294,22,0.0,
27647,1294,23,0.0,
27648,1294,24,0.0,
27649,1294,25,0.0,
27650,1294,26,0.0,
27651,1294,27,0.0,
27652,1294,28,0.0,
27653,1294,29,0.0,
27654,1294,30,0.0,
27655,1294,31,0.0,
27656,1294,32,0.0,
27657,1294,33,0.0,
27658,1294,34,0.0,
27659,1294,35,0.0,
27660,1294,36,0.0,
27661,1294,37,0.0,
27662,1294,38,0.0,
27663,1294,39,0.0,
27664,1294,40,0.0,
27665,1294,41,0.0,
27666,1294,42,0.0,
27667,1294,43,0.0,
27668,1294,44,0.0,
27669,1294,45,0.0,
27670,1294,46,0.0,
27671,1294,47,0.0,
27672,1294,48,0.0,
27673,1294,49,0.0,
27674,1294,50,0.0,
27675,1294,51,0.0,
27677,1295,1,30.0,
27678,1295,2,0.0,
27686,1295,12,0.0,
27687,1295,13,0.0,
27690,1295,7,0.0,
27692,1295,17,0.0,
27693,1295,18,0.0,
27694,1295,19,0.0,
27695,1295,20,0.0,
27696,1295,21,0.0,
27697,1295,22,0.0,
27698,1295,23,0.0,
27699,1295,24,0.0,
27700,1295,25,0.0,
27701,1295,26,0.0,
27702,1295,27,0.0,
27703,1295,28,0.0,
27704,1295,29,0.0,
27705,1295,30,0.0,
27706,1295,31,0.0,
27707,1295,32,0.0,
27708,1295,33,0.0,
27709,1295,34,0.0,
27710,1295,35,0.0,
27711,1295,36,0.0,
27712,1295,37,0.0,
27713,1295,38,0.0,
27714,1295,39,0.0,
27715,1295,40,0.0,
27716,1295,41,0.0,
27717,1295,42,0.0,
27718,1295,43,0.0,
27719,1295,44,0.0,
27720,1295,45,0.0,
27721,1295,46,0.0,
27722,1295,47,0.0,
27723,1295,48,0.0,
27724,1295,49,0.0,
27725,1295,50,0.0,
27726,1295,51,0.0,
27728,1296,1,35.0,
27729,1296,2,0.0,
27732,1296,5,0.0,
27733,1296,6,0.0,
27737,1296,12,0.0,
27738,1296,13,0.0,
27741,1296,7,0.0,
27743,1296,17,0.0,
27744,1296,18,0.0,
27745,1296,19,0.0,
27746,1296,20,0.0,
27747,1296,21,0.0,
27748,1296,22,0.0,
27749,1296,23,0.0,
27750,1296,24,0.0,
27751,1296,25,0.0,
27752,1296,26,0.0,
27753,1296,27,0.0,
27754,1296,28,0.0,
27755,1296,29,0.0,
27756,1296,30,0.0,
27757,1296,31,0.0,
27758,1296,32,0.0,
27759,1296,33,0.0,
27760,1296,34,0.0,
27761,1296,35,0.0,
27762,1296,36,0.0,
27763,1296,37,0.0,
27764,1296,38,0.0,
27765,1296,39,0.0,
27766,1296,40,0.0,
27767,1296,41,0.0,
27768,1296,42,0.0,
27769,1296,43,0.0,
27770,1296,44,0.0,
27771,1296,45,0.0,
27772,1296,46,0.0,
27773,1296,47,0.0,
27774,1296,48,0.0,
27775,1296,49,0.0,
27776,1296,50,0.0,
27777,1296,51,0.0,
27779,1297,1,113.0,
27780,1297,2,0.0,
27788,1297,12,0.0,
27789,1297,13,0.0,
27792,1297,7,0.0,
27794,1297,17,0.0,
27795,1297,18,0.0,
27796,1297,19,0.0,
27797,1297,20,0.0,
27798,1297,21,0.0,
27799,1297,22,0.0,
27800,1297,23,0.0,
27801,1297,24,0.0,
27802,1297,25,0.0,
27803,1297,26,0.0,
27804,1297,27,0.0,
27805,1297,28,0.0,
27806,1297,29,0.0,
27807,1297,30,0.0,
27808,1297,31,0.0,
27809,1297,32,0.0,
27810,1297,33,0.0,
27811,1297,34,0.0,
27812,1297,35,0.0,
27813,1297,36,0.0,
27814,1297,37,0.0,
27815,1297,38,0.0,
27816,1297,39,0.0,
27817,1297,40,0.0,
27818,1297,41,0.0,
27819,1297,42,0.0,
27820,1297,43,0.0,
27821,1297,44,0.0,
27822,1297,45,0.0,
27823,1297,46,0.0,
27824,1297,47,0.0,
27825,1297,48,0.0,
27826,1297,49,0.0,
27827,1297,50,0.0,
27828,1297,51,0.0,
27830,1298,1,352.0,
27831,1298,2,0.0,
27835,1298,6,0.0,
27842,1298,15,0.0,
27843,1298,7,0.0,
27844,1298,16,0.0,
27845,1298,17,0.0,
27846,1298,18,0.0,
27847,1298,19,0.0,
27848,1298,20,0.0,
27849,1298,21,0.0,
27850,1298,22,0.0,
27851,1298,23,0.0,
27852,1298,24,0.0,
27853,1298,25,0.0,
27854,1298,26,0.0,
27855,1298,27,0.0,
27856,1298,28,0.0,
27857,1298,29,0.0,
27858,1298,30,0.0,
27859,1298,31,0.0,
27860,1298,32,0.0,
27861,1298,33,0.0,
27862,1298,34,0.0,
27863,1298,35,0.0,
27864,1298,36,0.0,
27865,1298,37,0.0,
27866,1298,38,0.0,
27867,1298,39,0.0,
27868,1298,40,0.0,
27869,1298,41,0.0,
27870,1298,42,0.0,
27871,1298,43,0.0,
27872,1298,44,0.0,
27873,1298,45,0.0,
27874,1298,46,0.0,
27875,1298,47,0.0,
27876,1298,48,0.0,
27877,1298,49,0.0,
27878,1298,50,0.0,
27879,1298,51,0.0,
27881,1299,1,21.0,
27882,1299,2,0.0,
27890,1299,12,0.0,
27891,1299,13,0.0,
27894,1299,7,0.0,
27896,1299,17,0.0,
27897,1299,18,0.0,
27898,1299,19,0.0,
27899,1299,20,0.0,
27900,1299,21,0.0,
27901,1299,22,0.0,
27902,1299,23,0.0,
27903,1299,24,0.0,
27904,1299,25,0.0,
27905,1299,26,0.0,
27906,1299,27,0.0,
27907,1299,28,0.0,
27908,1299,29,0.0,
27909,1299,30,0.0,
27910,1299,31,0.0,
27911,1299,32,0.0,
27912,1299,33,0.0,
27913,1299,34,0.0,
27914,1299,35,0.0,
27915,1299,36,0.0,
27916,1299,37,0.0,
27917,1299,38,0.0,
27918,1299,39,0.0,
27919,1299,40,0.0,
27920,1299,41,0.0,
27921,1299,42,0.0,
27922,1299,43,0.0,
27923,1299,44,0.0,
27924,1299,45,0.0,
27925,1299,46,0.0,
27926,1299,47,0.0,
27927,1299,48,0.0,
27928,1299,49,0.0,
27929,1299,50,0.0,
27930,1299,51,0.0,
27932,1300,1,70.0,
27933,1300,2,0.0,
27941,1300,12,0.0,
27942,1300,13,0.0,
27945,1300,7,0.0,
27947,1300,17,0.0,
27948,1300,18,0.0,
27949,1300,19,0.0,
27950,1300,20,0.0,
27951,1300,21,0.0,
27952,1300,22,0.0,
27953,1300,23,0.0,
27954,1300,24,0.0,
27955,1300,25,0.0,
27956,1300,26,0.0,
27957,1300,27,0.0,
27958,1300,28,0.0,
27959,1300,29,0.0,
27960,1300,30,0.0,
27961,1300,31,0.0,
27962,1300,32,0.0,
27963,1300,33,0.0,
27964,1300,34,0.0,
27965,1300,35,0.0,
27966,1300,36,0.0,
27967,1300,37,0.0,
27968,1300,38,0.0,
27969,1300,39,0.0,
27970,1300,40,0.0,
27971,1300,41,0.0,
27972,1300,42,0.0,
27973,1300,43,0.0,
27974,1300,44,0.0,
27975,1300,45,0.0,
27976,1300,46,0.0,
27977,1300,47,0.0,
27978,1300,48,0.0,
27979,1300,49,0.0,
27980,1300,50,0.0,
27981,1300,51,0.0,
27983,1301,1,128.0,
27984,1301,2,0.0,
27992,1301,12,0.0,
27993,1301,13,0.0,
27996,1301,7,0.0,
27998,1301,17,0.0,
27999,1301,18,0.0,
28000,1301,19,0.0,
28001,1301,20,0.0,
28002,1301,21,0.0,
28003,1301,22,0.0,
28004,1301,23,0.0,
28005,1301,24,0.0,
28006,1301,25,0.0,
28007,1301,26,0.0,
28008,1301,27,0.0,
28009,1301,28,0.0,
28010,1301,29,0.0,
28011,1301,30,0.0,
28012,1301,31,0.0,
28013,1301,32,0.0,
28014,1301,33,0.0,
28015,1301,34,0.0,
28016,1301,35,0.0,
28017,1301,36,0.0,
28018,1301,37,0.0,
28019,1301,38,0.0,
28020,1301,39,0.0,
28021,1301,40,0.0,
28022,1301,41,0.0,
28023,1301,42,0.0,
28024,1301,43,0.0,
28025,1301,44,0.0,
28026,1301,45,0.0,
28027,1301,46,0.0,
28028,1301,47,0.0,
28029,1301,48,0.0,
28030,1301,49,0.0,
28031,1301,50,0.0,
28032,1301,51,0.0,
28034,1302,1,31.0,
28035,1302,2,0.0,
28043,1302,12,0.0,
28044,1302,13,0.0,
28047,1302,7,0.0,
28049,1302,17,0.0,
28050,1302,18,0.0,
28051,1302,19,0.0,
28052,1302,20,0.0,
28053,1302,21,0.0,
28054,1302,22,0.0,
28055,1302,23,0.0,
28056,1302,24,0.0,
28057,1302,25,0.0,
28058,1302,26,0.0,
28059,1302,27,0.0,
28060,1302,28,0.0,
28061,1302,29,0.0,
28062,1302,30,0.0,
28063,1302,31,0.0,
28064,1302,32,0.0,
28065,1302,33,0.0,
28066,1302,34,0.0,
28067,1302,35,0.0,
28068,1302,36,0.0,
28069,1302,37,0.0,
28070,1302,38,0.0,
28071,1302,39,0.0,
28072,1302,40,0.0,
28073,1302,41,0.0,
28074,1302,42,0.0,
28075,1302,43,0.0,
28076,1302,44,0.0,
28077,1302,45,0.0,
28078,1302,46,0.0,
28079,1302,47,0.0,
28080,1302,48,0.0,
28081,1302,49,0.0,
28082,1302,50,0.0,
28083,1302,51,0.0,
28085,1303,1,18.0,
28086,1303,2,0.0,
28089,1303,5,0.0,
28090,1303,6,0.0,
28094,1303,12,0.0,
28095,1303,13,0.0,
28098,1303,7,0.0,
28100,1303,17,0.0,
28101,1303,18,0.0,
28102,1303,19,0.0,
28103,1303,20,0.0,
28104,1303,21,0.0,
28105,1303,22,0.0,
28106,1303,23,0.0,
28107,1303,24,0.0,
28108,1303,25,0.0,
28109,1303,26,0.0,
28110,1303,27,0.0,
28111,1303,28,0.0,
28112,1303,29,0.0,
28113,1303,30,0.0,
28114,1303,31,0.0,
28115,1303,32,0.0,
28116,1303,33,0.0,
28117,1303,34,0.0,
28118,1303,35,0.0,
28119,1303,36,0.0,
28120,1303,37,0.0,
28121,1303,38,0.0,
28122,1303,39,0.0,
28123,1303,40,0.0,
28124,1303,41,0.0,
28125,1303,42,0.0,
28126,1303,43,0.0,
28127,1303,44,0.0,
28128,1303,45,0.0,
28129,1303,46,0.0,
28130,1303,47,0.0,
28131,1303,48,0.0,
28132,1303,49,0.0,
28133,1303,50,0.0,
28134,1303,51,0.0,
28136,1304,1,106.0,
28137,1304,2,0.0,
28145,1304,12,0.0,
28146,1304,13,0.0,
28149,1304,7,0.0,
28151,1304,17,0.0,
28152,1304,18,0.0,
28153,1304,19,0.0,
28154,1304,20,0.0,
28155,1304,21,0.0,
28156,1304,22,0.0,
28157,1304,23,0.0,
28158,1304,24,0.0,
28159,1304,25,0.0,
28160,1304,26,0.0,
28161,1304,27,0.0,
28162,1304,28,0.0,
28163,1304,29,0.0,
28164,1304,30,0.0,
28165,1304,31,0.0,
28166,1304,32,0.0,
28167,1304,33,0.0,
28168,1304,34,0.0,
28169,1304,35,0.0,
28170,1304,36,0.0,
28171,1304,37,0.0,
28172,1304,38,0.0,
28173,1304,39,0.0,
28174,1304,40,0.0,
28175,1304,41,0.0,
28176,1304,42,0.0,
28177,1304,43,0.0,
28178,1304,44,0.0,
28179,1304,45,0.0,
28180,1304,46,0.0,
28181,1304,47,0.0,
28182,1304,48,0.0,
28183,1304,49,0.0,
28184,1304,50,0.0,
28185,1304,51,0.0,
28187,1305,1,381.0,
28188,1305,2,0.0,
28192,1305,6,0.0,
28199,1305,15,0.0,
28200,1305,7,0.0,
28201,1305,16,0.0,
28202,1305,17,0.0,
28203,1305,18,0.0,
28204,1305,19,0.0,
28205,1305,20,0.0,
28206,1305,21,0.0,
28207,1305,22,0.0,
28208,1305,23,0.0,
28209,1305,24,0.0,
28210,1305,25,0.0,
28211,1305,26,0.0,
28212,1305,27,0.0,
28213,1305,28,0.0,
28214,1305,29,0.0,
28215,1305,30,0.0,
28216,1305,31,0.0,
28217,1305,32,0.0,
28218,1305,33,0.0,
28219,1305,34,0.0,
28220,1305,35,0.0,
28221,1305,36,0.0,
28222,1305,37,0.0,
28223,1305,38,0.0,
28224,1305,39,0.0,
28225,1305,40,0.0,
28226,1305,41,0.0,
28227,1305,42,0.0,
28228,1305,43,0.0,
28229,1305,44,0.0,
28230,1305,45,0.0,
28231,1305,46,0.0,
28232,1305,47,0.0,
28233,1305,48,0.0,
28234,1305,49,0.0,
28235,1305,50,0.0,
28236,1305,51,0.0,
28238,1306,1,28.0,
28239,1306,2,0.0,
28247,1306,12,0.0,
28248,1306,13,0.0,
28251,1306,7,0.0,
28253,1306,17,0.0,
28254,1306,18,0.0,
28255,1306,19,0.0,
28256,1306,20,0.0,
28257,1306,21,0.0,
28258,1306,22,0.0,
28259,1306,23,0.0,
28260,1306,24,0.0,
28261,1306,25,0.0,
28262,1306,26,0.0,
28263,1306,27,0.0,
28264,1306,28,0.0,
28265,1306,29,0.0,
28266,1306,30,0.0,
28267,1306,31,0.0,
28268,1306,32,0.0,
28269,1306,33,0.0,
28270,1306,34,0.0,
28271,1306,35,0.0,
28272,1306,36,0.0,
28273,1306,37,0.0,
28274,1306,38,0.0,
28275,1306,39,0.0,
28276,1306,40,0.0,
28277,1306,41,0.0,
28278,1306,42,0.0,
28279,1306,43,0.0,
28280,1306,44,0.0,
28281,1306,45,0.0,
28282,1306,46,0.0,
28283,1306,47,0.0,
28284,1306,48,0.0,
28285,1306,49,0.0,
28286,1306,50,0.0,
28287,1306,51,0.0,
28289,1307,1,73.0,
28290,1307,2,0.0,
28298,1307,12,0.0,
28299,1307,13,0.0,
28302,1307,7,0.0,
28304,1307,17,0.0,
28305,1307,18,0.0,
28306,1307,19,0.0,
28307,1307,20,0.0,
28308,1307,21,0.0,
28309,1307,22,0.0,
28310,1307,23,0.0,
28311,1307,24,0.0,
28312,1307,25,0.0,
28313,1307,26,0.0,
28314,1307,27,0.0,
28315,1307,28,0.0,
28316,1307,29,0.0,
28317,1307,30,0.0,
28318,1307,31,0.0,
28319,1307,32,0.0,
28320,1307,33,0.0,
28321,1307,34,0.0,
28322,1307,35,0.0,
28323,1307,36,0.0,
28324,1307,37,0.0,
28325,1307,38,0.0,
28326,1307,39,0.0,
28327,1307,40,0.0,
28328,1307,41,0.0,
28329,1307,42,0.0,
28330,1307,43,0.0,
28331,1307,44,0.0,
28332,1307,45,0.0,
28333,1307,46,0.0,
28334,1307,47,0.0,
28335,1307,48,0.0,
28336,1307,49,0.0,
28337,1307,50,0.0,
28338,1307,51,0.0,
28340,1308,1,285.0,
28341,1308,2,0.0,
28349,1308,12,0.0,
28350,1308,13,0.0,
28353,1308,7,0.0,
28355,1308,17,0.0,
28356,1308,18,0.0,
28357,1308,19,0.0,
28358,1308,20,0.0,
28359,1308,21,0.0,
28360,1308,22,0.0,
28361,1308,23,0.0,
28362,1308,24,0.0,
28363,1308,25,0.0,
28364,1308,26,0.0,
28365,1308,27,0.0,
28366,1308,28,0.0,
28367,1308,29,0.0,
28368,1308,30,0.0,
28369,1308,31,0.0,
28370,1308,32,0.0,
28371,1308,33,0.0,
28372,1308,34,0.0,
28373,1308,35,0.0,
28374,1308,36,0.0,
28375,1308,37,0.0,
28376,1308,38,0.0,
28377,1308,39,0.0,
28378,1308,40,0.0,
28379,1308,41,0.0,
28380,1308,42,0.0,
28381,1308,43,0.0,
28382,1308,44,0.0,
28383,1308,45,0.0,
28384,1308,46,0.0,
28385,1308,47,0.0,
28386,1308,48,0.0,
28387,1308,49,0.0,
28388,1308,50,0.0,
28389,1308,51,0.0,
28391,1309,1,75.0,
28392,1309,2,0.0,
28400,1309,12,0.0,
28401,1309,13,0.0,
28404,1309,7,0.0,
28406,1309,17,0.0,
28407,1309,18,0.0,
28408,1309,19,0.0,
28409,1309,20,0.0,
28410,1309,21,0.0,
28411,1309,22,0.0,
28412,1309,23,0.0,
28413,1309,24,0.0,
28414,1309,25,0.0,
28415,1309,26,0.0,
28416,1309,27,0.0,
28417,1309,28,0.0,
28418,1309,29,0.0,
28419,1309,30,0.0,
28420,1309,31,0.0,
28421,1309,32,0.0,
28422,1309,33,0.0,
28423,1309,34,0.0,
28424,1309,35,0.0,
28425,1309,36,0.0,
28426,1309,37,0.0,
28427,1309,38,0.0,
28428,1309,39,0.0,
28429,1309,40,0.0,
28430,1309,41,0.0,
28431,1309,42,0.0,
28432,1309,43,0.0,
28433,1309,44,0.0,
28434,1309,45,0.0,
28435,1309,46,0.0,
28436,1309,47,0.0,
28437,1309,48,0.0,
28438,1309,49,0.0,
28439,1309,50,0.0,
28440,1309,51,0.0,
28442,1310,1,24.0,
28443,1310,2,0.0,
28446,1310,5,0.0,
28447,1310,6,0.0,
28451,1310,12,0.0,
28452,1310,13,0.0,
28455,1310,7,0.0,
28457,1310,17,0.0,
28458,1310,18,0.0,
28459,1310,19,0.0,
28460,1310,20,0.0,
28461,1310,21,0.0,
28462,1310,22,0.0,
28463,1310,23,0.0,
28464,1310,24,0.0,
28465,1310,25,0.0,
28466,1310,26,0.0,
28467,1310,27,0.0,
28468,1310,28,0.0,
28469,1310,29,0.0,
28470,1310,30,0.0,
28471,1310,31,0.0,
28472,1310,32,0.0,
28473,1310,33,0.0,
28474,1310,34,0.0,
28475,1310,35,0.0,
28476,1310,36,0.0,
28477,1310,37,0.0,
28478,1310,38,0.0,
28479,1310,39,0.0,
28480,1310,40,0.0,
28481,1310,41,0.0,
28482,1310,42,0.0,
28483,1310,43,0.0,
28484,1310,44,0.0,
28485,1310,45,0.0,
28486,1310,46,0.0,
28487,1310,47,0.0,
28488,1310,48,0.0,
28489,1310,49,0.0,
28490,1310,50,0.0,
28491,1310,51,0.0,
28493,1311,1,204.0,
28494,1311,2,0.0,
28502,1311,12,0.0,
28503,1311,13,0.0,
28506,1311,7,0.0,
28508,1311,17,0.0,
28509,1311,18,0.0,
28510,1311,19,0.0,
28511,1311,20,0.0,
28512,1311,21,0.0,
28513,1311,22,0.0,
28514,1311,23,0.0,
28515,1311,24,0.0,
28516,1311,25,0.0,
28517,1311,26,0.0,
28518,1311,27,0.0,
28519,1311,28,0.0,
28520,1311,29,0.0,
28521,1311,30,0.0,
28522,1311,31,0.0,
28523,1311,32,0.0,
28524,1311,33,0.0,
28525,1311,34,0.0,
28526,1311,35,0.0,
28527,1311,36,0.0,
28528,1311,37,0.0,
28529,1311,38,0.0,
28530,1311,39,0.0,
28531,1311,40,0.0,
28532,1311,41,0.0,
28533,1311,42,0.0,
28534,1311,43,0.0,
28535,1311,44,0.0,
28536,1311,45,0.0,
28537,1311,46,0.0,
28538,1311,47,0.0,
28539,1311,48,0.0,
28540,1311,49,0.0,
28541,1311,50,0.0,
28542,1311,51,0.0,
28544,1312,1,731.0,
28545,1312,2,0.0,
28549,1312,6,0.0,
28556,1312,15,0.0,
28557,1312,7,0.0,
28558,1312,16,0.0,
28559,1312,17,0.0,
28560,1312,18,0.0,
28561,1312,19,0.0,
28562,1312,20,0.0,
28563,1312,21,0.0,
28564,1312,22,0.0,
28565,1312,23,0.0,
28566,1312,24,0.0,
28567,1312,25,0.0,
28568,1312,26,0.0,
28569,1312,27,0.0,
28570,1312,28,0.0,
28571,1312,29,0.0,
28572,1312,30,0.0,
28573,1312,31,0.0,
28574,1312,32,0.0,
28575,1312,33,0.0,
28576,1312,34,0.0,
28577,1312,35,0.0,
28578,1312,36,0.0,
28579,1312,37,0.0,
28580,1312,38,0.0,
28581,1312,39,0.0,
28582,1312,40,0.0,
28583,1312,41,0.0,
28584,1312,42,0.0,
28585,1312,43,0.0,
28586,1312,44,0.0,
28587,1312,45,0.0,
28588,1312,46,0.0,
28589,1312,47,0.0,
28590,1312,48,0.0,
28591,1312,49,0.0,
28592,1312,50,0.0,
28593,1312,51,0.0,
28595,1313,1,70.0,
28596,1313,2,0.0,
28604,1313,12,0.0,
28605,1313,13,0.0,
28608,1313,7,0.0,
28610,1313,17,0.0,
28611,1313,18,0.0,
28612,1313,19,0.0,
28613,1313,20,0.0,
28614,1313,21,0.0,
28615,1313,22,0.0,
28616,1313,23,0.0,
28617,1313,24,0.0,
28618,1313,25,0.0,
28619,1313,26,0.0,
28620,1313,27,0.0,
28621,1313,28,0.0,
28622,1313,29,0.0,
28623,1313,30,0.0,
28624,1313,31,0.0,
28625,1313,32,0.0,
28626,1313,33,0.0,
28627,1313,34,0.0,
28628,1313,35,0.0,
28629,1313,36,0.0,
28630,1313,37,0.0,
28631,1313,38,0.0,
28632,1313,39,0.0,
28633,1313,40,0.0,
28634,1313,41,0.0,
28635,1313,42,0.0,
28636,1313,43,0.0,
28637,1313,44,0.0,
28638,1313,45,0.0,
28639,1313,46,0.0,
28640,1313,47,0.0,
28641,1313,48,0.0,
28642,1313,49,0.0,
28643,1313,50,0.0,
28644,1313,51,0.0,
28646,1314,1,71.0,
28647,1314,2,0.0,
28655,1314,12,0.0,
28656,1314,13,0.0,
28659,1314,7,0.0,
28661,1314,17,0.0,
28662,1314,18,0.0,
28663,1314,19,0.0,
28664,1314,20,0.0,
28665,1314,21,0.0,
28666,1314,22,0.0,
28667,1314,23,0.0,
28668,1314,24,0.0,
28669,1314,25,0.0,
28670,1314,26,0.0,
28671,1314,27,0.0,
28672,1314,28,0.0,
28673,1314,29,0.0,
28674,1314,30,0.0,
28675,1314,31,0.0,
28676,1314,32,0.0,
28677,1314,33,0.0,
28678,1314,34,0.0,
28679,1314,35,0.0,
28680,1314,36,0.0,
28681,1314,37,0.0,
28682,1314,38,0.0,
28683,1314,39,0.0,
28684,1314,40,0.0,
28685,1314,41,0.0,
28686,1314,42,0.0,
28687,1314,43,0.0,
28688,1314,44,0.0,
28689,1314,45,0.0,
28690,1314,46,0.0,
28691,1314,47,0.0,
28692,1314,48,0.0,
28693,1314,49,0.0,
28694,1314,50,0.0,
28695,1314,51,0.0,
28697,1315,1,349.0,
28698,1315,2,0.0,
28706,1315,12,0.0,
28707,1315,13,0.0,
28710,1315,7,0.0,
28712,1315,17,0.0,
28713,1315,18,0.0,
28714,1315,19,0.0,
28715,1315,20,0.0,
28716,1315,21,0.0,
28717,1315,22,0.0,
28718,1315,23,0.0,
28719,1315,24,0.0,
28720,1315,25,0.0,
28721,1315,26,0.0,
28722,1315,27,0.0,
28723,1315,28,0.0,
28724,1315,29,0.0,
28725,1315,30,0.0,
28726,1315,31,0.0,
28727,1315,32,0.0,
28728,1315,33,0.0,
28729,1315,34,0.0,
28730,1315,35,0.0,
28731,1315,36,0.0,
28732,1315,37,0.0,
28733,1315,38,0.0,
28734,1315,39,0.0,
28735,1315,40,0.0,
28736,1315,41,0.0,
28737,1315,42,0.0,
28738,1315,43,0.0,
28739,1315,44,0.0,
28740,1315,45,0.0,
28741,1315,46,0.0,
28742,1315,47,0.0,
28743,1315,48,0.0,
28744,1315,49,0.0,
28745,1315,50,0.0,
28746,1315,51,0.0,
28748,1316,1,86.0,
28749,1316,2,0.0,
28757,1316,12,0.0,
28758,1316,13,0.0,
28761,1316,7,0.0,
28763,1316,17,0.0,
28764,1316,18,0.0,
28765,1316,19,0.0,
28766,1316,20,0.0,
28767,1316,21,0.0,
28768,1316,22,0.0,
28769,1316,23,0.0,
28770,1316,24,0.0,
28771,1316,25,0.0,
28772,1316,26,0.0,
28773,1316,27,0.0,
28774,1316,28,0.0,
28775,1316,29,0.0,
28776,1316,30,0.0,
28777,1316,31,0.0,
28778,1316,32,0.0,
28779,1316,33,0.0,
28780,1316,34,0.0,
28781,1316,35,0.0,
28782,1316,36,0.0,
28783,1316,37,0.0,
28784,1316,38,0.0,
28785,1316,39,0.0,
28786,1316,40,0.0,
28787,1316,41,0.0,
28788,1316,42,0.0,
28789,1316,43,0.0,
28790,1316,44,0.0,
28791,1316,45,0.0,
28792,1316,46,0.0,
28793,1316,47,0.0,
28794,1316,48,0.0,
28795,1316,49,0.0,
28796,1316,50,0.0,
28797,1316,51,0.0,
28799,1317,1,8.0,
28800,1317,2,0.0,
28803,1317,5,0.0,
28804,1317,6,0.0,
28808,1317,12,0.0,
28809,1317,13,0.0,
28812,1317,7,0.0,
28814,1317,17,0.0,
28815,1317,18,0.0,
28816,1317,19,0.0,
28817,1317,20,0.0,
28818,1317,21,0.0,
28819,1317,22,0.0,
28820,1317,23,0.0,
28821,1317,24,0.0,
28822,1317,25,0.0,
28823,1317,26,0.0,
28824,1317,27,0.0,
28825,1317,28,0.0,
28826,1317,29,0.0,
28827,1317,30,0.0,
28828,1317,31,0.0,
28829,1317,32,0.0,
28830,1317,33,0.0,
28831,1317,34,0.0,
28832,1317,35,0.0,
28833,1317,36,0.0,
28834,1317,37,0.0,
28835,1317,38,0.0,
28836,1317,39,0.0,
28837,1317,40,0.0,
28838,1317,41,0.0,
28839,1317,42,0.0,
28840,1317,43,0.0,
28841,1317,44,0.0,
28842,1317,45,0.0,
28843,1317,46,0.0,
28844,1317,47,0.0,
28845,1317,48,0.0,
28846,1317,49,0.0,
28847,1317,50,0.0,
28848,1317,51,0.0,
28850,1318,1,173.0,
28851,1318,2,0.0,
28859,1318,12,0.0,
28860,1318,13,0.0,
28863,1318,7,0.0,
28865,1318,17,0.0,
28866,1318,18,0.0,
28867,1318,19,0.0,
28868,1318,20,0.0,
28869,1318,21,0.0,
28870,1318,22,0.0,
28871,1318,23,0.0,
28872,1318,24,0.0,
28873,1318,25,0.0,
28874,1318,26,0.0,
28875,1318,27,0.0,
28876,1318,28,0.0,
28877,1318,29,0.0,
28878,1318,30,0.0,
28879,1318,31,0.0,
28880,1318,32,0.0,
28881,1318,33,0.0,
28882,1318,34,0.0,
28883,1318,35,0.0,
28884,1318,36,0.0,
28885,1318,37,0.0,
28886,1318,38,0.0,
28887,1318,39,0.0,
28888,1318,40,0.0,
28889,1318,41,0.0,
28890,1318,42,0.0,
28891,1318,43,0.0,
28892,1318,44,0.0,
28893,1318,45,0.0,
28894,1318,46,0.0,
28895,1318,47,0.0,
28896,1318,48,0.0,
28897,1318,49,0.0,
28898,1318,50,0.0,
28899,1318,51,0.0,
28901,1319,1,733.0,
28902,1319,2,0.0,
28906,1319,6,0.0,
28913,1319,15,0.0,
28914,1319,7,0.0,
28915,1319,16,0.0,
28916,1319,17,0.0,
28917,1319,18,0.0,
28918,1319,19,0.0,
28919,1319,20,0.0,
28920,1319,21,0.0,
28921,1319,22,0.0,
28922,1319,23,0.0,
28923,1319,24,0.0,
28924,1319,25,0.0,
28925,1319,26,0.0,
28926,1319,27,0.0,
28927,1319,28,0.0,
28928,1319,29,0.0,
28929,1319,30,0.0,
28930,1319,31,0.0,
28931,1319,32,0.0,
28932,1319,33,0.0,
28933,1319,34,0.0,
28934,1319,35,0.0,
28935,1319,36,0.0,
28936,1319,37,0.0,
28937,1319,38,0.0,
28938,1319,39,0.0,
28939,1319,40,0.0,
28940,1319,41,0.0,
28941,1319,42,0.0,
28942,1319,43,0.0,
28943,1319,44,0.0,
28944,1319,45,0.0,
28945,1319,46,0.0,
28946,1319,47,0.0,
28947,1319,48,0.0,
28948,1319,49,0.0,
28949,1319,50,0.0,
28950,1319,51,0.0,
28952,1320,1,46.0,
28953,1320,2,0.0,
28961,1320,12,0.0,
28962,1320,13,0.0,
28965,1320,7,0.0,
28967,1320,17,0.0,
28968,1320,18,0.0,
28969,1320,19,0.0,
28970,1320,20,0.0,
28971,1320,21,0.0,
28972,1320,22,0.0,
28973,1320,23,0.0,
28974,1320,24,0.0,
28975,1320,25,0.0,
28976,1320,26,0.0,
28977,1320,27,0.0,
28978,1320,28,0.0,
28979,1320,29,0.0,
28980,1320,30,0.0,
28981,1320,31,0.0,
28982,1320,32,0.0,
28983,1320,33,0.0,
28984,1320,34,0.0,
28985,1320,35,0.0,
28986,1320,36,0.0,
28987,1320,37,0.0,
28988,1320,38,0.0,
28989,1320,39,0.0,
28990,1320,40,0.0,
28991,1320,41,0.0,
28992,1320,42,0.0,
28993,1320,43,0.0,
28994,1320,44,0.0,
28995,1320,45,0.0,
28996,1320,46,0.0,
28997,1320,47,0.0,
28998,1320,48,0.0,
28999,1320,49,0.0,
29000,1320,50,0.0,
29001,1320,51,0.0,
29003,1321,1,49.0,
29004,1321,2,0.0,
29012,1321,12,0.0,
29013,1321,13,0.0,
29016,1321,7,0.0,
29018,1321,17,0.0,
29019,1321,18,0.0,
29020,1321,19,0.0,
29021,1321,20,0.0,
29022,1321,21,0.0,
29023,1321,22,0.0,
29024,1321,23,0.0,
29025,1321,24,0.0,
29026,1321,25,0.0,
29027,1321,26,0.0,
29028,1321,27,0.0,
29029,1321,28,0.0,
29030,1321,29,0.0,
29031,1321,30,0.0,
29032,1321,31,0.0,
29033,1321,32,0.0,
29034,1321,33,0.0,
29035,1321,34,0.0,
29036,1321,35,0.0,
29037,1321,36,0.0,
29038,1321,37,0.0,
29039,1321,38,0.0,
29040,1321,39,0.0,
29041,1321,40,0.0,
29042,1321,41,0.0,
29043,1321,42,0.0,
29044,1321,43,0.0,
29045,1321,44,0.0,
29046,1321,45,0.0,
29047,1321,46,0.0,
29048,1321,47,0.0,
29049,1321,48,0.0,
29050,1321,49,0.0,
29051,1321,50,0.0,
29052,1321,51,0.0,
29054,1322,1,252.0,
29055,1322,2,0.0,
29063,1322,12,0.0,
29064,1322,13,0.0,
29067,1322,7,0.0,
29069,1322,17,0.0,
29070,1322,18,0.0,
29071,1322,19,0.0,
29072,1322,20,0.0,
29073,1322,21,0.0,
29074,1322,22,0.0,
29075,1322,23,0.0,
29076,1322,24,0.0,
29077,1322,25,0.0,
29078,1322,26,0.0,
29079,1322,27,0.0,
29080,1322,28,0.0,
29081,1322,29,0.0,
29082,1322,30,0.0,
29083,1322,31,0.0,
29084,1322,32,0.0,
29085,1322,33,0.0,
29086,1322,34,0.0,
29087,1322,35,0.0,
29088,1322,36,0.0,
29089,1322,37,0.0,
29090,1322,38,0.0,
29091,1322,39,0.0,
29092,1322,40,0.0,
29093,1322,41,0.0,
29094,1322,42,0.0,
29095,1322,43,0.0,
29096,1322,44,0.0,
29097,1322,45,0.0,
29098,1322,46,0.0,
29099,1322,47,0.0,
29100,1322,48,0.0,
29101,1322,49,0.0,
29102,1322,50,0.0,
29103,1322,51,0.0,
29105,1323,1,43.0,
29106,1323,2,0.0,
29114,1323,12,0.0,
29115,1323,13,0.0,
29118,1323,7,0.0,
29120,1323,17,0.0,
29121,1323,18,0.0,
29122,1323,19,0.0,
29123,1323,20,0.0,
29124,1323,21,0.0,
29125,1323,22,0.0,
29126,1323,23,0.0,
29127,1323,24,0.0,
29128,1323,25,0.0,
29129,1323,26,0.0,
29130,1323,27,0.0,
29131,1323,28,0.0,
29132,1323,29,0.0,
29133,1323,30,0.0,
29134,1323,31,0.0,
29135,1323,32,0.0,
29136,1323,33,0.0,
29137,1323,34,0.0,
29138,1323,35,0.0,
29139,1323,36,0.0,
29140,1323,37,0.0,
29141,1323,38,0.0,
29142,1323,39,0.0,
29143,1323,40,0.0,
29144,1323,41,0.0,
29145,1323,42,0.0,
29146,1323,43,0.0,
29147,1323,44,0.0,
29148,1323,45,0.0,
29149,1323,46,0.0,
29150,1323,47,0.0,
29151,1323,48,0.0,
29152,1323,49,0.0,
29153,1323,50,0.0,
29154,1323,51,0.0,
29156,1324,1,10.0,
29157,1324,2,0.0,
29160,1324,5,0.0,
29161,1324,6,0.0,
29165,1324,12,0.0,
29166,1324,13,0.0,
29169,1324,7,0.0,
29171,1324,17,0.0,
29172,1324,18,0.0,
29173,1324,19,0.0,
29174,1324,20,0.0,
29175,1324,21,0.0,
29176,1324,22,0.0,
29177,1324,23,0.0,
29178,1324,24,0.0,
29179,1324,25,0.0,
29180,1324,26,0.0,
29181,1324,27,0.0,
29182,1324,28,0.0,
29183,1324,29,0.0,
29184,1324,30,0.0,
29185,1324,31,0.0,
29186,1324,32,0.0,
29187,1324,33,0.0,
29188,1324,34,0.0,
29189,1324,35,0.0,
29190,1324,36,0.0,
29191,1324,37,0.0,
29192,1324,38,0.0,
29193,1324,39,0.0,
29194,1324,40,0.0,
29195,1324,41,0.0,
29196,1324,42,0.0,
29197,1324,43,0.0,
29198,1324,44,0.0,
29199,1324,45,0.0,
29200,1324,46,0.0,
29201,1324,47,0.0,
29202,1324,48,0.0,
29203,1324,49,0.0,
29204,1324,50,0.0,
29205,1324,51,0.0,
29207,1325,1,133.0,
29208,1325,2,0.0,
29216,1325,12,0.0,
29217,1325,13,0.0,
29220,1325,7,0.0,
29222,1325,17,0.0,
29223,1325,18,0.0,
29224,1325,19,0.0,
29225,1325,20,0.0,
29226,1325,21,0.0,
29227,1325,22,0.0,
29228,1325,23,0.0,
29229,1325,24,0.0,
29230,1325,25,0.0,
29231,1325,26,0.0,
29232,1325,27,0.0,
29233,1325,28,0.0,
29234,1325,29,0.0,
29235,1325,30,0.0,
29236,1325,31,0.0,
29237,1325,32,0.0,
29238,1325,33,0.0,
29239,1325,34,0.0,
29240,1325,35,0.0,
29241,1325,36,0.0,
29242,1325,37,0.0,
29243,1325,38,0.0,
29244,1325,39,0.0,
29245,1325,40,0.0,
29246,1325,41,0.0,
29247,1325,42,0.0,
29248,1325,43,0.0,
29249,1325,44,0.0,
29250,1325,45,0.0,
29251,1325,46,0.0,
29252,1325,47,0.0,
29253,1325,48,0.0,
29254,1325,49,0.0,
29255,1325,50,0.0,
29256,1325,51,0.0,
29258,1326,1,525.0,
29259,1326,2,0.0,
29263,1326,6,0.0,
29270,1326,15,0.0,
29271,1326,7,0.0,
29272,1326,16,0.0,
29273,1326,17,0.0,
29274,1326,18,0.0,
29275,1326,19,0.0,
29276,1326,20,0.0,
29277,1326,21,0.0,
29278,1326,22,0.0,
29279,1326,23,0.0,
29280,1326,24,0.0,
29281,1326,25,0.0,
29282,1326,26,0.0,
29283,1326,27,0.0,
29284,1326,28,0.0,
29285,1326,29,0.0,
29286,1326,30,0.0,
29287,1326,31,0.0,
29288,1326,32,0.0,
29289,1326,33,0.0,
29290,1326,34,0.0,
29291,1326,35,0.0,
29292,1326,36,0.0,
29293,1326,37,0.0,
29294,1326,38,0.0,
29295,1326,39,0.0,
29296,1326,40,0.0,
29297,1326,41,0.0,
29298,1326,42,0.0,
29299,1326,43,0.0,
29300,1326,44,0.0,
29301,1326,45,0.0,
29302,1326,46,0.0,
29303,1326,47,0.0,
29304,1326,48,0.0,
29305,1326,49,0.0,
29306,1326,50,0.0,
29307,1326,51,0.0,
29309,1327,1,38.0,
29310,1327,2,0.0,
29318,1327,12,0.0,
29319,1327,13,0.0,
29322,1327,7,0.0,
29324,1327,17,0.0,
29325,1327,18,0.0,
29326,1327,19,0.0,
29327,1327,20,0.0,
29328,1327,21,0.0,
29329,1327,22,0.0,
29330,1327,23,0.0,
29331,1327,24,0.0,
29332,1327,25,0.0,
29333,1327,26,0.0,
29334,1327,27,0.0,
29335,1327,28,0.0,
29336,1327,29,0.0,
29337,1327,30,0.0,
29338,1327,31,0.0,
29339,1327,32,0.0,
29340,1327,33,0.0,
29341,1327,34,0.0,
29342,1327,35,0.0,
29343,1327,36,0.0,
29344,1327,37,0.0,
29345,1327,38,0.0,
29346,1327,39,0.0,
29347,1327,40,0.0,
29348,1327,41,0.0,
29349,1327,42,0.0,
29350,1327,43,0.0,
29351,1327,44,0.0,
29352,1327,45,0.0,
29353,1327,46,0.0,
29354,1327,47,0.0,
29355,1327,48,0.0,
29356,1327,49,0.0,
29357,1327,50,0.0,
29358,1327,51,0.0,
29360,1328,1,39.0,
29361,1328,2,0.0,
29369,1328,12,0.0,
29370,1328,13,0.0,
29373,1328,7,0.0,
29375,1328,17,0.0,
29376,1328,18,0.0,
29377,1328,19,0.0,
29378,1328,20,0.0,
29379,1328,21,0.0,
29380,1328,22,0.0,
29381,1328,23,0.0,
29382,1328,24,0.0,
29383,1328,25,0.0,
29384,1328,26,0.0,
29385,1328,27,0.0,
29386,1328,28,0.0,
29387,1328,29,0.0,
29388,1328,30,0.0,
29389,1328,31,0.0,
29390,1328,32,0.0,
29391,1328,33,0.0,
29392,1328,34,0.0,
29393,1328,35,0.0,
29394,1328,36,0.0,
29395,1328,37,0.0,
29396,1328,38,0.0,
29397,1328,39,0.0,
29398,1328,40,0.0,
29399,1328,41,0.0,
29400,1328,42,0.0,
29401,1328,43,0.0,
29402,1328,44,0.0,
29403,1328,45,0.0,
29404,1328,46,0.0,
29405,1328,47,0.0,
29406,1328,48,0.0,
29407,1328,49,0.0,
29408,1328,50,0.0,
29409,1328,51,0.0,
29411,1329,1,193.0,
29412,1329,2,0.0,
29420,1329,12,0.0,
29421,1329,13,0.0,
29424,1329,7,0.0,
29426,1329,17,0.0,
29427,1329,18,0.0,
29428,1329,19,0.0,
29429,1329,20,0.0,
29430,1329,21,0.0,
29431,1329,22,0.0,
29432,1329,23,0.0,
29433,1329,24,0.0,
29434,1329,25,0.0,
29435,1329,26,0.0,
29436,1329,27,0.0,
29437,1329,28,0.0,
29438,1329,29,0.0,
29439,1329,30,0.0,
29440,1329,31,0.0,
29441,1329,32,0.0,
29442,1329,33,0.0,
29443,1329,34,0.0,
29444,1329,35,0.0,
29445,1329,36,0.0,
29446,1329,37,0.0,
29447,1329,38,0.0,
29448,1329,39,0.0,
29449,1329,40,0.0,
29450,1329,41,0.0,
29451,1329,42,0.0,
29452,1329,43,0.0,
29453,1329,44,0.0,
29454,1329,45,0.0,
29455,1329,46,0.0,
29456,1329,47,0.0,
29457,1329,48,0.0,
29458,1329,49,0.0,
29459,1329,50,0.0,
29460,1329,51,0.0,
29462,1330,1,64.0,
29463,1330,2,0.0,
29471,1330,12,0.0,
29472,1330,13,0.0,
29475,1330,7,0.0,
29477,1330,17,0.0,
29478,1330,18,0.0,
29479,1330,19,0.0,
29480,1330,20,0.0,
29481,1330,21,0.0,
29482,1330,22,0.0,
29483,1330,23,0.0,
29484,1330,24,0.0,
29485,1330,25,0.0,
29486,1330,26,0.0,
29487,1330,27,0.0,
29488,1330,28,0.0,
29489,1330,29,0.0,
29490,1330,30,0.0,
29491,1330,31,0.0,
29492,1330,32,0.0,
29493,1330,33,0.0,
29494,1330,34,0.0,
29495,1330,35,0.0,
29496,1330,36,0.0,
29497,1330,37,0.0,
29498,1330,38,0.0,
29499,1330,39,0.0,
29500,1330,40,0.0,
29501,1330,41,0.0,
29502,1330,42,0.0,
29503,1330,43,0.0,
29504,1330,44,0.0,
29505,1330,45,0.0,
29506,1330,46,0.0,
29507,1330,47,0.0,
29508,1330,48,0.0,
29509,1330,49,0.0,
29510,1330,50,0.0,
29511,1330,51,0.0,
29513,1331,1,19.0,
29514,1331,2,0.0,
29517,1331,5,0.0,
29518,1331,6,0.0,
29521,1331,10,0.0,
29522,1331,12,0.0,
29523,1331,13,0.0,
29526,1331,7,0.0,
29528,1331,17,0.0,
29529,1331,18,0.0,
29530,1331,19,0.0,
29531,1331,20,0.0,
29532,1331,21,0.0,
29533,1331,22,0.0,
29534,1331,23,0.0,
29535,1331,24,0.0,
29536,1331,25,0.0,
29537,1331,26,0.0,
29538,1331,27,0.0,
29539,1331,28,0.0,
29540,1331,29,0.0,
29541,1331,30,0.0,
29542,1331,31,0.0,
29543,1331,32,0.0,
29544,1331,33,0.0,
29545,1331,34,0.0,
29546,1331,35,0.0,
29547,1331,36,0.0,
29548,1331,37,0.0,
29549,1331,38,0.0,
29550,1331,39,0.0,
29551,1331,40,0.0,
29552,1331,41,0.0,
29553,1331,42,0.0,
29554,1331,43,0.0,
29555,1331,44,0.0,
29556,1331,45,0.0,
29557,1331,46,0.0,
29558,1331,47,0.0,
29559,1331,48,0.0,
29560,1331,49,0.0,
29561,1331,50,0.0,
29562,1331,51,0.0,
29564,1332,1,182.0,
29565,1332,2,0.0,
29573,1332,12,0.0,
29574,1332,13,0.0,
29577,1332,7,0.0,
29579,1332,17,0.0,
29580,1332,18,0.0,
29581,1332,19,0.0,
29582,1332,20,0.0,
29583,1332,21,0.0,
29584,1332,22,0.0,
29585,1332,23,0.0,
29586,1332,24,0.0,
29587,1332,25,0.0,
29588,1332,26,0.0,
29589,1332,27,0.0,
29590,1332,28,0.0,
29591,1332,29,0.0,
29592,1332,30,0.0,
29593,1332,31,0.0,
29594,1332,32,0.0,
29595,1332,33,0.0,
29596,1332,34,0.0,
29597,1332,35,0.0,
29598,1332,36,0.0,
29599,1332,37,0.0,
29600,1332,38,0.0,
29601,1332,39,0.0,
29602,1332,40,0.0,
29603,1332,41,0.0,
29604,1332,42,0.0,
29605,1332,43,0.0,
29606,1332,44,0.0,
29607,1332,45,0.0,
29608,1332,46,0.0,
29609,1332,47,0.0,
29610,1332,48,0.0,
29611,1332,49,0.0,
29612,1332,50,0.0,
29613,1332,51,0.0,
29615,1333,1,564.0,
29616,1333,2,0.0,
29620,1333,6,0.0,
29624,1333,12,0.0,
29627,1333,15,0.0,
29628,1333,7,0.0,
29629,1333,16,0.0,
29630,1333,17,0.0,
29631,1333,18,0.0,
29632,1333,19,0.0,
29633,1333,20,0.0,
29634,1333,21,0.0,
29635,1333,22,0.0,
29636,1333,23,0.0,
29637,1333,24,0.0,
29638,1333,25,0.0,
29639,1333,26,0.0,
29640,1333,27,0.0,
29641,1333,28,0.0,
29642,1333,29,0.0,
29643,1333,30,0.0,
29644,1333,31,0.0,
29645,1333,32,0.0,
29646,1333,33,0.0,
29647,1333,34,0.0,
29648,1333,35,0.0,
29649,1333,36,0.0,
29650,1333,37,0.0,
29651,1333,38,0.0,
29652,1333,39,0.0,
29653,1333,40,0.0,
29654,1333,41,0.0,
29655,1333,42,0.0,
29656,1333,43,0.0,
29657,1333,44,0.0,
29658,1333,45,0.0,
29659,1333,46,0.0,
29660,1333,47,0.0,
29661,1333,48,0.0,
29662,1333,49,0.0,
29663,1333,50,0.0,
29664,1333,51,0.0,
29666,1334,1,67.0,
29667,1334,2,0.0,
29675,1334,12,0.0,
29676,1334,13,0.0,
29679,1334,7,0.0,
29681,1334,17,0.0,
29682,1334,18,0.0,
29683,1334,19,0.0,
29684,1334,20,0.0,
29685,1334,21,0.0,
29686,1334,22,0.0,
29687,1334,23,0.0,
29688,1334,24,0.0,
29689,1334,25,0.0,
29690,1334,26,0.0,
29691,1334,27,0.0,
29692,1334,28,0.0,
29693,1334,29,0.0,
29694,1334,30,0.0,
29695,1334,31,0.0,
29696,1334,32,0.0,
29697,1334,33,0.0,
29698,1334,34,0.0,
29699,1334,35,0.0,
29700,1334,36,0.0,
29701,1334,37,0.0,
29702,1334,38,0.0,
29703,1334,39,0.0,
29704,1334,40,0.0,
29705,1334,41,0.0,
29706,1334,42,0.0,
29707,1334,43,0.0,
29708,1334,44,0.0,
29709,1334,45,0.0,
29710,1334,46,0.0,
29711,1334,47,0.0,
29712,1334,48,0.0,
29713,1334,49,0.0,
29714,1334,50,0.0,
29715,1334,51,0.0,
29717,1335,1,36.0,
29718,1335,2,0.0,
29726,1335,12,0.0,
29727,1335,13,0.0,
29730,1335,7,0.0,
29732,1335,17,0.0,
29733,1335,18,0.0,
29734,1335,19,0.0,
29735,1335,20,0.0,
29736,1335,21,0.0,
29737,1335,22,0.0,
29738,1335,23,0.0,
29739,1335,24,0.0,
29740,1335,25,0.0,
29741,1335,26,0.0,
29742,1335,27,0.0,
29743,1335,28,0.0,
29744,1335,29,0.0,
29745,1335,30,0.0,
29746,1335,31,0.0,
29747,1335,32,0.0,
29748,1335,33,0.0,
29749,1335,34,0.0,
29750,1335,35,0.0,
29751,1335,36,0.0,
29752,1335,37,0.0,
29753,1335,38,0.0,
29754,1335,39,0.0,
29755,1335,40,0.0,
29756,1335,41,0.0,
29757,1335,42,0.0,
29758,1335,43,0.0,
29759,1335,44,0.0,
29760,1335,45,0.0,
29761,1335,46,0.0,
29762,1335,47,0.0,
29763,1335,48,0.0,
29764,1335,49,0.0,
29765,1335,50,0.0,
29766,1335,51,0.0,
29768,1336,1,201.0,
29769,1336,2,0.0,
29777,1336,12,0.0,
29778,1336,13,0.0,
29781,1336,7,0.0,
29783,1336,17,0.0,
29784,1336,18,0.0,
29785,1336,19,0.0,
29786,1336,20,0.0,
29787,1336,21,0.0,
29788,1336,22,0.0,
29789,1336,23,0.0,
29790,1336,24,0.0,
29791,1336,25,0.0,
29792,1336,26,0.0,
29793,1336,27,0.0,
29794,1336,28,0.0,
29795,1336,29,0.0,
29796,1336,30,0.0,
29797,1336,31,0.0,
29798,1336,32,0.0,
29799,1336,33,0.0,
29800,1336,34,0.0,
29801,1336,35,0.0,
29802,1336,36,0.0,
29803,1336,37,0.0,
29804,1336,38,0.0,
29805,1336,39,0.0,
29806,1336,40,0.0,
29807,1336,41,0.0,
29808,1336,42,0.0,
29809,1336,43,0.0,
29810,1336,44,0.0,
29811,1336,45,0.0,
29812,1336,46,0.0,
29813,1336,47,0.0,
29814,1336,48,0.0,
29815,1336,49,0.0,
29816,1336,50,0.0,
29817,1336,51,0.0,
29819,1337,1,49.0,
29820,1337,2,0.0,
29828,1337,12,0.0,
29829,1337,13,0.0,
29832,1337,7,0.0,
29834,1337,17,0.0,
29835,1337,18,0.0,
29836,1337,19,0.0,
29837,1337,20,0.0,
29838,1337,21,0.0,
29839,1337,22,0.0,
29840,1337,23,0.0,
29841,1337,24,0.0,
29842,1337,25,0.0,
29843,1337,26,0.0,
29844,1337,27,0.0,
29845,1337,28,0.0,
29846,1337,29,0.0,
29847,1337,30,0.0,
29848,1337,31,0.0,
29849,1337,32,0.0,
29850,1337,33,0.0,
29851,1337,34,0.0,
29852,1337,35,0.0,
29853,1337,36,0.0,
29854,1337,37,0.0,
29855,1337,38,0.0,
29856,1337,39,0.0,
29857,1337,40,0.0,
29858,1337,41,0.0,
29859,1337,42,0.0,
29860,1337,43,0.0,
29861,1337,44,0.0,
29862,1337,45,0.0,
29863,1337,46,0.0,
29864,1337,47,0.0,
29865,1337,48,0.0,
29866,1337,49,0.0,
29867,1337,50,0.0,
29868,1337,51,0.0,
29870,1338,1,76.0,
29871,1338,2,0.0,
29874,1338,5,0.0,
29875,1338,6,0.0,
29879,1338,12,0.0,
29880,1338,13,0.0,
29883,1338,7,0.0,
29885,1338,17,0.0,
29886,1338,18,0.0,
29887,1338,19,0.0,
29888,1338,20,0.0,
29889,1338,21,0.0,
29890,1338,22,0.0,
29891,1338,23,0.0,
29892,1338,24,0.0,
29893,1338,25,0.0,
29894,1338,26,0.0,
29895,1338,27,0.0,
29896,1338,28,0.0,
29897,1338,29,0.0,
29898,1338,30,0.0,
29899,1338,31,0.0,
29900,1338,32,0.0,
29901,1338,33,0.0,
29902,1338,34,0.0,
29903,1338,35,0.0,
29904,1338,36,0.0,
29905,1338,37,0.0,
29906,1338,38,0.0,
29907,1338,39,0.0,
29908,1338,40,0.0,
29909,1338,41,0.0,
29910,1338,42,0.0,
29911,1338,43,0.0,
29912,1338,44,0.0,
29913,1338,45,0.0,
29914,1338,46,0.0,
29915,1338,47,0.0,
29916,1338,48,0.0,
29917,1338,49,0.0,
29918,1338,50,0.0,
29919,1338,51,0.0,
29921,1339,1,180.0,
29922,1339,2,0.0,
29930,1339,12,0.0,
29931,1339,13,0.0,
29934,1339,7,0.0,
29936,1339,17,0.0,
29937,1339,18,0.0,
29938,1339,19,0.0,
29939,1339,20,0.0,
29940,1339,21,0.0,
29941,1339,22,0.0,
29942,1339,23,0.0,
29943,1339,24,0.0,
29944,1339,25,0.0,
29945,1339,26,0.0,
29946,1339,27,0.0,
29947,1339,28,0.0,
29948,1339,29,0.0,
29949,1339,30,0.0,
29950,1339,31,0.0,
29951,1339,32,0.0,
29952,1339,33,0.0,
29953,1339,34,0.0,
29954,1339,35,0.0,
29955,1339,36,0.0,
29956,1339,37,0.0,
29957,1339,38,0.0,
29958,1339,39,0.0,
29959,1339,40,0.0,
29960,1339,41,0.0,
29961,1339,42,0.0,
29962,1339,43,0.0,
29963,1339,44,0.0,
29964,1339,45,0.0,
29965,1339,46,0.0,
29966,1339,47,0.0,
29967,1339,48,0.0,
29968,1339,49,0.0,
29969,1339,50,0.0,
29970,1339,51,0.0,
29972,1340,1,611.0,
29973,1340,2,0.0,
29977,1340,6,0.0,
29984,1340,15,0.0,
29985,1340,7,0.0,
29986,1340,16,0.0,
29987,1340,17,0.0,
29988,1340,18,0.0,
29989,1340,19,0.0,
29990,1340,20,0.0,
29991,1340,21,0.0,
29992,1340,22,0.0,
29993,1340,23,0.0,
29994,1340,24,0.0,
29995,1340,25,0.0,
29996,1340,26,0.0,
29997,1340,27,0.0,
29998,1340,28,0.0,
29999,1340,29,0.0,
30000,1340,30,0.0,
30001,1340,31,0.0,
30002,1340,32,0.0,
30003,1340,33,0.0,
30004,1340,34,0.0,
30005,1340,35,0.0,
30006,1340,36,0.0,
30007,1340,37,0.0,
30008,1340,38,0.0,
30009,1340,39,0.0,
30010,1340,40,0.0,
30011,1340,41,0.0,
30012,1340,42,0.0,
30013,1340,43,0.0,
30014,1340,44,0.0,
30015,1340,45,0.0,
30016,1340,46,0.0,
30017,1340,47,0.0,
30018,1340,48,0.0,
30019,1340,49,0.0,
30020,1340,50,0.0,
30021,1340,51,0.0,
30023,1341,1,69.0,
30024,1341,2,0.0,
30032,1341,12,0.0,
30033,1341,13,0.0,
30036,1341,7,0.0,
30038,1341,17,0.0,
30039,1341,18,0.0,
30040,1341,19,0.0,
30041,1341,20,0.0,
30042,1341,21,0.0,
30043,1341,22,0.0,
30044,1341,23,0.0,
30045,1341,24,0.0,
30046,1341,25,0.0,
30047,1341,26,0.0,
30048,1341,27,0.0,
30049,1341,28,0.0,
30050,1341,29,0.0,
30051,1341,30,0.0,
30052,1341,31,0.0,
30053,1341,32,0.0,
30054,1341,33,0.0,
30055,1341,34,0.0,
30056,1341,35,0.0,
30057,1341,36,0.0,
30058,1341,37,0.0,
30059,1341,38,0.0,
30060,1341,39,0.0,
30061,1341,40,0.0,
30062,1341,41,0.0,
30063,1341,42,0.0,
30064,1341,43,0.0,
30065,1341,44,0.0,
30066,1341,45,0.0,
30067,1341,46,0.0,
30068,1341,47,0.0,
30069,1341,48,0.0,
30070,1341,49,0.0,
30071,1341,50,0.0,
30072,1341,51,0.0,
30074,1342,1,25.0,
30075,1342,2,0.0,
30083,1342,12,0.0,
30084,1342,13,0.0,
30087,1342,7,0.0,
30089,1342,17,0.0,
30090,1342,18,0.0,
30091,1342,19,0.0,
30092,1342,20,0.0,
30093,1342,21,0.0,
30094,1342,22,0.0,
30095,1342,23,0.0,
30096,1342,24,0.0,
30097,1342,25,0.0,
30098,1342,26,0.0,
30099,1342,27,0.0,
30100,1342,28,0.0,
30101,1342,29,0.0,
30102,1342,30,0.0,
30103,1342,31,0.0,
30104,1342,32,0.0,
30105,1342,33,0.0,
30106,1342,34,0.0,
30107,1342,35,0.0,
30108,1342,36,0.0,
30109,1342,37,0.0,
30110,1342,38,0.0,
30111,1342,39,0.0,
30112,1342,40,0.0,
30113,1342,41,0.0,
30114,1342,42,0.0,
30115,1342,43,0.0,
30116,1342,44,0.0,
30117,1342,45,0.0,
30118,1342,46,0.0,
30119,1342,47,0.0,
30120,1342,48,0.0,
30121,1342,49,0.0,
30122,1342,50,0.0,
30123,1342,51,0.0,
30125,1343,1,149.0,
30126,1343,2,0.0,
30134,1343,12,0.0,
30135,1343,13,0.0,
30138,1343,7,0.0,
30140,1343,17,0.0,
30141,1343,18,0.0,
30142,1343,19,0.0,
30143,1343,20,0.0,
30144,1343,21,0.0,
30145,1343,22,0.0,
30146,1343,23,0.0,
30147,1343,24,0.0,
30148,1343,25,0.0,
30149,1343,26,0.0,
30150,1343,27,0.0,
30151,1343,28,0.0,
30152,1343,29,0.0,
30153,1343,30,0.0,
30154,1343,31,0.0,
30155,1343,32,0.0,
30156,1343,33,0.0,
30157,1343,34,0.0,
30158,1343,35,0.0,
30159,1343,36,0.0,
30160,1343,37,0.0,
30161,1343,38,0.0,
30162,1343,39,0.0,
30163,1343,40,0.0,
30164,1343,41,0.0,
30165,1343,42,0.0,
30166,1343,43,0.0,
30167,1343,44,0.0,
30168,1343,45,0.0,
30169,1343,46,0.0,
30170,1343,47,0.0,
30171,1343,48,0.0,
30172,1343,49,0.0,
30173,1343,50,0.0,
30174,1343,51,0.0,
30176,1344,1,51.0,
30177,1344,2,0.0,
30185,1344,12,0.0,
30186,1344,13,0.0,
30189,1344,7,0.0,
30191,1344,17,0.0,
30192,1344,18,0.0,
30193,1344,19,0.0,
30194,1344,20,0.0,
30195,1344,21,0.0,
30196,1344,22,0.0,
30197,1344,23,0.0,
30198,1344,24,0.0,
30199,1344,25,0.0,
30200,1344,26,0.0,
30201,1344,27,0.0,
30202,1344,28,0.0,
30203,1344,29,0.0,
30204,1344,30,0.0,
30205,1344,31,0.0,
30206,1344,32,0.0,
30207,1344,33,0.0,
30208,1344,34,0.0,
30209,1344,35,0.0,
30210,1344,36,0.0,
30211,1344,37,0.0,
30212,1344,38,0.0,
30213,1344,39,0.0,
30214,1344,40,0.0,
30215,1344,41,0.0,
30216,1344,42,0.0,
30217,1344,43,0.0,
30218,1344,44,0.0,
30219,1344,45,0.0,
30220,1344,46,0.0,
30221,1344,47,0.0,
30222,1344,48,0.0,
30223,1344,49,0.0,
30224,1344,50,0.0,
30225,1344,51,0.0,
30227,1345,1,46.0,
30228,1345,2,0.0,
30231,1345,5,0.0,
30232,1345,6,0.0,
30236,1345,12,0.0,
30237,1345,13,0.0,
30240,1345,7,0.0,
30242,1345,17,0.0,
30243,1345,18,0.0,
30244,1345,19,0.0,
30245,1345,20,0.0,
30246,1345,21,0.0,
30247,1345,22,0.0,
30248,1345,23,0.0,
30249,1345,24,0.0,
30250,1345,25,0.0,
30251,1345,26,0.0,
30252,1345,27,0.0,
30253,1345,28,0.0,
30254,1345,29,0.0,
30255,1345,30,0.0,
30256,1345,31,0.0,
30257,1345,32,0.0,
30258,1345,33,0.0,
30259,1345,34,0.0,
30260,1345,35,0.0,
30261,1345,36,0.0,
30262,1345,37,0.0,
30263,1345,38,0.0,
30264,1345,39,0.0,
30265,1345,40,0.0,
30266,1345,41,0.0,
30267,1345,42,0.0,
30268,1345,43,0.0,
30269,1345,44,0.0,
30270,1345,45,0.0,
30271,1345,46,0.0,
30272,1345,47,0.0,
30273,1345,48,0.0,
30274,1345,49,0.0,
30275,1345,50,0.0,
30276,1345,51,0.0,
30278,1346,1,162.0,
30279,1346,2,0.0,
30287,1346,12,0.0,
30288,1346,13,0.0,
30291,1346,7,0.0,
30293,1346,17,0.0,
30294,1346,18,0.0,
30295,1346,19,0.0,
30296,1346,20,0.0,
30297,1346,21,0.0,
30298,1346,22,0.0,
30299,1346,23,0.0,
30300,1346,24,0.0,
30301,1346,25,0.0,
30302,1346,26,0.0,
30303,1346,27,0.0,
30304,1346,28,0.0,
30305,1346,29,0.0,
30306,1346,30,0.0,
30307,1346,31,0.0,
30308,1346,32,0.0,
30309,1346,33,0.0,
30310,1346,34,0.0,
30311,1346,35,0.0,
30312,1346,36,0.0,
30313,1346,37,0.0,
30314,1346,38,0.0,
30315,1346,39,0.0,
30316,1346,40,0.0,
30317,1346,41,0.0,
30318,1346,42,0.0,
30319,1346,43,0.0,
30320,1346,44,0.0,
30321,1346,45,0.0,
30322,1346,46,0.0,
30323,1346,47,0.0,
30324,1346,48,0.0,
30325,1346,49,0.0,
30326,1346,50,0.0,
30327,1346,51,0.0,
30329,1347,1,489.0,
30330,1347,2,0.0,
30334,1347,6,0.0,
30338,1347,12,0.0,
30341,1347,15,0.0,
30342,1347,7,0.0,
30343,1347,16,0.0,
30344,1347,17,0.0,
30345,1347,18,0.0,
30346,1347,19,0.0,
30347,1347,20,0.0,
30348,1347,21,0.0,
30349,1347,22,0.0,
30350,1347,23,0.0,
30351,1347,24,0.0,
30352,1347,25,0.0,
30353,1347,26,0.0,
30354,1347,27,0.0,
30355,1347,28,0.0,
30356,1347,29,0.0,
30357,1347,30,0.0,
30358,1347,31,0.0,
30359,1347,32,0.0,
30360,1347,33,0.0,
30361,1347,34,0.0,
30362,1347,35,0.0,
30363,1347,36,0.0,
30364,1347,37,0.0,
30365,1347,38,0.0,
30366,1347,39,0.0,
30367,1347,40,0.0,
30368,1347,41,0.0,
30369,1347,42,0.0,
30370,1347,43,0.0,
30371,1347,44,0.0,
30372,1347,45,0.0,
30373,1347,46,0.0,
30374,1347,47,0.0,
30375,1347,48,0.0,
30376,1347,49,0.0,
30377,1347,50,0.0,
30378,1347,51,0.0,
30380,1348,1,56.0,
30381,1348,2,0.0,
30389,1348,12,0.0,
30390,1348,13,0.0,
30393,1348,7,0.0,
30395,1348,17,0.0,
30396,1348,18,0.0,
30397,1348,19,0.0,
30398,1348,20,0.0,
30399,1348,21,0.0,
30400,1348,22,0.0,
30401,1348,23,0.0,
30402,1348,24,0.0,
30403,1348,25,0.0,
30404,1348,26,0.0,
30405,1348,27,0.0,
30406,1348,28,0.0,
30407,1348,29,0.0,
30408,1348,30,0.0,
30409,1348,31,0.0,
30410,1348,32,0.0,
30411,1348,33,0.0,
30412,1348,34,0.0,
30413,1348,35,0.0,
30414,1348,36,0.0,
30415,1348,37,0.0,
30416,1348,38,0.0,
30417,1348,39,0.0,
30418,1348,40,0.0,
30419,1348,41,0.0,
30420,1348,42,0.0,
30421,1348,43,0.0,
30422,1348,44,0.0,
30423,1348,45,0.0,
30424,1348,46,0.0,
30425,1348,47,0.0,
30426,1348,48,0.0,
30427,1348,49,0.0,
30428,1348,50,0.0,
30429,1348,51,0.0,
30431,1349,1,19.0,
30432,1349,2,0.0,
30440,1349,12,0.0,
30441,1349,13,0.0,
30444,1349,7,0.0,
30446,1349,17,0.0,
30447,1349,18,0.0,
30448,1349,19,0.0,
30449,1349,20,0.0,
30450,1349,21,0.0,
30451,1349,22,0.0,
30452,1349,23,0.0,
30453,1349,24,0.0,
30454,1349,25,0.0,
30455,1349,26,0.0,
30456,1349,27,0.0,
30457,1349,28,0.0,
30458,1349,29,0.0,
30459,1349,30,0.0,
30460,1349,31,0.0,
30461,1349,32,0.0,
30462,1349,33,0.0,
30463,1349,34,0.0,
30464,1349,35,0.0,
30465,1349,36,0.0,
30466,1349,37,0.0,
30467,1349,38,0.0,
30468,1349,39,0.0,
30469,1349,40,0.0,
30470,1349,41,0.0,
30471,1349,42,0.0,
30472,1349,43,0.0,
30473,1349,44,0.0,
30474,1349,45,0.0,
30475,1349,46,0.0,
30476,1349,47,0.0,
30477,1349,48,0.0,
30478,1349,49,0.0,
30479,1349,50,0.0,
30480,1349,51,0.0,
30482,1350,1,145.0,
30483,1350,2,0.0,
30491,1350,12,0.0,
30492,1350,13,0.0,
30495,1350,7,0.0,
30497,1350,17,0.0,
30498,1350,18,0.0,
30499,1350,19,0.0,
30500,1350,20,0.0,
30501,1350,21,0.0,
30502,1350,22,0.0,
30503,1350,23,0.0,
30504,1350,24,0.0,
30505,1350,25,0.0,
30506,1350,26,0.0,
30507,1350,27,0.0,
30508,1350,28,0.0,
30509,1350,29,0.0,
30510,1350,30,0.0,
30511,1350,31,0.0,
30512,1350,32,0.0,
30513,1350,33,0.0,
30514,1350,34,0.0,
30515,1350,35,0.0,
30516,1350,36,0.0,
30517,1350,37,0.0,
30518,1350,38,0.0,
30519,1350,39,0.0,
30520,1350,40,0.0,
30521,1350,41,0.0,
30522,1350,42,0.0,
30523,1350,43,0.0,
30524,1350,44,0.0,
30525,1350,45,0.0,
30526,1350,46,0.0,
30527,1350,47,0.0,
30528,1350,48,0.0,
30529,1350,49,0.0,
30530,1350,50,0.0,
30531,1350,51,0.0,
30533,1351,1,31.0,
30534,1351,2,0.0,
30542,1351,12,0.0,
30543,1351,13,0.0,
30546,1351,7,0.0,
30548,1351,17,0.0,
30549,1351,18,0.0,
30550,1351,19,0.0,
30551,1351,20,0.0,
30552,1351,21,0.0,
30553,1351,22,0.0,
30554,1351,23,0.0,
30555,1351,24,0.0,
30556,1351,25,0.0,
30557,1351,26,0.0,
30558,1351,27,0.0,
30559,1351,28,0.0,
30560,1351,29,0.0,
30561,1351,30,0.0,
30562,1351,31,0.0,
30563,1351,32,0.0,
30564,1351,33,0.0,
30565,1351,34,0.0,
30566,1351,35,0.0,
30567,1351,36,0.0,
30568,1351,37,0.0,
30569,1351,38,0.0,
30570,1351,39,0.0,
30571,1351,40,0.0,
30572,1351,41,0.0,
30573,1351,42,0.0,
30574,1351,43,0.0,
30575,1351,44,0.0,
30576,1351,45,0.0,
30577,1351,46,0.0,
30578,1351,47,0.0,
30579,1351,48,0.0,
30580,1351,49,0.0,
30581,1351,50,0.0,
30582,1351,51,0.0,
30584,1352,1,66.0,
30585,1352,2,0.0,
30588,1352,5,0.0,
30589,1352,6,0.0,
30593,1352,12,0.0,
30594,1352,13,0.0,
30597,1352,7,0.0,
30599,1352,17,0.0,
30600,1352,18,0.0,
30601,1352,19,0.0,
30602,1352,20,0.0,
30603,1352,21,0.0,
30604,1352,22,0.0,
30605,1352,23,0.0,
30606,1352,24,0.0,
30607,1352,25,0.0,
30608,1352,26,0.0,
30609,1352,27,0.0,
30610,1352,28,0.0,
30611,1352,29,0.0,
30612,1352,30,0.0,
30613,1352,31,0.0,
30614,1352,32,0.0,
30615,1352,33,0.0,
30616,1352,34,0.0,
30617,1352,35,0.0,
30618,1352,36,0.0,
30619,1352,37,0.0,
30620,1352,38,0.0,
30621,1352,39,0.0,
30622,1352,40,0.0,
30623,1352,41,0.0,
30624,1352,42,0.0,
30625,1352,43,0.0,
30626,1352,44,0.0,
30627,1352,45,0.0,
30628,1352,46,0.0,
30629,1352,47,0.0,
30630,1352,48,0.0,
30631,1352,49,0.0,
30632,1352,50,0.0,
30633,1352,51,0.0,
30635,1353,1,132.0,
30636,1353,2,0.0,
30644,1353,12,0.0,
30645,1353,13,0.0,
30648,1353,7,0.0,
30650,1353,17,0.0,
30651,1353,18,0.0,
30652,1353,19,0.0,
30653,1353,20,0.0,
30654,1353,21,0.0,
30655,1353,22,0.0,
30656,1353,23,0.0,
30657,1353,24,0.0,
30658,1353,25,0.0,
30659,1353,26,0.0,
30660,1353,27,0.0,
30661,1353,28,0.0,
30662,1353,29,0.0,
30663,1353,30,0.0,
30664,1353,31,0.0,
30665,1353,32,0.0,
30666,1353,33,0.0,
30667,1353,34,0.0,
30668,1353,35,0.0,
30669,1353,36,0.0,
30670,1353,37,0.0,
30671,1353,38,0.0,
30672,1353,39,0.0,
30673,1353,40,0.0,
30674,1353,41,0.0,
30675,1353,42,0.0,
30676,1353,43,0.0,
30677,1353,44,0.0,
30678,1353,45,0.0,
30679,1353,46,0.0,
30680,1353,47,0.0,
30681,1353,48,0.0,
30682,1353,49,0.0,
30683,1353,50,0.0,
30684,1353,51,0.0,
30686,1354,1,418.0,
30687,1354,2,0.0,
30691,1354,6,0.0,
30698,1354,15,0.0,
30699,1354,7,0.0,
30700,1354,16,0.0,
30701,1354,17,0.0,
30702,1354,18,0.0,
30703,1354,19,0.0,
30704,1354,20,0.0,
30705,1354,21,0.0,
30706,1354,22,0.0,
30707,1354,23,0.0,
30708,1354,24,0.0,
30709,1354,25,0.0,
30710,1354,26,0.0,
30711,1354,27,0.0,
30712,1354,28,0.0,
30713,1354,29,0.0,
30714,1354,30,0.0,
30715,1354,31,0.0,
30716,1354,32,0.0,
30717,1354,33,0.0,
30718,1354,34,0.0,
30719,1354,35,0.0,
30720,1354,36,0.0,
30721,1354,37,0.0,
30722,1354,38,0.0,
30723,1354,39,0.0,
30724,1354,40,0.0,
30725,1354,41,0.0,
30726,1354,42,0.0,
30727,1354,43,0.0,
30728,1354,44,0.0,
30729,1354,45,0.0,
30730,1354,46,0.0,
30731,1354,47,0.0,
30732,1354,48,0.0,
30733,1354,49,0.0,
30734,1354,50,0.0,
30735,1354,51,0.0,
30737,1355,1,25.0,
30738,1355,2,0.0,
30746,1355,12,0.0,
30747,1355,13,0.0,
30750,1355,7,0.0,
30752,1355,17,0.0,
30753,1355,18,0.0,
30754,1355,19,0.0,
30755,1355,20,0.0,
30756,1355,21,0.0,
30757,1355,22,0.0,
30758,1355,23,0.0,
30759,1355,24,0.0,
30760,1355,25,0.0,
30761,1355,26,0.0,
30762,1355,27,0.0,
30763,1355,28,0.0,
30764,1355,29,0.0,
30765,1355,30,0.0,
30766,1355,31,0.0,
30767,1355,32,0.0,
30768,1355,33,0.0,
30769,1355,34,0.0,
30770,1355,35,0.0,
30771,1355,36,0.0,
30772,1355,37,0.0,
30773,1355,38,0.0,
30774,1355,39,0.0,
30775,1355,40,0.0,
30776,1355,41,0.0,
30777,1355,42,0.0,
30778,1355,43,0.0,
30779,1355,44,0.0,
30780,1355,45,0.0,
30781,1355,46,0.0,
30782,1355,47,0.0,
30783,1355,48,0.0,
30784,1355,49,0.0,
30785,1355,50,0.0,
30786,1355,51,0.0,
30788,1356,1,36.0,
30789,1356,2,0.0,
30797,1356,12,0.0,
30798,1356,13,0.0,
30801,1356,7,0.0,
30803,1356,17,0.0,
30804,1356,18,0.0,
30805,1356,19,0.0,
30806,1356,20,0.0,
30807,1356,21,0.0,
30808,1356,22,0.0,
30809,1356,23,0.0,
30810,1356,24,0.0,
30811,1356,25,0.0,
30812,1356,26,0.0,
30813,1356,27,0.0,
30814,1356,28,0.0,
30815,1356,29,0.0,
30816,1356,30,0.0,
30817,1356,31,0.0,
30818,1356,32,0.0,
30819,1356,33,0.0,
30820,1356,34,0.0,
30821,1356,35,0.0,
30822,1356,36,0.0,
30823,1356,37,0.0,
30824,1356,38,0.0,
30825,1356,39,0.0,
30826,1356,40,0.0,
30827,1356,41,0.0,
30828,1356,42,0.0,
30829,1356,43,0.0,
30830,1356,44,0.0,
30831,1356,45,0.0,
30832,1356,46,0.0,
30833,1356,47,0.0,
30834,1356,48,0.0,
30835,1356,49,0.0,
30836,1356,50,0.0,
30837,1356,51,0.0,
30839,1357,1,167.0,
30840,1357,2,0.0,
30848,1357,12,0.0,
30849,1357,13,0.0,
30852,1357,7,0.0,
30854,1357,17,0.0,
30855,1357,18,0.0,
30856,1357,19,0.0,
30857,1357,20,0.0,
30858,1357,21,0.0,
30859,1357,22,0.0,
30860,1357,23,0.0,
30861,1357,24,0.0,
30862,1357,25,0.0,
30863,1357,26,0.0,
30864,1357,27,0.0,
30865,1357,28,0.0,
30866,1357,29,0.0,
30867,1357,30,0.0,
30868,1357,31,0.0,
30869,1357,32,0.0,
30870,1357,33,0.0,
30871,1357,34,0.0,
30872,1357,35,0.0,
30873,1357,36,0.0,
30874,1357,37,0.0,
30875,1357,38,0.0,
30876,1357,39,0.0,
30877,1357,40,0.0,
30878,1357,41,0.0,
30879,1357,42,0.0,
30880,1357,43,0.0,
30881,1357,44,0.0,
30882,1357,45,0.0,
30883,1357,46,0.0,
30884,1357,47,0.0,
30885,1357,48,0.0,
30886,1357,49,0.0,
30887,1357,50,0.0,
30888,1357,51,0.0,
30890,1358,1,61.0,
30891,1358,2,0.0,
30899,1358,12,0.0,
30900,1358,13,0.0,
30903,1358,7,0.0,
30905,1358,17,0.0,
30906,1358,18,0.0,
30907,1358,19,0.0,
30908,1358,20,0.0,
30909,1358,21,0.0,
30910,1358,22,0.0,
30911,1358,23,0.0,
30912,1358,24,0.0,
30913,1358,25,0.0,
30914,1358,26,0.0,
30915,1358,27,0.0,
30916,1358,28,0.0,
30917,1358,29,0.0,
30918,1358,30,0.0,
30919,1358,31,0.0,
30920,1358,32,0.0,
30921,1358,33,0.0,
30922,1358,34,0.0,
30923,1358,35,0.0,
30924,1358,36,0.0,
30925,1358,37,0.0,
30926,1358,38,0.0,
30927,1358,39,0.0,
30928,1358,40,0.0,
30929,1358,41,0.0,
30930,1358,42,0.0,
30931,1358,43,0.0,
30932,1358,44,0.0,
30933,1358,45,0.0,
30934,1358,46,0.0,
30935,1358,47,0.0,
30936,1358,48,0.0,
30937,1358,49,0.0,
30938,1358,50,0.0,
30939,1358,51,0.0,
30941,1359,1,89.0,
30942,1359,2,0.0,
30945,1359,5,0.0,
30946,1359,6,0.0,
30949,1359,10,0.0,
30950,1359,12,0.0,
30951,1359,13,0.0,
30954,1359,7,0.0,
30956,1359,17,0.0,
30957,1359,18,0.0,
30958,1359,19,0.0,
30959,1359,20,0.0,
30960,1359,21,0.0,
30961,1359,22,0.0,
30962,1359,23,0.0,
30963,1359,24,0.0,
30964,1359,25,0.0,
30965,1359,26,0.0,
30966,1359,27,0.0,
30967,1359,28,0.0,
30968,1359,29,0.0,
30969,1359,30,0.0,
30970,1359,31,0.0,
30971,1359,32,0.0,
30972,1359,33,0.0,
30973,1359,34,0.0,
30974,1359,35,0.0,
30975,1359,36,0.0,
30976,1359,37,0.0,
30977,1359,38,0.0,
30978,1359,39,0.0,
30979,1359,40,0.0,
30980,1359,41,0.0,
30981,1359,42,0.0,
30982,1359,43,0.0,
30983,1359,44,0.0,
30984,1359,45,0.0,
30985,1359,46,0.0,
30986,1359,47,0.0,
30987,1359,48,0.0,
30988,1359,49,0.0,
30989,1359,50,0.0,
30990,1359,51,0.0,
30992,1360,1,172.0,
30993,1360,2,0.0,
31001,1360,12,0.0,
31002,1360,13,0.0,
31005,1360,7,0.0,
31007,1360,17,0.0,
31008,1360,18,0.0,
31009,1360,19,0.0,
31010,1360,20,0.0,
31011,1360,21,0.0,
31012,1360,22,0.0,
31013,1360,23,0.0,
31014,1360,24,0.0,
31015,1360,25,0.0,
31016,1360,26,0.0,
31017,1360,27,0.0,
31018,1360,28,0.0,
31019,1360,29,0.0,
31020,1360,30,0.0,
31021,1360,31,0.0,
31022,1360,32,0.0,
31023,1360,33,0.0,
31024,1360,34,0.0,
31025,1360,35,0.0,
31026,1360,36,0.0,
31027,1360,37,0.0,
31028,1360,38,0.0,
31029,1360,39,0.0,
31030,1360,40,0.0,
31031,1360,41,0.0,
31032,1360,42,0.0,
31033,1360,43,0.0,
31034,1360,44,0.0,
31035,1360,45,0.0,
31036,1360,46,0.0,
31037,1360,47,0.0,
31038,1360,48,0.0,
31039,1360,49,0.0,
31040,1360,50,0.0,
31041,1360,51,0.0,
31043,1361,1,567.0,
31044,1361,2,0.0,
31048,1361,6,0.0,
31055,1361,15,0.0,
31056,1361,7,0.0,
31057,1361,16,0.0,
31058,1361,17,0.0,
31059,1361,18,0.0,
31060,1361,19,0.0,
31061,1361,20,0.0,
31062,1361,21,0.0,
31063,1361,22,0.0,
31064,1361,23,0.0,
31065,1361,24,0.0,
31066,1361,25,0.0,
31067,1361,26,0.0,
31068,1361,27,0.0,
31069,1361,28,0.0,
31070,1361,29,0.0,
31071,1361,30,0.0,
31072,1361,31,0.0,
31073,1361,32,0.0,
31074,1361,33,0.0,
31075,1361,34,0.0,
31076,1361,35,0.0,
31077,1361,36,0.0,
31078,1361,37,0.0,
31079,1361,38,0.0,
31080,1361,39,0.0,
31081,1361,40,0.0,
31082,1361,41,0.0,
31083,1361,42,0.0,
31084,1361,43,0.0,
31085,1361,44,0.0,
31086,1361,45,0.0,
31087,1361,46,0.0,
31088,1361,47,0.0,
31089,1361,48,0.0,
31090,1361,49,0.0,
31091,1361,50,0.0,
31092,1361,51,0.0,
31094,1362,1,42.0,
31095,1362,2,0.0,
31103,1362,12,0.0,
31104,1362,13,0.0,
31107,1362,7,0.0,
31109,1362,17,0.0,
31110,1362,18,0.0,
31111,1362,19,0.0,
31112,1362,20,0.0,
31113,1362,21,0.0,
31114,1362,22,0.0,
31115,1362,23,0.0,
31116,1362,24,0.0,
31117,1362,25,0.0,
31118,1362,26,0.0,
31119,1362,27,0.0,
31120,1362,28,0.0,
31121,1362,29,0.0,
31122,1362,30,0.0,
31123,1362,31,0.0,
31124,1362,32,0.0,
31125,1362,33,0.0,
31126,1362,34,0.0,
31127,1362,35,0.0,
31128,1362,36,0.0,
31129,1362,37,0.0,
31130,1362,38,0.0,
31131,1362,39,0.0,
31132,1362,40,0.0,
31133,1362,41,0.0,
31134,1362,42,0.0,
31135,1362,43,0.0,
31136,1362,44,0.0,
31137,1362,45,0.0,
31138,1362,46,0.0,
31139,1362,47,0.0,
31140,1362,48,0.0,
31141,1362,49,0.0,
31142,1362,50,0.0,
31143,1362,51,0.0,
31145,1363,1,35.0,
31146,1363,2,0.0,
31154,1363,12,0.0,
31155,1363,13,0.0,
31158,1363,7,0.0,
31160,1363,17,0.0,
31161,1363,18,0.0,
31162,1363,19,0.0,
31163,1363,20,0.0,
31164,1363,21,0.0,
31165,1363,22,0.0,
31166,1363,23,0.0,
31167,1363,24,0.0,
31168,1363,25,0.0,
31169,1363,26,0.0,
31170,1363,27,0.0,
31171,1363,28,0.0,
31172,1363,29,0.0,
31173,1363,30,0.0,
31174,1363,31,0.0,
31175,1363,32,0.0,
31176,1363,33,0.0,
31177,1363,34,0.0,
31178,1363,35,0.0,
31179,1363,36,0.0,
31180,1363,37,0.0,
31181,1363,38,0.0,
31182,1363,39,0.0,
31183,1363,40,0.0,
31184,1363,41,0.0,
31185,1363,42,0.0,
31186,1363,43,0.0,
31187,1363,44,0.0,
31188,1363,45,0.0,
31189,1363,46,0.0,
31190,1363,47,0.0,
31191,1363,48,0.0,
31192,1363,49,0.0,
31193,1363,50,0.0,
31194,1363,51,0.0,
31196,1364,1,185.0,
31197,1364,2,0.0,
31205,1364,12,0.0,
31206,1364,13,0.0,
31209,1364,7,0.0,
31211,1364,17,0.0,
31212,1364,18,0.0,
31213,1364,19,0.0,
31214,1364,20,0.0,
31215,1364,21,0.0,
31216,1364,22,0.0,
31217,1364,23,0.0,
31218,1364,24,0.0,
31219,1364,25,0.0,
31220,1364,26,0.0,
31221,1364,27,0.0,
31222,1364,28,0.0,
31223,1364,29,0.0,
31224,1364,30,0.0,
31225,1364,31,0.0,
31226,1364,32,0.0,
31227,1364,33,0.0,
31228,1364,34,0.0,
31229,1364,35,0.0,
31230,1364,36,0.0,
31231,1364,37,0.0,
31232,1364,38,0.0,
31233,1364,39,0.0,
31234,1364,40,0.0,
31235,1364,41,0.0,
31236,1364,42,0.0,
31237,1364,43,0.0,
31238,1364,44,0.0,
31239,1364,45,0.0,
31240,1364,46,0.0,
31241,1364,47,0.0,
31242,1364,48,0.0,
31243,1364,49,0.0,
31244,1364,50,0.0,
31245,1364,51,0.0,
31247,1365,1,44.0,
31248,1365,2,0.0,
31256,1365,12,0.0,
31257,1365,13,0.0,
31260,1365,7,0.0,
31262,1365,17,0.0,
31263,1365,18,0.0,
31264,1365,19,0.0,
31265,1365,20,0.0,
31266,1365,21,0.0,
31267,1365,22,0.0,
31268,1365,23,0.0,
31269,1365,24,0.0,
31270,1365,25,0.0,
31271,1365,26,0.0,
31272,1365,27,0.0,
31273,1365,28,0.0,
31274,1365,29,0.0,
31275,1365,30,0.0,
31276,1365,31,0.0,
31277,1365,32,0.0,
31278,1365,33,0.0,
31279,1365,34,0.0,
31280,1365,35,0.0,
31281,1365,36,0.0,
31282,1365,37,0.0,
31283,1365,38,0.0,
31284,1365,39,0.0,
31285,1365,40,0.0,
31286,1365,41,0.0,
31287,1365,42,0.0,
31288,1365,43,0.0,
31289,1365,44,0.0,
31290,1365,45,0.0,
31291,1365,46,0.0,
31292,1365,47,0.0,
31293,1365,48,0.0,
31294,1365,49,0.0,
31295,1365,50,0.0,
31296,1365,51,0.0,
31298,1366,1,65.0,
31299,1366,2,0.0,
31302,1366,5,0.0,
31303,1366,6,0.0,
31307,1366,12,0.0,
31308,1366,13,0.0,
31311,1366,7,0.0,
31313,1366,17,0.0,
31314,1366,18,0.0,
31315,1366,19,0.0,
31316,1366,20,0.0,
31317,1366,21,0.0,
31318,1366,22,0.0,
31319,1366,23,0.0,
31320,1366,24,0.0,
31321,1366,25,0.0,
31322,1366,26,0.0,
31323,1366,27,0.0,
31324,1366,28,0.0,
31325,1366,29,0.0,
31326,1366,30,0.0,
31327,1366,31,0.0,
31328,1366,32,0.0,
31329,1366,33,0.0,
31330,1366,34,0.0,
31331,1366,35,0.0,
31332,1366,36,0.0,
31333,1366,37,0.0,
31334,1366,38,0.0,
31335,1366,39,0.0,
31336,1366,40,0.0,
31337,1366,41,0.0,
31338,1366,42,0.0,
31339,1366,43,0.0,
31340,1366,44,0.0,
31341,1366,45,0.0,
31342,1366,46,0.0,
31343,1366,47,0.0,
31344,1366,48,0.0,
31345,1366,49,0.0,
31346,1366,50,0.0,
31347,1366,51,0.0,
31349,1367,1,161.0,
31350,1367,2,0.0,
31358,1367,12,0.0,
31359,1367,13,0.0,
31362,1367,7,0.0,
31364,1367,17,0.0,
31365,1367,18,0.0,
31366,1367,19,0.0,
31367,1367,20,0.0,
31368,1367,21,0.0,
31369,1367,22,0.0,
31370,1367,23,0.0,
31371,1367,24,0.0,
31372,1367,25,0.0,
31373,1367,26,0.0,
31374,1367,27,0.0,
31375,1367,28,0.0,
31376,1367,29,0.0,
31377,1367,30,0.0,
31378,1367,31,0.0,
31379,1367,32,0.0,
31380,1367,33,0.0,
31381,1367,34,0.0,
31382,1367,35,0.0,
31383,1367,36,0.0,
31384,1367,37,0.0,
31385,1367,38,0.0,
31386,1367,39,0.0,
31387,1367,40,0.0,
31388,1367,41,0.0,
31389,1367,42,0.0,
31390,1367,43,0.0,
31391,1367,44,0.0,
31392,1367,45,0.0,
31393,1367,46,0.0,
31394,1367,47,0.0,
31395,1367,48,0.0,
31396,1367,49,0.0,
31397,1367,50,0.0,
31398,1367,51,0.0,
31400,1368,1,537.0,
31401,1368,2,0.0,
31405,1368,6,0.0,
31412,1368,15,0.0,
31413,1368,7,0.0,
31414,1368,16,0.0,
31415,1368,17,0.0,
31416,1368,18,0.0,
31417,1368,19,0.0,
31418,1368,20,0.0,
31419,1368,21,0.0,
31420,1368,22,0.0,
31421,1368,23,0.0,
31422,1368,24,0.0,
31423,1368,25,0.0,
31424,1368,26,0.0,
31425,1368,27,0.0,
31426,1368,28,0.0,
31427,1368,29,0.0,
31428,1368,30,0.0,
31429,1368,31,0.0,
31430,1368,32,0.0,
31431,1368,33,0.0,
31432,1368,34,0.0,
31433,1368,35,0.0,
31434,1368,36,0.0,
31435,1368,37,0.0,
31436,1368,38,0.0,
31437,1368,39,0.0,
31438,1368,40,0.0,
31439,1368,41,0.0,
31440,1368,42,0.0,
31441,1368,43,0.0,
31442,1368,44,0.0,
31443,1368,45,0.0,
31444,1368,46,0.0,
31445,1368,47,0.0,
31446,1368,48,0.0,
31447,1368,49,0.0,
31448,1368,50,0.0,
31449,1368,51,0.0,
31451,1369,1,47.0,
31452,1369,2,0.0,
31460,1369,12,0.0,
31461,1369,13,0.0,
31464,1369,7,0.0,
31466,1369,17,0.0,
31467,1369,18,0.0,
31468,1369,19,0.0,
31469,1369,20,0.0,
31470,1369,21,0.0,
31471,1369,22,0.0,
31472,1369,23,0.0,
31473,1369,24,0.0,
31474,1369,25,0.0,
31475,1369,26,0.0,
31476,1369,27,0.0,
31477,1369,28,0.0,
31478,1369,29,0.0,
31479,1369,30,0.0,
31480,1369,31,0.0,
31481,1369,32,0.0,
31482,1369,33,0.0,
31483,1369,34,0.0,
31484,1369,35,0.0,
31485,1369,36,0.0,
31486,1369,37,0.0,
31487,1369,38,0.0,
31488,1369,39,0.0,
31489,1369,40,0.0,
31490,1369,41,0.0,
31491,1369,42,0.0,
31492,1369,43,0.0,
31493,1369,44,0.0,
31494,1369,45,0.0,
31495,1369,46,0.0,
31496,1369,47,0.0,
31497,1369,48,0.0,
31498,1369,49,0.0,
31499,1369,50,0.0,
31500,1369,51,0.0,
31502,1370,1,23.0,
31503,1370,2,0.0,
31511,1370,12,0.0,
31512,1370,13,0.0,
31515,1370,7,0.0,
31517,1370,17,0.0,
31518,1370,18,0.0,
31519,1370,19,0.0,
31520,1370,20,0.0,
31521,1370,21,0.0,
31522,1370,22,0.0,
31523,1370,23,0.0,
31524,1370,24,0.0,
31525,1370,25,0.0,
31526,1370,26,0.0,
31527,1370,27,0.0,
31528,1370,28,0.0,
31529,1370,29,0.0,
31530,1370,30,0.0,
31531,1370,31,0.0,
31532,1370,32,0.0,
31533,1370,33,0.0,
31534,1370,34,0.0,
31535,1370,35,0.0,
31536,1370,36,0.0,
31537,1370,37,0.0,
31538,1370,38,0.0,
31539,1370,39,0.0,
31540,1370,40,0.0,
31541,1370,41,0.0,
31542,1370,42,0.0,
31543,1370,43,0.0,
31544,1370,44,0.0,
31545,1370,45,0.0,
31546,1370,46,0.0,
31547,1370,47,0.0,
31548,1370,48,0.0,
31549,1370,49,0.0,
31550,1370,50,0.0,
31551,1370,51,0.0,
31553,1371,1,184.0,
31554,1371,2,0.0,
31562,1371,12,0.0,
31563,1371,13,0.0,
31566,1371,7,0.0,
31568,1371,17,0.0,
31569,1371,18,0.0,
31570,1371,19,0.0,
31571,1371,20,0.0,
31572,1371,21,0.0,
31573,1371,22,0.0,
31574,1371,23,0.0,
31575,1371,24,0.0,
31576,1371,25,0.0,
31577,1371,26,0.0,
31578,1371,27,0.0,
31579,1371,28,0.0,
31580,1371,29,0.0,
31581,1371,30,0.0,
31582,1371,31,0.0,
31583,1371,32,0.0,
31584,1371,33,0.0,
31585,1371,34,0.0,
31586,1371,35,0.0,
31587,1371,36,0.0,
31588,1371,37,0.0,
31589,1371,38,0.0,
31590,1371,39,0.0,
31591,1371,40,0.0,
31592,1371,41,0.0,
31593,1371,42,0.0,
31594,1371,43,0.0,
31595,1371,44,0.0,
31596,1371,45,0.0,
31597,1371,46,0.0,
31598,1371,47,0.0,
31599,1371,48,0.0,
31600,1371,49,0.0,
31601,1371,50,0.0,
31602,1371,51,0.0,
31604,1372,1,60.0,
31605,1372,2,0.0,
31613,1372,12,0.0,
31614,1372,13,0.0,
31617,1372,7,0.0,
31619,1372,17,0.0,
31620,1372,18,0.0,
31621,1372,19,0.0,
31622,1372,20,0.0,
31623,1372,21,0.0,
31624,1372,22,0.0,
31625,1372,23,0.0,
31626,1372,24,0.0,
31627,1372,25,0.0,
31628,1372,26,0.0,
31629,1372,27,0.0,
31630,1372,28,0.0,
31631,1372,29,0.0,
31632,1372,30,0.0,
31633,1372,31,0.0,
31634,1372,32,0.0,
31635,1372,33,0.0,
31636,1372,34,0.0,
31637,1372,35,0.0,
31638,1372,36,0.0,
31639,1372,37,0.0,
31640,1372,38,0.0,
31641,1372,39,0.0,
31642,1372,40,0.0,
31643,1372,41,0.0,
31644,1372,42,0.0,
31645,1372,43,0.0,
31646,1372,44,0.0,
31647,1372,45,0.0,
31648,1372,46,0.0,
31649,1372,47,0.0,
31650,1372,48,0.0,
31651,1372,49,0.0,
31652,1372,50,0.0,
31653,1372,51,0.0,
31655,1373,1,117.0,
31656,1373,2,0.0,
31659,1373,5,0.0,
31660,1373,6,0.0,
31664,1373,12,0.0,
31665,1373,13,0.0,
31668,1373,7,0.0,
31670,1373,17,0.0,
31671,1373,18,0.0,
31672,1373,19,0.0,
31673,1373,20,0.0,
31674,1373,21,0.0,
31675,1373,22,0.0,
31676,1373,23,0.0,
31677,1373,24,0.0,
31678,1373,25,0.0,
31679,1373,26,0.0,
31680,1373,27,0.0,
31681,1373,28,0.0,
31682,1373,29,0.0,
31683,1373,30,0.0,
31684,1373,31,0.0,
31685,1373,32,0.0,
31686,1373,33,0.0,
31687,1373,34,0.0,
31688,1373,35,0.0,
31689,1373,36,0.0,
31690,1373,37,0.0,
31691,1373,38,0.0,
31692,1373,39,0.0,
31693,1373,40,0.0,
31694,1373,41,0.0,
31695,1373,42,0.0,
31696,1373,43,0.0,
31697,1373,44,0.0,
31698,1373,45,0.0,
31699,1373,46,0.0,
31700,1373,47,0.0,
31701,1373,48,0.0,
31702,1373,49,0.0,
31703,1373,50,0.0,
31704,1373,51,0.0,
31706,1374,1,158.0,
31707,1374,2,0.0,
31715,1374,12,0.0,
31716,1374,13,0.0,
31719,1374,7,0.0,
31721,1374,17,0.0,
31722,1374,18,0.0,
31723,1374,19,0.0,
31724,1374,20,0.0,
31725,1374,21,0.0,
31726,1374,22,0.0,
31727,1374,23,0.0,
31728,1374,24,0.0,
31729,1374,25,0.0,
31730,1374,26,0.0,
31731,1374,27,0.0,
31732,1374,28,0.0,
31733,1374,29,0.0,
31734,1374,30,0.0,
31735,1374,31,0.0,
31736,1374,32,0.0,
31737,1374,33,0.0,
31738,1374,34,0.0,
31739,1374,35,0.0,
31740,1374,36,0.0,
31741,1374,37,0.0,
31742,1374,38,0.0,
31743,1374,39,0.0,
31744,1374,40,0.0,
31745,1374,41,0.0,
31746,1374,42,0.0,
31747,1374,43,0.0,
31748,1374,44,0.0,
31749,1374,45,0.0,
31750,1374,46,0.0,
31751,1374,47,0.0,
31752,1374,48,0.0,
31753,1374,49,0.0,
31754,1374,50,0.0,
31755,1374,51,0.0,
31757,1375,1,645.0,
31758,1375,2,0.0,
31762,1375,6,0.0,
31766,1375,12,0.0,
31769,1375,15,0.0,
31770,1375,7,0.0,
31771,1375,16,0.0,
31772,1375,17,0.0,
31773,1375,18,0.0,
31774,1375,19,0.0,
31775,1375,20,0.0,
31776,1375,21,0.0,
31777,1375,22,0.0,
31778,1375,23,0.0,
31779,1375,24,0.0,
31780,1375,25,0.0,
31781,1375,26,0.0,
31782,1375,27,0.0,
31783,1375,28,0.0,
31784,1375,29,0.0,
31785,1375,30,0.0,
31786,1375,31,0.0,
31787,1375,32,0.0,
31788,1375,33,0.0,
31789,1375,34,0.0,
31790,1375,35,0.0,
31791,1375,36,0.0,
31792,1375,37,0.0,
31793,1375,38,0.0,
31794,1375,39,0.0,
31795,1375,40,0.0,
31796,1375,41,0.0,
31797,1375,42,0.0,
31798,1375,43,0.0,
31799,1375,44,0.0,
31800,1375,45,0.0,
31801,1375,46,0.0,
31802,1375,47,0.0,
31803,1375,48,0.0,
31804,1375,49,0.0,
31805,1375,50,0.0,
31806,1375,51,0.0,
31808,1376,1,103.0,
31809,1376,2,0.0,
31817,1376,12,0.0,
31818,1376,13,0.0,
31821,1376,7,0.0,
31823,1376,17,0.0,
31824,1376,18,0.0,
31825,1376,19,0.0,
31826,1376,20,0.0,
31827,1376,21,0.0,
31828,1376,22,0.0,
31829,1376,23,0.0,
31830,1376,24,0.0,
31831,1376,25,0.0,
31832,1376,26,0.0,
31833,1376,27,0.0,
31834,1376,28,0.0,
31835,1376,29,0.0,
31836,1376,30,0.0,
31837,1376,31,0.0,
31838,1376,32,0.0,
31839,1376,33,0.0,
31840,1376,34,0.0,
31841,1376,35,0.0,
31842,1376,36,0.0,
31843,1376,37,0.0,
31844,1376,38,0.0,
31845,1376,39,0.0,
31846,1376,40,0.0,
31847,1376,41,0.0,
31848,1376,42,0.0,
31849,1376,43,0.0,
31850,1376,44,0.0,
31851,1376,45,0.0,
31852,1376,46,0.0,
31853,1376,47,0.0,
31854,1376,48,0.0,
31855,1376,49,0.0,
31856,1376,50,0.0,
31857,1376,51,0.0,
31859,1377,1,72.0,
31860,1377,2,0.0,
31868,1377,12,0.0,
31869,1377,13,0.0,
31872,1377,7,0.0,
31874,1377,17,0.0,
31875,1377,18,0.0,
31876,1377,19,0.0,
31877,1377,20,0.0,
31878,1377,21,0.0,
31879,1377,22,0.0,
31880,1377,23,0.0,
31881,1377,24,0.0,
31882,1377,25,0.0,
31883,1377,26,0.0,
31884,1377,27,0.0,
31885,1377,28,0.0,
31886,1377,29,0.0,
31887,1377,30,0.0,
31888,1377,31,0.0,
31889,1377,32,0.0,
31890,1377,33,0.0,
31891,1377,34,0.0,
31892,1377,35,0.0,
31893,1377,36,0.0,
31894,1377,37,0.0,
31895,1377,38,0.0,
31896,1377,39,0.0,
31897,1377,40,0.0,
31898,1377,41,0.0,
31899,1377,42,0.0,
31900,1377,43,0.0,
31901,1377,44,0.0,
31902,1377,45,0.0,
31903,1377,46,0.0,
31904,1377,47,0.0,
31905,1377,48,0.0,
31906,1377,49,0.0,
31907,1377,50,0.0,
31908,1377,51,0.0,
31910,1378,1,174.0,
31911,1378,2,0.0,
31919,1378,12,0.0,
31920,1378,13,0.0,
31923,1378,7,0.0,
31925,1378,17,0.0,
31926,1378,18,0.0,
31927,1378,19,0.0,
31928,1378,20,0.0,
31929,1378,21,0.0,
31930,1378,22,0.0,
31931,1378,23,0.0,
31932,1378,24,0.0,
31933,1378,25,0.0,
31934,1378,26,0.0,
31935,1378,27,0.0,
31936,1378,28,0.0,
31937,1378,29,0.0,
31938,1378,30,0.0,
31939,1378,31,0.0,
31940,1378,32,0.0,
31941,1378,33,0.0,
31942,1378,34,0.0,
31943,1378,35,0.0,
31944,1378,36,0.0,
31945,1378,37,0.0,
31946,1378,38,0.0,
31947,1378,39,0.0,
31948,1378,40,0.0,
31949,1378,41,0.0,
31950,1378,42,0.0,
31951,1378,43,0.0,
31952,1378,44,0.0,
31953,1378,45,0.0,
31954,1378,46,0.0,
31955,1378,47,0.0,
31956,1378,48,0.0,
31957,1378,49,0.0,
31958,1378,50,0.0,
31959,1378,51,0.0,
31961,1379,1,61.0,
31962,1379,2,0.0,
31970,1379,12,0.0,
31971,1379,13,0.0,
31974,1379,7,0.0,
31976,1379,17,0.0,
31977,1379,18,0.0,
31978,1379,19,0.0,
31979,1379,20,0.0,
31980,1379,21,0.0,
31981,1379,22,0.0,
31982,1379,23,0.0,
31983,1379,24,0.0,
31984,1379,25,0.0,
31985,1379,26,0.0,
31986,1379,27,0.0,
31987,1379,28,0.0,
31988,1379,29,0.0,
31989,1379,30,0.0,
31990,1379,31,0.0,
31991,1379,32,0.0,
31992,1379,33,0.0,
31993,1379,34,0.0,
31994,1379,35,0.0,
31995,1379,36,0.0,
31996,1379,37,0.0,
31997,1379,38,0.0,
31998,1379,39,0.0,
31999,1379,40,0.0,
32000,1379,41,0.0,
32001,1379,42,0.0,
32002,1379,43,0.0,
32003,1379,44,0.0,
32004,1379,45,0.0,
32005,1379,46,0.0,
32006,1379,47,0.0,
32007,1379,48,0.0,
32008,1379,49,0.0,
32009,1379,50,0.0,
32010,1379,51,0.0,
32012,1380,1,109.0,
32013,1380,2,0.0,
32016,1380,5,0.0,
32017,1380,6,0.0,
32021,1380,12,0.0,
32022,1380,13,0.0,
32025,1380,7,0.0,
32027,1380,17,0.0,
32028,1380,18,0.0,
32029,1380,19,0.0,
32030,1380,20,0.0,
32031,1380,21,0.0,
32032,1380,22,0.0,
32033,1380,23,0.0,
32034,1380,24,0.0,
32035,1380,25,0.0,
32036,1380,26,0.0,
32037,1380,27,0.0,
32038,1380,28,0.0,
32039,1380,29,0.0,
32040,1380,30,0.0,
32041,1380,31,0.0,
32042,1380,32,0.0,
32043,1380,33,0.0,
32044,1380,34,0.0,
32045,1380,35,0.0,
32046,1380,36,0.0,
32047,1380,37,0.0,
32048,1380,38,0.0,
32049,1380,39,0.0,
32050,1380,40,0.0,
32051,1380,41,0.0,
32052,1380,42,0.0,
32053,1380,43,0.0,
32054,1380,44,0.0,
32055,1380,45,0.0,
32056,1380,46,0.0,
32057,1380,47,0.0,
32058,1380,48,0.0,
32059,1380,49,0.0,
32060,1380,50,0.0,
32061,1380,51,0.0,
32063,1381,1,159.0,
32064,1381,2,0.0,
32072,1381,12,0.0,
32073,1381,13,0.0,
32076,1381,7,0.0,
32078,1381,17,0.0,
32079,1381,18,0.0,
32080,1381,19,0.0,
32081,1381,20,0.0,
32082,1381,21,0.0,
32083,1381,22,0.0,
32084,1381,23,0.0,
32085,1381,24,0.0,
32086,1381,25,0.0,
32087,1381,26,0.0,
32088,1381,27,0.0,
32089,1381,28,0.0,
32090,1381,29,0.0,
32091,1381,30,0.0,
32092,1381,31,0.0,
32093,1381,32,0.0,
32094,1381,33,0.0,
32095,1381,34,0.0,
32096,1381,35,0.0,
32097,1381,36,0.0,
32098,1381,37,0.0,
32099,1381,38,0.0,
32100,1381,39,0.0,
32101,1381,40,0.0,
32102,1381,41,0.0,
32103,1381,42,0.0,
32104,1381,43,0.0,
32105,1381,44,0.0,
32106,1381,45,0.0,
32107,1381,46,0.0,
32108,1381,47,0.0,
32109,1381,48,0.0,
32110,1381,49,0.0,
32111,1381,50,0.0,
32112,1381,51,0.0,
32114,1382,1,619.0,
32115,1382,2,0.0,
32119,1382,6,0.0,
32126,1382,15,0.0,
32127,1382,7,0.0,
32128,1382,16,0.0,
32129,1382,17,0.0,
32130,1382,18,0.0,
32131,1382,19,0.0,
32132,1382,20,0.0,
32133,1382,21,0.0,
32134,1382,22,0.0,
32135,1382,23,0.0,
32136,1382,24,0.0,
32137,1382,25,0.0,
32138,1382,26,0.0,
32139,1382,27,0.0,
32140,1382,28,0.0,
32141,1382,29,0.0,
32142,1382,30,0.0,
32143,1382,31,0.0,
32144,1382,32,0.0,
32145,1382,33,0.0,
32146,1382,34,0.0,
32147,1382,35,0.0,
32148,1382,36,0.0,
32149,1382,37,0.0,
32150,1382,38,0.0,
32151,1382,39,0.0,
32152,1382,40,0.0,
32153,1382,41,0.0,
32154,1382,42,0.0,
32155,1382,43,0.0,
32156,1382,44,0.0,
32157,1382,45,0.0,
32158,1382,46,0.0,
32159,1382,47,0.0,
32160,1382,48,0.0,
32161,1382,49,0.0,
32162,1382,50,0.0,
32163,1382,51,0.0,
32165,1383,1,44.0,
32166,1383,2,0.0,
32174,1383,12,0.0,
32175,1383,13,0.0,
32178,1383,7,0.0,
32180,1383,17,0.0,
32181,1383,18,0.0,
32182,1383,19,0.0,
32183,1383,20,0.0,
32184,1383,21,0.0,
32185,1383,22,0.0,
32186,1383,23,0.0,
32187,1383,24,0.0,
32188,1383,25,0.0,
32189,1383,26,0.0,
32190,1383,27,0.0,
32191,1383,28,0.0,
32192,1383,29,0.0,
32193,1383,30,0.0,
32194,1383,31,0.0,
32195,1383,32,0.0,
32196,1383,33,0.0,
32197,1383,34,0.0,
32198,1383,35,0.0,
32199,1383,36,0.0,
32200,1383,37,0.0,
32201,1383,38,0.0,
32202,1383,39,0.0,
32203,1383,40,0.0,
32204,1383,41,0.0,
32205,1383,42,0.0,
32206,1383,43,0.0,
32207,1383,44,0.0,
32208,1383,45,0.0,
32209,1383,46,0.0,
32210,1383,47,0.0,
32211,1383,48,0.0,
32212,1383,49,0.0,
32213,1383,50,0.0,
32214,1383,51,0.0,
32216,1384,1,55.0,
32217,1384,2,0.0,
32225,1384,12,0.0,
32226,1384,13,0.0,
32229,1384,7,0.0,
32231,1384,17,0.0,
32232,1384,18,0.0,
32233,1384,19,0.0,
32234,1384,20,0.0,
32235,1384,21,0.0,
32236,1384,22,0.0,
32237,1384,23,0.0,
32238,1384,24,0.0,
32239,1384,25,0.0,
32240,1384,26,0.0,
32241,1384,27,0.0,
32242,1384,28,0.0,
32243,1384,29,0.0,
32244,1384,30,0.0,
32245,1384,31,0.0,
32246,1384,32,0.0,
32247,1384,33,0.0,
32248,1384,34,0.0,
32249,1384,35,0.0,
32250,1384,36,0.0,
32251,1384,37,0.0,
32252,1384,38,0.0,
32253,1384,39,0.0,
32254,1384,40,0.0,
32255,1384,41,0.0,
32256,1384,42,0.0,
32257,1384,43,0.0,
32258,1384,44,0.0,
32259,1384,45,0.0,
32260,1384,46,0.0,
32261,1384,47,0.0,
32262,1384,48,0.0,
32263,1384,49,0.0,
32264,1384,50,0.0,
32265,1384,51,0.0,
32267,1385,1,217.0,
32268,1385,2,0.0,
32276,1385,12,0.0,
32277,1385,13,0.0,
32280,1385,7,0.0,
32282,1385,17,0.0,
32283,1385,18,0.0,
32284,1385,19,0.0,
32285,1385,20,0.0,
32286,1385,21,0.0,
32287,1385,22,0.0,
32288,1385,23,0.0,
32289,1385,24,0.0,
32290,1385,25,0.0,
32291,1385,26,0.0,
32292,1385,27,0.0,
32293,1385,28,0.0,
32294,1385,29,0.0,
32295,1385,30,0.0,
32296,1385,31,0.0,
32297,1385,32,0.0,
32298,1385,33,0.0,
32299,1385,34,0.0,
32300,1385,35,0.0,
32301,1385,36,0.0,
32302,1385,37,0.0,
32303,1385,38,0.0,
32304,1385,39,0.0,
32305,1385,40,0.0,
32306,1385,41,0.0,
32307,1385,42,0.0,
32308,1385,43,0.0,
32309,1385,44,0.0,
32310,1385,45,0.0,
32311,1385,46,0.0,
32312,1385,47,0.0,
32313,1385,48,0.0,
32314,1385,49,0.0,
32315,1385,50,0.0,
32316,1385,51,0.0,
32318,1386,1,71.0,
32319,1386,2,0.0,
32327,1386,12,0.0,
32328,1386,13,0.0,
32331,1386,7,0.0,
32333,1386,17,0.0,
32334,1386,18,0.0,
32335,1386,19,0.0,
32336,1386,20,0.0,
32337,1386,21,0.0,
32338,1386,22,0.0,
32339,1386,23,0.0,
32340,1386,24,0.0,
32341,1386,25,0.0,
32342,1386,26,0.0,
32343,1386,27,0.0,
32344,1386,28,0.0,
32345,1386,29,0.0,
32346,1386,30,0.0,
32347,1386,31,0.0,
32348,1386,32,0.0,
32349,1386,33,0.0,
32350,1386,34,0.0,
32351,1386,35,0.0,
32352,1386,36,0.0,
32353,1386,37,0.0,
32354,1386,38,0.0,
32355,1386,39,0.0,
32356,1386,40,0.0,
32357,1386,41,0.0,
32358,1386,42,0.0,
32359,1386,43,0.0,
32360,1386,44,0.0,
32361,1386,45,0.0,
32362,1386,46,0.0,
32363,1386,47,0.0,
32364,1386,48,0.0,
32365,1386,49,0.0,
32366,1386,50,0.0,
32367,1386,51,0.0,
32369,1387,1,80.0,
32370,1387,2,0.0,
32373,1387,5,0.0,
32374,1387,6,0.0,
32378,1387,12,0.0,
32379,1387,13,0.0,
32382,1387,7,0.0,
32384,1387,17,0.0,
32385,1387,18,0.0,
32386,1387,19,0.0,
32387,1387,20,0.0,
32388,1387,21,0.0,
32389,1387,22,0.0,
32390,1387,23,0.0,
32391,1387,24,0.0,
32392,1387,25,0.0,
32393,1387,26,0.0,
32394,1387,27,0.0,
32395,1387,28,0.0,
32396,1387,29,0.0,
32397,1387,30,0.0,
32398,1387,31,0.0,
32399,1387,32,0.0,
32400,1387,33,0.0,
32401,1387,34,0.0,
32402,1387,35,0.0,
32403,1387,36,0.0,
32404,1387,37,0.0,
32405,1387,38,0.0,
32406,1387,39,0.0,
32407,1387,40,0.0,
32408,1387,41,0.0,
32409,1387,42,0.0,
32410,1387,43,0.0,
32411,1387,44,0.0,
32412,1387,45,0.0,
32413,1387,46,0.0,
32414,1387,47,0.0,
32415,1387,48,0.0,
32416,1387,49,0.0,
32417,1387,50,0.0,
32418,1387,51,0.0,
32420,1388,1,178.0,
32421,1388,2,0.0,
32429,1388,12,0.0,
32430,1388,13,0.0,
32433,1388,7,0.0,
32435,1388,17,0.0,
32436,1388,18,0.0,
32437,1388,19,0.0,
32438,1388,20,0.0,
32439,1388,21,0.0,
32440,1388,22,0.0,
32441,1388,23,0.0,
32442,1388,24,0.0,
32443,1388,25,0.0,
32444,1388,26,0.0,
32445,1388,27,0.0,
32446,1388,28,0.0,
32447,1388,29,0.0,
32448,1388,30,0.0,
32449,1388,31,0.0,
32450,1388,32,0.0,
32451,1388,33,0.0,
32452,1388,34,0.0,
32453,1388,35,0.0,
32454,1388,36,0.0,
32455,1388,37,0.0,
32456,1388,38,0.0,
32457,1388,39,0.0,
32458,1388,40,0.0,
32459,1388,41,0.0,
32460,1388,42,0.0,
32461,1388,43,0.0,
32462,1388,44,0.0,
32463,1388,45,0.0,
32464,1388,46,0.0,
32465,1388,47,0.0,
32466,1388,48,0.0,
32467,1388,49,0.0,
32468,1388,50,0.0,
32469,1388,51,0.0,
32471,1389,1,648.0,
32472,1389,2,0.0,
32476,1389,6,0.0,
32483,1389,15,0.0,
32484,1389,7,0.0,
32485,1389,16,0.0,
32486,1389,17,0.0,
32487,1389,18,0.0,
32488,1389,19,0.0,
32489,1389,20,0.0,
32490,1389,21,0.0,
32491,1389,22,0.0,
32492,1389,23,0.0,
32493,1389,24,0.0,
32494,1389,25,0.0,
32495,1389,26,0.0,
32496,1389,27,0.0,
32497,1389,28,0.0,
32498,1389,29,0.0,
32499,1389,30,0.0,
32500,1389,31,0.0,
32501,1389,32,0.0,
32502,1389,33,0.0,
32503,1389,34,0.0,
32504,1389,35,0.0,
32505,1389,36,0.0,
32506,1389,37,0.0,
32507,1389,38,0.0,
32508,1389,39,0.0,
32509,1389,40,0.0,
32510,1389,41,0.0,
32511,1389,42,0.0,
32512,1389,43,0.0,
32513,1389,44,0.0,
32514,1389,45,0.0,
32515,1389,46,0.0,
32516,1389,47,0.0,
32517,1389,48,0.0,
32518,1389,49,0.0,
32519,1389,50,0.0,
32520,1389,51,0.0,
32522,1390,1,47.0,
32523,1390,2,0.0,
32531,1390,12,0.0,
32532,1390,13,0.0,
32535,1390,7,0.0,
32537,1390,17,0.0,
32538,1390,18,0.0,
32539,1390,19,0.0,
32540,1390,20,0.0,
32541,1390,21,0.0,
32542,1390,22,0.0,
32543,1390,23,0.0,
32544,1390,24,0.0,
32545,1390,25,0.0,
32546,1390,26,0.0,
32547,1390,27,0.0,
32548,1390,28,0.0,
32549,1390,29,0.0,
32550,1390,30,0.0,
32551,1390,31,0.0,
32552,1390,32,0.0,
32553,1390,33,0.0,
32554,1390,34,0.0,
32555,1390,35,0.0,
32556,1390,36,0.0,
32557,1390,37,0.0,
32558,1390,38,0.0,
32559,1390,39,0.0,
32560,1390,40,0.0,
32561,1390,41,0.0,
32562,1390,42,0.0,
32563,1390,43,0.0,
32564,1390,44,0.0,
32565,1390,45,0.0,
32566,1390,46,0.0,
32567,1390,47,0.0,
32568,1390,48,0.0,
32569,1390,49,0.0,
32570,1390,50,0.0,
32571,1390,51,0.0,
32573,1391,1,52.0,
32574,1391,2,0.0,
32582,1391,12,0.0,
32583,1391,13,0.0,
32586,1391,7,0.0,
32588,1391,17,0.0,
32589,1391,18,0.0,
32590,1391,19,0.0,
32591,1391,20,0.0,
32592,1391,21,0.0,
32593,1391,22,0.0,
32594,1391,23,0.0,
32595,1391,24,0.0,
32596,1391,25,0.0,
32597,1391,26,0.0,
32598,1391,27,0.0,
32599,1391,28,0.0,
32600,1391,29,0.0,
32601,1391,30,0.0,
32602,1391,31,0.0,
32603,1391,32,0.0,
32604,1391,33,0.0,
32605,1391,34,0.0,
32606,1391,35,0.0,
32607,1391,36,0.0,
32608,1391,37,0.0,
32609,1391,38,0.0,
32610,1391,39,0.0,
32611,1391,40,0.0,
32612,1391,41,0.0,
32613,1391,42,0.0,
32614,1391,43,0.0,
32615,1391,44,0.0,
32616,1391,45,0.0,
32617,1391,46,0.0,
32618,1391,47,0.0,
32619,1391,48,0.0,
32620,1391,49,0.0,
32621,1391,50,0.0,
32622,1391,51,0.0,
32624,1392,1,440.0,
32625,1392,2,0.0,
32633,1392,12,0.0,
32634,1392,13,0.0,
32637,1392,7,0.0,
32639,1392,17,0.0,
32640,1392,18,0.0,
32641,1392,19,0.0,
32642,1392,20,0.0,
32643,1392,21,0.0,
32644,1392,22,0.0,
32645,1392,23,0.0,
32646,1392,24,0.0,
32647,1392,25,0.0,
32648,1392,26,0.0,
32649,1392,27,0.0,
32650,1392,28,0.0,
32651,1392,29,0.0,
32652,1392,30,0.0,
32653,1392,31,0.0,
32654,1392,32,0.0,
32655,1392,33,0.0,
32656,1392,34,0.0,
32657,1392,35,0.0,
32658,1392,36,0.0,
32659,1392,37,0.0,
32660,1392,38,0.0,
32661,1392,39,0.0,
32662,1392,40,0.0,
32663,1392,41,0.0,
32664,1392,42,0.0,
32665,1392,43,0.0,
32666,1392,44,0.0,
32667,1392,45,0.0,
32668,1392,46,0.0,
32669,1392,47,0.0,
32670,1392,48,0.0,
32671,1392,49,0.0,
32672,1392,50,0.0,
32673,1392,51,0.0,
32675,1393,1,124.0,
32676,1393,2,0.0,
32684,1393,12,0.0,
32685,1393,13,0.0,
32688,1393,7,0.0,
32690,1393,17,0.0,
32691,1393,18,0.0,
32692,1393,19,0.0,
32693,1393,20,0.0,
32694,1393,21,0.0,
32695,1393,22,0.0,
32696,1393,23,0.0,
32697,1393,24,0.0,
32698,1393,25,0.0,
32699,1393,26,0.0,
32700,1393,27,0.0,
32701,1393,28,0.0,
32702,1393,29,0.0,
32703,1393,30,0.0,
32704,1393,31,0.0,
32705,1393,32,0.0,
32706,1393,33,0.0,
32707,1393,34,0.0,
32708,1393,35,0.0,
32709,1393,36,0.0,
32710,1393,37,0.0,
32711,1393,38,0.0,
32712,1393,39,0.0,
32713,1393,40,0.0,
32714,1393,41,0.0,
32715,1393,42,0.0,
32716,1393,43,0.0,
32717,1393,44,0.0,
32718,1393,45,0.0,
32719,1393,46,0.0,
32720,1393,47,0.0,
32721,1393,48,0.0,
32722,1393,49,0.0,
32723,1393,50,0.0,
32724,1393,51,0.0,
32726,1394,1,110.0,
32727,1394,2,0.0,
32730,1394,5,0.0,
32731,1394,6,0.0,
32735,1394,12,0.0,
32736,1394,13,0.0,
32739,1394,7,0.0,
32741,1394,17,0.0,
32742,1394,18,0.0,
32743,1394,19,0.0,
32744,1394,20,0.0,
32745,1394,21,0.0,
32746,1394,22,0.0,
32747,1394,23,0.0,
32748,1394,24,0.0,
32749,1394,25,0.0,
32750,1394,26,0.0,
32751,1394,27,0.0,
32752,1394,28,0.0,
32753,1394,29,0.0,
32754,1394,30,0.0,
32755,1394,31,0.0,
32756,1394,32,0.0,
32757,1394,33,0.0,
32758,1394,34,0.0,
32759,1394,35,0.0,
32760,1394,36,0.0,
32761,1394,37,0.0,
32762,1394,38,0.0,
32763,1394,39,0.0,
32764,1394,40,0.0,
32765,1394,41,0.0,
32766,1394,42,0.0,
32767,1394,43,0.0,
32768,1394,44,0.0,
32769,1394,45,0.0,
32770,1394,46,0.0,
32771,1394,47,0.0,
32772,1394,48,0.0,
32773,1394,49,0.0,
32774,1394,50,0.0,
32775,1394,51,0.0,
32777,1395,1,314.0,
32778,1395,2,0.0,
32786,1395,12,0.0,
32787,1395,13,0.0,
32790,1395,7,0.0,
32792,1395,17,0.0,
32793,1395,18,0.0,
32794,1395,19,0.0,
32795,1395,20,0.0,
32796,1395,21,0.0,
32797,1395,22,0.0,
32798,1395,23,0.0,
32799,1395,24,0.0,
32800,1395,25,0.0,
32801,1395,26,0.0,
32802,1395,27,0.0,
32803,1395,28,0.0,
32804,1395,29,0.0,
32805,1395,30,0.0,
32806,1395,31,0.0,
32807,1395,32,0.0,
32808,1395,33,0.0,
32809,1395,34,0.0,
32810,1395,35,0.0,
32811,1395,36,0.0,
32812,1395,37,0.0,
32813,1395,38,0.0,
32814,1395,39,0.0,
32815,1395,40,0.0,
32816,1395,41,0.0,
32817,1395,42,0.0,
32818,1395,43,0.0,
32819,1395,44,0.0,
32820,1395,45,0.0,
32821,1395,46,0.0,
32822,1395,47,0.0,
32823,1395,48,0.0,
32824,1395,49,0.0,
32825,1395,50,0.0,
32826,1395,51,0.0,
32828,1396,1,1132.0,
32829,1396,2,0.0,
32833,1396,6,0.0,
32837,1396,12,0.0,
32840,1396,15,0.0,
32841,1396,7,0.0,
32842,1396,16,0.0,
32843,1396,17,0.0,
32844,1396,18,0.0,
32845,1396,19,0.0,
32846,1396,20,0.0,
32847,1396,21,0.0,
32848,1396,22,0.0,
32849,1396,23,0.0,
32850,1396,24,0.0,
32851,1396,25,0.0,
32852,1396,26,0.0,
32853,1396,27,0.0,
32854,1396,28,0.0,
32855,1396,29,0.0,
32856,1396,30,0.0,
32857,1396,31,0.0,
32858,1396,32,0.0,
32859,1396,33,0.0,
32860,1396,34,0.0,
32861,1396,35,0.0,
32862,1396,36,0.0,
32863,1396,37,0.0,
32864,1396,38,0.0,
32865,1396,39,0.0,
32866,1396,40,0.0,
32867,1396,41,0.0,
32868,1396,42,0.0,
32869,1396,43,0.0,
32870,1396,44,0.0,
32871,1396,45,0.0,
32872,1396,46,0.0,
32873,1396,47,0.0,
32874,1396,48,0.0,
32875,1396,49,0.0,
32876,1396,50,0.0,
32877,1396,51,0.0,
32879,1397,1,92.0,
32880,1397,2,0.0,
32888,1397,12,0.0,
32889,1397,13,0.0,
32892,1397,7,0.0,
32894,1397,17,0.0,
32895,1397,18,0.0,
32896,1397,19,0.0,
32897,1397,20,0.0,
32898,1397,21,0.0,
32899,1397,22,0.0,
32900,1397,23,0.0,
32901,1397,24,0.0,
32902,1397,25,0.0,
32903,1397,26,0.0,
32904,1397,27,0.0,
32905,1397,28,0.0,
32906,1397,29,0.0,
32907,1397,30,0.0,
32908,1397,31,0.0,
32909,1397,32,0.0,
32910,1397,33,0.0,
32911,1397,34,0.0,
32912,1397,35,0.0,
32913,1397,36,0.0,
32914,1397,37,0.0,
32915,1397,38,0.0,
32916,1397,39,0.0,
32917,1397,40,0.0,
32918,1397,41,0.0,
32919,1397,42,0.0,
32920,1397,43,0.0,
32921,1397,44,0.0,
32922,1397,45,0.0,
32923,1397,46,0.0,
32924,1397,47,0.0,
32925,1397,48,0.0,
32926,1397,49,0.0,
32927,1397,50,0.0,
32928,1397,51,0.0,
32930,1398,1,52.0,
32931,1398,2,0.0,
32939,1398,12,0.0,
32940,1398,13,0.0,
32943,1398,7,0.0,
32945,1398,17,0.0,
32946,1398,18,0.0,
32947,1398,19,0.0,
32948,1398,20,0.0,
32949,1398,21,0.0,
32950,1398,22,0.0,
32951,1398,23,0.0,
32952,1398,24,0.0,
32953,1398,25,0.0,
32954,1398,26,0.0,
32955,1398,27,0.0,
32956,1398,28,0.0,
32957,1398,29,0.0,
32958,1398,30,0.0,
32959,1398,31,0.0,
32960,1398,32,0.0,
32961,1398,33,0.0,
32962,1398,34,0.0,
32963,1398,35,0.0,
32964,1398,36,0.0,
32965,1398,37,0.0,
32966,1398,38,0.0,
32967,1398,39,0.0,
32968,1398,40,0.0,
32969,1398,41,0.0,
32970,1398,42,0.0,
32971,1398,43,0.0,
32972,1398,44,0.0,
32973,1398,45,0.0,
32974,1398,46,0.0,
32975,1398,47,0.0,
32976,1398,48,0.0,
32977,1398,49,0.0,
32978,1398,50,0.0,
32979,1398,51,0.0,
32981,1399,1,329.0,
32982,1399,2,0.0,
32990,1399,12,0.0,
32991,1399,13,0.0,
32996,1399,17,0.0,
32997,1399,18,0.0,
32998,1399,19,0.0,
32999,1399,20,0.0,
33000,1399,21,0.0,
33001,1399,22,0.0,
33002,1399,23,0.0,
33003,1399,24,0.0,
33004,1399,25,0.0,
33005,1399,26,0.0,
33006,1399,27,0.0,
33007,1399,28,0.0,
33008,1399,29,0.0,
33009,1399,30,0.0,
33010,1399,31,0.0,
33011,1399,32,0.0,
33012,1399,33,0.0,
33013,1399,34,0.0,
33014,1399,35,0.0,
33015,1399,36,0.0,
33016,1399,37,0.0,
33017,1399,38,0.0,
33018,1399,39,0.0,
33019,1399,40,0.0,
33020,1399,41,0.0,
33021,1399,42,0.0,
33022,1399,43,0.0,
33023,1399,44,0.0,
33024,1399,45,0.0,
33025,1399,46,0.0,
33026,1399,47,0.0,
33027,1399,48,0.0,
33028,1399,49,0.0,
33029,1399,50,0.0,
33030,1399,51,0.0,
33032,1400,1,122.0,
33033,1400,2,0.0,
33041,1400,12,0.0,
33042,1400,13,0.0,
33047,1400,17,0.0,
33048,1400,18,0.0,
33049,1400,19,0.0,
33050,1400,20,0.0,
33051,1400,21,0.0,
33052,1400,22,0.0,
33053,1400,23,0.0,
33054,1400,24,0.0,
33055,1400,25,0.0,
33056,1400,26,0.0,
33057,1400,27,0.0,
33058,1400,28,0.0,
33059,1400,29,0.0,
33060,1400,30,0.0,
33061,1400,31,0.0,
33062,1400,32,0.0,
33063,1400,33,0.0,
33064,1400,34,0.0,
33065,1400,35,0.0,
33066,1400,36,0.0,
33067,1400,37,0.0,
33068,1400,38,0.0,
33069,1400,39,0.0,
33070,1400,40,0.0,
33071,1400,41,0.0,
33072,1400,42,0.0,
33073,1400,43,0.0,
33074,1400,44,0.0,
33075,1400,45,0.0,
33076,1400,46,0.0,
33077,1400,47,0.0,
33078,1400,48,0.0,
33079,1400,49,0.0,
33080,1400,50,0.0,
33081,1400,51,0.0,
33083,1401,1,103.0,
33084,1401,2,0.0,
33087,1401,5,0.0,
33088,1401,6,0.0,
33092,1401,12,0.0,
33093,1401,13,0.0,
33096,1401,7,0.0,
33098,1401,17,0.0,
33099,1401,18,0.0,
33100,1401,19,0.0,
33101,1401,20,0.0,
33102,1401,21,0.0,
33103,1401,22,0.0,
33104,1401,23,0.0,
33105,1401,24,0.0,
33106,1401,25,0.0,
33107,1401,26,0.0,
33108,1401,27,0.0,
33109,1401,28,0.0,
33110,1401,29,0.0,
33111,1401,30,0.0,
33112,1401,31,0.0,
33113,1401,32,0.0,
33114,1401,33,0.0,
33115,1401,34,0.0,
33116,1401,35,0.0,
33117,1401,36,0.0,
33118,1401,37,0.0,
33119,1401,38,0.0,
33120,1401,39,0.0,
33121,1401,40,0.0,
33122,1401,41,0.0,
33123,1401,42,0.0,
33124,1401,43,0.0,
33125,1401,44,0.0,
33126,1401,45,0.0,
33127,1401,46,0.0,
33128,1401,47,0.0,
33129,1401,48,0.0,
33130,1401,49,0.0,
33131,1401,50,0.0,
33132,1401,51,0.0,
33134,1402,1,282.0,
33135,1402,2,0.0,
33143,1402,12,0.0,
33144,1402,13,0.0,
33149,1402,17,0.0,
33150,1402,18,0.0,
33151,1402,19,0.0,
33152,1402,20,0.0,
33153,1402,21,0.0,
33154,1402,22,0.0,
33155,1402,23,0.0,
33156,1402,24,0.0,
33157,1402,25,0.0,
33158,1402,26,0.0,
33159,1402,27,0.0,
33160,1402,28,0.0,
33161,1402,29,0.0,
33162,1402,30,0.0,
33163,1402,31,0.0,
33164,1402,32,0.0,
33165,1402,33,0.0,
33166,1402,34,0.0,
33167,1402,35,0.0,
33168,1402,36,0.0,
33169,1402,37,0.0,
33170,1402,38,0.0,
33171,1402,39,0.0,
33172,1402,40,0.0,
33173,1402,41,0.0,
33174,1402,42,0.0,
33175,1402,43,0.0,
33176,1402,44,0.0,
33177,1402,45,0.0,
33178,1402,46,0.0,
33179,1402,47,0.0,
33180,1402,48,0.0,
33181,1402,49,0.0,
33182,1402,50,0.0,
33183,1402,51,0.0,
33185,1403,1,957.0,
33186,1403,2,0.0,
33194,1403,12,0.0,
33197,1403,15,0.0,
33199,1403,16,0.0,
33200,1403,17,0.0,
33201,1403,18,0.0,
33202,1403,19,0.0,
33203,1403,20,0.0,
33204,1403,21,0.0,
33205,1403,22,0.0,
33206,1403,23,0.0,
33207,1403,24,0.0,
33208,1403,25,0.0,
33209,1403,26,0.0,
33210,1403,27,0.0,
33211,1403,28,0.0,
33212,1403,29,0.0,
33213,1403,30,0.0,
33214,1403,31,0.0,
33215,1403,32,0.0,
33216,1403,33,0.0,
33217,1403,34,0.0,
33218,1403,35,0.0,
33219,1403,36,0.0,
33220,1403,37,0.0,
33221,1403,38,0.0,
33222,1403,39,0.0,
33223,1403,40,0.0,
33224,1403,41,0.0,
33225,1403,42,0.0,
33226,1403,43,0.0,
33227,1403,44,0.0,
33228,1403,45,0.0,
33229,1403,46,0.0,
33230,1403,47,0.0,
33231,1403,48,0.0,
33232,1403,49,0.0,
33233,1403,50,0.0,
33234,1403,51,0.0,
33236,1404,1,69.0,
33237,1404,2,0.0,
33245,1404,12,0.0,
33246,1404,13,0.0,
33251,1404,17,0.0,
33252,1404,18,0.0,
33253,1404,19,0.0,
33254,1404,20,0.0,
33255,1404,21,0.0,
33256,1404,22,0.0,
33257,1404,23,0.0,
33258,1404,24,0.0,
33259,1404,25,0.0,
33260,1404,26,0.0,
33261,1404,27,0.0,
33262,1404,28,0.0,
33263,1404,29,0.0,
33264,1404,30,0.0,
33265,1404,31,0.0,
33266,1404,32,0.0,
33267,1404,33,0.0,
33268,1404,34,0.0,
33269,1404,35,0.0,
33270,1404,36,0.0,
33271,1404,37,0.0,
33272,1404,38,0.0,
33273,1404,39,0.0,
33274,1404,40,0.0,
33275,1404,41,0.0,
33276,1404,42,0.0,
33277,1404,43,0.0,
33278,1404,44,0.0,
33279,1404,45,0.0,
33280,1404,46,0.0,
33281,1404,47,0.0,
33282,1404,48,0.0,
33283,1404,49,0.0,
33284,1404,50,0.0,
33285,1404,51,0.0,
33287,1405,1,47.0,
33288,1405,2,0.0,
33296,1405,12,0.0,
33297,1405,13,0.0,
33300,1405,7,0.0,
33302,1405,17,0.0,
33303,1405,18,0.0,
33304,1405,19,0.0,
33305,1405,20,0.0,
33306,1405,21,0.0,
33307,1405,22,0.0,
33308,1405,23,0.0,
33309,1405,24,0.0,
33310,1405,25,0.0,
33311,1405,26,0.0,
33312,1405,27,0.0,
33313,1405,28,0.0,
33314,1405,29,0.0,
33315,1405,30,0.0,
33316,1405,31,0.0,
33317,1405,32,0.0,
33318,1405,33,0.0,
33319,1405,34,0.0,
33320,1405,35,0.0,
33321,1405,36,0.0,
33322,1405,37,0.0,
33323,1405,38,0.0,
33324,1405,39,0.0,
33325,1405,40,0.0,
33326,1405,41,0.0,
33327,1405,42,0.0,
33328,1405,43,0.0,
33329,1405,44,0.0,
33330,1405,45,0.0,
33331,1405,46,0.0,
33332,1405,47,0.0,
33333,1405,48,0.0,
33334,1405,49,0.0,
33335,1405,50,0.0,
33336,1405,51,0.0,
33338,1406,1,288.0,
33339,1406,2,0.0,
33347,1406,12,0.0,
33348,1406,13,0.0,
33353,1406,17,0.0,
33354,1406,18,0.0,
33355,1406,19,0.0,
33356,1406,20,0.0,
33357,1406,21,0.0,
33358,1406,22,0.0,
33359,1406,23,0.0,
33360,1406,24,0.0,
33361,1406,25,0.0,
33362,1406,26,0.0,
33363,1406,27,0.0,
33364,1406,28,0.0,
33365,1406,29,0.0,
33366,1406,30,0.0,
33367,1406,31,0.0,
33368,1406,32,0.0,
33369,1406,33,0.0,
33370,1406,34,0.0,
33371,1406,35,0.0,
33372,1406,36,0.0,
33373,1406,37,0.0,
33374,1406,38,0.0,
33375,1406,39,0.0,
33376,1406,40,0.0,
33377,1406,41,0.0,
33378,1406,42,0.0,
33379,1406,43,0.0,
33380,1406,44,0.0,
33381,1406,45,0.0,
33382,1406,46,0.0,
33383,1406,47,0.0,
33384,1406,48,0.0,
33385,1406,49,0.0,
33386,1406,50,0.0,
33387,1406,51,0.0,
33389,1407,1,84.0,
33390,1407,2,0.0,
33398,1407,12,0.0,
33399,1407,13,0.0,
33404,1407,17,0.0,
33405,1407,18,0.0,
33406,1407,19,0.0,
33407,1407,20,0.0,
33408,1407,21,0.0,
33409,1407,22,0.0,
33410,1407,23,0.0,
33411,1407,24,0.0,
33412,1407,25,0.0,
33413,1407,26,0.0,
33414,1407,27,0.0,
33415,1407,28,0.0,
33416,1407,29,0.0,
33417,1407,30,0.0,
33418,1407,31,0.0,
33419,1407,32,0.0,
33420,1407,33,0.0,
33421,1407,34,0.0,
33422,1407,35,0.0,
33423,1407,36,0.0,
33424,1407,37,0.0,
33425,1407,38,0.0,
33426,1407,39,0.0,
33427,1407,40,0.0,
33428,1407,41,0.0,
33429,1407,42,0.0,
33430,1407,43,0.0,
33431,1407,44,0.0,
33432,1407,45,0.0,
33433,1407,46,0.0,
33434,1407,47,0.0,
33435,1407,48,0.0,
33436,1407,49,0.0,
33437,1407,50,0.0,
33438,1407,51,0.0,
33440,1408,1,106.0,
33441,1408,2,0.0,
33444,1408,5,0.0,
33445,1408,6,0.0,
33449,1408,12,0.0,
33450,1408,13,0.0,
33453,1408,7,0.0,
33455,1408,17,0.0,
33456,1408,18,0.0,
33457,1408,19,0.0,
33458,1408,20,0.0,
33459,1408,21,0.0,
33460,1408,22,0.0,
33461,1408,23,0.0,
33462,1408,24,0.0,
33463,1408,25,0.0,
33464,1408,26,0.0,
33465,1408,27,0.0,
33466,1408,28,0.0,
33467,1408,29,0.0,
33468,1408,30,0.0,
33469,1408,31,0.0,
33470,1408,32,0.0,
33471,1408,33,0.0,
33472,1408,34,0.0,
33473,1408,35,0.0,
33474,1408,36,0.0,
33475,1408,37,0.0,
33476,1408,38,0.0,
33477,1408,39,0.0,
33478,1408,40,0.0,
33479,1408,41,0.0,
33480,1408,42,0.0,
33481,1408,43,0.0,
33482,1408,44,0.0,
33483,1408,45,0.0,
33484,1408,46,0.0,
33485,1408,47,0.0,
33486,1408,48,0.0,
33487,1408,49,0.0,
33488,1408,50,0.0,
33489,1408,51,0.0,
33491,1409,1,270.0,
33492,1409,2,0.0,
33500,1409,12,0.0,
33501,1409,13,0.0,
33506,1409,17,0.0,
33507,1409,18,0.0,
33508,1409,19,0.0,
33509,1409,20,0.0,
33510,1409,21,0.0,
33511,1409,22,0.0,
33512,1409,23,0.0,
33513,1409,24,0.0,
33514,1409,25,0.0,
33515,1409,26,0.0,
33516,1409,27,0.0,
33517,1409,28,0.0,
33518,1409,29,0.0,
33519,1409,30,0.0,
33520,1409,31,0.0,
33521,1409,32,0.0,
33522,1409,33,0.0,
33523,1409,34,0.0,
33524,1409,35,0.0,
33525,1409,36,0.0,
33526,1409,37,0.0,
33527,1409,38,0.0,
33528,1409,39,0.0,
33529,1409,40,0.0,
33530,1409,41,0.0,
33531,1409,42,0.0,
33532,1409,43,0.0,
33533,1409,44,0.0,
33534,1409,45,0.0,
33535,1409,46,0.0,
33536,1409,47,0.0,
33537,1409,48,0.0,
33538,1409,49,0.0,
33539,1409,50,0.0,
33540,1409,51,0.0,
33542,1410,1,871.0,
33543,1410,2,0.0,
33554,1410,15,0.0,
33556,1410,16,0.0,
33557,1410,17,0.0,
33558,1410,18,0.0,
33559,1410,19,0.0,
33560,1410,20,0.0,
33561,1410,21,0.0,
33562,1410,22,0.0,
33563,1410,23,0.0,
33564,1410,24,0.0,
33565,1410,25,0.0,
33566,1410,26,0.0,
33567,1410,27,0.0,
33568,1410,28,0.0,
33569,1410,29,0.0,
33570,1410,30,0.0,
33571,1410,31,0.0,
33572,1410,32,0.0,
33573,1410,33,0.0,
33574,1410,34,0.0,
33575,1410,35,0.0,
33576,1410,36,0.0,
33577,1410,37,0.0,
33578,1410,38,0.0,
33579,1410,39,0.0,
33580,1410,40,0.0,
33581,1410,41,0.0,
33582,1410,42,0.0,
33583,1410,43,0.0,
33584,1410,44,0.0,
33585,1410,45,0.0,
33586,1410,46,0.0,
33587,1410,47,0.0,
33588,1410,48,0.0,
33589,1410,49,0.0,
33590,1410,50,0.0,
33591,1410,51,0.0,
33593,1411,1,76.0,
33594,1411,2,0.0,
33602,1411,12,0.0,
33603,1411,13,0.0,
33606,1411,7,0.0,
33608,1411,17,0.0,
33609,1411,18,0.0,
33610,1411,19,0.0,
33611,1411,20,0.0,
33612,1411,21,0.0,
33613,1411,22,0.0,
33614,1411,23,0.0,
33615,1411,24,0.0,
33616,1411,25,0.0,
33617,1411,26,0.0,
33618,1411,27,0.0,
33619,1411,28,0.0,
33620,1411,29,0.0,
33621,1411,30,0.0,
33622,1411,31,0.0,
33623,1411,32,0.0,
33624,1411,33,0.0,
33625,1411,34,0.0,
33626,1411,35,0.0,
33627,1411,36,0.0,
33628,1411,37,0.0,
33629,1411,38,0.0,
33630,1411,39,0.0,
33631,1411,40,0.0,
33632,1411,41,0.0,
33633,1411,42,0.0,
33634,1411,43,0.0,
33635,1411,44,0.0,
33636,1411,45,0.0,
33637,1411,46,0.0,
33638,1411,47,0.0,
33639,1411,48,0.0,
33640,1411,49,0.0,
33641,1411,50,0.0,
33642,1411,51,0.0,
33644,1412,1,65.0,
33645,1412,2,0.0,
33653,1412,12,0.0,
33654,1412,13,0.0,
33657,1412,7,0.0,
33659,1412,17,0.0,
33660,1412,18,0.0,
33661,1412,19,0.0,
33662,1412,20,0.0,
33663,1412,21,0.0,
33664,1412,22,0.0,
33665,1412,23,0.0,
33666,1412,24,0.0,
33667,1412,25,0.0,
33668,1412,26,0.0,
33669,1412,27,0.0,
33670,1412,28,0.0,
33671,1412,29,0.0,
33672,1412,30,0.0,
33673,1412,31,0.0,
33674,1412,32,0.0,
33675,1412,33,0.0,
33676,1412,34,0.0,
33677,1412,35,0.0,
33678,1412,36,0.0,
33679,1412,37,0.0,
33680,1412,38,0.0,
33681,1412,39,0.0,
33682,1412,40,0.0,
33683,1412,41,0.0,
33684,1412,42,0.0,
33685,1412,43,0.0,
33686,1412,44,0.0,
33687,1412,45,0.0,
33688,1412,46,0.0,
33689,1412,47,0.0,
33690,1412,48,0.0,
33691,1412,49,0.0,
33692,1412,50,0.0,
33693,1412,51,0.0,
33695,1413,1,212.0,
33696,1413,2,0.0,
33704,1413,12,0.0,
33705,1413,13,0.0,
33710,1413,17,0.0,
33711,1413,18,0.0,
33712,1413,19,0.0,
33713,1413,20,0.0,
33714,1413,21,0.0,
33715,1413,22,0.0,
33716,1413,23,0.0,
33717,1413,24,0.0,
33718,1413,25,0.0,
33719,1413,26,0.0,
33720,1413,27,0.0,
33721,1413,28,0.0,
33722,1413,29,0.0,
33723,1413,30,0.0,
33724,1413,31,0.0,
33725,1413,32,0.0,
33726,1413,33,0.0,
33727,1413,34,0.0,
33728,1413,35,0.0,
33729,1413,36,0.0,
33730,1413,37,0.0,
33731,1413,38,0.0,
33732,1413,39,0.0,
33733,1413,40,0.0,
33734,1413,41,0.0,
33735,1413,42,0.0,
33736,1413,43,0.0,
33737,1413,44,0.0,
33738,1413,45,0.0,
33739,1413,46,0.0,
33740,1413,47,0.0,
33741,1413,48,0.0,
33742,1413,49,0.0,
33743,1413,50,0.0,
33744,1413,51,0.0,
33746,1414,1,96.0,
33747,1414,2,0.0,
33755,1414,12,0.0,
33756,1414,13,0.0,
33761,1414,17,0.0,
33762,1414,18,0.0,
33763,1414,19,0.0,
33764,1414,20,0.0,
33765,1414,21,0.0,
33766,1414,22,0.0,
33767,1414,23,0.0,
33768,1414,24,0.0,
33769,1414,25,0.0,
33770,1414,26,0.0,
33771,1414,27,0.0,
33772,1414,28,0.0,
33773,1414,29,0.0,
33774,1414,30,0.0,
33775,1414,31,0.0,
33776,1414,32,0.0,
33777,1414,33,0.0,
33778,1414,34,0.0,
33779,1414,35,0.0,
33780,1414,36,0.0,
33781,1414,37,0.0,
33782,1414,38,0.0,
33783,1414,39,0.0,
33784,1414,40,0.0,
33785,1414,41,0.0,
33786,1414,42,0.0,
33787,1414,43,0.0,
33788,1414,44,0.0,
33789,1414,45,0.0,
33790,1414,46,0.0,
33791,1414,47,0.0,
33792,1414,48,0.0,
33793,1414,49,0.0,
33794,1414,50,0.0,
33795,1414,51,0.0,
33797,1415,1,52.0,
33798,1415,2,0.0,
33801,1415,5,0.0,
33802,1415,6,0.0,
33805,1415,10,0.0,
33806,1415,12,0.0,
33807,1415,13,0.0,
33810,1415,7,0.0,
33812,1415,17,0.0,
33813,1415,18,0.0,
33814,1415,19,0.0,
33815,1415,20,0.0,
33816,1415,21,0.0,
33817,1415,22,0.0,
33818,1415,23,0.0,
33819,1415,24,0.0,
33820,1415,25,0.0,
33821,1415,26,0.0,
33822,1415,27,0.0,
33823,1415,28,0.0,
33824,1415,29,0.0,
33825,1415,30,0.0,
33826,1415,31,0.0,
33827,1415,32,0.0,
33828,1415,33,0.0,
33829,1415,34,0.0,
33830,1415,35,0.0,
33831,1415,36,0.0,
33832,1415,37,0.0,
33833,1415,38,0.0,
33834,1415,39,0.0,
33835,1415,40,0.0,
33836,1415,41,0.0,
33837,1415,42,0.0,
33838,1415,43,0.0,
33839,1415,44,0.0,
33840,1415,45,0.0,
33841,1415,46,0.0,
33842,1415,47,0.0,
33843,1415,48,0.0,
33844,1415,49,0.0,
33845,1415,50,0.0,
33846,1415,51,0.0,
33848,1416,1,232.0,
33849,1416,2,0.0,
33857,1416,12,0.0,
33858,1416,13,0.0,
33863,1416,17,0.0,
33864,1416,18,0.0,
33865,1416,19,0.0,
33866,1416,20,0.0,
33867,1416,21,0.0,
33868,1416,22,0.0,
33869,1416,23,0.0,
33870,1416,24,0.0,
33871,1416,25,0.0,
33872,1416,26,0.0,
33873,1416,27,0.0,
33874,1416,28,0.0,
33875,1416,29,0.0,
33876,1416,30,0.0,
33877,1416,31,0.0,
33878,1416,32,0.0,
33879,1416,33,0.0,
33880,1416,34,0.0,
33881,1416,35,0.0,
33882,1416,36,0.0,
33883,1416,37,0.0,
33884,1416,38,0.0,
33885,1416,39,0.0,
33886,1416,40,0.0,
33887,1416,41,0.0,
33888,1416,42,0.0,
33889,1416,43,0.0,
33890,1416,44,0.0,
33891,1416,45,0.0,
33892,1416,46,0.0,
33893,1416,47,0.0,
33894,1416,48,0.0,
33895,1416,49,0.0,
33896,1416,50,0.0,
33897,1416,51,0.0,
33899,1417,1,729.0,
33900,1417,2,0.0,
33911,1417,15,0.0,
33913,1417,16,0.0,
33914,1417,17,0.0,
33915,1417,18,0.0,
33916,1417,19,0.0,
33917,1417,20,0.0,
33918,1417,21,0.0,
33919,1417,22,0.0,
33920,1417,23,0.0,
33921,1417,24,0.0,
33922,1417,25,0.0,
33923,1417,26,0.0,
33924,1417,27,0.0,
33925,1417,28,0.0,
33926,1417,29,0.0,
33927,1417,30,0.0,
33928,1417,31,0.0,
33929,1417,32,0.0,
33930,1417,33,0.0,
33931,1417,34,0.0,
33932,1417,35,0.0,
33933,1417,36,0.0,
33934,1417,37,0.0,
33935,1417,38,0.0,
33936,1417,39,0.0,
33937,1417,40,0.0,
33938,1417,41,0.0,
33939,1417,42,0.0,
33940,1417,43,0.0,
33941,1417,44,0.0,
33942,1417,45,0.0,
33943,1417,46,0.0,
33944,1417,47,0.0,
33945,1417,48,0.0,
33946,1417,49,0.0,
33947,1417,50,0.0,
33948,1417,51,0.0,
33950,1418,1,72.0,
33951,1418,2,0.0,
33959,1418,12,0.0,
33960,1418,13,0.0,
33963,1418,7,0.0,
33965,1418,17,0.0,
33966,1418,18,0.0,
33967,1418,19,0.0,
33968,1418,20,0.0,
33969,1418,21,0.0,
33970,1418,22,0.0,
33971,1418,23,0.0,
33972,1418,24,0.0,
33973,1418,25,0.0,
33974,1418,26,0.0,
33975,1418,27,0.0,
33976,1418,28,0.0,
33977,1418,29,0.0,
33978,1418,30,0.0,
33979,1418,31,0.0,
33980,1418,32,0.0,
33981,1418,33,0.0,
33982,1418,34,0.0,
33983,1418,35,0.0,
33984,1418,36,0.0,
33985,1418,37,0.0,
33986,1418,38,0.0,
33987,1418,39,0.0,
33988,1418,40,0.0,
33989,1418,41,0.0,
33990,1418,42,0.0,
33991,1418,43,0.0,
33992,1418,44,0.0,
33993,1418,45,0.0,
33994,1418,46,0.0,
33995,1418,47,0.0,
33996,1418,48,0.0,
33997,1418,49,0.0,
33998,1418,50,0.0,
33999,1418,51,0.0,
34001,1419,1,56.0,
34002,1419,2,0.0,
34010,1419,12,0.0,
34011,1419,13,0.0,
34014,1419,7,0.0,
34016,1419,17,0.0,
34017,1419,18,0.0,
34018,1419,19,0.0,
34019,1419,20,0.0,
34020,1419,21,0.0,
34021,1419,22,0.0,
34022,1419,23,0.0,
34023,1419,24,0.0,
34024,1419,25,0.0,
34025,1419,26,0.0,
34026,1419,27,0.0,
34027,1419,28,0.0,
34028,1419,29,0.0,
34029,1419,30,0.0,
34030,1419,31,0.0,
34031,1419,32,0.0,
34032,1419,33,0.0,
34033,1419,34,0.0,
34034,1419,35,0.0,
34035,1419,36,0.0,
34036,1419,37,0.0,
34037,1419,38,0.0,
34038,1419,39,0.0,
34039,1419,40,0.0,
34040,1419,41,0.0,
34041,1419,42,0.0,
34042,1419,43,0.0,
34043,1419,44,0.0,
34044,1419,45,0.0,
34045,1419,46,0.0,
34046,1419,47,0.0,
34047,1419,48,0.0,
34048,1419,49,0.0,
34049,1419,50,0.0,
34050,1419,51,0.0,
34052,1420,1,185.0,
34053,1420,2,0.0,
34061,1420,12,0.0,
34062,1420,13,0.0,
34067,1420,17,0.0,
34068,1420,18,0.0,
34069,1420,19,0.0,
34070,1420,20,0.0,
34071,1420,21,0.0,
34072,1420,22,0.0,
34073,1420,23,0.0,
34074,1420,24,0.0,
34075,1420,25,0.0,
34076,1420,26,0.0,
34077,1420,27,0.0,
34078,1420,28,0.0,
34079,1420,29,0.0,
34080,1420,30,0.0,
34081,1420,31,0.0,
34082,1420,32,0.0,
34083,1420,33,0.0,
34084,1420,34,0.0,
34085,1420,35,0.0,
34086,1420,36,0.0,
34087,1420,37,0.0,
34088,1420,38,0.0,
34089,1420,39,0.0,
34090,1420,40,0.0,
34091,1420,41,0.0,
34092,1420,42,0.0,
34093,1420,43,0.0,
34094,1420,44,0.0,
34095,1420,45,0.0,
34096,1420,46,0.0,
34097,1420,47,0.0,
34098,1420,48,0.0,
34099,1420,49,0.0,
34100,1420,50,0.0,
34101,1420,51,0.0,
34103,1421,1,70.0,
34104,1421,2,0.0,
34112,1421,12,0.0,
34113,1421,13,0.0,
34118,1421,17,0.0,
34119,1421,18,0.0,
34120,1421,19,0.0,
34121,1421,20,0.0,
34122,1421,21,0.0,
34123,1421,22,0.0,
34124,1421,23,0.0,
34125,1421,24,0.0,
34126,1421,25,0.0,
34127,1421,26,0.0,
34128,1421,27,0.0,
34129,1421,28,0.0,
34130,1421,29,0.0,
34131,1421,30,0.0,
34132,1421,31,0.0,
34133,1421,32,0.0,
34134,1421,33,0.0,
34135,1421,34,0.0,
34136,1421,35,0.0,
34137,1421,36,0.0,
34138,1421,37,0.0,
34139,1421,38,0.0,
34140,1421,39,0.0,
34141,1421,40,0.0,
34142,1421,41,0.0,
34143,1421,42,0.0,
34144,1421,43,0.0,
34145,1421,44,0.0,
34146,1421,45,0.0,
34147,1421,46,0.0,
34148,1421,47,0.0,
34149,1421,48,0.0,
34150,1421,49,0.0,
34151,1421,50,0.0,
34152,1421,51,0.0,
34154,1422,1,88.0,
34155,1422,2,0.0,
34158,1422,5,0.0,
34159,1422,6,0.0,
34162,1422,10,0.0,
34163,1422,12,0.0,
34164,1422,13,0.0,
34167,1422,7,0.0,
34169,1422,17,0.0,
34170,1422,18,0.0,
34171,1422,19,0.0,
34172,1422,20,0.0,
34173,1422,21,0.0,
34174,1422,22,0.0,
34175,1422,23,0.0,
34176,1422,24,0.0,
34177,1422,25,0.0,
34178,1422,26,0.0,
34179,1422,27,0.0,
34180,1422,28,0.0,
34181,1422,29,0.0,
34182,1422,30,0.0,
34183,1422,31,0.0,
34184,1422,32,0.0,
34185,1422,33,0.0,
34186,1422,34,0.0,
34187,1422,35,0.0,
34188,1422,36,0.0,
34189,1422,37,0.0,
34190,1422,38,0.0,
34191,1422,39,0.0,
34192,1422,40,0.0,
34193,1422,41,0.0,
34194,1422,42,0.0,
34195,1422,43,0.0,
34196,1422,44,0.0,
34197,1422,45,0.0,
34198,1422,46,0.0,
34199,1422,47,0.0,
34200,1422,48,0.0,
34201,1422,49,0.0,
34202,1422,50,0.0,
34203,1422,51,0.0,
34205,1423,1,304.0,
34206,1423,2,0.0,
34214,1423,12,0.0,
34215,1423,13,0.0,
34220,1423,17,0.0,
34221,1423,18,0.0,
34222,1423,19,0.0,
34223,1423,20,0.0,
34224,1423,21,0.0,
34225,1423,22,0.0,
34226,1423,23,0.0,
34227,1423,24,0.0,
34228,1423,25,0.0,
34229,1423,26,0.0,
34230,1423,27,0.0,
34231,1423,28,0.0,
34232,1423,29,0.0,
34233,1423,30,0.0,
34234,1423,31,0.0,
34235,1423,32,0.0,
34236,1423,33,0.0,
34237,1423,34,0.0,
34238,1423,35,0.0,
34239,1423,36,0.0,
34240,1423,37,0.0,
34241,1423,38,0.0,
34242,1423,39,0.0,
34243,1423,40,0.0,
34244,1423,41,0.0,
34245,1423,42,0.0,
34246,1423,43,0.0,
34247,1423,44,0.0,
34248,1423,45,0.0,
34249,1423,46,0.0,
34250,1423,47,0.0,
34251,1423,48,0.0,
34252,1423,49,0.0,
34253,1423,50,0.0,
34254,1423,51,0.0,
34256,1424,1,767.0,
34257,1424,2,0.0,
34268,1424,15,0.0,
34270,1424,16,0.0,
34271,1424,17,0.0,
34272,1424,18,0.0,
34273,1424,19,0.0,
34274,1424,20,0.0,
34275,1424,21,0.0,
34276,1424,22,0.0,
34277,1424,23,0.0,
34278,1424,24,0.0,
34279,1424,25,0.0,
34280,1424,26,0.0,
34281,1424,27,0.0,
34282,1424,28,0.0,
34283,1424,29,0.0,
34284,1424,30,0.0,
34285,1424,31,0.0,
34286,1424,32,0.0,
34287,1424,33,0.0,
34288,1424,34,0.0,
34289,1424,35,0.0,
34290,1424,36,0.0,
34291,1424,37,0.0,
34292,1424,38,0.0,
34293,1424,39,0.0,
34294,1424,40,0.0,
34295,1424,41,0.0,
34296,1424,42,0.0,
34297,1424,43,0.0,
34298,1424,44,0.0,
34299,1424,45,0.0,
34300,1424,46,0.0,
34301,1424,47,0.0,
34302,1424,48,0.0,
34303,1424,49,0.0,
34304,1424,50,0.0,
34305,1424,51,0.0,
34307,1425,1,64.0,
34308,1425,2,0.0,
34316,1425,12,0.0,
34317,1425,13,0.0,
34322,1425,17,0.0,
34323,1425,18,0.0,
34324,1425,19,0.0,
34325,1425,20,0.0,
34326,1425,21,0.0,
34327,1425,22,0.0,
34328,1425,23,0.0,
34329,1425,24,0.0,
34330,1425,25,0.0,
34331,1425,26,0.0,
34332,1425,27,0.0,
34333,1425,28,0.0,
34334,1425,29,0.0,
34335,1425,30,0.0,
34336,1425,31,0.0,
34337,1425,32,0.0,
34338,1425,33,0.0,
34339,1425,34,0.0,
34340,1425,35,0.0,
34341,1425,36,0.0,
34342,1425,37,0.0,
34343,1425,38,0.0,
34344,1425,39,0.0,
34345,1425,40,0.0,
34346,1425,41,0.0,
34347,1425,42,0.0,
34348,1425,43,0.0,
34349,1425,44,0.0,
34350,1425,45,0.0,
34351,1425,46,0.0,
34352,1425,47,0.0,
34353,1425,48,0.0,
34354,1425,49,0.0,
34355,1425,50,0.0,
34356,1425,51,0.0,
34358,1426,1,30.0,
34359,1426,2,0.0,
34367,1426,12,0.0,
34368,1426,13,0.0,
34373,1426,17,0.0,
34374,1426,18,0.0,
34375,1426,19,0.0,
34376,1426,20,0.0,
34377,1426,21,0.0,
34378,1426,22,0.0,
34379,1426,23,0.0,
34380,1426,24,0.0,
34381,1426,25,0.0,
34382,1426,26,0.0,
34383,1426,27,0.0,
34384,1426,28,0.0,
34385,1426,29,0.0,
34386,1426,30,0.0,
34387,1426,31,0.0,
34388,1426,32,0.0,
34389,1426,33,0.0,
34390,1426,34,0.0,
34391,1426,35,0.0,
34392,1426,36,0.0,
34393,1426,37,0.0,
34394,1426,38,0.0,
34395,1426,39,0.0,
34396,1426,40,0.0,
34397,1426,41,0.0,
34398,1426,42,0.0,
34399,1426,43,0.0,
34400,1426,44,0.0,
34401,1426,45,0.0,
34402,1426,46,0.0,
34403,1426,47,0.0,
34404,1426,48,0.0,
34405,1426,49,0.0,
34406,1426,50,0.0,
34407,1426,51,0.0,
34409,1427,1,134.0,
34410,1427,2,0.0,
34418,1427,12,0.0,
34419,1427,13,0.0,
34424,1427,17,0.0,
34425,1427,18,0.0,
34426,1427,19,0.0,
34427,1427,20,0.0,
34428,1427,21,0.0,
34429,1427,22,0.0,
34430,1427,23,0.0,
34431,1427,24,0.0,
34432,1427,25,0.0,
34433,1427,26,0.0,
34434,1427,27,0.0,
34435,1427,28,0.0,
34436,1427,29,0.0,
34437,1427,30,0.0,
34438,1427,31,0.0,
34439,1427,32,0.0,
34440,1427,33,0.0,
34441,1427,34,0.0,
34442,1427,35,0.0,
34443,1427,36,0.0,
34444,1427,37,0.0,
34445,1427,38,0.0,
34446,1427,39,0.0,
34447,1427,40,0.0,
34448,1427,41,0.0,
34449,1427,42,0.0,
34450,1427,43,0.0,
34451,1427,44,0.0,
34452,1427,45,0.0,
34453,1427,46,0.0,
34454,1427,47,0.0,
34455,1427,48,0.0,
34456,1427,49,0.0,
34457,1427,50,0.0,
34458,1427,51,0.0,
34460,1428,1,41.0,
34461,1428,2,0.0,
34469,1428,12,0.0,
34470,1428,13,0.0,
34475,1428,17,0.0,
34476,1428,18,0.0,
34477,1428,19,0.0,
34478,1428,20,0.0,
34479,1428,21,0.0,
34480,1428,22,0.0,
34481,1428,23,0.0,
34482,1428,24,0.0,
34483,1428,25,0.0,
34484,1428,26,0.0,
34485,1428,27,0.0,
34486,1428,28,0.0,
34487,1428,29,0.0,
34488,1428,30,0.0,
34489,1428,31,0.0,
34490,1428,32,0.0,
34491,1428,33,0.0,
34492,1428,34,0.0,
34493,1428,35,0.0,
34494,1428,36,0.0,
34495,1428,37,0.0,
34496,1428,38,0.0,
34497,1428,39,0.0,
34498,1428,40,0.0,
34499,1428,41,0.0,
34500,1428,42,0.0,
34501,1428,43,0.0,
34502,1428,44,0.0,
34503,1428,45,0.0,
34504,1428,46,0.0,
34505,1428,47,0.0,
34506,1428,48,0.0,
34507,1428,49,0.0,
34508,1428,50,0.0,
34509,1428,51,0.0,
34511,1429,1,65.0,
34512,1429,2,0.0,
34515,1429,5,0.0,
34516,1429,6,0.0,
34519,1429,10,0.0,
34520,1429,12,0.0,
34521,1429,13,0.0,
34524,1429,7,0.0,
34526,1429,17,0.0,
34527,1429,18,0.0,
34528,1429,19,0.0,
34529,1429,20,0.0,
34530,1429,21,0.0,
34531,1429,22,0.0,
34532,1429,23,0.0,
34533,1429,24,0.0,
34534,1429,25,0.0,
34535,1429,26,0.0,
34536,1429,27,0.0,
34537,1429,28,0.0,
34538,1429,29,0.0,
34539,1429,30,0.0,
34540,1429,31,0.0,
34541,1429,32,0.0,
34542,1429,33,0.0,
34543,1429,34,0.0,
34544,1429,35,0.0,
34545,1429,36,0.0,
34546,1429,37,0.0,
34547,1429,38,0.0,
34548,1429,39,0.0,
34549,1429,40,0.0,
34550,1429,41,0.0,
34551,1429,42,0.0,
34552,1429,43,0.0,
34553,1429,44,0.0,
34554,1429,45,0.0,
34555,1429,46,0.0,
34556,1429,47,0.0,
34557,1429,48,0.0,
34558,1429,49,0.0,
34559,1429,50,0.0,
34560,1429,51,0.0,
34562,1430,1,162.0,
34563,1430,2,0.0,
34571,1430,12,0.0,
34572,1430,13,0.0,
34577,1430,17,0.0,
34578,1430,18,0.0,
34579,1430,19,0.0,
34580,1430,20,0.0,
34581,1430,21,0.0,
34582,1430,22,0.0,
34583,1430,23,0.0,
34584,1430,24,0.0,
34585,1430,25,0.0,
34586,1430,26,0.0,
34587,1430,27,0.0,
34588,1430,28,0.0,
34589,1430,29,0.0,
34590,1430,30,0.0,
34591,1430,31,0.0,
34592,1430,32,0.0,
34593,1430,33,0.0,
34594,1430,34,0.0,
34595,1430,35,0.0,
34596,1430,36,0.0,
34597,1430,37,0.0,
34598,1430,38,0.0,
34599,1430,39,0.0,
34600,1430,40,0.0,
34601,1430,41,0.0,
34602,1430,42,0.0,
34603,1430,43,0.0,
34604,1430,44,0.0,
34605,1430,45,0.0,
34606,1430,46,0.0,
34607,1430,47,0.0,
34608,1430,48,0.0,
34609,1430,49,0.0,
34610,1430,50,0.0,
34611,1430,51,0.0,
34613,1431,1,482.0,
34614,1431,2,0.0,
34625,1431,15,0.0,
34627,1431,16,0.0,
34628,1431,17,0.0,
34629,1431,18,0.0,
34630,1431,19,0.0,
34631,1431,20,0.0,
34632,1431,21,0.0,
34633,1431,22,0.0,
34634,1431,23,0.0,
34635,1431,24,0.0,
34636,1431,25,0.0,
34637,1431,26,0.0,
34638,1431,27,0.0,
34639,1431,28,0.0,
34640,1431,29,0.0,
34641,1431,30,0.0,
34642,1431,31,0.0,
34643,1431,32,0.0,
34644,1431,33,0.0,
34645,1431,34,0.0,
34646,1431,35,0.0,
34647,1431,36,0.0,
34648,1431,37,0.0,
34649,1431,38,0.0,
34650,1431,39,0.0,
34651,1431,40,0.0,
34652,1431,41,0.0,
34653,1431,42,0.0,
34654,1431,43,0.0,
34655,1431,44,0.0,
34656,1431,45,0.0,
34657,1431,46,0.0,
34658,1431,47,0.0,
34659,1431,48,0.0,
34660,1431,49,0.0,
34661,1431,50,0.0,
34662,1431,51,0.0,
34664,1432,1,50.0,
34665,1432,2,0.0,
34673,1432,12,0.0,
34674,1432,13,0.0,
34679,1432,17,0.0,
34680,1432,18,0.0,
34681,1432,19,0.0,
34682,1432,20,0.0,
34683,1432,21,0.0,
34684,1432,22,0.0,
34685,1432,23,0.0,
34686,1432,24,0.0,
34687,1432,25,0.0,
34688,1432,26,0.0,
34689,1432,27,0.0,
34690,1432,28,0.0,
34691,1432,29,0.0,
34692,1432,30,0.0,
34693,1432,31,0.0,
34694,1432,32,0.0,
34695,1432,33,0.0,
34696,1432,34,0.0,
34697,1432,35,0.0,
34698,1432,36,0.0,
34699,1432,37,0.0,
34700,1432,38,0.0,
34701,1432,39,0.0,
34702,1432,40,0.0,
34703,1432,41,0.0,
34704,1432,42,0.0,
34705,1432,43,0.0,
34706,1432,44,0.0,
34707,1432,45,0.0,
34708,1432,46,0.0,
34709,1432,47,0.0,
34710,1432,48,0.0,
34711,1432,49,0.0,
34712,1432,50,0.0,
34713,1432,51,0.0,
34715,1433,1,38.0,
34716,1433,2,0.0,
34724,1433,12,0.0,
34725,1433,13,0.0,
34728,1433,7,0.0,
34730,1433,17,0.0,
34731,1433,18,0.0,
34732,1433,19,0.0,
34733,1433,20,0.0,
34734,1433,21,0.0,
34735,1433,22,0.0,
34736,1433,23,0.0,
34737,1433,24,0.0,
34738,1433,25,0.0,
34739,1433,26,0.0,
34740,1433,27,0.0,
34741,1433,28,0.0,
34742,1433,29,0.0,
34743,1433,30,0.0,
34744,1433,31,0.0,
34745,1433,32,0.0,
34746,1433,33,0.0,
34747,1433,34,0.0,
34748,1433,35,0.0,
34749,1433,36,0.0,
34750,1433,37,0.0,
34751,1433,38,0.0,
34752,1433,39,0.0,
34753,1433,40,0.0,
34754,1433,41,0.0,
34755,1433,42,0.0,
34756,1433,43,0.0,
34757,1433,44,0.0,
34758,1433,45,0.0,
34759,1433,46,0.0,
34760,1433,47,0.0,
34761,1433,48,0.0,
34762,1433,49,0.0,
34763,1433,50,0.0,
34764,1433,51,0.0,
34766,1434,1,138.0,
34767,1434,2,0.0,
34775,1434,12,0.0,
34776,1434,13,0.0,
34781,1434,17,0.0,
34782,1434,18,0.0,
34783,1434,19,0.0,
34784,1434,20,0.0,
34785,1434,21,0.0,
34786,1434,22,0.0,
34787,1434,23,0.0,
34788,1434,24,0.0,
34789,1434,25,0.0,
34790,1434,26,0.0,
34791,1434,27,0.0,
34792,1434,28,0.0,
34793,1434,29,0.0,
34794,1434,30,0.0,
34795,1434,31,0.0,
34796,1434,32,0.0,
34797,1434,33,0.0,
34798,1434,34,0.0,
34799,1434,35,0.0,
34800,1434,36,0.0,
34801,1434,37,0.0,
34802,1434,38,0.0,
34803,1434,39,0.0,
34804,1434,40,0.0,
34805,1434,41,0.0,
34806,1434,42,0.0,
34807,1434,43,0.0,
34808,1434,44,0.0,
34809,1434,45,0.0,
34810,1434,46,0.0,
34811,1434,47,0.0,
34812,1434,48,0.0,
34813,1434,49,0.0,
34814,1434,50,0.0,
34815,1434,51,0.0,
34817,1435,1,45.0,
34818,1435,2,0.0,
34826,1435,12,0.0,
34827,1435,13,0.0,
34832,1435,17,0.0,
34833,1435,18,0.0,
34834,1435,19,0.0,
34835,1435,20,0.0,
34836,1435,21,0.0,
34837,1435,22,0.0,
34838,1435,23,0.0,
34839,1435,24,0.0,
34840,1435,25,0.0,
34841,1435,26,0.0,
34842,1435,27,0.0,
34843,1435,28,0.0,
34844,1435,29,0.0,
34845,1435,30,0.0,
34846,1435,31,0.0,
34847,1435,32,0.0,
34848,1435,33,0.0,
34849,1435,34,0.0,
34850,1435,35,0.0,
34851,1435,36,0.0,
34852,1435,37,0.0,
34853,1435,38,0.0,
34854,1435,39,0.0,
34855,1435,40,0.0,
34856,1435,41,0.0,
34857,1435,42,0.0,
34858,1435,43,0.0,
34859,1435,44,0.0,
34860,1435,45,0.0,
34861,1435,46,0.0,
34862,1435,47,0.0,
34863,1435,48,0.0,
34864,1435,49,0.0,
34865,1435,50,0.0,
34866,1435,51,0.0,
34868,1436,1,17.0,
34869,1436,2,0.0,
34872,1436,5,0.0,
34873,1436,6,0.0,
34877,1436,12,0.0,
34878,1436,13,0.0,
34881,1436,7,0.0,
34883,1436,17,0.0,
34884,1436,18,0.0,
34885,1436,19,0.0,
34886,1436,20,0.0,
34887,1436,21,0.0,
34888,1436,22,0.0,
34889,1436,23,0.0,
34890,1436,24,0.0,
34891,1436,25,0.0,
34892,1436,26,0.0,
34893,1436,27,0.0,
34894,1436,28,0.0,
34895,1436,29,0.0,
34896,1436,30,0.0,
34897,1436,31,0.0,
34898,1436,32,0.0,
34899,1436,33,0.0,
34900,1436,34,0.0,
34901,1436,35,0.0,
34902,1436,36,0.0,
34903,1436,37,0.0,
34904,1436,38,0.0,
34905,1436,39,0.0,
34906,1436,40,0.0,
34907,1436,41,0.0,
34908,1436,42,0.0,
34909,1436,43,0.0,
34910,1436,44,0.0,
34911,1436,45,0.0,
34912,1436,46,0.0,
34913,1436,47,0.0,
34914,1436,48,0.0,
34915,1436,49,0.0,
34916,1436,50,0.0,
34917,1436,51,0.0,
34919,1437,1,118.0,
34920,1437,2,0.0,
34928,1437,12,0.0,
34929,1437,13,0.0,
34934,1437,17,0.0,
34935,1437,18,0.0,
34936,1437,19,0.0,
34937,1437,20,0.0,
34938,1437,21,0.0,
34939,1437,22,0.0,
34940,1437,23,0.0,
34941,1437,24,0.0,
34942,1437,25,0.0,
34943,1437,26,0.0,
34944,1437,27,0.0,
34945,1437,28,0.0,
34946,1437,29,0.0,
34947,1437,30,0.0,
34948,1437,31,0.0,
34949,1437,32,0.0,
34950,1437,33,0.0,
34951,1437,34,0.0,
34952,1437,35,0.0,
34953,1437,36,0.0,
34954,1437,37,0.0,
34955,1437,38,0.0,
34956,1437,39,0.0,
34957,1437,40,0.0,
34958,1437,41,0.0,
34959,1437,42,0.0,
34960,1437,43,0.0,
34961,1437,44,0.0,
34962,1437,45,0.0,
34963,1437,46,0.0,
34964,1437,47,0.0,
34965,1437,48,0.0,
34966,1437,49,0.0,
34967,1437,50,0.0,
34968,1437,51,0.0,
34970,1438,1,387.0,
34971,1438,2,0.0,
34982,1438,15,0.0,
34984,1438,16,0.0,
34985,1438,17,0.0,
34986,1438,18,0.0,
34987,1438,19,0.0,
34988,1438,20,0.0,
34989,1438,21,0.0,
34990,1438,22,0.0,
34991,1438,23,0.0,
34992,1438,24,0.0,
34993,1438,25,0.0,
34994,1438,26,0.0,
34995,1438,27,0.0,
34996,1438,28,0.0,
34997,1438,29,0.0,
34998,1438,30,0.0,
34999,1438,31,0.0,
35000,1438,32,0.0,
35001,1438,33,0.0,
35002,1438,34,0.0,
35003,1438,35,0.0,
35004,1438,36,0.0,
35005,1438,37,0.0,
35006,1438,38,0.0,
35007,1438,39,0.0,
35008,1438,40,0.0,
35009,1438,41,0.0,
35010,1438,42,0.0,
35011,1438,43,0.0,
35012,1438,44,0.0,
35013,1438,45,0.0,
35014,1438,46,0.0,
35015,1438,47,0.0,
35016,1438,48,0.0,
35017,1438,49,0.0,
35018,1438,50,0.0,
35019,1438,51,0.0,
35021,1439,1,31.0,
35022,1439,2,0.0,
35030,1439,12,0.0,
35031,1439,13,0.0,
35036,1439,17,0.0,
35037,1439,18,0.0,
35038,1439,19,0.0,
35039,1439,20,0.0,
35040,1439,21,0.0,
35041,1439,22,0.0,
35042,1439,23,0.0,
35043,1439,24,0.0,
35044,1439,25,0.0,
35045,1439,26,0.0,
35046,1439,27,0.0,
35047,1439,28,0.0,
35048,1439,29,0.0,
35049,1439,30,0.0,
35050,1439,31,0.0,
35051,1439,32,0.0,
35052,1439,33,0.0,
35053,1439,34,0.0,
35054,1439,35,0.0,
35055,1439,36,0.0,
35056,1439,37,0.0,
35057,1439,38,0.0,
35058,1439,39,0.0,
35059,1439,40,0.0,
35060,1439,41,0.0,
35061,1439,42,0.0,
35062,1439,43,0.0,
35063,1439,44,0.0,
35064,1439,45,0.0,
35065,1439,46,0.0,
35066,1439,47,0.0,
35067,1439,48,0.0,
35068,1439,49,0.0,
35069,1439,50,0.0,
35070,1439,51,0.0,
35072,1440,1,39.0,
35073,1440,2,0.0,
35081,1440,12,0.0,
35082,1440,13,0.0,
35085,1440,7,0.0,
35087,1440,17,0.0,
35088,1440,18,0.0,
35089,1440,19,0.0,
35090,1440,20,0.0,
35091,1440,21,0.0,
35092,1440,22,0.0,
35093,1440,23,0.0,
35094,1440,24,0.0,
35095,1440,25,0.0,
35096,1440,26,0.0,
35097,1440,27,0.0,
35098,1440,28,0.0,
35099,1440,29,0.0,
35100,1440,30,0.0,
35101,1440,31,0.0,
35102,1440,32,0.0,
35103,1440,33,0.0,
35104,1440,34,0.0,
35105,1440,35,0.0,
35106,1440,36,0.0,
35107,1440,37,0.0,
35108,1440,38,0.0,
35109,1440,39,0.0,
35110,1440,40,0.0,
35111,1440,41,0.0,
35112,1440,42,0.0,
35113,1440,43,0.0,
35114,1440,44,0.0,
35115,1440,45,0.0,
35116,1440,46,0.0,
35117,1440,47,0.0,
35118,1440,48,0.0,
35119,1440,49,0.0,
35120,1440,50,0.0,
35121,1440,51,0.0,
35123,1441,1,239.0,
35124,1441,2,0.0,
35132,1441,12,0.0,
35133,1441,13,0.0,
35138,1441,17,0.0,
35139,1441,18,0.0,
35140,1441,19,0.0,
35141,1441,20,0.0,
35142,1441,21,0.0,
35143,1441,22,0.0,
35144,1441,23,0.0,
35145,1441,24,0.0,
35146,1441,25,0.0,
35147,1441,26,0.0,
35148,1441,27,0.0,
35149,1441,28,0.0,
35150,1441,29,0.0,
35151,1441,30,0.0,
35152,1441,31,0.0,
35153,1441,32,0.0,
35154,1441,33,0.0,
35155,1441,34,0.0,
35156,1441,35,0.0,
35157,1441,36,0.0,
35158,1441,37,0.0,
35159,1441,38,0.0,
35160,1441,39,0.0,
35161,1441,40,0.0,
35162,1441,41,0.0,
35163,1441,42,0.0,
35164,1441,43,0.0,
35165,1441,44,0.0,
35166,1441,45,0.0,
35167,1441,46,0.0,
35168,1441,47,0.0,
35169,1441,48,0.0,
35170,1441,49,0.0,
35171,1441,50,0.0,
35172,1441,51,0.0,
35174,1442,1,81.0,
35175,1442,2,0.0,
35183,1442,12,0.0,
35184,1442,13,0.0,
35189,1442,17,0.0,
35190,1442,18,0.0,
35191,1442,19,0.0,
35192,1442,20,0.0,
35193,1442,21,0.0,
35194,1442,22,0.0,
35195,1442,23,0.0,
35196,1442,24,0.0,
35197,1442,25,0.0,
35198,1442,26,0.0,
35199,1442,27,0.0,
35200,1442,28,0.0,
35201,1442,29,0.0,
35202,1442,30,0.0,
35203,1442,31,0.0,
35204,1442,32,0.0,
35205,1442,33,0.0,
35206,1442,34,0.0,
35207,1442,35,0.0,
35208,1442,36,0.0,
35209,1442,37,0.0,
35210,1442,38,0.0,
35211,1442,39,0.0,
35212,1442,40,0.0,
35213,1442,41,0.0,
35214,1442,42,0.0,
35215,1442,43,0.0,
35216,1442,44,0.0,
35217,1442,45,0.0,
35218,1442,46,0.0,
35219,1442,47,0.0,
35220,1442,48,0.0,
35221,1442,49,0.0,
35222,1442,50,0.0,
35223,1442,51,0.0,
35225,1443,1,40.0,
35226,1443,2,0.0,
35229,1443,5,0.0,
35230,1443,6,0.0,
35234,1443,12,0.0,
35235,1443,13,0.0,
35238,1443,7,0.0,
35240,1443,17,0.0,
35241,1443,18,0.0,
35242,1443,19,0.0,
35243,1443,20,0.0,
35244,1443,21,0.0,
35245,1443,22,0.0,
35246,1443,23,0.0,
35247,1443,24,0.0,
35248,1443,25,0.0,
35249,1443,26,0.0,
35250,1443,27,0.0,
35251,1443,28,0.0,
35252,1443,29,0.0,
35253,1443,30,0.0,
35254,1443,31,0.0,
35255,1443,32,0.0,
35256,1443,33,0.0,
35257,1443,34,0.0,
35258,1443,35,0.0,
35259,1443,36,0.0,
35260,1443,37,0.0,
35261,1443,38,0.0,
35262,1443,39,0.0,
35263,1443,40,0.0,
35264,1443,41,0.0,
35265,1443,42,0.0,
35266,1443,43,0.0,
35267,1443,44,0.0,
35268,1443,45,0.0,
35269,1443,46,0.0,
35270,1443,47,0.0,
35271,1443,48,0.0,
35272,1443,49,0.0,
35273,1443,50,0.0,
35274,1443,51,0.0,
35276,1444,1,200.0,
35277,1444,2,0.0,
35285,1444,12,0.0,
35286,1444,13,0.0,
35291,1444,17,0.0,
35292,1444,18,0.0,
35293,1444,19,0.0,
35294,1444,20,0.0,
35295,1444,21,0.0,
35296,1444,22,0.0,
35297,1444,23,0.0,
35298,1444,24,0.0,
35299,1444,25,0.0,
35300,1444,26,0.0,
35301,1444,27,0.0,
35302,1444,28,0.0,
35303,1444,29,0.0,
35304,1444,30,0.0,
35305,1444,31,0.0,
35306,1444,32,0.0,
35307,1444,33,0.0,
35308,1444,34,0.0,
35309,1444,35,0.0,
35310,1444,36,0.0,
35311,1444,37,0.0,
35312,1444,38,0.0,
35313,1444,39,0.0,
35314,1444,40,0.0,
35315,1444,41,0.0,
35316,1444,42,0.0,
35317,1444,43,0.0,
35318,1444,44,0.0,
35319,1444,45,0.0,
35320,1444,46,0.0,
35321,1444,47,0.0,
35322,1444,48,0.0,
35323,1444,49,0.0,
35324,1444,50,0.0,
35325,1444,51,0.0,
35327,1445,1,658.0,
35328,1445,2,0.0,
35339,1445,15,0.0,
35341,1445,16,0.0,
35342,1445,17,0.0,
35343,1445,18,0.0,
35344,1445,19,0.0,
35345,1445,20,0.0,
35346,1445,21,0.0,
35347,1445,22,0.0,
35348,1445,23,0.0,
35349,1445,24,0.0,
35350,1445,25,0.0,
35351,1445,26,0.0,
35352,1445,27,0.0,
35353,1445,28,0.0,
35354,1445,29,0.0,
35355,1445,30,0.0,
35356,1445,31,0.0,
35357,1445,32,0.0,
35358,1445,33,0.0,
35359,1445,34,0.0,
35360,1445,35,0.0,
35361,1445,36,0.0,
35362,1445,37,0.0,
35363,1445,38,0.0,
35364,1445,39,0.0,
35365,1445,40,0.0,
35366,1445,41,0.0,
35367,1445,42,0.0,
35368,1445,43,0.0,
35369,1445,44,0.0,
35370,1445,45,0.0,
35371,1445,46,0.0,
35372,1445,47,0.0,
35373,1445,48,0.0,
35374,1445,49,0.0,
35375,1445,50,0.0,
35376,1445,51,0.0,
35378,1446,1,59.0,
35379,1446,2,0.0,
35387,1446,12,0.0,
35388,1446,13,0.0,
35393,1446,17,0.0,
35394,1446,18,0.0,
35395,1446,19,0.0,
35396,1446,20,0.0,
35397,1446,21,0.0,
35398,1446,22,0.0,
35399,1446,23,0.0,
35400,1446,24,0.0,
35401,1446,25,0.0,
35402,1446,26,0.0,
35403,1446,27,0.0,
35404,1446,28,0.0,
35405,1446,29,0.0,
35406,1446,30,0.0,
35407,1446,31,0.0,
35408,1446,32,0.0,
35409,1446,33,0.0,
35410,1446,34,0.0,
35411,1446,35,0.0,
35412,1446,36,0.0,
35413,1446,37,0.0,
35414,1446,38,0.0,
35415,1446,39,0.0,
35416,1446,40,0.0,
35417,1446,41,0.0,
35418,1446,42,0.0,
35419,1446,43,0.0,
35420,1446,44,0.0,
35421,1446,45,0.0,
35422,1446,46,0.0,
35423,1446,47,0.0,
35424,1446,48,0.0,
35425,1446,49,0.0,
35426,1446,50,0.0,
35427,1446,51,0.0,
35429,1447,1,38.0,
35430,1447,2,0.0,
35438,1447,12,0.0,
35439,1447,13,0.0,
35442,1447,7,0.0,
35444,1447,17,0.0,
35445,1447,18,0.0,
35446,1447,19,0.0,
35447,1447,20,0.0,
35448,1447,21,0.0,
35449,1447,22,0.0,
35450,1447,23,0.0,
35451,1447,24,0.0,
35452,1447,25,0.0,
35453,1447,26,0.0,
35454,1447,27,0.0,
35455,1447,28,0.0,
35456,1447,29,0.0,
35457,1447,30,0.0,
35458,1447,31,0.0,
35459,1447,32,0.0,
35460,1447,33,0.0,
35461,1447,34,0.0,
35462,1447,35,0.0,
35463,1447,36,0.0,
35464,1447,37,0.0,
35465,1447,38,0.0,
35466,1447,39,0.0,
35467,1447,40,0.0,
35468,1447,41,0.0,
35469,1447,42,0.0,
35470,1447,43,0.0,
35471,1447,44,0.0,
35472,1447,45,0.0,
35473,1447,46,0.0,
35474,1447,47,0.0,
35475,1447,48,0.0,
35476,1447,49,0.0,
35477,1447,50,0.0,
35478,1447,51,0.0,
35480,1448,1,211.0,
35481,1448,2,0.0,
35489,1448,12,0.0,
35490,1448,13,0.0,
35495,1448,17,0.0,
35496,1448,18,0.0,
35497,1448,19,0.0,
35498,1448,20,0.0,
35499,1448,21,0.0,
35500,1448,22,0.0,
35501,1448,23,0.0,
35502,1448,24,0.0,
35503,1448,25,0.0,
35504,1448,26,0.0,
35505,1448,27,0.0,
35506,1448,28,0.0,
35507,1448,29,0.0,
35508,1448,30,0.0,
35509,1448,31,0.0,
35510,1448,32,0.0,
35511,1448,33,0.0,
35512,1448,34,0.0,
35513,1448,35,0.0,
35514,1448,36,0.0,
35515,1448,37,0.0,
35516,1448,38,0.0,
35517,1448,39,0.0,
35518,1448,40,0.0,
35519,1448,41,0.0,
35520,1448,42,0.0,
35521,1448,43,0.0,
35522,1448,44,0.0,
35523,1448,45,0.0,
35524,1448,46,0.0,
35525,1448,47,0.0,
35526,1448,48,0.0,
35527,1448,49,0.0,
35528,1448,50,0.0,
35529,1448,51,0.0,
35531,1449,1,56.0,
35532,1449,2,0.0,
35540,1449,12,0.0,
35541,1449,13,0.0,
35546,1449,17,0.0,
35547,1449,18,0.0,
35548,1449,19,0.0,
35549,1449,20,0.0,
35550,1449,21,0.0,
35551,1449,22,0.0,
35552,1449,23,0.0,
35553,1449,24,0.0,
35554,1449,25,0.0,
35555,1449,26,0.0,
35556,1449,27,0.0,
35557,1449,28,0.0,
35558,1449,29,0.0,
35559,1449,30,0.0,
35560,1449,31,0.0,
35561,1449,32,0.0,
35562,1449,33,0.0,
35563,1449,34,0.0,
35564,1449,35,0.0,
35565,1449,36,0.0,
35566,1449,37,0.0,
35567,1449,38,0.0,
35568,1449,39,0.0,
35569,1449,40,0.0,
35570,1449,41,0.0,
35571,1449,42,0.0,
35572,1449,43,0.0,
35573,1449,44,0.0,
35574,1449,45,0.0,
35575,1449,46,0.0,
35576,1449,47,0.0,
35577,1449,48,0.0,
35578,1449,49,0.0,
35579,1449,50,0.0,
35580,1449,51,0.0,
35582,1450,1,22.0,
35583,1450,2,0.0,
35586,1450,5,0.0,
35587,1450,6,0.0,
35590,1450,10,0.0,
35591,1450,12,0.0,
35592,1450,13,0.0,
35595,1450,7,0.0,
35597,1450,17,0.0,
35598,1450,18,0.0,
35599,1450,19,0.0,
35600,1450,20,0.0,
35601,1450,21,0.0,
35602,1450,22,0.0,
35603,1450,23,0.0,
35604,1450,24,0.0,
35605,1450,25,0.0,
35606,1450,26,0.0,
35607,1450,27,0.0,
35608,1450,28,0.0,
35609,1450,29,0.0,
35610,1450,30,0.0,
35611,1450,31,0.0,
35612,1450,32,0.0,
35613,1450,33,0.0,
35614,1450,34,0.0,
35615,1450,35,0.0,
35616,1450,36,0.0,
35617,1450,37,0.0,
35618,1450,38,0.0,
35619,1450,39,0.0,
35620,1450,40,0.0,
35621,1450,41,0.0,
35622,1450,42,0.0,
35623,1450,43,0.0,
35624,1450,44,0.0,
35625,1450,45,0.0,
35626,1450,46,0.0,
35627,1450,47,0.0,
35628,1450,48,0.0,
35629,1450,49,0.0,
35630,1450,50,0.0,
35631,1450,51,0.0,
35633,1451,1,204.0,
35634,1451,2,0.0,
35642,1451,12,0.0,
35643,1451,13,0.0,
35648,1451,17,0.0,
35649,1451,18,0.0,
35650,1451,19,0.0,
35651,1451,20,0.0,
35652,1451,21,0.0,
35653,1451,22,0.0,
35654,1451,23,0.0,
35655,1451,24,0.0,
35656,1451,25,0.0,
35657,1451,26,0.0,
35658,1451,27,0.0,
35659,1451,28,0.0,
35660,1451,29,0.0,
35661,1451,30,0.0,
35662,1451,31,0.0,
35663,1451,32,0.0,
35664,1451,33,0.0,
35665,1451,34,0.0,
35666,1451,35,0.0,
35667,1451,36,0.0,
35668,1451,37,0.0,
35669,1451,38,0.0,
35670,1451,39,0.0,
35671,1451,40,0.0,
35672,1451,41,0.0,
35673,1451,42,0.0,
35674,1451,43,0.0,
35675,1451,44,0.0,
35676,1451,45,0.0,
35677,1451,46,0.0,
35678,1451,47,0.0,
35679,1451,48,0.0,
35680,1451,49,0.0,
35681,1451,50,0.0,
35682,1451,51,0.0,
35684,1452,1,586.0,
35685,1452,2,0.0,
35696,1452,15,0.0,
35698,1452,16,0.0,
35699,1452,17,0.0,
35700,1452,18,0.0,
35701,1452,19,0.0,
35702,1452,20,0.0,
35703,1452,21,0.0,
35704,1452,22,0.0,
35705,1452,23,0.0,
35706,1452,24,0.0,
35707,1452,25,0.0,
35708,1452,26,0.0,
35709,1452,27,0.0,
35710,1452,28,0.0,
35711,1452,29,0.0,
35712,1452,30,0.0,
35713,1452,31,0.0,
35714,1452,32,0.0,
35715,1452,33,0.0,
35716,1452,34,0.0,
35717,1452,35,0.0,
35718,1452,36,0.0,
35719,1452,37,0.0,
35720,1452,38,0.0,
35721,1452,39,0.0,
35722,1452,40,0.0,
35723,1452,41,0.0,
35724,1452,42,0.0,
35725,1452,43,0.0,
35726,1452,44,0.0,
35727,1452,45,0.0,
35728,1452,46,0.0,
35729,1452,47,0.0,
35730,1452,48,0.0,
35731,1452,49,0.0,
35732,1452,50,0.0,
35733,1452,51,0.0,
35735,1453,1,55.0,
35736,1453,2,0.0,
35744,1453,12,0.0,
35745,1453,13,0.0,
35750,1453,17,0.0,
35751,1453,18,0.0,
35752,1453,19,0.0,
35753,1453,20,0.0,
35754,1453,21,0.0,
35755,1453,22,0.0,
35756,1453,23,0.0,
35757,1453,24,0.0,
35758,1453,25,0.0,
35759,1453,26,0.0,
35760,1453,27,0.0,
35761,1453,28,0.0,
35762,1453,29,0.0,
35763,1453,30,0.0,
35764,1453,31,0.0,
35765,1453,32,0.0,
35766,1453,33,0.0,
35767,1453,34,0.0,
35768,1453,35,0.0,
35769,1453,36,0.0,
35770,1453,37,0.0,
35771,1453,38,0.0,
35772,1453,39,0.0,
35773,1453,40,0.0,
35774,1453,41,0.0,
35775,1453,42,0.0,
35776,1453,43,0.0,
35777,1453,44,0.0,
35778,1453,45,0.0,
35779,1453,46,0.0,
35780,1453,47,0.0,
35781,1453,48,0.0,
35782,1453,49,0.0,
35783,1453,50,0.0,
35784,1453,51,0.0,
35786,1454,1,24.0,
35787,1454,2,0.0,
35795,1454,12,0.0,
35796,1454,13,0.0,
35799,1454,7,0.0,
35801,1454,17,0.0,
35802,1454,18,0.0,
35803,1454,19,0.0,
35804,1454,20,0.0,
35805,1454,21,0.0,
35806,1454,22,0.0,
35807,1454,23,0.0,
35808,1454,24,0.0,
35809,1454,25,0.0,
35810,1454,26,0.0,
35811,1454,27,0.0,
35812,1454,28,0.0,
35813,1454,29,0.0,
35814,1454,30,0.0,
35815,1454,31,0.0,
35816,1454,32,0.0,
35817,1454,33,0.0,
35818,1454,34,0.0,
35819,1454,35,0.0,
35820,1454,36,0.0,
35821,1454,37,0.0,
35822,1454,38,0.0,
35823,1454,39,0.0,
35824,1454,40,0.0,
35825,1454,41,0.0,
35826,1454,42,0.0,
35827,1454,43,0.0,
35828,1454,44,0.0,
35829,1454,45,0.0,
35830,1454,46,0.0,
35831,1454,47,0.0,
35832,1454,48,0.0,
35833,1454,49,0.0,
35834,1454,50,0.0,
35835,1454,51,0.0,
35837,1455,1,199.0,
35838,1455,2,0.0,
35846,1455,12,0.0,
35847,1455,13,0.0,
35852,1455,17,0.0,
35853,1455,18,0.0,
35854,1455,19,0.0,
35855,1455,20,0.0,
35856,1455,21,0.0,
35857,1455,22,0.0,
35858,1455,23,0.0,
35859,1455,24,0.0,
35860,1455,25,0.0,
35861,1455,26,0.0,
35862,1455,27,0.0,
35863,1455,28,0.0,
35864,1455,29,0.0,
35865,1455,30,0.0,
35866,1455,31,0.0,
35867,1455,32,0.0,
35868,1455,33,0.0,
35869,1455,34,0.0,
35870,1455,35,0.0,
35871,1455,36,0.0,
35872,1455,37,0.0,
35873,1455,38,0.0,
35874,1455,39,0.0,
35875,1455,40,0.0,
35876,1455,41,0.0,
35877,1455,42,0.0,
35878,1455,43,0.0,
35879,1455,44,0.0,
35880,1455,45,0.0,
35881,1455,46,0.0,
35882,1455,47,0.0,
35883,1455,48,0.0,
35884,1455,49,0.0,
35885,1455,50,0.0,
35886,1455,51,0.0,
35888,1456,1,60.0,
35889,1456,2,0.0,
35897,1456,12,0.0,
35898,1456,13,0.0,
35903,1456,17,0.0,
35904,1456,18,0.0,
35905,1456,19,0.0,
35906,1456,20,0.0,
35907,1456,21,0.0,
35908,1456,22,0.0,
35909,1456,23,0.0,
35910,1456,24,0.0,
35911,1456,25,0.0,
35912,1456,26,0.0,
35913,1456,27,0.0,
35914,1456,28,0.0,
35915,1456,29,0.0,
35916,1456,30,0.0,
35917,1456,31,0.0,
35918,1456,32,0.0,
35919,1456,33,0.0,
35920,1456,34,0.0,
35921,1456,35,0.0,
35922,1456,36,0.0,
35923,1456,37,0.0,
35924,1456,38,0.0,
35925,1456,39,0.0,
35926,1456,40,0.0,
35927,1456,41,0.0,
35928,1456,42,0.0,
35929,1456,43,0.0,
35930,1456,44,0.0,
35931,1456,45,0.0,
35932,1456,46,0.0,
35933,1456,47,0.0,
35934,1456,48,0.0,
35935,1456,49,0.0,
35936,1456,50,0.0,
35937,1456,51,0.0,
35939,1457,1,18.0,
35940,1457,2,0.0,
35943,1457,5,0.0,
35944,1457,6,0.0,
35948,1457,12,0.0,
35949,1457,13,0.0,
35952,1457,7,0.0,
35954,1457,17,0.0,
35955,1457,18,0.0,
35956,1457,19,0.0,
35957,1457,20,0.0,
35958,1457,21,0.0,
35959,1457,22,0.0,
35960,1457,23,0.0,
35961,1457,24,0.0,
35962,1457,25,0.0,
35963,1457,26,0.0,
35964,1457,27,0.0,
35965,1457,28,0.0,
35966,1457,29,0.0,
35967,1457,30,0.0,
35968,1457,31,0.0,
35969,1457,32,0.0,
35970,1457,33,0.0,
35971,1457,34,0.0,
35972,1457,35,0.0,
35973,1457,36,0.0,
35974,1457,37,0.0,
35975,1457,38,0.0,
35976,1457,39,0.0,
35977,1457,40,0.0,
35978,1457,41,0.0,
35979,1457,42,0.0,
35980,1457,43,0.0,
35981,1457,44,0.0,
35982,1457,45,0.0,
35983,1457,46,0.0,
35984,1457,47,0.0,
35985,1457,48,0.0,
35986,1457,49,0.0,
35987,1457,50,0.0,
35988,1457,51,0.0,
35990,1458,1,197.0,
35991,1458,2,0.0,
35999,1458,12,0.0,
36000,1458,13,0.0,
36005,1458,17,0.0,
36006,1458,18,0.0,
36007,1458,19,0.0,
36008,1458,20,0.0,
36009,1458,21,0.0,
36010,1458,22,0.0,
36011,1458,23,0.0,
36012,1458,24,0.0,
36013,1458,25,0.0,
36014,1458,26,0.0,
36015,1458,27,0.0,
36016,1458,28,0.0,
36017,1458,29,0.0,
36018,1458,30,0.0,
36019,1458,31,0.0,
36020,1458,32,0.0,
36021,1458,33,0.0,
36022,1458,34,0.0,
36023,1458,35,0.0,
36024,1458,36,0.0,
36025,1458,37,0.0,
36026,1458,38,0.0,
36027,1458,39,0.0,
36028,1458,40,0.0,
36029,1458,41,0.0,
36030,1458,42,0.0,
36031,1458,43,0.0,
36032,1458,44,0.0,
36033,1458,45,0.0,
36034,1458,46,0.0,
36035,1458,47,0.0,
36036,1458,48,0.0,
36037,1458,49,0.0,
36038,1458,50,0.0,
36039,1458,51,0.0,
36041,1459,1,550.0,
36042,1459,2,0.0,
36053,1459,15,0.0,
36055,1459,16,0.0,
36056,1459,17,0.0,
36057,1459,18,0.0,
36058,1459,19,0.0,
36059,1459,20,0.0,
36060,1459,21,0.0,
36061,1459,22,0.0,
36062,1459,23,0.0,
36063,1459,24,0.0,
36064,1459,25,0.0,
36065,1459,26,0.0,
36066,1459,27,0.0,
36067,1459,28,0.0,
36068,1459,29,0.0,
36069,1459,30,0.0,
36070,1459,31,0.0,
36071,1459,32,0.0,
36072,1459,33,0.0,
36073,1459,34,0.0,
36074,1459,35,0.0,
36075,1459,36,0.0,
36076,1459,37,0.0,
36077,1459,38,0.0,
36078,1459,39,0.0,
36079,1459,40,0.0,
36080,1459,41,0.0,
36081,1459,42,0.0,
36082,1459,43,0.0,
36083,1459,44,0.0,
36084,1459,45,0.0,
36085,1459,46,0.0,
36086,1459,47,0.0,
36087,1459,48,0.0,
36088,1459,49,0.0,
36089,1459,50,0.0,
36090,1459,51,0.0,
36092,1460,1,52.0,
36093,1460,2,0.0,
36101,1460,12,0.0,
36102,1460,13,0.0,
36107,1460,17,0.0,
36108,1460,18,0.0,
36109,1460,19,0.0,
36110,1460,20,0.0,
36111,1460,21,0.0,
36112,1460,22,0.0,
36113,1460,23,0.0,
36114,1460,24,0.0,
36115,1460,25,0.0,
36116,1460,26,0.0,
36117,1460,27,0.0,
36118,1460,28,0.0,
36119,1460,29,0.0,
36120,1460,30,0.0,
36121,1460,31,0.0,
36122,1460,32,0.0,
36123,1460,33,0.0,
36124,1460,34,0.0,
36125,1460,35,0.0,
36126,1460,36,0.0,
36127,1460,37,0.0,
36128,1460,38,0.0,
36129,1460,39,0.0,
36130,1460,40,0.0,
36131,1460,41,0.0,
36132,1460,42,0.0,
36133,1460,43,0.0,
36134,1460,44,0.0,
36135,1460,45,0.0,
36136,1460,46,0.0,
36137,1460,47,0.0,
36138,1460,48,0.0,
36139,1460,49,0.0,
36140,1460,50,0.0,
36141,1460,51,0.0,
36143,1461,1,55.0,
36144,1461,2,0.0,
36152,1461,12,0.0,
36153,1461,13,0.0,
36156,1461,7,0.0,
36158,1461,17,0.0,
36159,1461,18,0.0,
36160,1461,19,0.0,
36161,1461,20,0.0,
36162,1461,21,0.0,
36163,1461,22,0.0,
36164,1461,23,0.0,
36165,1461,24,0.0,
36166,1461,25,0.0,
36167,1461,26,0.0,
36168,1461,27,0.0,
36169,1461,28,0.0,
36170,1461,29,0.0,
36171,1461,30,0.0,
36172,1461,31,0.0,
36173,1461,32,0.0,
36174,1461,33,0.0,
36175,1461,34,0.0,
36176,1461,35,0.0,
36177,1461,36,0.0,
36178,1461,37,0.0,
36179,1461,38,0.0,
36180,1461,39,0.0,
36181,1461,40,0.0,
36182,1461,41,0.0,
36183,1461,42,0.0,
36184,1461,43,0.0,
36185,1461,44,0.0,
36186,1461,45,0.0,
36187,1461,46,0.0,
36188,1461,47,0.0,
36189,1461,48,0.0,
36190,1461,49,0.0,
36191,1461,50,0.0,
36192,1461,51,0.0,
36194,1462,1,200.0,
36195,1462,2,0.0,
36203,1462,12,0.0,
36204,1462,13,0.0,
36209,1462,17,0.0,
36210,1462,18,0.0,
36211,1462,19,0.0,
36212,1462,20,0.0,
36213,1462,21,0.0,
36214,1462,22,0.0,
36215,1462,23,0.0,
36216,1462,24,0.0,
36217,1462,25,0.0,
36218,1462,26,0.0,
36219,1462,27,0.0,
36220,1462,28,0.0,
36221,1462,29,0.0,
36222,1462,30,0.0,
36223,1462,31,0.0,
36224,1462,32,0.0,
36225,1462,33,0.0,
36226,1462,34,0.0,
36227,1462,35,0.0,
36228,1462,36,0.0,
36229,1462,37,0.0,
36230,1462,38,0.0,
36231,1462,39,0.0,
36232,1462,40,0.0,
36233,1462,41,0.0,
36234,1462,42,0.0,
36235,1462,43,0.0,
36236,1462,44,0.0,
36237,1462,45,0.0,
36238,1462,46,0.0,
36239,1462,47,0.0,
36240,1462,48,0.0,
36241,1462,49,0.0,
36242,1462,50,0.0,
36243,1462,51,0.0,
36245,1463,1,62.0,
36246,1463,2,0.0,
36254,1463,12,0.0,
36255,1463,13,0.0,
36260,1463,17,0.0,
36261,1463,18,0.0,
36262,1463,19,0.0,
36263,1463,20,0.0,
36264,1463,21,0.0,
36265,1463,22,0.0,
36266,1463,23,0.0,
36267,1463,24,0.0,
36268,1463,25,0.0,
36269,1463,26,0.0,
36270,1463,27,0.0,
36271,1463,28,0.0,
36272,1463,29,0.0,
36273,1463,30,0.0,
36274,1463,31,0.0,
36275,1463,32,0.0,
36276,1463,33,0.0,
36277,1463,34,0.0,
36278,1463,35,0.0,
36279,1463,36,0.0,
36280,1463,37,0.0,
36281,1463,38,0.0,
36282,1463,39,0.0,
36283,1463,40,0.0,
36284,1463,41,0.0,
36285,1463,42,0.0,
36286,1463,43,0.0,
36287,1463,44,0.0,
36288,1463,45,0.0,
36289,1463,46,0.0,
36290,1463,47,0.0,
36291,1463,48,0.0,
36292,1463,49,0.0,
36293,1463,50,0.0,
36294,1463,51,0.0,
36296,1464,1,25.0,
36297,1464,2,0.0,
36300,1464,5,0.0,
36301,1464,6,0.0,
36305,1464,12,0.0,
36306,1464,13,0.0,
36309,1464,7,0.0,
36311,1464,17,0.0,
36312,1464,18,0.0,
36313,1464,19,0.0,
36314,1464,20,0.0,
36315,1464,21,0.0,
36316,1464,22,0.0,
36317,1464,23,0.0,
36318,1464,24,0.0,
36319,1464,25,0.0,
36320,1464,26,0.0,
36321,1464,27,0.0,
36322,1464,28,0.0,
36323,1464,29,0.0,
36324,1464,30,0.0,
36325,1464,31,0.0,
36326,1464,32,0.0,
36327,1464,33,0.0,
36328,1464,34,0.0,
36329,1464,35,0.0,
36330,1464,36,0.0,
36331,1464,37,0.0,
36332,1464,38,0.0,
36333,1464,39,0.0,
36334,1464,40,0.0,
36335,1464,41,0.0,
36336,1464,42,0.0,
36337,1464,43,0.0,
36338,1464,44,0.0,
36339,1464,45,0.0,
36340,1464,46,0.0,
36341,1464,47,0.0,
36342,1464,48,0.0,
36343,1464,49,0.0,
36344,1464,50,0.0,
36345,1464,51,0.0,
36347,1465,1,171.0,
36348,1465,2,0.0,
36356,1465,12,0.0,
36357,1465,13,0.0,
36362,1465,17,0.0,
36363,1465,18,0.0,
36364,1465,19,0.0,
36365,1465,20,0.0,
36366,1465,21,0.0,
36367,1465,22,0.0,
36368,1465,23,0.0,
36369,1465,24,0.0,
36370,1465,25,0.0,
36371,1465,26,0.0,
36372,1465,27,0.0,
36373,1465,28,0.0,
36374,1465,29,0.0,
36375,1465,30,0.0,
36376,1465,31,0.0,
36377,1465,32,0.0,
36378,1465,33,0.0,
36379,1465,34,0.0,
36380,1465,35,0.0,
36381,1465,36,0.0,
36382,1465,37,0.0,
36383,1465,38,0.0,
36384,1465,39,0.0,
36385,1465,40,0.0,
36386,1465,41,0.0,
36387,1465,42,0.0,
36388,1465,43,0.0,
36389,1465,44,0.0,
36390,1465,45,0.0,
36391,1465,46,0.0,
36392,1465,47,0.0,
36393,1465,48,0.0,
36394,1465,49,0.0,
36395,1465,50,0.0,
36396,1465,51,0.0,
36398,1466,1,571.0,
36399,1466,2,0.0,
36410,1466,15,0.0,
36412,1466,16,0.0,
36413,1466,17,0.0,
36414,1466,18,0.0,
36415,1466,19,0.0,
36416,1466,20,0.0,
36417,1466,21,0.0,
36418,1466,22,0.0,
36419,1466,23,0.0,
36420,1466,24,0.0,
36421,1466,25,0.0,
36422,1466,26,0.0,
36423,1466,27,0.0,
36424,1466,28,0.0,
36425,1466,29,0.0,
36426,1466,30,0.0,
36427,1466,31,0.0,
36428,1466,32,0.0,
36429,1466,33,0.0,
36430,1466,34,0.0,
36431,1466,35,0.0,
36432,1466,36,0.0,
36433,1466,37,0.0,
36434,1466,38,0.0,
36435,1466,39,0.0,
36436,1466,40,0.0,
36437,1466,41,0.0,
36438,1466,42,0.0,
36439,1466,43,0.0,
36440,1466,44,0.0,
36441,1466,45,0.0,
36442,1466,46,0.0,
36443,1466,47,0.0,
36444,1466,48,0.0,
36445,1466,49,0.0,
36446,1466,50,0.0,
36447,1466,51,0.0,
36449,1467,1,58.0,
36450,1467,2,0.0,
36458,1467,12,0.0,
36459,1467,13,0.0,
36464,1467,17,0.0,
36465,1467,18,0.0,
36466,1467,19,0.0,
36467,1467,20,0.0,
36468,1467,21,0.0,
36469,1467,22,0.0,
36470,1467,23,0.0,
36471,1467,24,0.0,
36472,1467,25,0.0,
36473,1467,26,0.0,
36474,1467,27,0.0,
36475,1467,28,0.0,
36476,1467,29,0.0,
36477,1467,30,0.0,
36478,1467,31,0.0,
36479,1467,32,0.0,
36480,1467,33,0.0,
36481,1467,34,0.0,
36482,1467,35,0.0,
36483,1467,36,0.0,
36484,1467,37,0.0,
36485,1467,38,0.0,
36486,1467,39,0.0,
36487,1467,40,0.0,
36488,1467,41,0.0,
36489,1467,42,0.0,
36490,1467,43,0.0,
36491,1467,44,0.0,
36492,1467,45,0.0,
36493,1467,46,0.0,
36494,1467,47,0.0,
36495,1467,48,0.0,
36496,1467,49,0.0,
36497,1467,50,0.0,
36498,1467,51,0.0,
36500,1468,1,68.0,
36501,1468,2,0.0,
36509,1468,12,0.0,
36510,1468,13,0.0,
36513,1468,7,0.0,
36515,1468,17,0.0,
36516,1468,18,0.0,
36517,1468,19,0.0,
36518,1468,20,0.0,
36519,1468,21,0.0,
36520,1468,22,0.0,
36521,1468,23,0.0,
36522,1468,24,0.0,
36523,1468,25,0.0,
36524,1468,26,0.0,
36525,1468,27,0.0,
36526,1468,28,0.0,
36527,1468,29,0.0,
36528,1468,30,0.0,
36529,1468,31,0.0,
36530,1468,32,0.0,
36531,1468,33,0.0,
36532,1468,34,0.0,
36533,1468,35,0.0,
36534,1468,36,0.0,
36535,1468,37,0.0,
36536,1468,38,0.0,
36537,1468,39,0.0,
36538,1468,40,0.0,
36539,1468,41,0.0,
36540,1468,42,0.0,
36541,1468,43,0.0,
36542,1468,44,0.0,
36543,1468,45,0.0,
36544,1468,46,0.0,
36545,1468,47,0.0,
36546,1468,48,0.0,
36547,1468,49,0.0,
36548,1468,50,0.0,
36549,1468,51,0.0,
36551,1469,1,217.0,
36552,1469,2,0.0,
36560,1469,12,0.0,
36561,1469,13,0.0,
36566,1469,17,0.0,
36567,1469,18,0.0,
36568,1469,19,0.0,
36569,1469,20,0.0,
36570,1469,21,0.0,
36571,1469,22,0.0,
36572,1469,23,0.0,
36573,1469,24,0.0,
36574,1469,25,0.0,
36575,1469,26,0.0,
36576,1469,27,0.0,
36577,1469,28,0.0,
36578,1469,29,0.0,
36579,1469,30,0.0,
36580,1469,31,0.0,
36581,1469,32,0.0,
36582,1469,33,0.0,
36583,1469,34,0.0,
36584,1469,35,0.0,
36585,1469,36,0.0,
36586,1469,37,0.0,
36587,1469,38,0.0,
36588,1469,39,0.0,
36589,1469,40,0.0,
36590,1469,41,0.0,
36591,1469,42,0.0,
36592,1469,43,0.0,
36593,1469,44,0.0,
36594,1469,45,0.0,
36595,1469,46,0.0,
36596,1469,47,0.0,
36597,1469,48,0.0,
36598,1469,49,0.0,
36599,1469,50,0.0,
36600,1469,51,0.0,
36602,1470,1,80.0,
36603,1470,2,0.0,
36611,1470,12,0.0,
36612,1470,13,0.0,
36617,1470,17,0.0,
36618,1470,18,0.0,
36619,1470,19,0.0,
36620,1470,20,0.0,
36621,1470,21,0.0,
36622,1470,22,0.0,
36623,1470,23,0.0,
36624,1470,24,0.0,
36625,1470,25,0.0,
36626,1470,26,0.0,
36627,1470,27,0.0,
36628,1470,28,0.0,
36629,1470,29,0.0,
36630,1470,30,0.0,
36631,1470,31,0.0,
36632,1470,32,0.0,
36633,1470,33,0.0,
36634,1470,34,0.0,
36635,1470,35,0.0,
36636,1470,36,0.0,
36637,1470,37,0.0,
36638,1470,38,0.0,
36639,1470,39,0.0,
36640,1470,40,0.0,
36641,1470,41,0.0,
36642,1470,42,0.0,
36643,1470,43,0.0,
36644,1470,44,0.0,
36645,1470,45,0.0,
36646,1470,46,0.0,
36647,1470,47,0.0,
36648,1470,48,0.0,
36649,1470,49,0.0,
36650,1470,50,0.0,
36651,1470,51,0.0,
36653,1471,1,38.0,
36654,1471,2,0.0,
36657,1471,5,0.0,
36658,1471,6,0.0,
36661,1471,10,0.0,
36662,1471,12,0.0,
36663,1471,13,0.0,
36666,1471,7,0.0,
36668,1471,17,0.0,
36669,1471,18,0.0,
36670,1471,19,0.0,
36671,1471,20,0.0,
36672,1471,21,0.0,
36673,1471,22,0.0,
36674,1471,23,0.0,
36675,1471,24,0.0,
36676,1471,25,0.0,
36677,1471,26,0.0,
36678,1471,27,0.0,
36679,1471,28,0.0,
36680,1471,29,0.0,
36681,1471,30,0.0,
36682,1471,31,0.0,
36683,1471,32,0.0,
36684,1471,33,0.0,
36685,1471,34,0.0,
36686,1471,35,0.0,
36687,1471,36,0.0,
36688,1471,37,0.0,
36689,1471,38,0.0,
36690,1471,39,0.0,
36691,1471,40,0.0,
36692,1471,41,0.0,
36693,1471,42,0.0,
36694,1471,43,0.0,
36695,1471,44,0.0,
36696,1471,45,0.0,
36697,1471,46,0.0,
36698,1471,47,0.0,
36699,1471,48,0.0,
36700,1471,49,0.0,
36701,1471,50,0.0,
36702,1471,51,0.0,
36704,1472,1,234.0,
36705,1472,2,0.0,
36713,1472,12,0.0,
36714,1472,13,0.0,
36719,1472,17,0.0,
36720,1472,18,0.0,
36721,1472,19,0.0,
36722,1472,20,0.0,
36723,1472,21,0.0,
36724,1472,22,0.0,
36725,1472,23,0.0,
36726,1472,24,0.0,
36727,1472,25,0.0,
36728,1472,26,0.0,
36729,1472,27,0.0,
36730,1472,28,0.0,
36731,1472,29,0.0,
36732,1472,30,0.0,
36733,1472,31,0.0,
36734,1472,32,0.0,
36735,1472,33,0.0,
36736,1472,34,0.0,
36737,1472,35,0.0,
36738,1472,36,0.0,
36739,1472,37,0.0,
36740,1472,38,0.0,
36741,1472,39,0.0,
36742,1472,40,0.0,
36743,1472,41,0.0,
36744,1472,42,0.0,
36745,1472,43,0.0,
36746,1472,44,0.0,
36747,1472,45,0.0,
36748,1472,46,0.0,
36749,1472,47,0.0,
36750,1472,48,0.0,
36751,1472,49,0.0,
36752,1472,50,0.0,
36753,1472,51,0.0,
36755,1473,1,688.0,
36756,1473,2,0.0,
36767,1473,15,0.0,
36769,1473,16,0.0,
36770,1473,17,0.0,
36771,1473,18,0.0,
36772,1473,19,0.0,
36773,1473,20,0.0,
36774,1473,21,0.0,
36775,1473,22,0.0,
36776,1473,23,0.0,
36777,1473,24,0.0,
36778,1473,25,0.0,
36779,1473,26,0.0,
36780,1473,27,0.0,
36781,1473,28,0.0,
36782,1473,29,0.0,
36783,1473,30,0.0,
36784,1473,31,0.0,
36785,1473,32,0.0,
36786,1473,33,0.0,
36787,1473,34,0.0,
36788,1473,35,0.0,
36789,1473,36,0.0,
36790,1473,37,0.0,
36791,1473,38,0.0,
36792,1473,39,0.0,
36793,1473,40,0.0,
36794,1473,41,0.0,
36795,1473,42,0.0,
36796,1473,43,0.0,
36797,1473,44,0.0,
36798,1473,45,0.0,
36799,1473,46,0.0,
36800,1473,47,0.0,
36801,1473,48,0.0,
36802,1473,49,0.0,
36803,1473,50,0.0,
36804,1473,51,0.0,
36806,1474,1,51.0,
36807,1474,2,0.0,
36815,1474,12,0.0,
36816,1474,13,0.0,
36821,1474,17,0.0,
36822,1474,18,0.0,
36823,1474,19,0.0,
36824,1474,20,0.0,
36825,1474,21,0.0,
36826,1474,22,0.0,
36827,1474,23,0.0,
36828,1474,24,0.0,
36829,1474,25,0.0,
36830,1474,26,0.0,
36831,1474,27,0.0,
36832,1474,28,0.0,
36833,1474,29,0.0,
36834,1474,30,0.0,
36835,1474,31,0.0,
36836,1474,32,0.0,
36837,1474,33,0.0,
36838,1474,34,0.0,
36839,1474,35,0.0,
36840,1474,36,0.0,
36841,1474,37,0.0,
36842,1474,38,0.0,
36843,1474,39,0.0,
36844,1474,40,0.0,
36845,1474,41,0.0,
36846,1474,42,0.0,
36847,1474,43,0.0,
36848,1474,44,0.0,
36849,1474,45,0.0,
36850,1474,46,0.0,
36851,1474,47,0.0,
36852,1474,48,0.0,
36853,1474,49,0.0,
36854,1474,50,0.0,
36855,1474,51,0.0,
36857,1475,1,93.0,
36858,1475,2,0.0,
36866,1475,12,0.0,
36867,1475,13,0.0,
36870,1475,7,0.0,
36872,1475,17,0.0,
36873,1475,18,0.0,
36874,1475,19,0.0,
36875,1475,20,0.0,
36876,1475,21,0.0,
36877,1475,22,0.0,
36878,1475,23,0.0,
36879,1475,24,0.0,
36880,1475,25,0.0,
36881,1475,26,0.0,
36882,1475,27,0.0,
36883,1475,28,0.0,
36884,1475,29,0.0,
36885,1475,30,0.0,
36886,1475,31,0.0,
36887,1475,32,0.0,
36888,1475,33,0.0,
36889,1475,34,0.0,
36890,1475,35,0.0,
36891,1475,36,0.0,
36892,1475,37,0.0,
36893,1475,38,0.0,
36894,1475,39,0.0,
36895,1475,40,0.0,
36896,1475,41,0.0,
36897,1475,42,0.0,
36898,1475,43,0.0,
36899,1475,44,0.0,
36900,1475,45,0.0,
36901,1475,46,0.0,
36902,1475,47,0.0,
36903,1475,48,0.0,
36904,1475,49,0.0,
36905,1475,50,0.0,
36906,1475,51,0.0,
36908,1476,1,242.0,
36909,1476,2,0.0,
36917,1476,12,0.0,
36918,1476,13,0.0,
36923,1476,17,0.0,
36924,1476,18,0.0,
36925,1476,19,0.0,
36926,1476,20,0.0,
36927,1476,21,0.0,
36928,1476,22,0.0,
36929,1476,23,0.0,
36930,1476,24,0.0,
36931,1476,25,0.0,
36932,1476,26,0.0,
36933,1476,27,0.0,
36934,1476,28,0.0,
36935,1476,29,0.0,
36936,1476,30,0.0,
36937,1476,31,0.0,
36938,1476,32,0.0,
36939,1476,33,0.0,
36940,1476,34,0.0,
36941,1476,35,0.0,
36942,1476,36,0.0,
36943,1476,37,0.0,
36944,1476,38,0.0,
36945,1476,39,0.0,
36946,1476,40,0.0,
36947,1476,41,0.0,
36948,1476,42,0.0,
36949,1476,43,0.0,
36950,1476,44,0.0,
36951,1476,45,0.0,
36952,1476,46,0.0,
36953,1476,47,0.0,
36954,1476,48,0.0,
36955,1476,49,0.0,
36956,1476,50,0.0,
36957,1476,51,0.0,
36959,1477,1,94.0,
36960,1477,2,0.0,
36968,1477,12,0.0,
36969,1477,13,0.0,
36972,1477,7,0.0,
36974,1477,17,0.0,
36975,1477,18,0.0,
36976,1477,19,0.0,
36977,1477,20,0.0,
36978,1477,21,0.0,
36979,1477,22,0.0,
36980,1477,23,0.0,
36981,1477,24,0.0,
36982,1477,25,0.0,
36983,1477,26,0.0,
36984,1477,27,0.0,
36985,1477,28,0.0,
36986,1477,29,0.0,
36987,1477,30,0.0,
36988,1477,31,0.0,
36989,1477,32,0.0,
36990,1477,33,0.0,
36991,1477,34,0.0,
36992,1477,35,0.0,
36993,1477,36,0.0,
36994,1477,37,0.0,
36995,1477,38,0.0,
36996,1477,39,0.0,
36997,1477,40,0.0,
36998,1477,41,0.0,
36999,1477,42,0.0,
37000,1477,43,0.0,
37001,1477,44,0.0,
37002,1477,45,0.0,
37003,1477,46,0.0,
37004,1477,47,0.0,
37005,1477,48,0.0,
37006,1477,49,0.0,
37007,1477,50,0.0,
37008,1477,51,0.0,
37010,1478,1,46.0,
37011,1478,2,0.0,
37014,1478,5,0.0,
37015,1478,6,0.0,
37019,1478,12,0.0,
37020,1478,13,0.0,
37023,1478,7,0.0,
37025,1478,17,0.0,
37026,1478,18,0.0,
37027,1478,19,0.0,
37028,1478,20,0.0,
37029,1478,21,0.0,
37030,1478,22,0.0,
37031,1478,23,0.0,
37032,1478,24,0.0,
37033,1478,25,0.0,
37034,1478,26,0.0,
37035,1478,27,0.0,
37036,1478,28,0.0,
37037,1478,29,0.0,
37038,1478,30,0.0,
37039,1478,31,0.0,
37040,1478,32,0.0,
37041,1478,33,0.0,
37042,1478,34,0.0,
37043,1478,35,0.0,
37044,1478,36,0.0,
37045,1478,37,0.0,
37046,1478,38,0.0,
37047,1478,39,0.0,
37048,1478,40,0.0,
37049,1478,41,0.0,
37050,1478,42,0.0,
37051,1478,43,0.0,
37052,1478,44,0.0,
37053,1478,45,0.0,
37054,1478,46,0.0,
37055,1478,47,0.0,
37056,1478,48,0.0,
37057,1478,49,0.0,
37058,1478,50,0.0,
37059,1478,51,0.0,
37061,1479,1,188.0,
37062,1479,2,0.0,
37070,1479,12,0.0,
37071,1479,13,0.0,
37074,1479,7,0.0,
37076,1479,17,0.0,
37077,1479,18,0.0,
37078,1479,19,0.0,
37079,1479,20,0.0,
37080,1479,21,0.0,
37081,1479,22,0.0,
37082,1479,23,0.0,
37083,1479,24,0.0,
37084,1479,25,0.0,
37085,1479,26,0.0,
37086,1479,27,0.0,
37087,1479,28,0.0,
37088,1479,29,0.0,
37089,1479,30,0.0,
37090,1479,31,0.0,
37091,1479,32,0.0,
37092,1479,33,0.0,
37093,1479,34,0.0,
37094,1479,35,0.0,
37095,1479,36,0.0,
37096,1479,37,0.0,
37097,1479,38,0.0,
37098,1479,39,0.0,
37099,1479,40,0.0,
37100,1479,41,0.0,
37101,1479,42,0.0,
37102,1479,43,0.0,
37103,1479,44,0.0,
37104,1479,45,0.0,
37105,1479,46,0.0,
37106,1479,47,0.0,
37107,1479,48,0.0,
37108,1479,49,0.0,
37109,1479,50,0.0,
37110,1479,51,0.0,
37112,1480,1,879.0,
37113,1480,2,0.0,
37124,1480,15,0.0,
37126,1480,16,0.0,
37127,1480,17,0.0,
37128,1480,18,0.0,
37129,1480,19,0.0,
37130,1480,20,0.0,
37131,1480,21,0.0,
37132,1480,22,0.0,
37133,1480,23,0.0,
37134,1480,24,0.0,
37135,1480,25,0.0,
37136,1480,26,0.0,
37137,1480,27,0.0,
37138,1480,28,0.0,
37139,1480,29,0.0,
37140,1480,30,0.0,
37141,1480,31,0.0,
37142,1480,32,0.0,
37143,1480,33,0.0,
37144,1480,34,0.0,
37145,1480,35,0.0,
37146,1480,36,0.0,
37147,1480,37,0.0,
37148,1480,38,0.0,
37149,1480,39,0.0,
37150,1480,40,0.0,
37151,1480,41,0.0,
37152,1480,42,0.0,
37153,1480,43,0.0,
37154,1480,44,0.0,
37155,1480,45,0.0,
37156,1480,46,0.0,
37157,1480,47,0.0,
37158,1480,48,0.0,
37159,1480,49,0.0,
37160,1480,50,0.0,
37161,1480,51,0.0,
37163,1481,1,40.0,
37164,1481,2,0.0,
37172,1481,12,0.0,
37173,1481,13,0.0,
37176,1481,7,0.0,
37178,1481,17,0.0,
37179,1481,18,0.0,
37180,1481,19,0.0,
37181,1481,20,0.0,
37182,1481,21,0.0,
37183,1481,22,0.0,
37184,1481,23,0.0,
37185,1481,24,0.0,
37186,1481,25,0.0,
37187,1481,26,0.0,
37188,1481,27,0.0,
37189,1481,28,0.0,
37190,1481,29,0.0,
37191,1481,30,0.0,
37192,1481,31,0.0,
37193,1481,32,0.0,
37194,1481,33,0.0,
37195,1481,34,0.0,
37196,1481,35,0.0,
37197,1481,36,0.0,
37198,1481,37,0.0,
37199,1481,38,0.0,
37200,1481,39,0.0,
37201,1481,40,0.0,
37202,1481,41,0.0,
37203,1481,42,0.0,
37204,1481,43,0.0,
37205,1481,44,0.0,
37206,1481,45,0.0,
37207,1481,46,0.0,
37208,1481,47,0.0,
37209,1481,48,0.0,
37210,1481,49,0.0,
37211,1481,50,0.0,
37212,1481,51,0.0,
37214,1482,1,82.0,
37215,1482,2,0.0,
37223,1482,12,0.0,
37224,1482,13,0.0,
37225,1482,14,0.0,
37227,1482,7,0.0,
37229,1482,17,0.0,
37230,1482,18,0.0,
37231,1482,19,0.0,
37232,1482,20,0.0,
37233,1482,21,0.0,
37234,1482,22,0.0,
37235,1482,23,0.0,
37236,1482,24,0.0,
37237,1482,25,0.0,
37238,1482,26,0.0,
37239,1482,27,0.0,
37240,1482,28,0.0,
37241,1482,29,0.0,
37242,1482,30,0.0,
37243,1482,31,0.0,
37244,1482,32,0.0,
37245,1482,33,0.0,
37246,1482,34,0.0,
37247,1482,35,0.0,
37248,1482,36,0.0,
37249,1482,37,0.0,
37250,1482,38,0.0,
37251,1482,39,0.0,
37252,1482,40,0.0,
37253,1482,41,0.0,
37254,1482,42,0.0,
37255,1482,43,0.0,
37256,1482,44,0.0,
37257,1482,45,0.0,
37258,1482,46,0.0,
37259,1482,47,0.0,
37260,1482,48,0.0,
37261,1482,49,0.0,
37262,1482,50,0.0,
37263,1482,51,0.0,
37265,1483,1,360.0,
37266,1483,2,0.0,
37274,1483,12,0.0,
37275,1483,13,0.0,
37276,1483,14,0.0,
37280,1483,17,0.0,
37281,1483,18,0.0,
37282,1483,19,0.0,
37283,1483,20,0.0,
37284,1483,21,0.0,
37285,1483,22,0.0,
37286,1483,23,0.0,
37287,1483,24,0.0,
37288,1483,25,0.0,
37289,1483,26,0.0,
37290,1483,27,0.0,
37291,1483,28,0.0,
37292,1483,29,0.0,
37293,1483,30,0.0,
37294,1483,31,0.0,
37295,1483,32,0.0,
37296,1483,33,0.0,
37297,1483,34,0.0,
37298,1483,35,0.0,
37299,1483,36,0.0,
37300,1483,37,0.0,
37301,1483,38,0.0,
37302,1483,39,0.0,
37303,1483,40,0.0,
37304,1483,41,0.0,
37305,1483,42,0.0,
37306,1483,43,0.0,
37307,1483,44,0.0,
37308,1483,45,0.0,
37309,1483,46,0.0,
37310,1483,47,0.0,
37311,1483,48,0.0,
37312,1483,49,0.0,
37313,1483,50,0.0,
37314,1483,51,0.0,
37316,1484,1,112.0,
37317,1484,2,0.0,
37325,1484,12,0.0,
37326,1484,13,0.0,
37327,1484,14,0.0,
37331,1484,17,0.0,
37332,1484,18,0.0,
37333,1484,19,0.0,
37334,1484,20,0.0,
37335,1484,21,0.0,
37336,1484,22,0.0,
37337,1484,23,0.0,
37338,1484,24,0.0,
37339,1484,25,0.0,
37340,1484,26,0.0,
37341,1484,27,0.0,
37342,1484,28,0.0,
37343,1484,29,0.0,
37344,1484,30,0.0,
37345,1484,31,0.0,
37346,1484,32,0.0,
37347,1484,33,0.0,
37348,1484,34,0.0,
37349,1484,35,0.0,
37350,1484,36,0.0,
37351,1484,37,0.0,
37352,1484,38,0.0,
37353,1484,39,0.0,
37354,1484,40,0.0,
37355,1484,41,0.0,
37356,1484,42,0.0,
37357,1484,43,0.0,
37358,1484,44,0.0,
37359,1484,45,0.0,
37360,1484,46,0.0,
37361,1484,47,0.0,
37362,1484,48,0.0,
37363,1484,49,0.0,
37364,1484,50,0.0,
37365,1484,51,0.0,
37367,1485,1,41.0,
37368,1485,2,0.0,
37371,1485,5,0.0,
37372,1485,6,0.0,
37376,1485,12,0.0,
37377,1485,13,0.0,
37378,1485,14,0.0,
37380,1485,7,0.0,
37382,1485,17,0.0,
37383,1485,18,0.0,
37384,1485,19,0.0,
37385,1485,20,0.0,
37386,1485,21,0.0,
37387,1485,22,0.0,
37388,1485,23,0.0,
37389,1485,24,0.0,
37390,1485,25,0.0,
37391,1485,26,0.0,
37392,1485,27,0.0,
37393,1485,28,0.0,
37394,1485,29,0.0,
37395,1485,30,0.0,
37396,1485,31,0.0,
37397,1485,32,0.0,
37398,1485,33,0.0,
37399,1485,34,0.0,
37400,1485,35,0.0,
37401,1485,36,0.0,
37402,1485,37,0.0,
37403,1485,38,0.0,
37404,1485,39,0.0,
37405,1485,40,0.0,
37406,1485,41,0.0,
37407,1485,42,0.0,
37408,1485,43,0.0,
37409,1485,44,0.0,
37410,1485,45,0.0,
37411,1485,46,0.0,
37412,1485,47,0.0,
37413,1485,48,0.0,
37414,1485,49,0.0,
37415,1485,50,0.0,
37416,1485,51,0.0,
37418,1486,1,290.0,
37419,1486,2,0.0,
37427,1486,12,0.0,
37428,1486,13,0.0,
37429,1486,14,0.0,
37431,1486,7,0.0,
37433,1486,17,0.0,
37434,1486,18,0.0,
37435,1486,19,0.0,
37436,1486,20,0.0,
37437,1486,21,0.0,
37438,1486,22,0.0,
37439,1486,23,0.0,
37440,1486,24,0.0,
37441,1486,25,0.0,
37442,1486,26,0.0,
37443,1486,27,0.0,
37444,1486,28,0.0,
37445,1486,29,0.0,
37446,1486,30,0.0,
37447,1486,31,0.0,
37448,1486,32,0.0,
37449,1486,33,0.0,
37450,1486,34,0.0,
37451,1486,35,0.0,
37452,1486,36,0.0,
37453,1486,37,0.0,
37454,1486,38,0.0,
37455,1486,39,0.0,
37456,1486,40,0.0,
37457,1486,41,0.0,
37458,1486,42,0.0,
37459,1486,43,0.0,
37460,1486,44,0.0,
37461,1486,45,0.0,
37462,1486,46,0.0,
37463,1486,47,0.0,
37464,1486,48,0.0,
37465,1486,49,0.0,
37466,1486,50,0.0,
37467,1486,51,0.0,
37469,1487,1,965.0,
37470,1487,2,0.0,
37481,1487,15,0.0,
37483,1487,16,0.0,
37484,1487,17,0.0,
37485,1487,18,0.0,
37486,1487,19,0.0,
37487,1487,20,0.0,
37488,1487,21,0.0,
37489,1487,22,0.0,
37490,1487,23,0.0,
37491,1487,24,0.0,
37492,1487,25,0.0,
37493,1487,26,0.0,
37494,1487,27,0.0,
37495,1487,28,0.0,
37496,1487,29,0.0,
37497,1487,30,0.0,
37498,1487,31,0.0,
37499,1487,32,0.0,
37500,1487,33,0.0,
37501,1487,34,0.0,
37502,1487,35,0.0,
37503,1487,36,0.0,
37504,1487,37,0.0,
37505,1487,38,0.0,
37506,1487,39,0.0,
37507,1487,40,0.0,
37508,1487,41,0.0,
37509,1487,42,0.0,
37510,1487,43,0.0,
37511,1487,44,0.0,
37512,1487,45,0.0,
37513,1487,46,0.0,
37514,1487,47,0.0,
37515,1487,48,0.0,
37516,1487,49,0.0,
37517,1487,50,0.0,
37518,1487,51,0.0,
37520,1488,1,80.0,
37521,1488,2,0.0,
37529,1488,12,0.0,
37530,1488,13,0.0,
37531,1488,14,0.0,
37533,1488,7,0.0,
37535,1488,17,0.0,
37536,1488,18,0.0,
37537,1488,19,0.0,
37538,1488,20,0.0,
37539,1488,21,0.0,
37540,1488,22,0.0,
37541,1488,23,0.0,
37542,1488,24,0.0,
37543,1488,25,0.0,
37544,1488,26,0.0,
37545,1488,27,0.0,
37546,1488,28,0.0,
37547,1488,29,0.0,
37548,1488,30,0.0,
37549,1488,31,0.0,
37550,1488,32,0.0,
37551,1488,33,0.0,
37552,1488,34,0.0,
37553,1488,35,0.0,
37554,1488,36,0.0,
37555,1488,37,0.0,
37556,1488,38,0.0,
37557,1488,39,0.0,
37558,1488,40,0.0,
37559,1488,41,0.0,
37560,1488,42,0.0,
37561,1488,43,0.0,
37562,1488,44,0.0,
37563,1488,45,0.0,
37564,1488,46,0.0,
37565,1488,47,0.0,
37566,1488,48,0.0,
37567,1488,49,0.0,
37568,1488,50,0.0,
37569,1488,51,0.0,
37571,1489,1,59.0,
37572,1489,2,0.0,
37580,1489,12,0.0,
37581,1489,13,0.0,
37582,1489,14,0.0,
37584,1489,7,0.0,
37586,1489,17,0.0,
37587,1489,18,0.0,
37588,1489,19,0.0,
37589,1489,20,0.0,
37590,1489,21,0.0,
37591,1489,22,0.0,
37592,1489,23,0.0,
37593,1489,24,0.0,
37594,1489,25,0.0,
37595,1489,26,0.0,
37596,1489,27,0.0,
37597,1489,28,0.0,
37598,1489,29,0.0,
37599,1489,30,0.0,
37600,1489,31,0.0,
37601,1489,32,0.0,
37602,1489,33,0.0,
37603,1489,34,0.0,
37604,1489,35,0.0,
37605,1489,36,0.0,
37606,1489,37,0.0,
37607,1489,38,0.0,
37608,1489,39,0.0,
37609,1489,40,0.0,
37610,1489,41,0.0,
37611,1489,42,0.0,
37612,1489,43,0.0,
37613,1489,44,0.0,
37614,1489,45,0.0,
37615,1489,46,0.0,
37616,1489,47,0.0,
37617,1489,48,0.0,
37618,1489,49,0.0,
37619,1489,50,0.0,
37620,1489,51,0.0,
37622,1490,1,288.0,
37623,1490,2,0.0,
37631,1490,12,0.0,
37632,1490,13,0.0,
37633,1490,14,0.0,
37637,1490,17,0.0,
37638,1490,18,0.0,
37639,1490,19,0.0,
37640,1490,20,0.0,
37641,1490,21,0.0,
37642,1490,22,0.0,
37643,1490,23,0.0,
37644,1490,24,0.0,
37645,1490,25,0.0,
37646,1490,26,0.0,
37647,1490,27,0.0,
37648,1490,28,0.0,
37649,1490,29,0.0,
37650,1490,30,0.0,
37651,1490,31,0.0,
37652,1490,32,0.0,
37653,1490,33,0.0,
37654,1490,34,0.0,
37655,1490,35,0.0,
37656,1490,36,0.0,
37657,1490,37,0.0,
37658,1490,38,0.0,
37659,1490,39,0.0,
37660,1490,40,0.0,
37661,1490,41,0.0,
37662,1490,42,0.0,
37663,1490,43,0.0,
37664,1490,44,0.0,
37665,1490,45,0.0,
37666,1490,46,0.0,
37667,1490,47,0.0,
37668,1490,48,0.0,
37669,1490,49,0.0,
37670,1490,50,0.0,
37671,1490,51,0.0,
37673,1491,1,100.0,
37674,1491,2,0.0,
37682,1491,12,0.0,
37683,1491,13,0.0,
37684,1491,14,0.0,
37688,1491,17,0.0,
37689,1491,18,0.0,
37690,1491,19,0.0,
37691,1491,20,0.0,
37692,1491,21,0.0,
37693,1491,22,0.0,
37694,1491,23,0.0,
37695,1491,24,0.0,
37696,1491,25,0.0,
37697,1491,26,0.0,
37698,1491,27,0.0,
37699,1491,28,0.0,
37700,1491,29,0.0,
37701,1491,30,0.0,
37702,1491,31,0.0,
37703,1491,32,0.0,
37704,1491,33,0.0,
37705,1491,34,0.0,
37706,1491,35,0.0,
37707,1491,36,0.0,
37708,1491,37,0.0,
37709,1491,38,0.0,
37710,1491,39,0.0,
37711,1491,40,0.0,
37712,1491,41,0.0,
37713,1491,42,0.0,
37714,1491,43,0.0,
37715,1491,44,0.0,
37716,1491,45,0.0,
37717,1491,46,0.0,
37718,1491,47,0.0,
37719,1491,48,0.0,
37720,1491,49,0.0,
37721,1491,50,0.0,
37722,1491,51,0.0,
37724,1492,1,48.0,
37725,1492,2,0.0,
37728,1492,5,0.0,
37729,1492,6,0.0,
37733,1492,12,0.0,
37734,1492,13,0.0,
37735,1492,14,0.0,
37737,1492,7,0.0,
37739,1492,17,0.0,
37740,1492,18,0.0,
37741,1492,19,0.0,
37742,1492,20,0.0,
37743,1492,21,0.0,
37744,1492,22,0.0,
37745,1492,23,0.0,
37746,1492,24,0.0,
37747,1492,25,0.0,
37748,1492,26,0.0,
37749,1492,27,0.0,
37750,1492,28,0.0,
37751,1492,29,0.0,
37752,1492,30,0.0,
37753,1492,31,0.0,
37754,1492,32,0.0,
37755,1492,33,0.0,
37756,1492,34,0.0,
37757,1492,35,0.0,
37758,1492,36,0.0,
37759,1492,37,0.0,
37760,1492,38,0.0,
37761,1492,39,0.0,
37762,1492,40,0.0,
37763,1492,41,0.0,
37764,1492,42,0.0,
37765,1492,43,0.0,
37766,1492,44,0.0,
37767,1492,45,0.0,
37768,1492,46,0.0,
37769,1492,47,0.0,
37770,1492,48,0.0,
37771,1492,49,0.0,
37772,1492,50,0.0,
37773,1492,51,0.0,
37775,1493,1,244.0,
37776,1493,2,0.0,
37784,1493,12,0.0,
37785,1493,13,0.0,
37786,1493,14,0.0,
37790,1493,17,0.0,
37791,1493,18,0.0,
37792,1493,19,0.0,
37793,1493,20,0.0,
37794,1493,21,0.0,
37795,1493,22,0.0,
37796,1493,23,0.0,
37797,1493,24,0.0,
37798,1493,25,0.0,
37799,1493,26,0.0,
37800,1493,27,0.0,
37801,1493,28,0.0,
37802,1493,29,0.0,
37803,1493,30,0.0,
37804,1493,31,0.0,
37805,1493,32,0.0,
37806,1493,33,0.0,
37807,1493,34,0.0,
37808,1493,35,0.0,
37809,1493,36,0.0,
37810,1493,37,0.0,
37811,1493,38,0.0,
37812,1493,39,0.0,
37813,1493,40,0.0,
37814,1493,41,0.0,
37815,1493,42,0.0,
37816,1493,43,0.0,
37817,1493,44,0.0,
37818,1493,45,0.0,
37819,1493,46,0.0,
37820,1493,47,0.0,
37821,1493,48,0.0,
37822,1493,49,0.0,
37823,1493,50,0.0,
37824,1493,51,0.0,
37826,1494,1,852.0,
37827,1494,2,0.0,
37838,1494,15,0.0,
37840,1494,16,0.0,
37841,1494,17,0.0,
37842,1494,18,0.0,
37843,1494,19,0.0,
37844,1494,20,0.0,
37845,1494,21,0.0,
37846,1494,22,0.0,
37847,1494,23,0.0,
37848,1494,24,0.0,
37849,1494,25,0.0,
37850,1494,26,0.0,
37851,1494,27,0.0,
37852,1494,28,0.0,
37853,1494,29,0.0,
37854,1494,30,0.0,
37855,1494,31,0.0,
37856,1494,32,0.0,
37857,1494,33,0.0,
37858,1494,34,0.0,
37859,1494,35,0.0,
37860,1494,36,0.0,
37861,1494,37,0.0,
37862,1494,38,0.0,
37863,1494,39,0.0,
37864,1494,40,0.0,
37865,1494,41,0.0,
37866,1494,42,0.0,
37867,1494,43,0.0,
37868,1494,44,0.0,
37869,1494,45,0.0,
37870,1494,46,0.0,
37871,1494,47,0.0,
37872,1494,48,0.0,
37873,1494,49,0.0,
37874,1494,50,0.0,
37875,1494,51,0.0,
37877,1495,1,113.0,
37878,1495,2,0.0,
37886,1495,12,0.0,
37887,1495,13,0.0,
37888,1495,14,0.0,
37892,1495,17,0.0,
37893,1495,18,0.0,
37894,1495,19,0.0,
37895,1495,20,0.0,
37896,1495,21,0.0,
37897,1495,22,0.0,
37898,1495,23,0.0,
37899,1495,24,0.0,
37900,1495,25,0.0,
37901,1495,26,0.0,
37902,1495,27,0.0,
37903,1495,28,0.0,
37904,1495,29,0.0,
37905,1495,30,0.0,
37906,1495,31,0.0,
37907,1495,32,0.0,
37908,1495,33,0.0,
37909,1495,34,0.0,
37910,1495,35,0.0,
37911,1495,36,0.0,
37912,1495,37,0.0,
37913,1495,38,0.0,
37914,1495,39,0.0,
37915,1495,40,0.0,
37916,1495,41,0.0,
37917,1495,42,0.0,
37918,1495,43,0.0,
37919,1495,44,0.0,
37920,1495,45,0.0,
37921,1495,46,0.0,
37922,1495,47,0.0,
37923,1495,48,0.0,
37924,1495,49,0.0,
37925,1495,50,0.0,
37926,1495,51,0.0,
37928,1496,1,46.0,
37929,1496,2,0.0,
37938,1496,13,0.0,
37939,1496,14,0.0,
37941,1496,7,0.0,
37943,1496,17,0.0,
37944,1496,18,0.0,
37945,1496,19,0.0,
37946,1496,20,0.0,
37947,1496,21,0.0,
37948,1496,22,0.0,
37949,1496,23,0.0,
37950,1496,24,0.0,
37951,1496,25,0.0,
37952,1496,26,0.0,
37953,1496,27,0.0,
37954,1496,28,0.0,
37955,1496,29,0.0,
37956,1496,30,0.0,
37957,1496,31,0.0,
37958,1496,32,0.0,
37959,1496,33,0.0,
37960,1496,34,0.0,
37961,1496,35,0.0,
37962,1496,36,0.0,
37963,1496,37,0.0,
37964,1496,38,0.0,
37965,1496,39,0.0,
37966,1496,40,0.0,
37967,1496,41,0.0,
37968,1496,42,0.0,
37969,1496,43,0.0,
37970,1496,44,0.0,
37971,1496,45,0.0,
37972,1496,46,0.0,
37973,1496,47,0.0,
37974,1496,48,0.0,
37975,1496,49,0.0,
37976,1496,50,0.0,
37977,1496,51,0.0,
37979,1497,1,265.0,
37980,1497,2,0.0,
37989,1497,13,0.0,
37990,1497,14,0.0,
37994,1497,17,0.0,
37995,1497,18,0.0,
37996,1497,19,0.0,
37997,1497,20,0.0,
37998,1497,21,0.0,
37999,1497,22,0.0,
38000,1497,23,0.0,
38001,1497,24,0.0,
38002,1497,25,0.0,
38003,1497,26,0.0,
38004,1497,27,0.0,
38005,1497,28,0.0,
38006,1497,29,0.0,
38007,1497,30,0.0,
38008,1497,31,0.0,
38009,1497,32,0.0,
38010,1497,33,0.0,
38011,1497,34,0.0,
38012,1497,35,0.0,
38013,1497,36,0.0,
38014,1497,37,0.0,
38015,1497,38,0.0,
38016,1497,39,0.0,
38017,1497,40,0.0,
38018,1497,41,0.0,
38019,1497,42,0.0,
38020,1497,43,0.0,
38021,1497,44,0.0,
38022,1497,45,0.0,
38023,1497,46,0.0,
38024,1497,47,0.0,
38025,1497,48,0.0,
38026,1497,49,0.0,
38027,1497,50,0.0,
38028,1497,51,0.0,
38030,1498,1,68.0,
38031,1498,2,0.0,
38040,1498,13,0.0,
38041,1498,14,0.0,
38045,1498,17,0.0,
38046,1498,18,0.0,
38047,1498,19,0.0,
38048,1498,20,0.0,
38049,1498,21,0.0,
38050,1498,22,0.0,
38051,1498,23,0.0,
38052,1498,24,0.0,
38053,1498,25,0.0,
38054,1498,26,0.0,
38055,1498,27,0.0,
38056,1498,28,0.0,
38057,1498,29,0.0,
38058,1498,30,0.0,
38059,1498,31,0.0,
38060,1498,32,0.0,
38061,1498,33,0.0,
38062,1498,34,0.0,
38063,1498,35,0.0,
38064,1498,36,0.0,
38065,1498,37,0.0,
38066,1498,38,0.0,
38067,1498,39,0.0,
38068,1498,40,0.0,
38069,1498,41,0.0,
38070,1498,42,0.0,
38071,1498,43,0.0,
38072,1498,44,0.0,
38073,1498,45,0.0,
38074,1498,46,0.0,
38075,1498,47,0.0,
38076,1498,48,0.0,
38077,1498,49,0.0,
38078,1498,50,0.0,
38079,1498,51,0.0,
38081,1499,1,47.0,
38082,1499,2,0.0,
38085,1499,5,0.0,
38086,1499,6,0.0,
38090,1499,12,0.0,
38091,1499,13,0.0,
38092,1499,14,0.0,
38094,1499,7,0.0,
38096,1499,17,0.0,
38097,1499,18,0.0,
38098,1499,19,0.0,
38099,1499,20,0.0,
38100,1499,21,0.0,
38101,1499,22,0.0,
38102,1499,23,0.0,
38103,1499,24,0.0,
38104,1499,25,0.0,
38105,1499,26,0.0,
38106,1499,27,0.0,
38107,1499,28,0.0,
38108,1499,29,0.0,
38109,1499,30,0.0,
38110,1499,31,0.0,
38111,1499,32,0.0,
38112,1499,33,0.0,
38113,1499,34,0.0,
38114,1499,35,0.0,
38115,1499,36,0.0,
38116,1499,37,0.0,
38117,1499,38,0.0,
38118,1499,39,0.0,
38119,1499,40,0.0,
38120,1499,41,0.0,
38121,1499,42,0.0,
38122,1499,43,0.0,
38123,1499,44,0.0,
38124,1499,45,0.0,
38125,1499,46,0.0,
38126,1499,47,0.0,
38127,1499,48,0.0,
38128,1499,49,0.0,
38129,1499,50,0.0,
38130,1499,51,0.0,
38132,1500,1,282.0,
38133,1500,2,0.0,
38142,1500,13,0.0,
38143,1500,14,0.0,
38147,1500,17,0.0,
38148,1500,18,0.0,
38149,1500,19,0.0,
38150,1500,20,0.0,
38151,1500,21,0.0,
38152,1500,22,0.0,
38153,1500,23,0.0,
38154,1500,24,0.0,
38155,1500,25,0.0,
38156,1500,26,0.0,
38157,1500,27,0.0,
38158,1500,28,0.0,
38159,1500,29,0.0,
38160,1500,30,0.0,
38161,1500,31,0.0,
38162,1500,32,0.0,
38163,1500,33,0.0,
38164,1500,34,0.0,
38165,1500,35,0.0,
38166,1500,36,0.0,
38167,1500,37,0.0,
38168,1500,38,0.0,
38169,1500,39,0.0,
38170,1500,40,0.0,
38171,1500,41,0.0,
38172,1500,42,0.0,
38173,1500,43,0.0,
38174,1500,44,0.0,
38175,1500,45,0.0,
38176,1500,46,0.0,
38177,1500,47,0.0,
38178,1500,48,0.0,
38179,1500,49,0.0,
38180,1500,50,0.0,
38181,1500,51,0.0,
38183,1501,1,776.0,
38184,1501,2,0.0,
38195,1501,15,0.0,
38197,1501,16,0.0,
38198,1501,17,0.0,
38199,1501,18,0.0,
38200,1501,19,0.0,
38201,1501,20,0.0,
38202,1501,21,0.0,
38203,1501,22,0.0,
38204,1501,23,0.0,
38205,1501,24,0.0,
38206,1501,25,0.0,
38207,1501,26,0.0,
38208,1501,27,0.0,
38209,1501,28,0.0,
38210,1501,29,0.0,
38211,1501,30,0.0,
38212,1501,31,0.0,
38213,1501,32,0.0,
38214,1501,33,0.0,
38215,1501,34,0.0,
38216,1501,35,0.0,
38217,1501,36,0.0,
38218,1501,37,0.0,
38219,1501,38,0.0,
38220,1501,39,0.0,
38221,1501,40,0.0,
38222,1501,41,0.0,
38223,1501,42,0.0,
38224,1501,43,0.0,
38225,1501,44,0.0,
38226,1501,45,0.0,
38227,1501,46,0.0,
38228,1501,47,0.0,
38229,1501,48,0.0,
38230,1501,49,0.0,
38231,1501,50,0.0,
38232,1501,51,0.0,
38234,1502,1,68.0,
38235,1502,2,0.0,
38243,1502,12,0.0,
38244,1502,13,0.0,
38245,1502,14,0.0,
38249,1502,17,0.0,
38250,1502,18,0.0,
38251,1502,19,0.0,
38252,1502,20,0.0,
38253,1502,21,0.0,
38254,1502,22,0.0,
38255,1502,23,0.0,
38256,1502,24,0.0,
38257,1502,25,0.0,
38258,1502,26,0.0,
38259,1502,27,0.0,
38260,1502,28,0.0,
38261,1502,29,0.0,
38262,1502,30,0.0,
38263,1502,31,0.0,
38264,1502,32,0.0,
38265,1502,33,0.0,
38266,1502,34,0.0,
38267,1502,35,0.0,
38268,1502,36,0.0,
38269,1502,37,0.0,
38270,1502,38,0.0,
38271,1502,39,0.0,
38272,1502,40,0.0,
38273,1502,41,0.0,
38274,1502,42,0.0,
38275,1502,43,0.0,
38276,1502,44,0.0,
38277,1502,45,0.0,
38278,1502,46,0.0,
38279,1502,47,0.0,
38280,1502,48,0.0,
38281,1502,49,0.0,
38282,1502,50,0.0,
38283,1502,51,0.0,
38285,1503,1,33.0,
38286,1503,2,0.0,
38295,1503,13,0.0,
38296,1503,14,0.0,
38298,1503,7,0.0,
38300,1503,17,0.0,
38301,1503,18,0.0,
38302,1503,19,0.0,
38303,1503,20,0.0,
38304,1503,21,0.0,
38305,1503,22,0.0,
38306,1503,23,0.0,
38307,1503,24,0.0,
38308,1503,25,0.0,
38309,1503,26,0.0,
38310,1503,27,0.0,
38311,1503,28,0.0,
38312,1503,29,0.0,
38313,1503,30,0.0,
38314,1503,31,0.0,
38315,1503,32,0.0,
38316,1503,33,0.0,
38317,1503,34,0.0,
38318,1503,35,0.0,
38319,1503,36,0.0,
38320,1503,37,0.0,
38321,1503,38,0.0,
38322,1503,39,0.0,
38323,1503,40,0.0,
38324,1503,41,0.0,
38325,1503,42,0.0,
38326,1503,43,0.0,
38327,1503,44,0.0,
38328,1503,45,0.0,
38329,1503,46,0.0,
38330,1503,47,0.0,
38331,1503,48,0.0,
38332,1503,49,0.0,
38333,1503,50,0.0,
38334,1503,51,0.0,
38336,1504,1,195.0,
38337,1504,2,0.0,
38346,1504,13,0.0,
38347,1504,14,0.0,
38349,1504,7,0.0,
38351,1504,17,0.0,
38352,1504,18,0.0,
38353,1504,19,0.0,
38354,1504,20,0.0,
38355,1504,21,0.0,
38356,1504,22,0.0,
38357,1504,23,0.0,
38358,1504,24,0.0,
38359,1504,25,0.0,
38360,1504,26,0.0,
38361,1504,27,0.0,
38362,1504,28,0.0,
38363,1504,29,0.0,
38364,1504,30,0.0,
38365,1504,31,0.0,
38366,1504,32,0.0,
38367,1504,33,0.0,
38368,1504,34,0.0,
38369,1504,35,0.0,
38370,1504,36,0.0,
38371,1504,37,0.0,
38372,1504,38,0.0,
38373,1504,39,0.0,
38374,1504,40,0.0,
38375,1504,41,0.0,
38376,1504,42,0.0,
38377,1504,43,0.0,
38378,1504,44,0.0,
38379,1504,45,0.0,
38380,1504,46,0.0,
38381,1504,47,0.0,
38382,1504,48,0.0,
38383,1504,49,0.0,
38384,1504,50,0.0,
38385,1504,51,0.0,
38387,1505,1,60.0,
38388,1505,2,0.0,
38397,1505,13,0.0,
38398,1505,14,0.0,
38402,1505,17,0.0,
38403,1505,18,0.0,
38404,1505,19,0.0,
38405,1505,20,0.0,
38406,1505,21,0.0,
38407,1505,22,0.0,
38408,1505,23,0.0,
38409,1505,24,0.0,
38410,1505,25,0.0,
38411,1505,26,0.0,
38412,1505,27,0.0,
38413,1505,28,0.0,
38414,1505,29,0.0,
38415,1505,30,0.0,
38416,1505,31,0.0,
38417,1505,32,0.0,
38418,1505,33,0.0,
38419,1505,34,0.0,
38420,1505,35,0.0,
38421,1505,36,0.0,
38422,1505,37,0.0,
38423,1505,38,0.0,
38424,1505,39,0.0,
38425,1505,40,0.0,
38426,1505,41,0.0,
38427,1505,42,0.0,
38428,1505,43,0.0,
38429,1505,44,0.0,
38430,1505,45,0.0,
38431,1505,46,0.0,
38432,1505,47,0.0,
38433,1505,48,0.0,
38434,1505,49,0.0,
38435,1505,50,0.0,
38436,1505,51,0.0,
38438,1506,1,17.0,
38439,1506,2,0.0,
38442,1506,5,0.0,
38443,1506,6,0.0,
38447,1506,12,0.0,
38448,1506,13,0.0,
38449,1506,14,0.0,
38451,1506,7,0.0,
38453,1506,17,0.0,
38454,1506,18,0.0,
38455,1506,19,0.0,
38456,1506,20,0.0,
38457,1506,21,0.0,
38458,1506,22,0.0,
38459,1506,23,0.0,
38460,1506,24,0.0,
38461,1506,25,0.0,
38462,1506,26,0.0,
38463,1506,27,0.0,
38464,1506,28,0.0,
38465,1506,29,0.0,
38466,1506,30,0.0,
38467,1506,31,0.0,
38468,1506,32,0.0,
38469,1506,33,0.0,
38470,1506,34,0.0,
38471,1506,35,0.0,
38472,1506,36,0.0,
38473,1506,37,0.0,
38474,1506,38,0.0,
38475,1506,39,0.0,
38476,1506,40,0.0,
38477,1506,41,0.0,
38478,1506,42,0.0,
38479,1506,43,0.0,
38480,1506,44,0.0,
38481,1506,45,0.0,
38482,1506,46,0.0,
38483,1506,47,0.0,
38484,1506,48,0.0,
38485,1506,49,0.0,
38486,1506,50,0.0,
38487,1506,51,0.0,
38489,1507,1,215.0,
38490,1507,2,0.0,
38499,1507,13,0.0,
38500,1507,14,0.0,
38504,1507,17,0.0,
38505,1507,18,0.0,
38506,1507,19,0.0,
38507,1507,20,0.0,
38508,1507,21,0.0,
38509,1507,22,0.0,
38510,1507,23,0.0,
38511,1507,24,0.0,
38512,1507,25,0.0,
38513,1507,26,0.0,
38514,1507,27,0.0,
38515,1507,28,0.0,
38516,1507,29,0.0,
38517,1507,30,0.0,
38518,1507,31,0.0,
38519,1507,32,0.0,
38520,1507,33,0.0,
38521,1507,34,0.0,
38522,1507,35,0.0,
38523,1507,36,0.0,
38524,1507,37,0.0,
38525,1507,38,0.0,
38526,1507,39,0.0,
38527,1507,40,0.0,
38528,1507,41,0.0,
38529,1507,42,0.0,
38530,1507,43,0.0,
38531,1507,44,0.0,
38532,1507,45,0.0,
38533,1507,46,0.0,
38534,1507,47,0.0,
38535,1507,48,0.0,
38536,1507,49,0.0,
38537,1507,50,0.0,
38538,1507,51,0.0,
38540,1508,1,603.0,
38541,1508,2,0.0,
38552,1508,15,0.0,
38554,1508,16,0.0,
38555,1508,17,0.0,
38556,1508,18,0.0,
38557,1508,19,0.0,
38558,1508,20,0.0,
38559,1508,21,0.0,
38560,1508,22,0.0,
38561,1508,23,0.0,
38562,1508,24,0.0,
38563,1508,25,0.0,
38564,1508,26,0.0,
38565,1508,27,0.0,
38566,1508,28,0.0,
38567,1508,29,0.0,
38568,1508,30,0.0,
38569,1508,31,0.0,
38570,1508,32,0.0,
38571,1508,33,0.0,
38572,1508,34,0.0,
38573,1508,35,0.0,
38574,1508,36,0.0,
38575,1508,37,0.0,
38576,1508,38,0.0,
38577,1508,39,0.0,
38578,1508,40,0.0,
38579,1508,41,0.0,
38580,1508,42,0.0,
38581,1508,43,0.0,
38582,1508,44,0.0,
38583,1508,45,0.0,
38584,1508,46,0.0,
38585,1508,47,0.0,
38586,1508,48,0.0,
38587,1508,49,0.0,
38588,1508,50,0.0,
38589,1508,51,0.0,
38591,1509,1,83.0,
38592,1509,2,0.0,
38600,1509,12,0.0,
38601,1509,13,0.0,
38602,1509,14,0.0,
38604,1509,7,0.0,
38606,1509,17,0.0,
38607,1509,18,0.0,
38608,1509,19,0.0,
38609,1509,20,0.0,
38610,1509,21,0.0,
38611,1509,22,0.0,
38612,1509,23,0.0,
38613,1509,24,0.0,
38614,1509,25,0.0,
38615,1509,26,0.0,
38616,1509,27,0.0,
38617,1509,28,0.0,
38618,1509,29,0.0,
38619,1509,30,0.0,
38620,1509,31,0.0,
38621,1509,32,0.0,
38622,1509,33,0.0,
38623,1509,34,0.0,
38624,1509,35,0.0,
38625,1509,36,0.0,
38626,1509,37,0.0,
38627,1509,38,0.0,
38628,1509,39,0.0,
38629,1509,40,0.0,
38630,1509,41,0.0,
38631,1509,42,0.0,
38632,1509,43,0.0,
38633,1509,44,0.0,
38634,1509,45,0.0,
38635,1509,46,0.0,
38636,1509,47,0.0,
38637,1509,48,0.0,
38638,1509,49,0.0,
38639,1509,50,0.0,
38640,1509,51,0.0,
38642,1510,1,33.0,
38643,1510,2,0.0,
38652,1510,13,0.0,
38653,1510,14,0.0,
38655,1510,7,0.0,
38657,1510,17,0.0,
38658,1510,18,0.0,
38659,1510,19,0.0,
38660,1510,20,0.0,
38661,1510,21,0.0,
38662,1510,22,0.0,
38663,1510,23,0.0,
38664,1510,24,0.0,
38665,1510,25,0.0,
38666,1510,26,0.0,
38667,1510,27,0.0,
38668,1510,28,0.0,
38669,1510,29,0.0,
38670,1510,30,0.0,
38671,1510,31,0.0,
38672,1510,32,0.0,
38673,1510,33,0.0,
38674,1510,34,0.0,
38675,1510,35,0.0,
38676,1510,36,0.0,
38677,1510,37,0.0,
38678,1510,38,0.0,
38679,1510,39,0.0,
38680,1510,40,0.0,
38681,1510,41,0.0,
38682,1510,42,0.0,
38683,1510,43,0.0,
38684,1510,44,0.0,
38685,1510,45,0.0,
38686,1510,46,0.0,
38687,1510,47,0.0,
38688,1510,48,0.0,
38689,1510,49,0.0,
38690,1510,50,0.0,
38691,1510,51,0.0,
38693,1511,1,152.0,
38694,1511,2,0.0,
38703,1511,13,0.0,
38704,1511,14,0.0,
38706,1511,7,0.0,
38708,1511,17,0.0,
38709,1511,18,0.0,
38710,1511,19,0.0,
38711,1511,20,0.0,
38712,1511,21,0.0,
38713,1511,22,0.0,
38714,1511,23,0.0,
38715,1511,24,0.0,
38716,1511,25,0.0,
38717,1511,26,0.0,
38718,1511,27,0.0,
38719,1511,28,0.0,
38720,1511,29,0.0,
38721,1511,30,0.0,
38722,1511,31,0.0,
38723,1511,32,0.0,
38724,1511,33,0.0,
38725,1511,34,0.0,
38726,1511,35,0.0,
38727,1511,36,0.0,
38728,1511,37,0.0,
38729,1511,38,0.0,
38730,1511,39,0.0,
38731,1511,40,0.0,
38732,1511,41,0.0,
38733,1511,42,0.0,
38734,1511,43,0.0,
38735,1511,44,0.0,
38736,1511,45,0.0,
38737,1511,46,0.0,
38738,1511,47,0.0,
38739,1511,48,0.0,
38740,1511,49,0.0,
38741,1511,50,0.0,
38742,1511,51,0.0,
38744,1512,1,41.0,
38745,1512,2,0.0,
38754,1512,13,0.0,
38755,1512,14,0.0,
38759,1512,17,0.0,
38760,1512,18,0.0,
38761,1512,19,0.0,
38762,1512,20,0.0,
38763,1512,21,0.0,
38764,1512,22,0.0,
38765,1512,23,0.0,
38766,1512,24,0.0,
38767,1512,25,0.0,
38768,1512,26,0.0,
38769,1512,27,0.0,
38770,1512,28,0.0,
38771,1512,29,0.0,
38772,1512,30,0.0,
38773,1512,31,0.0,
38774,1512,32,0.0,
38775,1512,33,0.0,
38776,1512,34,0.0,
38777,1512,35,0.0,
38778,1512,36,0.0,
38779,1512,37,0.0,
38780,1512,38,0.0,
38781,1512,39,0.0,
38782,1512,40,0.0,
38783,1512,41,0.0,
38784,1512,42,0.0,
38785,1512,43,0.0,
38786,1512,44,0.0,
38787,1512,45,0.0,
38788,1512,46,0.0,
38789,1512,47,0.0,
38790,1512,48,0.0,
38791,1512,49,0.0,
38792,1512,50,0.0,
38793,1512,51,0.0,
38795,1513,1,14.0,
38796,1513,2,0.0,
38799,1513,5,0.0,
38800,1513,6,0.0,
38804,1513,12,0.0,
38805,1513,13,0.0,
38806,1513,14,0.0,
38808,1513,7,0.0,
38810,1513,17,0.0,
38811,1513,18,0.0,
38812,1513,19,0.0,
38813,1513,20,0.0,
38814,1513,21,0.0,
38815,1513,22,0.0,
38816,1513,23,0.0,
38817,1513,24,0.0,
38818,1513,25,0.0,
38819,1513,26,0.0,
38820,1513,27,0.0,
38821,1513,28,0.0,
38822,1513,29,0.0,
38823,1513,30,0.0,
38824,1513,31,0.0,
38825,1513,32,0.0,
38826,1513,33,0.0,
38827,1513,34,0.0,
38828,1513,35,0.0,
38829,1513,36,0.0,
38830,1513,37,0.0,
38831,1513,38,0.0,
38832,1513,39,0.0,
38833,1513,40,0.0,
38834,1513,41,0.0,
38835,1513,42,0.0,
38836,1513,43,0.0,
38837,1513,44,0.0,
38838,1513,45,0.0,
38839,1513,46,0.0,
38840,1513,47,0.0,
38841,1513,48,0.0,
38842,1513,49,0.0,
38843,1513,50,0.0,
38844,1513,51,0.0,
38846,1514,1,208.0,
38847,1514,2,0.0,
38856,1514,13,0.0,
38857,1514,14,0.0,
38861,1514,17,0.0,
38862,1514,18,0.0,
38863,1514,19,0.0,
38864,1514,20,0.0,
38865,1514,21,0.0,
38866,1514,22,0.0,
38867,1514,23,0.0,
38868,1514,24,0.0,
38869,1514,25,0.0,
38870,1514,26,0.0,
38871,1514,27,0.0,
38872,1514,28,0.0,
38873,1514,29,0.0,
38874,1514,30,0.0,
38875,1514,31,0.0,
38876,1514,32,0.0,
38877,1514,33,0.0,
38878,1514,34,0.0,
38879,1514,35,0.0,
38880,1514,36,0.0,
38881,1514,37,0.0,
38882,1514,38,0.0,
38883,1514,39,0.0,
38884,1514,40,0.0,
38885,1514,41,0.0,
38886,1514,42,0.0,
38887,1514,43,0.0,
38888,1514,44,0.0,
38889,1514,45,0.0,
38890,1514,46,0.0,
38891,1514,47,0.0,
38892,1514,48,0.0,
38893,1514,49,0.0,
38894,1514,50,0.0,
38895,1514,51,0.0,
38897,1515,1,495.0,
38898,1515,2,0.0,
38909,1515,15,0.0,
38911,1515,16,0.0,
38912,1515,17,0.0,
38913,1515,18,0.0,
38914,1515,19,0.0,
38915,1515,20,0.0,
38916,1515,21,0.0,
38917,1515,22,0.0,
38918,1515,23,0.0,
38919,1515,24,0.0,
38920,1515,25,0.0,
38921,1515,26,0.0,
38922,1515,27,0.0,
38923,1515,28,0.0,
38924,1515,29,0.0,
38925,1515,30,0.0,
38926,1515,31,0.0,
38927,1515,32,0.0,
38928,1515,33,0.0,
38929,1515,34,0.0,
38930,1515,35,0.0,
38931,1515,36,0.0,
38932,1515,37,0.0,
38933,1515,38,0.0,
38934,1515,39,0.0,
38935,1515,40,0.0,
38936,1515,41,0.0,
38937,1515,42,0.0,
38938,1515,43,0.0,
38939,1515,44,0.0,
38940,1515,45,0.0,
38941,1515,46,0.0,
38942,1515,47,0.0,
38943,1515,48,0.0,
38944,1515,49,0.0,
38945,1515,50,0.0,
38946,1515,51,0.0,
38948,1516,1,47.0,
38949,1516,2,0.0,
38958,1516,13,0.0,
38959,1516,14,0.0,
38963,1516,17,0.0,
38964,1516,18,0.0,
38965,1516,19,0.0,
38966,1516,20,0.0,
38967,1516,21,0.0,
38968,1516,22,0.0,
38969,1516,23,0.0,
38970,1516,24,0.0,
38971,1516,25,0.0,
38972,1516,26,0.0,
38973,1516,27,0.0,
38974,1516,28,0.0,
38975,1516,29,0.0,
38976,1516,30,0.0,
38977,1516,31,0.0,
38978,1516,32,0.0,
38979,1516,33,0.0,
38980,1516,34,0.0,
38981,1516,35,0.0,
38982,1516,36,0.0,
38983,1516,37,0.0,
38984,1516,38,0.0,
38985,1516,39,0.0,
38986,1516,40,0.0,
38987,1516,41,0.0,
38988,1516,42,0.0,
38989,1516,43,0.0,
38990,1516,44,0.0,
38991,1516,45,0.0,
38992,1516,46,0.0,
38993,1516,47,0.0,
38994,1516,48,0.0,
38995,1516,49,0.0,
38996,1516,50,0.0,
38997,1516,51,0.0,
38999,1517,1,16.0,
39000,1517,2,0.0,
39009,1517,13,0.0,
39012,1517,7,0.0,
39014,1517,17,0.0,
39015,1517,18,0.0,
39016,1517,19,0.0,
39017,1517,20,0.0,
39018,1517,21,0.0,
39019,1517,22,0.0,
39020,1517,23,0.0,
39021,1517,24,0.0,
39022,1517,25,0.0,
39023,1517,26,0.0,
39024,1517,27,0.0,
39025,1517,28,0.0,
39026,1517,29,0.0,
39027,1517,30,0.0,
39028,1517,31,0.0,
39029,1517,32,0.0,
39030,1517,33,0.0,
39031,1517,34,0.0,
39032,1517,35,0.0,
39033,1517,36,0.0,
39034,1517,37,0.0,
39035,1517,38,0.0,
39036,1517,39,0.0,
39037,1517,40,0.0,
39038,1517,41,0.0,
39039,1517,42,0.0,
39040,1517,43,0.0,
39041,1517,44,0.0,
39042,1517,45,0.0,
39043,1517,46,0.0,
39044,1517,47,0.0,
39045,1517,48,0.0,
39046,1517,49,0.0,
39047,1517,50,0.0,
39048,1517,51,0.0,
39050,1518,1,138.0,
39051,1518,2,0.0,
39060,1518,13,0.0,
39063,1518,7,0.0,
39065,1518,17,0.0,
39066,1518,18,0.0,
39067,1518,19,0.0,
39068,1518,20,0.0,
39069,1518,21,0.0,
39070,1518,22,0.0,
39071,1518,23,0.0,
39072,1518,24,0.0,
39073,1518,25,0.0,
39074,1518,26,0.0,
39075,1518,27,0.0,
39076,1518,28,0.0,
39077,1518,29,0.0,
39078,1518,30,0.0,
39079,1518,31,0.0,
39080,1518,32,0.0,
39081,1518,33,0.0,
39082,1518,34,0.0,
39083,1518,35,0.0,
39084,1518,36,0.0,
39085,1518,37,0.0,
39086,1518,38,0.0,
39087,1518,39,0.0,
39088,1518,40,0.0,
39089,1518,41,0.0,
39090,1518,42,0.0,
39091,1518,43,0.0,
39092,1518,44,0.0,
39093,1518,45,0.0,
39094,1518,46,0.0,
39095,1518,47,0.0,
39096,1518,48,0.0,
39097,1518,49,0.0,
39098,1518,50,0.0,
39099,1518,51,0.0,
39101,1519,1,42.0,
39102,1519,2,0.0,
39111,1519,13,0.0,
39116,1519,17,0.0,
39117,1519,18,0.0,
39118,1519,19,0.0,
39119,1519,20,0.0,
39120,1519,21,0.0,
39121,1519,22,0.0,
39122,1519,23,0.0,
39123,1519,24,0.0,
39124,1519,25,0.0,
39125,1519,26,0.0,
39126,1519,27,0.0,
39127,1519,28,0.0,
39128,1519,29,0.0,
39129,1519,30,0.0,
39130,1519,31,0.0,
39131,1519,32,0.0,
39132,1519,33,0.0,
39133,1519,34,0.0,
39134,1519,35,0.0,
39135,1519,36,0.0,
39136,1519,37,0.0,
39137,1519,38,0.0,
39138,1519,39,0.0,
39139,1519,40,0.0,
39140,1519,41,0.0,
39141,1519,42,0.0,
39142,1519,43,0.0,
39143,1519,44,0.0,
39144,1519,45,0.0,
39145,1519,46,0.0,
39146,1519,47,0.0,
39147,1519,48,0.0,
39148,1519,49,0.0,
39149,1519,50,0.0,
39150,1519,51,0.0,
39152,1520,1,4.0,
39153,1520,2,0.0,
39156,1520,5,0.0,
39157,1520,6,0.0,
39161,1520,12,0.0,
39162,1520,13,0.0,
39165,1520,7,0.0,
39167,1520,17,0.0,
39168,1520,18,0.0,
39169,1520,19,0.0,
39170,1520,20,0.0,
39171,1520,21,0.0,
39172,1520,22,0.0,
39173,1520,23,0.0,
39174,1520,24,0.0,
39175,1520,25,0.0,
39176,1520,26,0.0,
39177,1520,27,0.0,
39178,1520,28,0.0,
39179,1520,29,0.0,
39180,1520,30,0.0,
39181,1520,31,0.0,
39182,1520,32,0.0,
39183,1520,33,0.0,
39184,1520,34,0.0,
39185,1520,35,0.0,
39186,1520,36,0.0,
39187,1520,37,0.0,
39188,1520,38,0.0,
39189,1520,39,0.0,
39190,1520,40,0.0,
39191,1520,41,0.0,
39192,1520,42,0.0,
39193,1520,43,0.0,
39194,1520,44,0.0,
39195,1520,45,0.0,
39196,1520,46,0.0,
39197,1520,47,0.0,
39198,1520,48,0.0,
39199,1520,49,0.0,
39200,1520,50,0.0,
39201,1520,51,0.0,
39203,1521,1,150.0,
39204,1521,2,0.0,
39213,1521,13,0.0,
39218,1521,17,0.0,
39219,1521,18,0.0,
39220,1521,19,0.0,
39221,1521,20,0.0,
39222,1521,21,0.0,
39223,1521,22,0.0,
39224,1521,23,0.0,
39225,1521,24,0.0,
39226,1521,25,0.0,
39227,1521,26,0.0,
39228,1521,27,0.0,
39229,1521,28,0.0,
39230,1521,29,0.0,
39231,1521,30,0.0,
39232,1521,31,0.0,
39233,1521,32,0.0,
39234,1521,33,0.0,
39235,1521,34,0.0,
39236,1521,35,0.0,
39237,1521,36,0.0,
39238,1521,37,0.0,
39239,1521,38,0.0,
39240,1521,39,0.0,
39241,1521,40,0.0,
39242,1521,41,0.0,
39243,1521,42,0.0,
39244,1521,43,0.0,
39245,1521,44,0.0,
39246,1521,45,0.0,
39247,1521,46,0.0,
39248,1521,47,0.0,
39249,1521,48,0.0,
39250,1521,49,0.0,
39251,1521,50,0.0,
39252,1521,51,0.0,
39254,1522,1,379.0,
39255,1522,2,0.0,
39266,1522,15,0.0,
39268,1522,16,0.0,
39269,1522,17,0.0,
39270,1522,18,0.0,
39271,1522,19,0.0,
39272,1522,20,0.0,
39273,1522,21,0.0,
39274,1522,22,0.0,
39275,1522,23,0.0,
39276,1522,24,0.0,
39277,1522,25,0.0,
39278,1522,26,0.0,
39279,1522,27,0.0,
39280,1522,28,0.0,
39281,1522,29,0.0,
39282,1522,30,0.0,
39283,1522,31,0.0,
39284,1522,32,0.0,
39285,1522,33,0.0,
39286,1522,34,0.0,
39287,1522,35,0.0,
39288,1522,36,0.0,
39289,1522,37,0.0,
39290,1522,38,0.0,
39291,1522,39,0.0,
39292,1522,40,0.0,
39293,1522,41,0.0,
39294,1522,42,0.0,
39295,1522,43,0.0,
39296,1522,44,0.0,
39297,1522,45,0.0,
39298,1522,46,0.0,
39299,1522,47,0.0,
39300,1522,48,0.0,
39301,1522,49,0.0,
39302,1522,50,0.0,
39303,1522,51,0.0,
39305,1523,1,29.0,
39306,1523,2,0.0,
39314,1523,12,0.0,
39315,1523,13,0.0,
39320,1523,17,0.0,
39321,1523,18,0.0,
39322,1523,19,0.0,
39323,1523,20,0.0,
39324,1523,21,0.0,
39325,1523,22,0.0,
39326,1523,23,0.0,
39327,1523,24,0.0,
39328,1523,25,0.0,
39329,1523,26,0.0,
39330,1523,27,0.0,
39331,1523,28,0.0,
39332,1523,29,0.0,
39333,1523,30,0.0,
39334,1523,31,0.0,
39335,1523,32,0.0,
39336,1523,33,0.0,
39337,1523,34,0.0,
39338,1523,35,0.0,
39339,1523,36,0.0,
39340,1523,37,0.0,
39341,1523,38,0.0,
39342,1523,39,0.0,
39343,1523,40,0.0,
39344,1523,41,0.0,
39345,1523,42,0.0,
39346,1523,43,0.0,
39347,1523,44,0.0,
39348,1523,45,0.0,
39349,1523,46,0.0,
39350,1523,47,0.0,
39351,1523,48,0.0,
39352,1523,49,0.0,
39353,1523,50,0.0,
39354,1523,51,0.0,
39357,809,2,43.0,
39356,809,1,43.0,
39392,810,2,281.0,
39428,811,2,75.0,
39459,813,2,18.0,
39363,809,13,0.0,
39368,809,27,0.0,
39369,809,28,0.0,
39370,809,29,0.0,
39371,809,30,0.0,
39372,809,31,0.0,
39373,809,32,0.0,
39374,809,33,0.0,
39375,809,34,0.0,
39376,809,35,0.0,
39377,809,36,0.0,
39378,809,37,0.0,
39379,809,38,0.0,
39380,809,39,0.0,
39381,809,40,0.0,
39382,809,41,0.0,
39383,809,42,0.0,
39384,809,43,0.0,
39385,809,44,0.0,
39386,809,45,0.0,
39387,809,46,0.0,
39388,809,47,0.0,
39391,810,1,281.0,
39397,810,13,0.0,
39402,810,27,0.0,
39403,810,28,0.0,
39404,810,29,0.0,
39405,810,30,0.0,
39406,810,31,0.0,
39407,810,32,0.0,
39408,810,33,0.0,
39409,810,34,0.0,
39410,810,35,0.0,
39411,810,36,0.0,
39412,810,37,0.0,
39413,810,38,0.0,
39414,810,39,0.0,
39415,810,40,0.0,
39416,810,41,0.0,
39417,810,42,0.0,
39418,810,43,0.0,
39419,810,44,0.0,
39420,810,45,0.0,
39421,810,46,0.0,
39422,810,47,0.0,
39424,810,50,0.0,
39425,810,51,0.0,
39427,811,1,75.0,
39433,811,13,0.0,
39437,811,26,0.0,
39438,811,28,0.0,
39439,811,29,0.0,
39440,811,30,0.0,
39441,811,31,0.0,
39442,811,33,0.0,
39443,811,34,0.0,
39444,811,35,0.0,
39445,811,36,0.0,
39446,811,37,0.0,
39447,811,38,0.0,
39448,811,39,0.0,
39449,811,40,0.0,
39450,811,41,0.0,
39451,811,42,0.0,
39452,811,43,0.0,
39453,811,44,0.0,
39454,811,45,0.0,
39455,811,46,0.0,
39456,811,47,0.0,
39458,813,1,18.0,
39461,813,5,0.0,
39462,813,6,0.0,
39465,813,10,0.0,
39466,813,12,0.0,
39467,813,13,0.0,
39470,813,7,0.0,
39472,813,18,0.0,
39473,813,19,0.0,
39474,813,20,0.0,
39476,813,23,0.0,
39477,813,24,0.0,
39478,813,25,0.0,
39479,813,26,0.0,
39480,813,27,0.0,
39481,813,28,0.0,
39482,813,29,0.0,
39483,813,30,0.0,
39484,813,31,0.0,
39485,813,32,0.0,
39486,813,33,0.0,
39487,813,34,0.0,
39488,813,35,0.0,
39489,813,36,0.0,
39490,813,37,0.0,
39491,813,38,0.0,
39492,813,39,0.0,
39493,813,40,0.0,
39494,813,41,0.0,
39495,813,42,0.0,
39496,813,43,0.0,
39497,813,44,0.0,
39498,813,45,0.0,
39499,813,46,0.0,
39500,813,47,0.0,
39366,809,7,1.0,
39367,809,26,75.0,
39389,809,51,26.5,
39401,810,26,184.0,
39423,810,49,469.0,
39471,813,17,3.0,
39475,813,22,96.0,
39501,813,51,1.0,
39503,808,1,237.0,
39504,808,2,237.0,
39601,812,2,54.0,
39636,816,2,31.0,
39515,808,17,0.0,
39516,808,18,0.0,
39517,808,19,0.0,
39518,808,20,0.0,
39519,808,21,0.0,
39520,808,22,0.0,
39521,808,23,0.0,
39522,808,24,0.0,
39523,808,25,0.0,
39524,808,26,0.0,
39525,808,27,0.0,
39526,808,28,0.0,
39527,808,29,0.0,
39528,808,30,0.0,
39529,808,31,0.0,
39530,808,32,0.0,
39531,808,33,0.0,
39532,808,34,0.0,
39533,808,35,0.0,
39534,808,36,0.0,
39535,808,37,0.0,
39536,808,38,0.0,
39537,808,39,0.0,
39538,808,40,0.0,
39539,808,41,0.0,
39540,808,42,0.0,
39541,808,43,0.0,
39542,808,44,0.0,
39543,808,45,0.0,
39544,808,46,0.0,
39545,808,47,0.0,
39546,808,48,0.0,
39547,808,49,0.0,
39548,808,50,0.0,
39549,808,51,0.0,
39551,814,1,708.0,
39552,814,2,0.0,
39562,814,15,0.0,
39563,814,16,0.0,
39564,814,17,0.0,
39565,814,18,0.0,
39566,814,19,0.0,
39567,814,20,0.0,
39568,814,21,0.0,
39569,814,22,0.0,
39570,814,23,0.0,
39571,814,24,0.0,
39572,814,25,0.0,
39573,814,26,0.0,
39574,814,27,0.0,
39575,814,28,0.0,
39576,814,29,0.0,
39577,814,30,0.0,
39578,814,31,0.0,
39579,814,32,0.0,
39580,814,33,0.0,
39581,814,34,0.0,
39582,814,35,0.0,
39583,814,36,0.0,
39584,814,37,0.0,
39585,814,38,0.0,
39586,814,39,0.0,
39587,814,40,0.0,
39588,814,41,0.0,
39589,814,42,0.0,
39590,814,43,0.0,
39591,814,44,0.0,
39592,814,45,0.0,
39593,814,46,0.0,
39594,814,47,0.0,
39595,814,48,0.0,
39596,814,49,0.0,
39597,814,50,0.0,
39598,814,51,0.0,
39600,812,1,54.0,
39606,812,13,0.0,
39612,812,26,0.0,
39613,812,27,0.0,
39614,812,28,0.0,
39615,812,29,0.0,
39616,812,30,0.0,
39617,812,31,0.0,
39618,812,32,0.0,
39619,812,33,0.0,
39620,812,34,0.0,
39621,812,35,0.0,
39622,812,36,0.0,
39623,812,37,0.0,
39624,812,38,0.0,
39625,812,39,0.0,
39626,812,40,0.0,
39627,812,41,0.0,
39628,812,42,0.0,
39629,812,43,0.0,
39630,812,44,0.0,
39631,812,45,0.0,
39632,812,46,0.0,
39633,812,47,0.0,
39635,816,1,31.0,
39643,816,13,0.0,
39646,816,7,0.0,
39648,816,27,0.0,
39649,816,28,0.0,
39650,816,29,0.0,
39651,816,30,0.0,
39652,816,31,0.0,
39653,816,32,0.0,
39654,816,33,0.0,
39655,816,34,0.0,
39656,816,35,0.0,
39657,816,36,0.0,
39658,816,37,0.0,
39659,816,38,0.0,
39610,812,20,9.0,
39611,812,25,91.0,
39647,816,26,46.0,
39660,816,39,0.0,
39661,816,40,0.0,
39662,816,41,0.0,
39663,816,42,0.0,
39664,816,43,0.0,
39665,816,44,0.0,
39666,816,45,0.0,
39667,816,46,0.0,
39668,816,47,0.0,
39781,815,2,205.0,
39671,817,1,223.0,
39672,817,2,223.0,
39704,818,2,61.0,
39735,820,2,36.0,
39677,817,13,0.0,
39683,817,29,0.0,
39684,817,30,0.0,
39685,817,31,0.0,
39687,817,34,0.0,
39688,817,35,0.0,
39689,817,36,0.0,
39690,817,37,0.0,
39691,817,38,0.0,
39692,817,39,0.0,
39693,817,40,0.0,
39694,817,41,0.0,
39695,817,42,0.0,
39696,817,43,0.0,
39697,817,44,0.0,
39698,817,45,0.0,
39699,817,46,0.0,
39700,817,47,0.0,
39703,818,1,61.0,
39709,818,13,0.0,
39713,818,26,0.0,
39714,818,28,0.0,
39715,818,29,0.0,
39716,818,30,0.0,
39717,818,31,0.0,
39718,818,33,0.0,
39719,818,34,0.0,
39720,818,35,0.0,
39721,818,36,0.0,
39722,818,37,0.0,
39723,818,38,0.0,
39724,818,39,0.0,
39725,818,40,0.0,
39726,818,41,0.0,
39727,818,42,0.0,
39728,818,43,0.0,
39729,818,44,0.0,
39730,818,45,0.0,
39731,818,46,0.0,
39732,818,47,0.0,
39734,820,1,36.0,
39737,820,5,0.0,
39738,820,6,0.0,
39742,820,12,0.0,
39743,820,13,0.0,
39746,820,7,0.0,
39748,820,18,0.0,
39749,820,19,0.0,
39750,820,20,0.0,
39752,820,23,0.0,
39753,820,24,0.0,
39754,820,25,0.0,
39755,820,26,0.0,
39756,820,27,0.0,
39757,820,28,0.0,
39758,820,29,0.0,
39759,820,30,0.0,
39760,820,31,0.0,
39761,820,32,0.0,
39762,820,33,0.0,
39763,820,34,0.0,
39764,820,35,0.0,
39765,820,36,0.0,
39766,820,37,0.0,
39767,820,38,0.0,
39768,820,39,0.0,
39769,820,40,0.0,
39770,820,41,0.0,
39771,820,42,0.0,
39772,820,43,0.0,
39773,820,44,0.0,
39774,820,45,0.0,
39775,820,46,0.0,
39776,820,47,0.0,
39777,820,48,0.0,
39780,815,1,205.0,
39789,815,13,0.0,
39794,815,17,0.0,
39795,815,18,0.0,
39796,815,19,0.0,
39797,815,20,0.0,
39798,815,21,0.0,
39799,815,22,0.0,
39800,815,23,0.0,
39801,815,24,0.0,
39802,815,25,0.0,
39803,815,26,0.0,
39804,815,27,0.0,
39805,815,28,0.0,
39806,815,29,0.0,
39807,815,30,0.0,
39808,815,31,0.0,
39809,815,32,0.0,
39810,815,33,0.0,
39811,815,34,0.0,
39812,815,35,0.0,
39813,815,36,0.0,
39814,815,37,0.0,
39815,815,38,0.0,
39816,815,39,0.0,
39669,816,51,59.5,
39681,817,26,154.0,
39682,817,28,1.0,
39686,817,33,400.0,
39701,817,51,120.0,
39747,820,17,4.0,
39751,820,22,104.0,
39778,820,51,1.5,
39817,815,40,0.0,
39818,815,41,0.0,
39819,815,42,0.0,
39820,815,43,0.0,
39821,815,44,0.0,
39822,815,45,0.0,
39823,815,46,0.0,
39824,815,47,0.0,
39825,815,48,0.0,
39826,815,49,0.0,
39827,815,50,0.0,
39828,815,51,0.0,
39879,819,2,59.0,
39830,821,1,615.0,
39831,821,2,0.0,
39910,823,2,39.0,
39944,824,2,201.0,
39840,821,15,0.0,
39841,821,16,0.0,
39842,821,17,0.0,
39843,821,18,0.0,
39844,821,19,0.0,
39845,821,20,0.0,
39846,821,21,0.0,
39847,821,22,0.0,
39848,821,23,0.0,
39849,821,24,0.0,
39850,821,25,0.0,
39851,821,26,0.0,
39852,821,27,0.0,
39853,821,28,0.0,
39854,821,29,0.0,
39855,821,30,0.0,
39856,821,31,0.0,
39857,821,32,0.0,
39858,821,33,0.0,
39859,821,34,0.0,
39860,821,35,0.0,
39861,821,36,0.0,
39862,821,37,0.0,
39863,821,38,0.0,
39864,821,39,0.0,
39865,821,40,0.0,
39866,821,41,0.0,
39867,821,42,0.0,
39868,821,43,0.0,
39869,821,44,0.0,
39870,821,45,0.0,
39871,821,46,0.0,
39872,821,47,0.0,
39873,821,48,0.0,
39874,821,49,0.0,
39875,821,50,0.0,
39876,821,51,0.0,
39878,819,1,59.0,
39884,819,13,0.0,
39890,819,29,0.0,
39891,819,30,0.0,
39892,819,31,0.0,
39894,819,34,0.0,
39895,819,35,0.0,
39896,819,36,0.0,
39897,819,37,0.0,
39898,819,38,0.0,
39899,819,39,0.0,
39900,819,40,0.0,
39901,819,41,0.0,
39902,819,42,0.0,
39903,819,43,0.0,
39904,819,44,0.0,
39905,819,45,0.0,
39906,819,46,0.0,
39907,819,47,0.0,
39909,823,1,39.0,
39916,823,13,0.0,
39921,823,27,0.0,
39922,823,28,0.0,
39923,823,29,0.0,
39924,823,30,0.0,
39925,823,31,0.0,
39926,823,32,0.0,
39927,823,33,0.0,
39928,823,34,0.0,
39929,823,35,0.0,
39930,823,36,0.0,
39931,823,37,0.0,
39932,823,38,0.0,
39933,823,39,0.0,
39934,823,40,0.0,
39935,823,41,0.0,
39936,823,42,0.0,
39937,823,43,0.0,
39938,823,44,0.0,
39939,823,45,0.0,
39940,823,46,0.0,
39941,823,47,0.0,
39943,824,1,201.0,
39949,824,13,0.0,
39954,824,27,0.0,
39955,824,28,0.0,
39956,824,29,0.0,
39957,824,30,0.0,
39958,824,31,0.0,
39959,824,32,0.0,
39960,824,33,0.0,
39961,824,34,0.0,
39962,824,35,0.0,
39963,824,36,0.0,
39964,824,37,0.0,
39965,824,38,0.0,
39966,824,39,0.0,
39967,824,40,0.0,
39968,824,41,0.0,
39969,824,42,0.0,
39970,824,43,0.0,
39971,824,44,0.0,
39972,824,45,0.0,
39973,824,46,0.0,
39920,823,26,10.0,
39888,819,26,20.0,
39889,819,28,1.0,
39893,819,33,57.0,
39953,824,26,145.0,
39974,824,47,0.0,
40053,822,2,217.0,
39977,825,1,67.0,
39978,825,2,67.0,
40009,827,2,33.0,
39983,825,13,0.0,
39988,825,28,0.0,
39989,825,29,0.0,
39990,825,30,0.0,
39991,825,31,0.0,
39992,825,33,0.0,
39993,825,34,0.0,
39994,825,35,0.0,
39995,825,36,0.0,
39996,825,37,0.0,
39997,825,38,0.0,
39998,825,39,0.0,
39999,825,40,0.0,
40000,825,41,0.0,
40001,825,42,0.0,
40002,825,43,0.0,
40003,825,44,0.0,
40004,825,45,0.0,
40005,825,46,0.0,
40006,825,47,0.0,
40008,827,1,33.0,
40011,827,5,0.0,
40012,827,6,0.0,
40016,827,12,0.0,
40017,827,13,0.0,
40020,827,7,0.0,
40022,827,18,0.0,
40023,827,19,0.0,
40024,827,20,0.0,
40026,827,23,0.0,
40027,827,24,0.0,
40028,827,25,0.0,
40029,827,26,0.0,
40030,827,27,0.0,
40031,827,28,0.0,
40032,827,29,0.0,
40033,827,30,0.0,
40034,827,31,0.0,
40035,827,32,0.0,
40036,827,33,0.0,
40037,827,34,0.0,
40038,827,35,0.0,
40039,827,36,0.0,
40040,827,37,0.0,
40041,827,38,0.0,
40042,827,39,0.0,
40043,827,40,0.0,
40044,827,41,0.0,
40045,827,42,0.0,
40046,827,43,0.0,
40047,827,44,0.0,
40048,827,45,0.0,
40049,827,46,0.0,
40050,827,47,0.0,
40052,822,1,217.0,
40063,822,29,0.0,
40064,822,30,0.0,
40065,822,31,0.0,
40067,822,34,0.0,
40068,822,35,0.0,
40069,822,36,0.0,
40070,822,37,0.0,
40071,822,38,0.0,
40072,822,39,0.0,
40073,822,40,0.0,
40074,822,41,0.0,
40075,822,42,0.0,
40076,822,43,0.0,
40077,822,44,0.0,
40078,822,45,0.0,
40079,822,46,0.0,
40080,822,47,0.0,
40082,828,1,606.0,
40083,828,2,0.0,
40093,828,15,0.0,
40094,828,16,0.0,
40095,828,17,0.0,
40096,828,18,0.0,
40097,828,19,0.0,
40098,828,20,0.0,
40099,828,21,0.0,
40100,828,22,0.0,
40101,828,23,0.0,
40102,828,24,0.0,
40103,828,25,0.0,
40104,828,26,0.0,
40105,828,27,0.0,
40106,828,28,0.0,
40107,828,29,0.0,
40108,828,30,0.0,
40109,828,31,0.0,
40110,828,32,0.0,
40111,828,33,0.0,
40112,828,34,0.0,
40113,828,35,0.0,
40114,828,36,0.0,
40115,828,37,0.0,
40116,828,38,0.0,
40117,828,39,0.0,
40118,828,40,0.0,
40119,828,41,0.0,
40120,828,42,0.0,
40121,828,43,0.0,
40122,828,44,0.0,
40123,828,45,0.0,
40124,828,46,0.0,
40125,828,47,0.0,
40126,828,48,0.0,
40127,828,49,0.0,
40128,828,50,0.0,
40129,828,51,0.0,
40066,822,33,111.0,
40061,822,26,106.0,
40062,822,28,7.0,
39975,824,51,5.0,
39987,825,26,16.0,
40021,827,17,4.0,
40025,827,22,123.0,
40131,826,1,49.0,
40132,826,2,49.0,
40165,830,2,85.0,
40196,831,2,215.0,
40228,832,2,63.0,
40137,826,13,0.0,
40259,834,2,8.0,
40143,826,26,0.0,
40145,826,29,0.0,
40146,826,30,0.0,
40147,826,31,0.0,
40149,826,34,0.0,
40150,826,35,0.0,
40151,826,36,0.0,
40152,826,37,0.0,
40153,826,38,0.0,
40154,826,39,0.0,
40155,826,40,0.0,
40156,826,41,0.0,
40157,826,42,0.0,
40158,826,43,0.0,
40159,826,44,0.0,
40160,826,45,0.0,
40161,826,46,0.0,
40162,826,47,0.0,
40164,830,1,85.0,
40170,830,13,0.0,
40175,830,28,0.0,
40176,830,29,0.0,
40177,830,30,0.0,
40178,830,31,0.0,
40179,830,33,0.0,
40180,830,34,0.0,
40181,830,35,0.0,
40182,830,36,0.0,
40183,830,37,0.0,
40184,830,38,0.0,
40185,830,39,0.0,
40186,830,40,0.0,
40187,830,41,0.0,
40188,830,42,0.0,
40189,830,43,0.0,
40190,830,44,0.0,
40191,830,45,0.0,
40192,830,46,0.0,
40193,830,47,0.0,
40195,831,1,215.0,
40201,831,13,0.0,
40207,831,29,0.0,
40208,831,30,0.0,
40209,831,31,0.0,
40211,831,34,0.0,
40212,831,35,0.0,
40213,831,36,0.0,
40214,831,37,0.0,
40215,831,38,0.0,
40216,831,39,0.0,
40217,831,40,0.0,
40218,831,41,0.0,
40219,831,42,0.0,
40220,831,43,0.0,
40221,831,44,0.0,
40222,831,45,0.0,
40223,831,46,0.0,
40224,831,47,0.0,
40227,832,1,63.0,
40233,832,13,0.0,
40238,832,28,0.0,
40239,832,29,0.0,
40240,832,30,0.0,
40241,832,31,0.0,
40242,832,33,0.0,
40243,832,34,0.0,
40244,832,35,0.0,
40245,832,36,0.0,
40246,832,37,0.0,
40247,832,38,0.0,
40248,832,39,0.0,
40249,832,40,0.0,
40250,832,41,0.0,
40251,832,42,0.0,
40252,832,43,0.0,
40253,832,44,0.0,
40254,832,45,0.0,
40255,832,46,0.0,
40256,832,47,0.0,
40258,834,1,8.0,
40261,834,5,0.0,
40262,834,6,0.0,
40266,834,12,0.0,
40267,834,13,0.0,
40270,834,7,0.0,
40272,834,18,0.0,
40275,834,23,0.0,
40277,834,26,0.0,
40278,834,27,0.0,
40279,834,28,0.0,
40280,834,29,0.0,
40281,834,30,0.0,
40282,834,31,0.0,
40283,834,32,0.0,
40284,834,33,0.0,
40285,834,34,0.0,
40286,834,35,0.0,
40287,834,36,0.0,
40141,826,20,8.0,
40142,826,25,61.0,
40144,826,28,1.0,
40148,826,33,20.0,
40173,830,7,1.0,
40174,830,26,30.0,
40205,831,26,265.0,
40206,831,28,3.0,
40210,831,33,800.0,
40225,831,51,2.0,
40237,832,26,11.0,
40271,834,17,1.0,
40273,834,20,2.0,
40274,834,22,25.0,
40276,834,25,16.0,
40288,834,37,0.0,
40289,834,38,0.0,
40290,834,39,0.0,
40291,834,40,0.0,
40292,834,41,0.0,
40293,834,42,0.0,
40294,834,43,0.0,
40295,834,44,0.0,
40296,834,45,0.0,
40297,834,46,0.0,
40298,834,47,0.0,
40302,829,2,204.0,
40301,829,1,204.0,
40380,833,2,50.0,
40413,837,2,32.0,
40444,838,2,228.0,
40311,829,29,0.0,
40312,829,30,0.0,
40313,829,31,0.0,
40315,829,34,0.0,
40316,829,35,0.0,
40317,829,36,0.0,
40318,829,37,0.0,
40319,829,38,0.0,
40320,829,39,0.0,
40321,829,40,0.0,
40322,829,41,0.0,
40323,829,42,0.0,
40324,829,43,0.0,
40325,829,44,0.0,
40326,829,45,0.0,
40327,829,46,0.0,
40328,829,47,0.0,
40330,835,1,625.0,
40331,835,2,0.0,
40341,835,15,0.0,
40342,835,16,0.0,
40343,835,17,0.0,
40344,835,18,0.0,
40345,835,19,0.0,
40346,835,20,0.0,
40347,835,21,0.0,
40348,835,22,0.0,
40349,835,23,0.0,
40350,835,24,0.0,
40351,835,25,0.0,
40352,835,26,0.0,
40353,835,27,0.0,
40354,835,28,0.0,
40355,835,29,0.0,
40356,835,30,0.0,
40357,835,31,0.0,
40358,835,32,0.0,
40359,835,33,0.0,
40360,835,34,0.0,
40361,835,35,0.0,
40362,835,36,0.0,
40363,835,37,0.0,
40364,835,38,0.0,
40365,835,39,0.0,
40366,835,40,0.0,
40367,835,41,0.0,
40368,835,42,0.0,
40369,835,43,0.0,
40370,835,44,0.0,
40371,835,45,0.0,
40372,835,46,0.0,
40373,835,47,0.0,
40374,835,48,0.0,
40375,835,49,0.0,
40376,835,50,0.0,
40377,835,51,0.0,
40379,833,1,50.0,
40385,833,13,0.0,
40391,833,26,0.0,
40393,833,29,0.0,
40394,833,30,0.0,
40395,833,31,0.0,
40397,833,34,0.0,
40398,833,35,0.0,
40399,833,36,0.0,
40400,833,37,0.0,
40401,833,38,0.0,
40402,833,39,0.0,
40403,833,40,0.0,
40404,833,41,0.0,
40405,833,42,0.0,
40406,833,43,0.0,
40407,833,44,0.0,
40408,833,45,0.0,
40409,833,46,0.0,
40410,833,47,0.0,
40412,837,1,32.0,
40418,837,13,0.0,
40422,837,26,0.0,
40423,837,28,0.0,
40424,837,29,0.0,
40425,837,30,0.0,
40426,837,31,0.0,
40427,837,33,0.0,
40428,837,34,0.0,
40429,837,35,0.0,
40430,837,36,0.0,
40431,837,37,0.0,
40432,837,38,0.0,
40433,837,39,0.0,
40434,837,40,0.0,
40435,837,41,0.0,
40436,837,42,0.0,
40437,837,43,0.0,
40438,837,44,0.0,
40439,837,45,0.0,
40440,837,46,0.0,
40441,837,47,0.0,
40443,838,1,228.0,
40310,829,28,6.0,
40309,829,26,156.0,
40314,829,33,60.0,
40389,833,20,7.0,
40390,833,25,61.0,
40392,833,28,1.0,
40396,833,33,150.0,
40299,834,51,8.0,
40421,837,7,1.0,
40554,836,2,209.0,
40476,839,2,55.0,
40507,841,2,12.0,
40449,838,13,0.0,
40455,838,29,0.0,
40456,838,30,0.0,
40457,838,31,0.0,
40459,838,34,0.0,
40460,838,35,0.0,
40461,838,36,0.0,
40462,838,37,0.0,
40463,838,38,0.0,
40464,838,39,0.0,
40465,838,40,0.0,
40466,838,41,0.0,
40467,838,42,0.0,
40468,838,43,0.0,
40469,838,44,0.0,
40470,838,45,0.0,
40471,838,46,0.0,
40472,838,47,0.0,
40475,839,1,55.0,
40481,839,13,0.0,
40486,839,28,0.0,
40487,839,29,0.0,
40488,839,30,0.0,
40489,839,31,0.0,
40490,839,33,0.0,
40491,839,34,0.0,
40492,839,35,0.0,
40493,839,36,0.0,
40494,839,37,0.0,
40495,839,38,0.0,
40496,839,39,0.0,
40497,839,40,0.0,
40498,839,41,0.0,
40499,839,42,0.0,
40500,839,43,0.0,
40501,839,44,0.0,
40502,839,45,0.0,
40503,839,46,0.0,
40504,839,47,0.0,
40506,841,1,12.0,
40509,841,5,0.0,
40510,841,6,0.0,
40514,841,12,0.0,
40515,841,13,0.0,
40518,841,7,0.0,
40520,841,18,0.0,
40521,841,19,0.0,
40522,841,20,0.0,
40524,841,23,0.0,
40525,841,24,0.0,
40526,841,25,0.0,
40527,841,26,0.0,
40528,841,27,0.0,
40529,841,28,0.0,
40530,841,29,0.0,
40531,841,30,0.0,
40532,841,31,0.0,
40533,841,32,0.0,
40534,841,33,0.0,
40535,841,34,0.0,
40536,841,35,0.0,
40537,841,36,0.0,
40538,841,37,0.0,
40539,841,38,0.0,
40540,841,39,0.0,
40541,841,40,0.0,
40542,841,41,0.0,
40543,841,42,0.0,
40544,841,43,0.0,
40545,841,44,0.0,
40546,841,45,0.0,
40547,841,46,0.0,
40548,841,47,0.0,
40550,841,50,0.0,
40551,841,51,0.0,
40553,836,1,209.0,
40563,836,29,0.0,
40564,836,30,0.0,
40565,836,31,0.0,
40567,836,34,0.0,
40568,836,35,0.0,
40569,836,36,0.0,
40570,836,37,0.0,
40571,836,38,0.0,
40572,836,39,0.0,
40573,836,40,0.0,
40574,836,41,0.0,
40575,836,42,0.0,
40576,836,43,0.0,
40577,836,44,0.0,
40578,836,45,0.0,
40579,836,46,0.0,
40580,836,47,0.0,
40582,842,1,608.0,
40583,842,2,0.0,
40593,842,15,0.0,
40594,842,16,0.0,
40595,842,17,0.0,
40596,842,18,0.0,
40597,842,19,0.0,
40598,842,20,0.0,
40599,842,21,0.0,
40600,842,22,0.0,
40601,842,23,0.0,
40473,838,51,2.0,
40561,836,26,1644.0,
40562,836,28,5.0,
40566,836,33,21.0,
40453,838,26,894.0,
40454,838,28,1.0,
40458,838,33,770.0,
40485,839,26,3.0,
40519,841,17,1.0,
40523,841,22,8.0,
40549,841,49,133.0,
40602,842,24,0.0,
40603,842,25,0.0,
40604,842,26,0.0,
40605,842,27,0.0,
40606,842,28,0.0,
40607,842,29,0.0,
40608,842,30,0.0,
40609,842,31,0.0,
40610,842,32,0.0,
40611,842,33,0.0,
40612,842,34,0.0,
40613,842,35,0.0,
40614,842,36,0.0,
40615,842,37,0.0,
40616,842,38,0.0,
40617,842,39,0.0,
40618,842,40,0.0,
40619,842,41,0.0,
40620,842,42,0.0,
40621,842,43,0.0,
40622,842,44,0.0,
40623,842,45,0.0,
40624,842,46,0.0,
40625,842,47,0.0,
40626,842,48,0.0,
40627,842,49,0.0,
40628,842,50,0.0,
40629,842,51,0.0,
40632,840,2,72.0,
40631,840,1,72.0,
40665,844,2,50.0,
40696,845,2,329.0,
40727,846,2,91.0,
40758,848,2,36.0,
40637,840,13,0.0,
40642,840,27,0.0,
40643,840,28,0.0,
40644,840,29,0.0,
40645,840,30,0.0,
40646,840,31,0.0,
40647,840,32,0.0,
40648,840,33,0.0,
40649,840,34,0.0,
40650,840,35,0.0,
40651,840,36,0.0,
40652,840,37,0.0,
40653,840,38,0.0,
40654,840,39,0.0,
40655,840,40,0.0,
40656,840,41,0.0,
40657,840,42,0.0,
40658,840,43,0.0,
40659,840,44,0.0,
40660,840,45,0.0,
40661,840,46,0.0,
40662,840,47,0.0,
40664,844,1,50.0,
40670,844,13,0.0,
40673,844,27,0.0,
40674,844,28,0.0,
40675,844,29,0.0,
40676,844,30,0.0,
40677,844,31,0.0,
40678,844,32,0.0,
40679,844,33,0.0,
40680,844,34,0.0,
40681,844,35,0.0,
40682,844,36,0.0,
40683,844,37,0.0,
40684,844,38,0.0,
40685,844,39,0.0,
40686,844,40,0.0,
40687,844,41,0.0,
40688,844,42,0.0,
40689,844,43,0.0,
40690,844,44,0.0,
40691,844,45,0.0,
40692,844,46,0.0,
40693,844,47,0.0,
40694,844,48,0.0,
40695,845,1,329.0,
40701,845,13,0.0,
40702,845,7,0.0,
40704,845,27,0.0,
40705,845,28,0.0,
40706,845,29,0.0,
40707,845,30,0.0,
40708,845,31,0.0,
40709,845,32,0.0,
40710,845,33,0.0,
40711,845,34,0.0,
40712,845,35,0.0,
40713,845,36,0.0,
40714,845,37,0.0,
40715,845,38,0.0,
40716,845,39,0.0,
40717,845,40,0.0,
40718,845,41,0.0,
40719,845,42,0.0,
40720,845,43,0.0,
40721,845,44,0.0,
40722,845,45,0.0,
40723,845,46,0.0,
40724,845,47,0.0,
40725,845,48,0.0,
40726,846,1,91.0,
40732,846,13,0.0,
40735,846,27,0.0,
40736,846,28,0.0,
40737,846,29,0.0,
40738,846,30,0.0,
40739,846,31,0.0,
40740,846,32,0.0,
40741,846,33,0.0,
40742,846,34,0.0,
40743,846,35,0.0,
40744,846,36,0.0,
40745,846,37,0.0,
40746,846,38,0.0,
40747,846,39,0.0,
40748,846,40,0.0,
40749,846,41,0.0,
40750,846,42,0.0,
40751,846,43,0.0,
40752,846,44,0.0,
40753,846,45,0.0,
40754,846,46,0.0,
40755,846,47,0.0,
40756,846,48,0.0,
40757,848,1,36.0,
40641,840,26,112.0,
40672,844,26,260.0,
40703,845,26,998.0,
40734,846,26,72.0,
40793,843,2,325.0,
40760,848,5,0.0,
40761,848,6,0.0,
40873,847,2,91.0,
40765,848,12,0.0,
40766,848,13,0.0,
40767,848,7,0.0,
40768,848,26,0.0,
40769,848,27,0.0,
40770,848,28,0.0,
40771,848,29,0.0,
40772,848,30,0.0,
40773,848,31,0.0,
40774,848,32,0.0,
40775,848,33,0.0,
40776,848,34,0.0,
40777,848,35,0.0,
40778,848,36,0.0,
40779,848,37,0.0,
40780,848,38,0.0,
40781,848,39,0.0,
40782,848,40,0.0,
40783,848,41,0.0,
40784,848,42,0.0,
40785,848,43,0.0,
40786,848,44,0.0,
40787,848,45,0.0,
40788,848,46,0.0,
40789,848,47,0.0,
40790,848,48,0.0,
40792,843,1,325.0,
40799,843,27,0.0,
40800,843,28,0.0,
40801,843,29,0.0,
40802,843,30,0.0,
40803,843,31,0.0,
40804,843,32,0.0,
40805,843,33,0.0,
40806,843,34,0.0,
40807,843,35,0.0,
40808,843,36,0.0,
40809,843,37,0.0,
40810,843,38,0.0,
40811,843,39,0.0,
40812,843,40,0.0,
40813,843,41,0.0,
40814,843,42,0.0,
40815,843,43,0.0,
40816,843,44,0.0,
40817,843,45,0.0,
40818,843,46,0.0,
40819,843,47,0.0,
40820,843,48,0.0,
40821,1524,1,922.0,
40822,1524,2,0.0,
40833,1524,15,0.0,
40835,1524,16,0.0,
40836,1524,17,0.0,
40837,1524,18,0.0,
40838,1524,19,0.0,
40839,1524,20,0.0,
40840,1524,21,0.0,
40841,1524,22,0.0,
40842,1524,23,0.0,
40843,1524,24,0.0,
40844,1524,25,0.0,
40845,1524,26,0.0,
40846,1524,27,0.0,
40847,1524,28,0.0,
40848,1524,29,0.0,
40849,1524,30,0.0,
40850,1524,31,0.0,
40851,1524,32,0.0,
40852,1524,33,0.0,
40853,1524,34,0.0,
40854,1524,35,0.0,
40855,1524,36,0.0,
40856,1524,37,0.0,
40857,1524,38,0.0,
40858,1524,39,0.0,
40859,1524,40,0.0,
40860,1524,41,0.0,
40861,1524,42,0.0,
40862,1524,43,0.0,
40863,1524,44,0.0,
40864,1524,45,0.0,
40865,1524,46,0.0,
40866,1524,47,0.0,
40867,1524,48,0.0,
40868,1524,49,0.0,
40869,1524,50,0.0,
40870,1524,51,0.0,
40872,847,1,91.0,
40878,847,13,0.0,
40880,847,26,0.0,
40881,847,27,0.0,
40882,847,28,0.0,
40883,847,29,0.0,
40884,847,30,0.0,
40885,847,31,0.0,
40886,847,32,0.0,
40887,847,33,0.0,
40888,847,34,0.0,
40889,847,35,0.0,
40890,847,36,0.0,
40891,847,37,0.0,
40892,847,38,0.0,
40893,847,39,0.0,
40894,847,40,0.0,
40895,847,41,0.0,
40896,847,42,0.0,
40897,847,43,0.0,
40898,847,44,0.0,
40899,847,45,0.0,
40900,847,46,0.0,
40901,847,47,0.0,
40902,847,48,0.0,
41108,808,88,237.0,
41109,809,88,43.0,
41110,810,88,281.0,
41111,811,88,75.0,
41112,812,88,54.0,
41113,813,88,18.0,
41114,814,88,708.0,
41115,815,88,205.0,
41116,816,88,31.0,
41117,817,88,223.0,
41118,818,88,61.0,
41119,819,88,59.0,
41120,820,88,36.0,
40798,843,26,1609.0,
41121,821,88,615.0,
41122,822,88,217.0,
41123,823,88,39.0,
41124,824,88,201.0,
41125,825,88,67.0,
41126,826,88,49.0,
41127,827,88,33.0,
41128,828,88,606.0,
41129,829,88,204.0,
41130,830,88,85.0,
41131,831,88,215.0,
41132,832,88,63.0,
41133,833,88,50.0,
41134,834,88,8.0,
41135,835,88,625.0,
41136,836,88,209.0,
41137,837,88,32.0,
41138,838,88,228.0,
41139,839,88,55.0,
41140,840,88,72.0,
41141,841,88,12.0,
41142,842,88,608.0,
41143,843,88,325.0,
41144,844,88,50.0,
41145,845,88,329.0,
41146,846,88,91.0,
41147,847,88,91.0,
41148,848,88,36.0,
41149,1062,88,49.0,
41150,1063,88,385.0,
41151,1064,88,97.0,
41152,1065,88,41.0,
41153,1066,88,340.0,
41154,1067,88,976.0,
41155,1068,88,64.0,
41156,1069,88,52.0,
41157,1070,88,335.0,
41158,1071,88,152.0,
41159,1072,88,95.0,
41160,1073,88,306.0,
41161,1074,88,1008.0,
41162,1075,88,68.0,
41163,1076,88,159.0,
41164,1077,88,385.0,
41165,1078,88,93.0,
41166,1079,88,75.0,
41167,1080,88,364.0,
41168,1081,88,1182.0,
41169,1082,88,106.0,
41170,1083,88,121.0,
41171,1084,88,194.0,
41172,1085,88,49.0,
41173,1086,88,78.0,
41174,1087,88,271.0,
41175,1088,88,769.0,
41176,1089,88,56.0,
41177,1090,88,63.0,
41178,1091,88,146.0,
41179,1092,88,40.0,
41180,1093,88,13.0,
41181,1094,88,146.0,
41182,1095,88,458.0,
41183,1096,88,50.0,
41184,1097,88,37.0,
41185,1098,88,182.0,
41186,1099,88,29.0,
41187,1100,88,76.0,
41188,1101,88,108.0,
41189,1102,88,470.0,
41190,1103,88,38.0,
41191,1104,88,42.0,
41192,1105,88,234.0,
41193,1106,88,64.0,
41194,1107,88,58.0,
41195,1108,88,238.0,
41196,1109,88,692.0,
41197,1110,88,56.0,
41198,1111,88,42.0,
41199,1112,88,212.0,
41200,1113,88,29.0,
41201,1114,88,44.0,
41202,1115,88,176.0,
41203,1116,88,569.0,
41204,1117,88,66.0,
41205,1118,88,28.0,
41206,1119,88,192.0,
41207,1120,88,54.0,
41208,1121,88,74.0,
41209,1122,88,224.0,
41210,1123,88,650.0,
41211,1124,88,78.0,
41212,1125,88,24.0,
41213,1126,88,138.0,
41214,1127,88,36.0,
41215,1128,88,72.0,
41216,1129,88,148.0,
41217,1130,88,470.0,
41218,1131,88,52.0,
41219,1132,88,41.0,
41220,1133,88,208.0,
41221,1134,88,44.0,
41222,1135,88,211.0,
41223,1136,88,291.0,
41224,1137,88,855.0,
41225,1138,88,60.0,
41226,1139,88,82.0,
41227,1140,88,495.0,
41228,1141,88,117.0,
41229,1142,88,104.0,
41230,1143,88,362.0,
41231,1144,88,1277.0,
41232,1145,88,117.0,
41233,1146,88,64.0,
41234,1147,88,366.0,
41235,1148,88,99.0,
41236,1149,88,49.0,
41237,1150,88,404.0,
41238,1151,88,1051.0,
41239,1152,88,69.0,
41240,1153,88,56.0,
41241,1154,88,331.0,
41242,1155,88,72.0,
41243,1156,88,60.0,
41244,1157,88,274.0,
41245,1158,88,868.0,
41246,1159,88,75.0,
41247,1160,88,44.0,
41248,1161,88,267.0,
41249,1162,88,71.0,
41250,1163,88,179.0,
41251,1164,88,313.0,
41252,1165,88,959.0,
41253,1166,88,85.0,
41254,1167,88,58.0,
41255,1168,88,282.0,
41256,1169,88,73.0,
41257,1170,88,81.0,
41258,1171,88,264.0,
41259,1172,88,865.0,
41260,1173,88,107.0,
41261,1174,88,18.0,
41262,1175,88,167.0,
41263,1176,88,52.0,
41264,1177,88,26.0,
41265,1178,88,188.0,
41266,1179,88,507.0,
41267,1180,88,56.0,
41268,1181,88,19.0,
41269,1182,88,136.0,
41270,1183,88,61.0,
41271,1184,88,28.0,
41272,1185,88,124.0,
41273,1186,88,409.0,
41274,1187,88,41.0,
41275,1188,88,42.0,
41276,1189,88,229.0,
41277,1190,88,66.0,
41278,1191,88,62.0,
41279,1192,88,225.0,
41280,1193,88,697.0,
41281,1194,88,73.0,
41282,1195,88,34.0,
41283,1196,88,197.0,
41284,1197,88,57.0,
41285,1198,88,35.0,
41286,1199,88,242.0,
41287,1200,88,637.0,
41288,1201,88,72.0,
41289,1202,88,27.0,
41290,1203,88,104.0,
41291,1204,88,29.0,
41292,1205,88,79.0,
41293,1206,88,114.0,
41294,1207,88,369.0,
41295,1208,88,16.0,
41296,1209,88,16.0,
41297,1210,88,95.0,
41298,1211,88,22.0,
41299,1212,88,146.0,
41300,1213,88,66.0,
41301,1214,88,358.0,
41302,1215,88,13.0,
41303,1216,88,3.0,
41304,1217,88,57.0,
41305,1218,88,6.0,
41306,1219,88,46.0,
41307,1220,88,39.0,
41308,1221,88,160.0,
41309,1222,88,9.0,
41310,1223,88,7.0,
41311,1224,88,98.0,
41312,1225,88,17.0,
41313,1226,88,77.0,
41314,1227,88,52.0,
41315,1228,88,275.0,
41316,1229,88,24.0,
41317,1230,88,19.0,
41318,1231,88,99.0,
41319,1232,88,17.0,
41320,1233,88,56.0,
41321,1234,88,44.0,
41322,1235,88,256.0,
41323,1236,88,21.0,
41324,1237,88,19.0,
41325,1238,88,130.0,
41326,1239,88,24.0,
41327,1240,88,56.0,
41328,1241,88,57.0,
41329,1242,88,306.0,
41330,1243,88,20.0,
41331,1244,88,17.0,
41332,1245,88,47.0,
41333,1246,88,3.0,
41334,1247,88,44.0,
41335,1248,88,89.0,
41336,1249,88,210.0,
41337,1250,88,10.0,
41338,1251,88,10.0,
41339,1252,88,62.0,
41340,1253,88,15.0,
41341,1254,88,63.0,
41342,1255,88,66.0,
41343,1256,88,226.0,
41344,1257,88,10.0,
41345,1258,88,7.0,
41346,1259,88,85.0,
41347,1260,88,15.0,
41348,1261,88,31.0,
41349,1262,88,67.0,
41350,1263,88,231.0,
41351,1264,88,26.0,
41352,1265,88,3.0,
41353,1266,88,71.0,
41354,1267,88,22.0,
41355,1268,88,42.0,
41356,1269,88,61.0,
41357,1270,88,207.0,
41358,1271,88,8.0,
41359,1272,88,10.0,
41360,1273,88,105.0,
41361,1274,88,22.0,
41362,1275,88,2.0,
41363,1276,88,212.0,
41364,1277,88,373.0,
41365,1278,88,22.0,
41366,1279,88,16.0,
41367,1280,88,32.0,
41368,1281,88,17.0,
41369,1282,88,4.0,
41370,1283,88,84.0,
41371,1284,88,168.0,
41372,1285,88,15.0,
41373,1286,88,25.0,
41374,1287,88,133.0,
41375,1288,88,21.0,
41376,1289,88,53.0,
41377,1290,88,88.0,
41378,1291,88,339.0,
41379,1292,88,19.0,
41380,1293,88,12.0,
41381,1294,88,141.0,
41382,1295,88,30.0,
41383,1296,88,35.0,
41384,1297,88,113.0,
41385,1298,88,352.0,
41386,1299,88,21.0,
41387,1300,88,70.0,
41388,1301,88,128.0,
41389,1302,88,31.0,
41390,1303,88,18.0,
41391,1304,88,106.0,
41392,1305,88,381.0,
41393,1306,88,28.0,
41394,1307,88,73.0,
41395,1308,88,285.0,
41396,1309,88,75.0,
41397,1310,88,24.0,
41398,1311,88,204.0,
41399,1312,88,731.0,
41400,1313,88,70.0,
41401,1314,88,71.0,
41402,1315,88,349.0,
41403,1316,88,86.0,
41404,1317,88,8.0,
41405,1318,88,173.0,
41406,1319,88,733.0,
41407,1320,88,46.0,
41408,1321,88,49.0,
41409,1322,88,252.0,
41410,1323,88,43.0,
41411,1324,88,10.0,
41412,1325,88,133.0,
41413,1326,88,525.0,
41414,1327,88,38.0,
41415,1328,88,39.0,
41416,1329,88,193.0,
41417,1330,88,64.0,
41418,1331,88,19.0,
41419,1332,88,182.0,
41420,1333,88,564.0,
41421,1334,88,67.0,
41422,1335,88,36.0,
41423,1336,88,201.0,
41424,1337,88,49.0,
41425,1338,88,76.0,
41426,1339,88,180.0,
41427,1340,88,611.0,
41428,1341,88,69.0,
41429,1342,88,25.0,
41430,1343,88,149.0,
41431,1344,88,51.0,
41432,1345,88,46.0,
41433,1346,88,162.0,
41434,1347,88,489.0,
41435,1348,88,56.0,
41436,1349,88,19.0,
41437,1350,88,145.0,
41438,1351,88,31.0,
41439,1352,88,66.0,
41440,1353,88,132.0,
41441,1354,88,418.0,
41442,1355,88,25.0,
41443,1356,88,36.0,
41444,1357,88,167.0,
41445,1358,88,61.0,
41446,1359,88,89.0,
41447,1360,88,172.0,
41448,1361,88,567.0,
41449,1362,88,42.0,
41450,1363,88,35.0,
41451,1364,88,185.0,
41452,1365,88,44.0,
41453,1366,88,65.0,
41454,1367,88,161.0,
41455,1368,88,537.0,
41456,1369,88,47.0,
41457,1370,88,23.0,
41458,1371,88,184.0,
41459,1372,88,60.0,
41460,1373,88,117.0,
41461,1374,88,158.0,
41462,1375,88,645.0,
41463,1376,88,103.0,
41464,1377,88,72.0,
41465,1378,88,174.0,
41466,1379,88,61.0,
41467,1380,88,109.0,
41468,1381,88,159.0,
41469,1382,88,619.0,
41470,1383,88,44.0,
41471,1384,88,55.0,
41472,1385,88,217.0,
41473,1386,88,71.0,
41474,1387,88,80.0,
41475,1388,88,178.0,
41476,1389,88,648.0,
41477,1390,88,47.0,
41478,1391,88,52.0,
41479,1392,88,440.0,
41480,1393,88,124.0,
41481,1394,88,110.0,
41482,1395,88,314.0,
41483,1396,88,1132.0,
41484,1397,88,92.0,
41485,1398,88,52.0,
41486,1399,88,329.0,
41487,1400,88,122.0,
41488,1401,88,103.0,
41489,1402,88,282.0,
41490,1403,88,957.0,
41491,1404,88,69.0,
41492,1405,88,47.0,
41493,1406,88,288.0,
41494,1407,88,84.0,
41495,1408,88,106.0,
41496,1409,88,270.0,
41497,1410,88,871.0,
41498,1411,88,76.0,
41499,1412,88,65.0,
41500,1413,88,212.0,
41501,1414,88,96.0,
41502,1415,88,52.0,
41503,1416,88,232.0,
41504,1417,88,729.0,
41505,1418,88,72.0,
41506,1419,88,56.0,
41507,1420,88,185.0,
41508,1421,88,70.0,
41509,1422,88,88.0,
41510,1423,88,304.0,
41511,1424,88,767.0,
41512,1425,88,64.0,
41513,1426,88,30.0,
41514,1427,88,134.0,
41515,1428,88,41.0,
41516,1429,88,65.0,
41517,1430,88,162.0,
41518,1431,88,482.0,
41519,1432,88,50.0,
41520,1433,88,38.0,
41521,1434,88,138.0,
41522,1435,88,45.0,
41523,1436,88,17.0,
41524,1437,88,118.0,
41525,1438,88,387.0,
41526,1439,88,31.0,
41527,1440,88,39.0,
41528,1441,88,239.0,
41529,1442,88,81.0,
41530,1443,88,40.0,
41531,1444,88,200.0,
41532,1445,88,658.0,
41533,1446,88,59.0,
41534,1447,88,38.0,
41535,1448,88,211.0,
41536,1449,88,56.0,
41537,1450,88,22.0,
41538,1451,88,204.0,
41539,1452,88,586.0,
41540,1453,88,55.0,
41541,1454,88,24.0,
41542,1455,88,199.0,
41543,1456,88,60.0,
41544,1457,88,18.0,
41545,1458,88,197.0,
41546,1459,88,550.0,
41547,1460,88,52.0,
41548,1461,88,55.0,
41549,1462,88,200.0,
41550,1463,88,62.0,
41551,1464,88,25.0,
41552,1465,88,171.0,
41553,1466,88,571.0,
41554,1467,88,58.0,
41555,1468,88,68.0,
41556,1469,88,217.0,
41557,1470,88,80.0,
41558,1471,88,38.0,
41559,1472,88,234.0,
41560,1473,88,688.0,
41561,1474,88,51.0,
41562,1475,88,93.0,
41563,1476,88,242.0,
41564,1477,88,94.0,
41565,1478,88,46.0,
41566,1479,88,188.0,
41567,1480,88,879.0,
41568,1481,88,40.0,
41569,1482,88,82.0,
41570,1483,88,360.0,
41571,1484,88,112.0,
41572,1485,88,41.0,
41573,1486,88,290.0,
41574,1487,88,965.0,
41575,1488,88,80.0,
41576,1489,88,59.0,
41577,1490,88,288.0,
41578,1491,88,100.0,
41579,1492,88,48.0,
41580,1493,88,244.0,
41581,1494,88,852.0,
41582,1495,88,113.0,
41583,1496,88,46.0,
41584,1497,88,265.0,
41585,1498,88,68.0,
41586,1499,88,47.0,
41587,1500,88,282.0,
41588,1501,88,776.0,
41589,1502,88,68.0,
41590,1503,88,33.0,
41591,1504,88,195.0,
41592,1505,88,60.0,
41593,1506,88,17.0,
41594,1507,88,215.0,
41595,1508,88,603.0,
41596,1509,88,83.0,
41597,1510,88,33.0,
41598,1511,88,152.0,
41599,1512,88,41.0,
41600,1513,88,14.0,
41601,1514,88,208.0,
41602,1515,88,495.0,
41603,1516,88,47.0,
41604,1517,88,16.0,
41605,1518,88,138.0,
41606,1519,88,42.0,
41607,1520,88,4.0,
41608,1521,88,150.0,
41609,1522,88,379.0,
41610,1523,88,29.0,
41611,1524,88,922.0,
41612,850,1,33.0,
41613,850,2,33.0,
41648,851,2,332.0,
41680,852,2,75.0,
41730,854,2,24.0,
41619,850,13,0.0,
41622,850,7,0.0,
41624,850,27,0.0,
41625,850,28,0.0,
41626,850,29,0.0,
41627,850,30,0.0,
41628,850,31,0.0,
41629,850,32,0.0,
41630,850,33,0.0,
41631,850,34,0.0,
41632,850,35,0.0,
41633,850,36,0.0,
41634,850,37,0.0,
41635,850,38,0.0,
41636,850,39,0.0,
41637,850,40,0.0,
41638,850,41,0.0,
41639,850,42,0.0,
41640,850,43,0.0,
41641,850,44,0.0,
41642,850,45,0.0,
41643,850,46,0.0,
41644,850,47,0.0,
41647,851,1,332.0,
41653,851,13,0.0,
41659,851,29,0.0,
41660,851,30,0.0,
41661,851,31,0.0,
41663,851,34,0.0,
41664,851,35,0.0,
41665,851,36,0.0,
41666,851,37,0.0,
41667,851,38,0.0,
41668,851,39,0.0,
41669,851,40,0.0,
41670,851,41,0.0,
41671,851,42,0.0,
41672,851,43,0.0,
41673,851,44,0.0,
41674,851,45,0.0,
41675,851,46,0.0,
41676,851,47,0.0,
41679,852,1,75.0,
41688,852,13,0.0,
41693,852,17,0.0,
41694,852,18,0.0,
41695,852,19,0.0,
41696,852,20,0.0,
41697,852,21,0.0,
41698,852,22,0.0,
41699,852,23,0.0,
41700,852,24,0.0,
41701,852,25,0.0,
41702,852,26,0.0,
41703,852,27,0.0,
41704,852,28,0.0,
41705,852,29,0.0,
41706,852,30,0.0,
41707,852,31,0.0,
41708,852,32,0.0,
41709,852,33,0.0,
41710,852,34,0.0,
41711,852,35,0.0,
41712,852,36,0.0,
41713,852,37,0.0,
41714,852,38,0.0,
41715,852,39,0.0,
41716,852,40,0.0,
41717,852,41,0.0,
41718,852,42,0.0,
41719,852,43,0.0,
41720,852,44,0.0,
41721,852,45,0.0,
41722,852,46,0.0,
41723,852,47,0.0,
41724,852,48,0.0,
41725,852,49,0.0,
41726,852,50,0.0,
41727,852,51,0.0,
41729,854,1,24.0,
41732,854,5,0.0,
41733,854,6,0.0,
41736,854,10,0.0,
41737,854,12,0.0,
41738,854,13,0.0,
41741,854,7,0.0,
41743,854,17,0.0,
41744,854,18,0.0,
41745,854,19,0.0,
41746,854,20,0.0,
41747,854,21,0.0,
41748,854,22,0.0,
41623,850,26,106.0,
41645,850,51,20.5,
41657,851,26,741.0,
41658,851,28,1.0,
41662,851,33,12.0,
41677,851,51,1.0,
41749,854,23,0.0,
41750,854,24,0.0,
41751,854,25,0.0,
41752,854,26,0.0,
41753,854,27,0.0,
41754,854,28,0.0,
41755,854,29,0.0,
41756,854,30,0.0,
41757,854,31,0.0,
41758,854,32,0.0,
41759,854,33,0.0,
41760,854,34,0.0,
41761,854,35,0.0,
41762,854,36,0.0,
41763,854,37,0.0,
41764,854,38,0.0,
41765,854,39,0.0,
41766,854,40,0.0,
41767,854,41,0.0,
41768,854,42,0.0,
41769,854,43,0.0,
41770,854,44,0.0,
41771,854,45,0.0,
41772,854,46,0.0,
41773,854,47,0.0,
41774,854,48,0.0,
41775,854,49,0.0,
41776,854,50,0.0,
41777,854,51,0.0,
41780,849,2,241.0,
41779,849,1,241.0,
41858,853,2,72.0,
41889,857,2,51.0,
41789,849,29,0.0,
41790,849,30,0.0,
41791,849,31,0.0,
41793,849,34,0.0,
41794,849,35,0.0,
41795,849,36,0.0,
41796,849,37,0.0,
41797,849,38,0.0,
41798,849,39,0.0,
41799,849,40,0.0,
41800,849,41,0.0,
41801,849,42,0.0,
41802,849,43,0.0,
41803,849,44,0.0,
41804,849,45,0.0,
41805,849,46,0.0,
41806,849,47,0.0,
41808,855,1,777.0,
41809,855,2,0.0,
41819,855,15,0.0,
41820,855,16,0.0,
41821,855,17,0.0,
41822,855,18,0.0,
41823,855,19,0.0,
41824,855,20,0.0,
41825,855,21,0.0,
41826,855,22,0.0,
41827,855,23,0.0,
41828,855,24,0.0,
41829,855,25,0.0,
41830,855,26,0.0,
41831,855,27,0.0,
41832,855,28,0.0,
41833,855,29,0.0,
41834,855,30,0.0,
41835,855,31,0.0,
41836,855,32,0.0,
41837,855,33,0.0,
41838,855,34,0.0,
41839,855,35,0.0,
41840,855,36,0.0,
41841,855,37,0.0,
41842,855,38,0.0,
41843,855,39,0.0,
41844,855,40,0.0,
41845,855,41,0.0,
41846,855,42,0.0,
41847,855,43,0.0,
41848,855,44,0.0,
41849,855,45,0.0,
41850,855,46,0.0,
41851,855,47,0.0,
41852,855,48,0.0,
41853,855,49,0.0,
41854,855,50,0.0,
41855,855,51,0.0,
41857,853,1,72.0,
41863,853,13,0.0,
41867,853,26,0.0,
41868,853,28,0.0,
41869,853,29,0.0,
41870,853,30,0.0,
41871,853,31,0.0,
41872,853,33,0.0,
41873,853,34,0.0,
41874,853,35,0.0,
41875,853,36,0.0,
41876,853,37,0.0,
41877,853,38,0.0,
41878,853,39,0.0,
41879,853,40,0.0,
41880,853,41,0.0,
41881,853,42,0.0,
41882,853,43,0.0,
41883,853,44,0.0,
41884,853,45,0.0,
41885,853,46,0.0,
41886,853,47,0.0,
41888,857,1,51.0,
41894,857,13,0.0,
41899,857,18,0.0,
41901,857,23,0.0,
41903,857,27,0.0,
41904,857,28,0.0,
41905,857,29,0.0,
41792,849,33,71.0,
41787,849,26,1092.0,
41788,849,28,2.0,
41898,857,17,1.0,
41900,857,22,16.0,
41902,857,26,5.0,
41906,857,30,0.0,
41907,857,31,0.0,
41908,857,32,0.0,
41909,857,33,0.0,
41910,857,34,0.0,
41911,857,35,0.0,
41912,857,36,0.0,
41913,857,37,0.0,
41914,857,38,0.0,
41915,857,39,0.0,
41916,857,40,0.0,
41917,857,41,0.0,
41918,857,42,0.0,
41919,857,43,0.0,
41920,857,44,0.0,
41921,857,45,0.0,
41922,857,46,0.0,
41923,857,47,0.0,
42044,856,2,248.0,
41926,858,1,191.0,
41927,858,2,191.0,
41965,859,2,60.0,
41996,861,2,34.0,
41932,858,13,0.0,
41941,858,27,0.0,
41942,858,28,0.0,
41943,858,29,0.0,
41944,858,30,0.0,
41945,858,31,0.0,
41946,858,32,0.0,
41947,858,33,0.0,
41948,858,34,0.0,
41949,858,35,0.0,
41950,858,36,0.0,
41951,858,37,0.0,
41952,858,38,0.0,
41953,858,39,0.0,
41954,858,40,0.0,
41955,858,41,0.0,
41956,858,42,0.0,
41957,858,43,0.0,
41958,858,44,0.0,
41959,858,45,0.0,
41960,858,46,0.0,
41961,858,47,0.0,
41964,859,1,60.0,
41970,859,13,0.0,
41975,859,28,0.0,
41976,859,29,0.0,
41977,859,30,0.0,
41978,859,31,0.0,
41979,859,33,0.0,
41980,859,34,0.0,
41981,859,35,0.0,
41982,859,36,0.0,
41983,859,37,0.0,
41984,859,38,0.0,
41985,859,39,0.0,
41986,859,40,0.0,
41987,859,41,0.0,
41988,859,42,0.0,
41989,859,43,0.0,
41990,859,44,0.0,
41991,859,45,0.0,
41992,859,46,0.0,
41993,859,47,0.0,
41995,861,1,34.0,
41998,861,5,0.0,
41999,861,6,0.0,
42003,861,12,0.0,
42004,861,13,0.0,
42007,861,7,0.0,
42009,861,17,0.0,
42010,861,18,0.0,
42011,861,19,0.0,
42012,861,20,0.0,
42013,861,21,0.0,
42014,861,22,0.0,
42015,861,23,0.0,
42016,861,24,0.0,
42017,861,25,0.0,
42018,861,26,0.0,
42019,861,27,0.0,
42020,861,28,0.0,
42021,861,29,0.0,
42022,861,30,0.0,
42023,861,31,0.0,
42024,861,32,0.0,
42025,861,33,0.0,
42026,861,34,0.0,
42027,861,35,0.0,
42028,861,36,0.0,
42029,861,37,0.0,
42030,861,38,0.0,
42031,861,39,0.0,
42032,861,40,0.0,
42033,861,41,0.0,
42034,861,42,0.0,
42035,861,43,0.0,
42036,861,44,0.0,
42037,861,45,0.0,
42038,861,46,0.0,
42039,861,47,0.0,
42041,861,50,0.0,
42043,856,1,248.0,
42051,856,7,0.0,
42053,856,17,0.0,
42055,856,22,0.0,
42057,856,27,0.0,
42058,856,28,0.0,
42059,856,29,0.0,
42060,856,30,0.0,
42061,856,31,0.0,
42062,856,32,0.0,
42054,856,21,1.0,
42056,856,26,34.0,
41924,857,51,76.5,
41937,858,18,1.0,
41938,858,21,1.0,
41939,858,23,15.0,
41940,858,26,52.0,
41962,858,51,133.0,
41974,859,26,27.0,
42040,861,49,283.0,
42063,856,33,0.0,
42064,856,34,0.0,
42065,856,35,0.0,
42066,856,36,0.0,
42067,856,37,0.0,
42068,856,38,0.0,
42069,856,39,0.0,
42070,856,40,0.0,
42071,856,41,0.0,
42072,856,42,0.0,
42073,856,43,0.0,
42074,856,44,0.0,
42075,856,45,0.0,
42076,856,46,0.0,
42077,856,47,0.0,
42130,860,2,130.0,
42079,862,1,714.0,
42080,862,2,0.0,
42169,864,2,34.0,
42204,865,2,208.0,
42091,862,15,0.0,
42092,862,16,0.0,
42093,862,17,0.0,
42094,862,18,0.0,
42095,862,19,0.0,
42096,862,20,0.0,
42097,862,21,0.0,
42098,862,22,0.0,
42099,862,23,0.0,
42100,862,24,0.0,
42101,862,25,0.0,
42102,862,26,0.0,
42103,862,27,0.0,
42104,862,28,0.0,
42105,862,29,0.0,
42106,862,30,0.0,
42107,862,31,0.0,
42108,862,32,0.0,
42109,862,33,0.0,
42110,862,34,0.0,
42111,862,35,0.0,
42112,862,36,0.0,
42113,862,37,0.0,
42114,862,38,0.0,
42115,862,39,0.0,
42116,862,40,0.0,
42117,862,41,0.0,
42118,862,42,0.0,
42119,862,43,0.0,
42120,862,44,0.0,
42121,862,45,0.0,
42122,862,46,0.0,
42123,862,47,0.0,
42124,862,48,0.0,
42125,862,49,0.0,
42126,862,50,0.0,
42127,862,51,0.0,
42129,860,1,130.0,
42135,860,13,0.0,
42140,860,17,0.0,
42141,860,18,0.0,
42143,860,21,0.0,
42144,860,22,0.0,
42145,860,23,0.0,
42147,860,26,0.0,
42149,860,29,0.0,
42150,860,30,0.0,
42151,860,31,0.0,
42153,860,34,0.0,
42154,860,35,0.0,
42155,860,36,0.0,
42156,860,37,0.0,
42157,860,38,0.0,
42158,860,39,0.0,
42159,860,40,0.0,
42160,860,41,0.0,
42161,860,42,0.0,
42162,860,43,0.0,
42163,860,44,0.0,
42164,860,45,0.0,
42165,860,46,0.0,
42166,860,47,0.0,
42168,864,1,34.0,
42175,864,13,0.0,
42180,864,27,0.0,
42181,864,28,0.0,
42182,864,29,0.0,
42183,864,30,0.0,
42184,864,31,0.0,
42185,864,32,0.0,
42186,864,33,0.0,
42187,864,34,0.0,
42188,864,35,0.0,
42189,864,36,0.0,
42190,864,37,0.0,
42191,864,38,0.0,
42192,864,39,0.0,
42193,864,40,0.0,
42194,864,41,0.0,
42195,864,42,0.0,
42196,864,43,0.0,
42197,864,44,0.0,
42198,864,45,0.0,
42199,864,46,0.0,
42200,864,47,0.0,
42203,865,1,208.0,
42209,865,13,0.0,
42214,865,27,0.0,
42215,865,28,0.0,
42216,865,29,0.0,
42217,865,30,0.0,
42218,865,31,0.0,
42219,865,32,0.0,
42179,864,26,65.0,
42142,860,20,2.0,
42146,860,25,15.0,
42148,860,28,1.0,
42152,860,33,40.0,
42178,864,7,1.0,
42201,864,51,9.5,
42213,865,26,62.0,
42220,865,33,0.0,
42221,865,34,0.0,
42222,865,35,0.0,
42223,865,36,0.0,
42224,865,37,0.0,
42225,865,38,0.0,
42226,865,39,0.0,
42227,865,40,0.0,
42228,865,41,0.0,
42229,865,42,0.0,
42230,865,43,0.0,
42231,865,44,0.0,
42232,865,45,0.0,
42233,865,46,0.0,
42234,865,47,0.0,
42315,863,2,202.0,
42237,866,1,40.0,
42238,866,2,40.0,
42269,868,2,31.0,
42242,866,12,0.0,
42243,866,13,0.0,
42248,866,28,0.0,
42249,866,29,0.0,
42250,866,30,0.0,
42251,866,31,0.0,
42252,866,33,0.0,
42253,866,34,0.0,
42254,866,35,0.0,
42255,866,36,0.0,
42256,866,37,0.0,
42257,866,38,0.0,
42258,866,39,0.0,
42259,866,40,0.0,
42260,866,41,0.0,
42261,866,42,0.0,
42262,866,43,0.0,
42263,866,44,0.0,
42264,866,45,0.0,
42265,866,46,0.0,
42266,866,47,0.0,
42268,868,1,31.0,
42271,868,5,0.0,
42272,868,6,0.0,
42276,868,12,0.0,
42277,868,13,0.0,
42280,868,7,0.0,
42282,868,17,0.0,
42283,868,18,0.0,
42284,868,19,0.0,
42285,868,20,0.0,
42286,868,21,0.0,
42287,868,22,0.0,
42288,868,23,0.0,
42289,868,24,0.0,
42290,868,25,0.0,
42291,868,26,0.0,
42292,868,27,0.0,
42293,868,28,0.0,
42294,868,29,0.0,
42295,868,30,0.0,
42296,868,31,0.0,
42297,868,32,0.0,
42298,868,33,0.0,
42299,868,34,0.0,
42300,868,35,0.0,
42301,868,36,0.0,
42302,868,37,0.0,
42303,868,38,0.0,
42304,868,39,0.0,
42305,868,40,0.0,
42306,868,41,0.0,
42307,868,42,0.0,
42308,868,43,0.0,
42309,868,44,0.0,
42310,868,45,0.0,
42311,868,46,0.0,
42312,868,47,0.0,
42314,863,1,202.0,
42325,863,29,0.0,
42326,863,30,0.0,
42327,863,31,0.0,
42329,863,34,0.0,
42330,863,35,0.0,
42331,863,36,0.0,
42332,863,37,0.0,
42333,863,38,0.0,
42334,863,39,0.0,
42335,863,40,0.0,
42336,863,41,0.0,
42337,863,42,0.0,
42338,863,43,0.0,
42339,863,44,0.0,
42340,863,45,0.0,
42341,863,46,0.0,
42342,863,47,0.0,
42344,869,1,577.0,
42345,869,2,0.0,
42356,869,15,0.0,
42357,869,16,0.0,
42358,869,17,0.0,
42359,869,18,0.0,
42360,869,19,0.0,
42361,869,20,0.0,
42362,869,21,0.0,
42363,869,22,0.0,
42364,869,23,0.0,
42365,869,24,0.0,
42366,869,25,0.0,
42367,869,26,0.0,
42368,869,27,0.0,
42369,869,28,0.0,
42370,869,29,0.0,
42371,869,30,0.0,
42372,869,31,0.0,
42373,869,32,0.0,
42374,869,33,0.0,
42375,869,34,0.0,
42376,869,35,0.0,
42235,865,51,9.0,
42323,863,26,813.0,
42324,863,28,8.0,
42328,863,33,2010.0,
42247,866,26,8.0,
42377,869,36,0.0,
42378,869,37,0.0,
42379,869,38,0.0,
42380,869,39,0.0,
42381,869,40,0.0,
42382,869,41,0.0,
42383,869,42,0.0,
42384,869,43,0.0,
42385,869,44,0.0,
42386,869,45,0.0,
42387,869,46,0.0,
42388,869,47,0.0,
42389,869,48,0.0,
42390,869,49,0.0,
42391,869,50,0.0,
42392,869,51,0.0,
42395,867,2,62.0,
42394,867,1,62.0,
42428,871,2,37.0,
42464,872,2,180.0,
42501,873,2,48.0,
42532,875,2,24.0,
42400,867,13,0.0,
42406,867,26,0.0,
42408,867,29,0.0,
42409,867,30,0.0,
42410,867,31,0.0,
42412,867,34,0.0,
42413,867,35,0.0,
42414,867,36,0.0,
42415,867,37,0.0,
42416,867,38,0.0,
42417,867,39,0.0,
42418,867,40,0.0,
42419,867,41,0.0,
42420,867,42,0.0,
42421,867,43,0.0,
42422,867,44,0.0,
42423,867,45,0.0,
42424,867,46,0.0,
42425,867,47,0.0,
42427,871,1,37.0,
42435,871,13,0.0,
42438,871,7,0.0,
42440,871,27,0.0,
42441,871,28,0.0,
42442,871,29,0.0,
42443,871,30,0.0,
42444,871,31,0.0,
42445,871,32,0.0,
42446,871,33,0.0,
42447,871,34,0.0,
42448,871,35,0.0,
42449,871,36,0.0,
42450,871,37,0.0,
42451,871,38,0.0,
42452,871,39,0.0,
42453,871,40,0.0,
42454,871,41,0.0,
42455,871,42,0.0,
42456,871,43,0.0,
42457,871,44,0.0,
42458,871,45,0.0,
42459,871,46,0.0,
42460,871,47,0.0,
42463,872,1,180.0,
42470,872,13,0.0,
42473,872,7,0.0,
42475,872,27,0.0,
42476,872,28,0.0,
42477,872,29,0.0,
42478,872,30,0.0,
42479,872,31,0.0,
42480,872,32,0.0,
42481,872,33,0.0,
42482,872,34,0.0,
42483,872,35,0.0,
42484,872,36,0.0,
42485,872,37,0.0,
42486,872,38,0.0,
42487,872,39,0.0,
42488,872,40,0.0,
42489,872,41,0.0,
42490,872,42,0.0,
42491,872,43,0.0,
42492,872,44,0.0,
42493,872,45,0.0,
42494,872,46,0.0,
42495,872,47,0.0,
42497,872,50,0.0,
42498,872,51,0.0,
42500,873,1,48.0,
42506,873,13,0.0,
42512,873,29,0.0,
42513,873,30,0.0,
42514,873,31,0.0,
42516,873,34,0.0,
42517,873,35,0.0,
42518,873,36,0.0,
42519,873,37,0.0,
42520,873,38,0.0,
42521,873,39,0.0,
42522,873,40,0.0,
42523,873,41,0.0,
42524,873,42,0.0,
42525,873,43,0.0,
42526,873,44,0.0,
42527,873,45,0.0,
42528,873,46,0.0,
42529,873,47,0.0,
42531,875,1,24.0,
42404,867,20,9.0,
42405,867,25,78.0,
42407,867,28,1.0,
42411,867,33,200.0,
42439,871,26,251.0,
42461,871,51,76.0,
42474,872,26,108.0,
42496,872,49,328.0,
42510,873,26,13.0,
42511,873,28,1.0,
42515,873,33,24.0,
42534,875,5,0.0,
42535,875,6,0.0,
42576,870,2,204.0,
42655,874,2,85.0,
42690,878,2,23.0,
42539,875,12,0.0,
42540,875,13,0.0,
42543,875,7,0.0,
42545,875,18,0.0,
42546,875,19,0.0,
42548,875,23,0.0,
42549,875,24,0.0,
42551,875,27,0.0,
42552,875,28,0.0,
42553,875,29,0.0,
42554,875,30,0.0,
42555,875,31,0.0,
42556,875,32,0.0,
42557,875,33,0.0,
42558,875,34,0.0,
42559,875,35,0.0,
42560,875,36,0.0,
42561,875,37,0.0,
42562,875,38,0.0,
42563,875,39,0.0,
42564,875,40,0.0,
42565,875,41,0.0,
42566,875,42,0.0,
42567,875,43,0.0,
42568,875,44,0.0,
42569,875,45,0.0,
42570,875,46,0.0,
42571,875,47,0.0,
42573,875,50,0.0,
42575,870,1,204.0,
42585,870,29,0.0,
42586,870,30,0.0,
42587,870,31,0.0,
42589,870,34,0.0,
42590,870,35,0.0,
42591,870,36,0.0,
42592,870,37,0.0,
42593,870,38,0.0,
42594,870,39,0.0,
42595,870,40,0.0,
42596,870,41,0.0,
42597,870,42,0.0,
42598,870,43,0.0,
42599,870,44,0.0,
42600,870,45,0.0,
42601,870,46,0.0,
42602,870,47,0.0,
42604,876,1,578.0,
42605,876,2,0.0,
42616,876,15,0.0,
42617,876,16,0.0,
42618,876,17,0.0,
42619,876,18,0.0,
42620,876,19,0.0,
42621,876,20,0.0,
42622,876,21,0.0,
42623,876,22,0.0,
42624,876,23,0.0,
42625,876,24,0.0,
42626,876,25,0.0,
42627,876,26,0.0,
42628,876,27,0.0,
42629,876,28,0.0,
42630,876,29,0.0,
42631,876,30,0.0,
42632,876,31,0.0,
42633,876,32,0.0,
42634,876,33,0.0,
42635,876,34,0.0,
42636,876,35,0.0,
42637,876,36,0.0,
42638,876,37,0.0,
42639,876,38,0.0,
42640,876,39,0.0,
42641,876,40,0.0,
42642,876,41,0.0,
42643,876,42,0.0,
42644,876,43,0.0,
42645,876,44,0.0,
42646,876,45,0.0,
42647,876,46,0.0,
42648,876,47,0.0,
42649,876,48,0.0,
42650,876,49,0.0,
42651,876,50,0.0,
42652,876,51,0.0,
42654,874,1,85.0,
42660,874,13,0.0,
42666,874,26,0.0,
42667,874,27,0.0,
42668,874,28,0.0,
42669,874,29,0.0,
42670,874,30,0.0,
42671,874,31,0.0,
42672,874,32,0.0,
42673,874,33,0.0,
42674,874,34,0.0,
42675,874,35,0.0,
42676,874,36,0.0,
42677,874,37,0.0,
42678,874,38,0.0,
42679,874,39,0.0,
42680,874,40,0.0,
42681,874,41,0.0,
42682,874,42,0.0,
42683,874,43,0.0,
42684,874,44,0.0,
42685,874,45,0.0,
42686,874,46,0.0,
42687,874,47,0.0,
42689,878,1,23.0,
42584,870,28,5.0,
42583,870,26,178.0,
42588,870,33,221.0,
42664,874,20,9.0,
42665,874,25,77.0,
42544,875,17,4.0,
42547,875,22,58.0,
42550,875,26,45.0,
42572,875,49,445.0,
42840,877,2,139.0,
42726,879,2,131.0,
42762,880,2,41.0,
42793,882,2,8.0,
42697,878,13,0.0,
42700,878,7,0.0,
42702,878,27,0.0,
42703,878,28,0.0,
42704,878,29,0.0,
42705,878,30,0.0,
42706,878,31,0.0,
42707,878,32,0.0,
42708,878,33,0.0,
42709,878,34,0.0,
42710,878,35,0.0,
42711,878,36,0.0,
42712,878,37,0.0,
42713,878,38,0.0,
42714,878,39,0.0,
42715,878,40,0.0,
42716,878,41,0.0,
42717,878,42,0.0,
42718,878,43,0.0,
42719,878,44,0.0,
42720,878,45,0.0,
42721,878,46,0.0,
42722,878,47,0.0,
42725,879,1,131.0,
42731,879,13,0.0,
42736,879,27,0.0,
42737,879,28,0.0,
42738,879,29,0.0,
42739,879,30,0.0,
42740,879,31,0.0,
42741,879,32,0.0,
42742,879,33,0.0,
42743,879,34,0.0,
42744,879,35,0.0,
42745,879,36,0.0,
42746,879,37,0.0,
42747,879,38,0.0,
42748,879,39,0.0,
42749,879,40,0.0,
42750,879,41,0.0,
42751,879,42,0.0,
42752,879,43,0.0,
42753,879,44,0.0,
42754,879,45,0.0,
42755,879,46,0.0,
42756,879,47,0.0,
42758,879,50,0.0,
42759,879,51,0.0,
42761,880,1,41.0,
42767,880,13,0.0,
42772,880,28,0.0,
42773,880,29,0.0,
42774,880,30,0.0,
42775,880,31,0.0,
42776,880,33,0.0,
42777,880,34,0.0,
42778,880,35,0.0,
42779,880,36,0.0,
42780,880,37,0.0,
42781,880,38,0.0,
42782,880,39,0.0,
42783,880,40,0.0,
42784,880,41,0.0,
42785,880,42,0.0,
42786,880,43,0.0,
42787,880,44,0.0,
42788,880,45,0.0,
42789,880,46,0.0,
42790,880,47,0.0,
42792,882,1,8.0,
42795,882,5,0.0,
42796,882,6,0.0,
42800,882,12,0.0,
42801,882,13,0.0,
42804,882,7,0.0,
42806,882,18,0.0,
42807,882,19,0.0,
42808,882,20,0.0,
42810,882,23,0.0,
42811,882,24,0.0,
42812,882,25,0.0,
42813,882,26,0.0,
42814,882,27,0.0,
42815,882,28,0.0,
42816,882,29,0.0,
42817,882,30,0.0,
42818,882,31,0.0,
42819,882,32,0.0,
42820,882,33,0.0,
42821,882,34,0.0,
42822,882,35,0.0,
42823,882,36,0.0,
42824,882,37,0.0,
42825,882,38,0.0,
42826,882,39,0.0,
42827,882,40,0.0,
42828,882,41,0.0,
42829,882,42,0.0,
42830,882,43,0.0,
42831,882,44,0.0,
42832,882,45,0.0,
42833,882,46,0.0,
42834,882,47,0.0,
42836,882,50,0.0,
42837,882,51,0.0,
42839,877,1,139.0,
42701,878,26,69.0,
42723,878,51,22.0,
42735,879,26,112.0,
42757,879,49,388.0,
42771,880,26,8.0,
42805,882,17,4.0,
42809,882,22,120.0,
42835,882,49,500.0,
42850,877,29,0.0,
42851,877,30,0.0,
42852,877,31,0.0,
42854,877,34,0.0,
42855,877,35,0.0,
42856,877,36,0.0,
42857,877,37,0.0,
42858,877,38,0.0,
42859,877,39,0.0,
42860,877,40,0.0,
42861,877,41,0.0,
42862,877,42,0.0,
42863,877,43,0.0,
42864,877,44,0.0,
42865,877,45,0.0,
42866,877,46,0.0,
42867,877,47,0.0,
42920,881,2,44.0,
42869,883,1,386.0,
42870,883,2,0.0,
42953,885,2,18.0,
43003,886,2,141.0,
42881,883,15,0.0,
42882,883,16,0.0,
42883,883,17,0.0,
42884,883,18,0.0,
42885,883,19,0.0,
42886,883,20,0.0,
42887,883,21,0.0,
42888,883,22,0.0,
42889,883,23,0.0,
42890,883,24,0.0,
42891,883,25,0.0,
42892,883,26,0.0,
42893,883,27,0.0,
42894,883,28,0.0,
42895,883,29,0.0,
42896,883,30,0.0,
42897,883,31,0.0,
42898,883,32,0.0,
42899,883,33,0.0,
42900,883,34,0.0,
42901,883,35,0.0,
42902,883,36,0.0,
42903,883,37,0.0,
42904,883,38,0.0,
42905,883,39,0.0,
42906,883,40,0.0,
42907,883,41,0.0,
42908,883,42,0.0,
42909,883,43,0.0,
42910,883,44,0.0,
42911,883,45,0.0,
42912,883,46,0.0,
42913,883,47,0.0,
42914,883,48,0.0,
42915,883,49,0.0,
42916,883,50,0.0,
42917,883,51,0.0,
42919,881,1,44.0,
42925,881,13,0.0,
42931,881,26,0.0,
42933,881,29,0.0,
42934,881,30,0.0,
42935,881,31,0.0,
42937,881,34,0.0,
42938,881,35,0.0,
42939,881,36,0.0,
42940,881,37,0.0,
42941,881,38,0.0,
42942,881,39,0.0,
42943,881,40,0.0,
42944,881,41,0.0,
42945,881,42,0.0,
42946,881,43,0.0,
42947,881,44,0.0,
42948,881,45,0.0,
42949,881,46,0.0,
42950,881,47,0.0,
42952,885,1,18.0,
42961,885,13,0.0,
42964,885,7,0.0,
42966,885,17,0.0,
42967,885,18,0.0,
42968,885,19,0.0,
42969,885,20,0.0,
42970,885,21,0.0,
42971,885,22,0.0,
42972,885,23,0.0,
42973,885,24,0.0,
42974,885,25,0.0,
42975,885,26,0.0,
42976,885,27,0.0,
42977,885,28,0.0,
42978,885,29,0.0,
42979,885,30,0.0,
42980,885,31,0.0,
42981,885,32,0.0,
42982,885,33,0.0,
42983,885,34,0.0,
42984,885,35,0.0,
42985,885,36,0.0,
42986,885,37,0.0,
42987,885,38,0.0,
42988,885,39,0.0,
42989,885,40,0.0,
42990,885,41,0.0,
42991,885,42,0.0,
42992,885,43,0.0,
42993,885,44,0.0,
42994,885,45,0.0,
42995,885,46,0.0,
42996,885,47,0.0,
42997,885,48,0.0,
42998,885,49,0.0,
42999,885,50,0.0,
43000,885,51,0.0,
43002,886,1,141.0,
42929,881,20,8.0,
42848,877,26,70.0,
42849,877,28,3.0,
42853,877,33,1645.0,
42930,881,25,162.0,
42932,881,28,1.0,
42936,881,33,150.0,
43117,884,2,124.0,
43039,887,2,52.0,
43070,889,2,5.0,
43008,886,13,0.0,
43013,886,27,0.0,
43014,886,28,0.0,
43015,886,29,0.0,
43016,886,30,0.0,
43017,886,31,0.0,
43018,886,32,0.0,
43019,886,33,0.0,
43020,886,34,0.0,
43021,886,35,0.0,
43022,886,36,0.0,
43023,886,37,0.0,
43024,886,38,0.0,
43025,886,39,0.0,
43026,886,40,0.0,
43027,886,41,0.0,
43028,886,42,0.0,
43029,886,43,0.0,
43030,886,44,0.0,
43031,886,45,0.0,
43032,886,46,0.0,
43033,886,47,0.0,
43035,886,50,0.0,
43036,886,51,0.0,
43038,887,1,52.0,
43044,887,13,0.0,
43048,887,26,0.0,
43049,887,28,0.0,
43050,887,29,0.0,
43051,887,30,0.0,
43052,887,31,0.0,
43053,887,33,0.0,
43054,887,34,0.0,
43055,887,35,0.0,
43056,887,36,0.0,
43057,887,37,0.0,
43058,887,38,0.0,
43059,887,39,0.0,
43060,887,40,0.0,
43061,887,41,0.0,
43062,887,42,0.0,
43063,887,43,0.0,
43064,887,44,0.0,
43065,887,45,0.0,
43066,887,46,0.0,
43067,887,47,0.0,
43069,889,1,5.0,
43072,889,5,0.0,
43073,889,6,0.0,
43077,889,12,0.0,
43078,889,13,0.0,
43081,889,7,0.0,
43083,889,18,0.0,
43084,889,19,0.0,
43085,889,20,0.0,
43087,889,23,0.0,
43088,889,24,0.0,
43089,889,25,0.0,
43090,889,26,0.0,
43091,889,27,0.0,
43092,889,28,0.0,
43093,889,29,0.0,
43094,889,30,0.0,
43095,889,31,0.0,
43096,889,32,0.0,
43097,889,33,0.0,
43098,889,34,0.0,
43099,889,35,0.0,
43100,889,36,0.0,
43101,889,37,0.0,
43102,889,38,0.0,
43103,889,39,0.0,
43104,889,40,0.0,
43105,889,41,0.0,
43106,889,42,0.0,
43107,889,43,0.0,
43108,889,44,0.0,
43109,889,45,0.0,
43110,889,46,0.0,
43111,889,47,0.0,
43113,889,50,0.0,
43114,889,51,0.0,
43116,884,1,124.0,
43126,884,29,0.0,
43127,884,30,0.0,
43128,884,31,0.0,
43130,884,34,0.0,
43131,884,35,0.0,
43132,884,36,0.0,
43133,884,37,0.0,
43134,884,38,0.0,
43135,884,39,0.0,
43136,884,40,0.0,
43137,884,41,0.0,
43138,884,42,0.0,
43139,884,43,0.0,
43140,884,44,0.0,
43141,884,45,0.0,
43142,884,46,0.0,
43143,884,47,0.0,
43145,890,1,370.0,
43146,890,2,0.0,
43157,890,15,0.0,
43158,890,16,0.0,
43159,890,17,0.0,
43160,890,18,0.0,
43161,890,19,0.0,
43086,889,22,98.0,
43124,884,26,216.0,
43125,884,28,7.0,
43129,884,33,1308.0,
43012,886,26,114.0,
43034,886,49,368.0,
43082,889,17,3.0,
43112,889,49,586.0,
43162,890,20,0.0,
43163,890,21,0.0,
43164,890,22,0.0,
43165,890,23,0.0,
43166,890,24,0.0,
43167,890,25,0.0,
43168,890,26,0.0,
43169,890,27,0.0,
43170,890,28,0.0,
43171,890,29,0.0,
43172,890,30,0.0,
43173,890,31,0.0,
43174,890,32,0.0,
43175,890,33,0.0,
43176,890,34,0.0,
43177,890,35,0.0,
43178,890,36,0.0,
43179,890,37,0.0,
43180,890,38,0.0,
43181,890,39,0.0,
43182,890,40,0.0,
43183,890,41,0.0,
43184,890,42,0.0,
43185,890,43,0.0,
43186,890,44,0.0,
43187,890,45,0.0,
43188,890,46,0.0,
43189,890,47,0.0,
43190,890,48,0.0,
43191,890,49,0.0,
43192,890,50,0.0,
43193,890,51,0.0,
43196,888,2,30.0,
43195,888,1,30.0,
43231,909,2,27.0,
43262,910,2,202.0,
43293,911,2,46.0,
43201,888,13,0.0,
43207,888,26,0.0,
43208,888,27,0.0,
43209,888,28,0.0,
43210,888,29,0.0,
43211,888,30,0.0,
43212,888,31,0.0,
43213,888,32,0.0,
43214,888,33,0.0,
43215,888,34,0.0,
43216,888,35,0.0,
43217,888,36,0.0,
43218,888,37,0.0,
43219,888,38,0.0,
43220,888,39,0.0,
43221,888,40,0.0,
43222,888,41,0.0,
43223,888,42,0.0,
43224,888,43,0.0,
43225,888,44,0.0,
43226,888,45,0.0,
43227,888,46,0.0,
43228,888,47,0.0,
43230,909,1,27.0,
43236,909,13,0.0,
43240,909,27,0.0,
43241,909,28,0.0,
43242,909,29,0.0,
43243,909,30,0.0,
43244,909,31,0.0,
43245,909,32,0.0,
43246,909,33,0.0,
43247,909,34,0.0,
43248,909,35,0.0,
43249,909,36,0.0,
43250,909,37,0.0,
43251,909,38,0.0,
43252,909,39,0.0,
43253,909,40,0.0,
43254,909,41,0.0,
43255,909,42,0.0,
43256,909,43,0.0,
43257,909,44,0.0,
43258,909,45,0.0,
43259,909,46,0.0,
43260,909,47,0.0,
43261,910,1,202.0,
43267,910,13,0.0,
43271,910,27,0.0,
43272,910,28,0.0,
43273,910,29,0.0,
43274,910,30,0.0,
43275,910,31,0.0,
43276,910,32,0.0,
43277,910,33,0.0,
43278,910,34,0.0,
43279,910,35,0.0,
43280,910,36,0.0,
43281,910,37,0.0,
43282,910,38,0.0,
43283,910,39,0.0,
43284,910,40,0.0,
43285,910,41,0.0,
43286,910,42,0.0,
43287,910,43,0.0,
43288,910,44,0.0,
43289,910,45,0.0,
43290,910,46,0.0,
43291,910,47,0.0,
43292,911,1,46.0,
43298,911,13,0.0,
43301,911,26,0.0,
43302,911,27,0.0,
43303,911,28,0.0,
43304,911,29,0.0,
43305,911,30,0.0,
43306,911,31,0.0,
43307,911,32,0.0,
43308,911,33,0.0,
43309,911,34,0.0,
43310,911,35,0.0,
43311,911,36,0.0,
43312,911,37,0.0,
43313,911,38,0.0,
43314,911,39,0.0,
43315,911,40,0.0,
43316,911,41,0.0,
43317,911,42,0.0,
43318,911,43,0.0,
43205,888,20,7.0,
43206,888,25,60.0,
43239,909,26,75.0,
43270,910,26,184.0,
43319,911,44,0.0,
43320,911,45,0.0,
43321,911,46,0.0,
43322,911,47,0.0,
43323,913,1,7.0,
43360,908,2,181.0,
43326,913,5,0.0,
43327,913,6,0.0,
43440,912,2,56.0,
43324,913,2,7.0,
43331,913,12,0.0,
43332,913,13,0.0,
43335,913,7,0.0,
43336,913,26,0.0,
43337,913,27,0.0,
43338,913,28,0.0,
43339,913,29,0.0,
43340,913,30,0.0,
43341,913,31,0.0,
43342,913,32,0.0,
43343,913,33,0.0,
43344,913,34,0.0,
43345,913,35,0.0,
43346,913,36,0.0,
43347,913,37,0.0,
43348,913,38,0.0,
43349,913,39,0.0,
43350,913,40,0.0,
43351,913,41,0.0,
43352,913,42,0.0,
43353,913,43,0.0,
43354,913,44,0.0,
43355,913,45,0.0,
43356,913,46,0.0,
43357,913,47,0.0,
43359,908,1,181.0,
43367,908,27,0.0,
43368,908,28,0.0,
43369,908,29,0.0,
43370,908,30,0.0,
43371,908,31,0.0,
43372,908,32,0.0,
43373,908,33,0.0,
43374,908,34,0.0,
43375,908,35,0.0,
43376,908,36,0.0,
43377,908,37,0.0,
43378,908,38,0.0,
43379,908,39,0.0,
43380,908,40,0.0,
43381,908,41,0.0,
43382,908,42,0.0,
43383,908,43,0.0,
43384,908,44,0.0,
43385,908,45,0.0,
43386,908,46,0.0,
43387,908,47,0.0,
43388,1525,1,519.0,
43389,1525,2,0.0,
43400,1525,15,0.0,
43402,1525,16,0.0,
43403,1525,17,0.0,
43404,1525,18,0.0,
43405,1525,19,0.0,
43406,1525,20,0.0,
43407,1525,21,0.0,
43408,1525,22,0.0,
43409,1525,23,0.0,
43410,1525,24,0.0,
43411,1525,25,0.0,
43412,1525,26,0.0,
43413,1525,27,0.0,
43414,1525,28,0.0,
43415,1525,29,0.0,
43416,1525,30,0.0,
43417,1525,31,0.0,
43418,1525,32,0.0,
43419,1525,33,0.0,
43420,1525,34,0.0,
43421,1525,35,0.0,
43422,1525,36,0.0,
43423,1525,37,0.0,
43424,1525,38,0.0,
43425,1525,39,0.0,
43426,1525,40,0.0,
43427,1525,41,0.0,
43428,1525,42,0.0,
43429,1525,43,0.0,
43430,1525,44,0.0,
43431,1525,45,0.0,
43432,1525,46,0.0,
43433,1525,47,0.0,
43434,1525,48,0.0,
43435,1525,49,0.0,
43436,1525,50,0.0,
43437,1525,51,0.0,
43439,912,1,56.0,
43445,912,13,0.0,
43448,912,26,0.0,
43449,912,27,0.0,
43450,912,28,0.0,
43451,912,29,0.0,
43452,912,30,0.0,
43453,912,31,0.0,
43454,912,32,0.0,
43455,912,33,0.0,
43456,912,34,0.0,
43457,912,35,0.0,
43458,912,36,0.0,
43459,912,37,0.0,
43460,912,38,0.0,
43461,912,39,0.0,
43462,912,40,0.0,
43463,912,41,0.0,
43464,912,42,0.0,
43465,912,43,0.0,
43466,912,44,0.0,
43467,912,45,0.0,
43468,912,46,0.0,
43469,912,47,0.0,
43470,902,1,29.0,
43471,902,2,0.0,
43366,908,26,364.0,
43476,902,13,0.0,
43478,902,27,0.0,
43479,902,28,0.0,
43480,902,29,0.0,
43481,902,30,0.0,
43482,902,31,0.0,
43483,902,32,0.0,
43484,902,33,0.0,
43485,902,34,0.0,
43486,902,35,0.0,
43487,902,36,0.0,
43488,902,37,0.0,
43489,902,38,0.0,
43490,902,39,0.0,
43491,902,40,0.0,
43492,902,41,0.0,
43493,902,42,0.0,
43494,902,43,0.0,
43495,902,44,0.0,
43496,902,45,0.0,
43497,902,46,0.0,
43498,902,47,0.0,
43499,903,1,208.0,
43500,903,2,0.0,
43505,903,13,0.0,
43507,903,27,0.0,
43508,903,28,0.0,
43509,903,29,0.0,
43510,903,30,0.0,
43511,903,31,0.0,
43512,903,32,0.0,
43513,903,33,0.0,
43514,903,34,0.0,
43515,903,35,0.0,
43516,903,36,0.0,
43517,903,37,0.0,
43518,903,38,0.0,
43519,903,39,0.0,
43520,903,40,0.0,
43521,903,41,0.0,
43522,903,42,0.0,
43523,903,43,0.0,
43524,903,44,0.0,
43525,903,45,0.0,
43526,903,46,0.0,
43527,903,47,0.0,
43528,904,1,54.0,
43529,904,2,0.0,
43534,904,13,0.0,
43535,904,26,0.0,
43536,904,27,0.0,
43537,904,28,0.0,
43538,904,29,0.0,
43539,904,30,0.0,
43540,904,31,0.0,
43541,904,32,0.0,
43542,904,33,0.0,
43543,904,34,0.0,
43544,904,35,0.0,
43545,904,36,0.0,
43546,904,37,0.0,
43547,904,38,0.0,
43548,904,39,0.0,
43549,904,40,0.0,
43550,904,41,0.0,
43551,904,42,0.0,
43552,904,43,0.0,
43553,904,44,0.0,
43554,904,45,0.0,
43555,904,46,0.0,
43556,904,47,0.0,
43557,907,1,24.0,
43558,907,2,0.0,
43560,907,5,0.0,
43561,907,6,0.0,
43565,907,12,0.0,
43566,907,13,0.0,
43567,907,7,0.0,
43568,907,26,0.0,
43569,907,27,0.0,
43570,907,28,0.0,
43571,907,29,0.0,
43572,907,30,0.0,
43573,907,31,0.0,
43574,907,32,0.0,
43575,907,33,0.0,
43576,907,34,0.0,
43577,907,35,0.0,
43578,907,36,0.0,
43579,907,37,0.0,
43580,907,38,0.0,
43581,907,39,0.0,
43582,907,40,0.0,
43583,907,41,0.0,
43584,907,42,0.0,
43585,907,43,0.0,
43586,907,44,0.0,
43587,907,45,0.0,
43588,907,46,0.0,
43589,907,47,0.0,
43591,905,1,218.0,
43592,905,2,0.0,
43597,905,27,0.0,
43598,905,28,0.0,
43599,905,29,0.0,
43600,905,30,0.0,
43601,905,31,0.0,
43602,905,32,0.0,
43603,905,33,0.0,
43604,905,34,0.0,
43605,905,35,0.0,
43606,905,36,0.0,
43607,905,37,0.0,
43608,905,38,0.0,
43609,905,39,0.0,
43610,905,40,0.0,
43611,905,41,0.0,
43612,905,42,0.0,
43613,905,43,0.0,
43614,905,44,0.0,
43615,905,45,0.0,
43616,905,46,0.0,
43617,905,47,0.0,
43618,1526,1,569.0,
43619,1526,2,0.0,
43630,1526,15,0.0,
43632,1526,16,0.0,
43477,902,26,46.0,
43506,903,26,154.0,
43596,905,26,51.0,
43633,1526,17,0.0,
43634,1526,18,0.0,
43635,1526,19,0.0,
43636,1526,20,0.0,
43637,1526,21,0.0,
43638,1526,22,0.0,
43639,1526,23,0.0,
43640,1526,24,0.0,
43641,1526,25,0.0,
43642,1526,26,0.0,
43643,1526,27,0.0,
43644,1526,28,0.0,
43645,1526,29,0.0,
43646,1526,30,0.0,
43647,1526,31,0.0,
43648,1526,32,0.0,
43649,1526,33,0.0,
43650,1526,34,0.0,
43651,1526,35,0.0,
43652,1526,36,0.0,
43653,1526,37,0.0,
43654,1526,38,0.0,
43655,1526,39,0.0,
43656,1526,40,0.0,
43657,1526,41,0.0,
43658,1526,42,0.0,
43659,1526,43,0.0,
43660,1526,44,0.0,
43661,1526,45,0.0,
43662,1526,46,0.0,
43663,1526,47,0.0,
43664,1526,48,0.0,
43665,1526,49,0.0,
43666,1526,50,0.0,
43667,1526,51,0.0,
43669,906,1,36.0,
43670,906,2,0.0,
43675,906,13,0.0,
43677,906,27,0.0,
43678,906,28,0.0,
43679,906,29,0.0,
43680,906,30,0.0,
43681,906,31,0.0,
43682,906,32,0.0,
43683,906,33,0.0,
43684,906,34,0.0,
43685,906,35,0.0,
43686,906,36,0.0,
43687,906,37,0.0,
43688,906,38,0.0,
43689,906,39,0.0,
43690,906,40,0.0,
43691,906,41,0.0,
43692,906,42,0.0,
43693,906,43,0.0,
43694,906,44,0.0,
43695,906,45,0.0,
43696,906,46,0.0,
43697,906,47,0.0,
43698,926,1,37.0,
43699,926,2,0.0,
43704,926,13,0.0,
43706,926,27,0.0,
43707,926,28,0.0,
43708,926,29,0.0,
43709,926,30,0.0,
43710,926,31,0.0,
43711,926,32,0.0,
43712,926,33,0.0,
43713,926,34,0.0,
43714,926,35,0.0,
43715,926,36,0.0,
43716,926,37,0.0,
43717,926,38,0.0,
43718,926,39,0.0,
43719,926,40,0.0,
43720,926,41,0.0,
43721,926,42,0.0,
43722,926,43,0.0,
43723,926,44,0.0,
43724,926,45,0.0,
43725,926,46,0.0,
43726,926,47,0.0,
43728,927,1,208.0,
43729,927,2,0.0,
43734,927,13,0.0,
43736,927,27,0.0,
43737,927,28,0.0,
43738,927,29,0.0,
43739,927,30,0.0,
43740,927,31,0.0,
43741,927,32,0.0,
43742,927,33,0.0,
43743,927,34,0.0,
43744,927,35,0.0,
43745,927,36,0.0,
43746,927,37,0.0,
43747,927,38,0.0,
43748,927,39,0.0,
43749,927,40,0.0,
43750,927,41,0.0,
43751,927,42,0.0,
43752,927,43,0.0,
43753,927,44,0.0,
43754,927,45,0.0,
43755,927,46,0.0,
43756,927,47,0.0,
43758,928,1,55.0,
43759,928,2,0.0,
43764,928,13,0.0,
43766,928,27,0.0,
43767,928,28,0.0,
43768,928,29,0.0,
43769,928,30,0.0,
43770,928,31,0.0,
43771,928,32,0.0,
43772,928,33,0.0,
43773,928,34,0.0,
43774,928,35,0.0,
43775,928,36,0.0,
43776,928,37,0.0,
43777,928,38,0.0,
43778,928,39,0.0,
43779,928,40,0.0,
43780,928,41,0.0,
43781,928,42,0.0,
43782,928,43,0.0,
43783,928,44,0.0,
43784,928,45,0.0,
43785,928,46,0.0,
43786,928,47,0.0,
43788,931,1,18.0,
43789,931,2,0.0,
43676,906,26,20.0,
43705,926,26,10.0,
43735,927,26,145.0,
43765,928,26,16.0,
43932,891,2,112.0,
43791,931,5,0.0,
43792,931,6,0.0,
43796,931,12,0.0,
43797,931,13,0.0,
43798,931,7,0.0,
43799,931,26,0.0,
43800,931,27,0.0,
43801,931,28,0.0,
43802,931,29,0.0,
43803,931,30,0.0,
43804,931,31,0.0,
43805,931,32,0.0,
43806,931,33,0.0,
43807,931,34,0.0,
43808,931,35,0.0,
43809,931,36,0.0,
43810,931,37,0.0,
43811,931,38,0.0,
43812,931,39,0.0,
43813,931,40,0.0,
43814,931,41,0.0,
43815,931,42,0.0,
43816,931,43,0.0,
43817,931,44,0.0,
43818,931,45,0.0,
43819,931,46,0.0,
43820,931,47,0.0,
43822,929,1,209.0,
43823,929,2,0.0,
43828,929,27,0.0,
43829,929,28,0.0,
43830,929,29,0.0,
43831,929,30,0.0,
43832,929,31,0.0,
43833,929,32,0.0,
43834,929,33,0.0,
43835,929,34,0.0,
43836,929,35,0.0,
43837,929,36,0.0,
43838,929,37,0.0,
43839,929,38,0.0,
43840,929,39,0.0,
43841,929,40,0.0,
43842,929,41,0.0,
43843,929,42,0.0,
43844,929,43,0.0,
43845,929,44,0.0,
43846,929,45,0.0,
43847,929,46,0.0,
43848,929,47,0.0,
43850,1527,1,589.0,
43851,1527,2,0.0,
43862,1527,15,0.0,
43864,1527,16,0.0,
43865,1527,17,0.0,
43866,1527,18,0.0,
43867,1527,19,0.0,
43868,1527,20,0.0,
43869,1527,21,0.0,
43870,1527,22,0.0,
43871,1527,23,0.0,
43872,1527,24,0.0,
43873,1527,25,0.0,
43874,1527,26,0.0,
43875,1527,27,0.0,
43876,1527,28,0.0,
43877,1527,29,0.0,
43878,1527,30,0.0,
43879,1527,31,0.0,
43880,1527,32,0.0,
43881,1527,33,0.0,
43882,1527,34,0.0,
43883,1527,35,0.0,
43884,1527,36,0.0,
43885,1527,37,0.0,
43886,1527,38,0.0,
43887,1527,39,0.0,
43888,1527,40,0.0,
43889,1527,41,0.0,
43890,1527,42,0.0,
43891,1527,43,0.0,
43892,1527,44,0.0,
43893,1527,45,0.0,
43894,1527,46,0.0,
43895,1527,47,0.0,
43896,1527,48,0.0,
43897,1527,49,0.0,
43898,1527,50,0.0,
43899,1527,51,0.0,
43901,930,1,62.0,
43902,930,2,0.0,
43907,930,13,0.0,
43908,930,26,0.0,
43909,930,27,0.0,
43910,930,28,0.0,
43911,930,29,0.0,
43912,930,30,0.0,
43913,930,31,0.0,
43914,930,32,0.0,
43915,930,33,0.0,
43916,930,34,0.0,
43917,930,35,0.0,
43918,930,36,0.0,
43919,930,37,0.0,
43920,930,38,0.0,
43921,930,39,0.0,
43922,930,40,0.0,
43923,930,41,0.0,
43924,930,42,0.0,
43925,930,43,0.0,
43926,930,44,0.0,
43927,930,45,0.0,
43928,930,46,0.0,
43929,930,47,0.0,
43931,891,1,62.0,
43937,891,13,0.0,
43939,891,27,0.0,
43940,891,28,0.0,
43941,891,29,0.0,
43942,891,30,0.0,
43943,891,31,0.0,
43944,891,32,0.0,
43945,891,33,0.0,
43946,891,34,0.0,
43938,891,26,30.0,
43827,929,26,106.0,
43947,891,35,0.0,
43948,891,36,0.0,
43949,891,37,0.0,
43950,891,38,0.0,
43951,891,39,0.0,
43952,891,40,0.0,
43953,891,41,0.0,
43954,891,42,0.0,
43955,891,43,0.0,
43956,891,44,0.0,
43957,891,45,0.0,
43958,891,46,0.0,
43959,891,47,0.0,
43960,892,1,203.0,
43961,892,2,484.0,
43990,893,2,178.0,
44053,894,2,315.0,
43966,892,13,0.0,
43968,892,27,0.0,
43969,892,28,0.0,
43970,892,29,0.0,
43971,892,30,0.0,
43972,892,31,0.0,
43973,892,32,0.0,
43974,892,33,0.0,
43975,892,34,0.0,
43976,892,35,0.0,
43977,892,36,0.0,
43978,892,37,0.0,
43979,892,38,0.0,
43980,892,39,0.0,
43981,892,40,0.0,
43982,892,41,0.0,
43983,892,42,0.0,
43984,892,43,0.0,
43985,892,44,0.0,
43986,892,45,0.0,
43987,892,46,0.0,
43988,892,47,0.0,
43989,893,1,64.0,
43995,893,13,0.0,
43997,893,27,0.0,
43998,893,28,0.0,
43999,893,29,0.0,
44000,893,30,0.0,
44001,893,31,0.0,
44002,893,32,0.0,
44003,893,33,0.0,
44004,893,34,0.0,
44005,893,35,0.0,
44006,893,36,0.0,
44007,893,37,0.0,
44008,893,38,0.0,
44009,893,39,0.0,
44010,893,40,0.0,
44011,893,41,0.0,
44012,893,42,0.0,
44013,893,43,0.0,
44014,893,44,0.0,
44015,893,45,0.0,
44016,893,46,0.0,
44017,893,47,0.0,
44018,896,1,43.0,
44019,896,2,0.0,
44021,896,5,0.0,
44022,896,6,0.0,
44026,896,12,0.0,
44027,896,13,0.0,
44028,896,7,0.0,
44029,896,26,0.0,
44030,896,27,0.0,
44031,896,28,0.0,
44032,896,29,0.0,
44033,896,30,0.0,
44034,896,31,0.0,
44035,896,32,0.0,
44036,896,33,0.0,
44037,896,34,0.0,
44038,896,35,0.0,
44039,896,36,0.0,
44040,896,37,0.0,
44041,896,38,0.0,
44042,896,39,0.0,
44043,896,40,0.0,
44044,896,41,0.0,
44045,896,42,0.0,
44046,896,43,0.0,
44047,896,44,0.0,
44048,896,45,0.0,
44049,896,46,0.0,
44050,896,47,0.0,
44052,894,1,218.0,
44058,894,27,0.0,
44059,894,28,0.0,
44060,894,29,0.0,
44061,894,30,0.0,
44062,894,31,0.0,
44063,894,32,0.0,
44064,894,33,0.0,
44065,894,34,0.0,
44066,894,35,0.0,
44067,894,36,0.0,
44068,894,37,0.0,
44069,894,38,0.0,
44070,894,39,0.0,
44071,894,40,0.0,
44072,894,41,0.0,
44073,894,42,0.0,
44074,894,43,0.0,
44075,894,44,0.0,
44076,894,45,0.0,
44077,894,46,0.0,
44078,894,47,0.0,
44079,1528,1,672.0,
44080,1528,2,0.0,
44091,1528,15,0.0,
44093,1528,16,0.0,
44094,1528,17,0.0,
44095,1528,18,0.0,
44096,1528,19,0.0,
44097,1528,20,0.0,
44098,1528,21,0.0,
44099,1528,22,0.0,
44100,1528,23,0.0,
44101,1528,24,0.0,
44102,1528,25,0.0,
44103,1528,26,0.0,
43967,892,26,265.0,
43996,893,26,11.0,
44057,894,26,156.0,
44104,1528,27,0.0,
44105,1528,28,0.0,
44106,1528,29,0.0,
44107,1528,30,0.0,
44108,1528,31,0.0,
44109,1528,32,0.0,
44110,1528,33,0.0,
44111,1528,34,0.0,
44112,1528,35,0.0,
44113,1528,36,0.0,
44114,1528,37,0.0,
44115,1528,38,0.0,
44116,1528,39,0.0,
44117,1528,40,0.0,
44118,1528,41,0.0,
44119,1528,42,0.0,
44120,1528,43,0.0,
44121,1528,44,0.0,
44122,1528,45,0.0,
44123,1528,46,0.0,
44124,1528,47,0.0,
44125,1528,48,0.0,
44126,1528,49,0.0,
44127,1528,50,0.0,
44128,1528,51,0.0,
44131,895,2,88.0,
44130,895,1,82.0,
44136,895,13,0.0,
44137,895,26,0.0,
44138,895,27,0.0,
44139,895,28,0.0,
44140,895,29,0.0,
44141,895,30,0.0,
44142,895,31,0.0,
44143,895,32,0.0,
44144,895,33,0.0,
44145,895,34,0.0,
44146,895,35,0.0,
44147,895,36,0.0,
44148,895,37,0.0,
44149,895,38,0.0,
44150,895,39,0.0,
44151,895,40,0.0,
44152,895,41,0.0,
44153,895,42,0.0,
44154,895,43,0.0,
44155,895,44,0.0,
44156,895,45,0.0,
44157,895,46,0.0,
44158,895,47,0.0,
44159,932,1,59.0,
44160,932,2,0.0,
44165,932,13,0.0,
44166,932,26,0.0,
44167,932,27,0.0,
44168,932,28,0.0,
44169,932,29,0.0,
44170,932,30,0.0,
44171,932,31,0.0,
44172,932,32,0.0,
44173,932,33,0.0,
44174,932,34,0.0,
44175,932,35,0.0,
44176,932,36,0.0,
44177,932,37,0.0,
44178,932,38,0.0,
44179,932,39,0.0,
44180,932,40,0.0,
44181,932,41,0.0,
44182,932,42,0.0,
44183,932,43,0.0,
44184,932,44,0.0,
44185,932,45,0.0,
44186,932,46,0.0,
44187,932,47,0.0,
44188,933,1,210.0,
44189,933,2,0.0,
44194,933,13,0.0,
44196,933,27,0.0,
44197,933,28,0.0,
44198,933,29,0.0,
44199,933,30,0.0,
44200,933,31,0.0,
44201,933,32,0.0,
44202,933,33,0.0,
44203,933,34,0.0,
44204,933,35,0.0,
44205,933,36,0.0,
44206,933,37,0.0,
44207,933,38,0.0,
44208,933,39,0.0,
44209,933,40,0.0,
44210,933,41,0.0,
44211,933,42,0.0,
44212,933,43,0.0,
44213,933,44,0.0,
44214,933,45,0.0,
44215,933,46,0.0,
44216,933,47,0.0,
44217,934,1,68.0,
44218,934,2,0.0,
44223,934,13,0.0,
44225,934,27,0.0,
44226,934,28,0.0,
44227,934,29,0.0,
44228,934,30,0.0,
44229,934,31,0.0,
44230,934,32,0.0,
44231,934,33,0.0,
44232,934,34,0.0,
44233,934,35,0.0,
44234,934,36,0.0,
44235,934,37,0.0,
44236,934,38,0.0,
44237,934,39,0.0,
44238,934,40,0.0,
44239,934,41,0.0,
44240,934,42,0.0,
44241,934,43,0.0,
44242,934,44,0.0,
44243,934,45,0.0,
44244,934,46,0.0,
44245,934,47,0.0,
44246,937,1,69.0,
44247,937,2,0.0,
44249,937,5,0.0,
44250,937,6,0.0,
44254,937,12,0.0,
44255,937,13,0.0,
44256,937,7,0.0,
44257,937,26,0.0,
44258,937,27,0.0,
44259,937,28,0.0,
44260,937,29,0.0,
44195,933,26,894.0,
44224,934,26,3.0,
44261,937,30,0.0,
44262,937,31,0.0,
44263,937,32,0.0,
44264,937,33,0.0,
44265,937,34,0.0,
44266,937,35,0.0,
44267,937,36,0.0,
44268,937,37,0.0,
44269,937,38,0.0,
44270,937,39,0.0,
44271,937,40,0.0,
44272,937,41,0.0,
44273,937,42,0.0,
44274,937,43,0.0,
44275,937,44,0.0,
44276,937,45,0.0,
44277,937,46,0.0,
44278,937,47,0.0,
44280,935,1,376.0,
44281,935,2,0.0,
44286,935,27,0.0,
44287,935,28,0.0,
44288,935,29,0.0,
44289,935,30,0.0,
44290,935,31,0.0,
44291,935,32,0.0,
44292,935,33,0.0,
44293,935,34,0.0,
44294,935,35,0.0,
44295,935,36,0.0,
44296,935,37,0.0,
44297,935,38,0.0,
44298,935,39,0.0,
44299,935,40,0.0,
44300,935,41,0.0,
44301,935,42,0.0,
44302,935,43,0.0,
44303,935,44,0.0,
44304,935,45,0.0,
44305,935,46,0.0,
44306,935,47,0.0,
44307,1529,1,846.0,
44308,1529,2,0.0,
44319,1529,15,0.0,
44321,1529,16,0.0,
44322,1529,17,0.0,
44323,1529,18,0.0,
44324,1529,19,0.0,
44325,1529,20,0.0,
44326,1529,21,0.0,
44327,1529,22,0.0,
44328,1529,23,0.0,
44329,1529,24,0.0,
44330,1529,25,0.0,
44331,1529,26,0.0,
44332,1529,27,0.0,
44333,1529,28,0.0,
44334,1529,29,0.0,
44335,1529,30,0.0,
44336,1529,31,0.0,
44337,1529,32,0.0,
44338,1529,33,0.0,
44339,1529,34,0.0,
44340,1529,35,0.0,
44341,1529,36,0.0,
44342,1529,37,0.0,
44343,1529,38,0.0,
44344,1529,39,0.0,
44345,1529,40,0.0,
44346,1529,41,0.0,
44347,1529,42,0.0,
44348,1529,43,0.0,
44349,1529,44,0.0,
44350,1529,45,0.0,
44351,1529,46,0.0,
44352,1529,47,0.0,
44353,1529,48,0.0,
44354,1529,49,0.0,
44355,1529,50,0.0,
44356,1529,51,0.0,
44358,936,1,64.0,
44359,936,2,0.0,
44364,936,13,0.0,
44366,936,27,0.0,
44367,936,28,0.0,
44368,936,29,0.0,
44369,936,30,0.0,
44370,936,31,0.0,
44371,936,32,0.0,
44372,936,33,0.0,
44373,936,34,0.0,
44374,936,35,0.0,
44375,936,36,0.0,
44376,936,37,0.0,
44377,936,38,0.0,
44378,936,39,0.0,
44379,936,40,0.0,
44380,936,41,0.0,
44381,936,42,0.0,
44382,936,43,0.0,
44383,936,44,0.0,
44384,936,45,0.0,
44385,936,46,0.0,
44386,936,47,0.0,
44387,921,1,62.0,
44388,921,2,0.0,
44393,921,13,0.0,
44395,921,27,0.0,
44396,921,28,0.0,
44397,921,29,0.0,
44398,921,30,0.0,
44399,921,31,0.0,
44400,921,32,0.0,
44401,921,33,0.0,
44402,921,34,0.0,
44403,921,35,0.0,
44404,921,36,0.0,
44405,921,37,0.0,
44406,921,38,0.0,
44407,921,39,0.0,
44408,921,40,0.0,
44409,921,41,0.0,
44410,921,42,0.0,
44411,921,43,0.0,
44412,921,44,0.0,
44413,921,45,0.0,
44414,921,46,0.0,
44415,921,47,0.0,
44417,922,1,265.0,
44394,921,26,125.0,
44285,935,26,1644.0,
44365,936,26,112.0,
44418,922,2,0.0,
44423,922,13,0.0,
44425,922,27,0.0,
44426,922,28,0.0,
44427,922,29,0.0,
44428,922,30,0.0,
44429,922,31,0.0,
44430,922,32,0.0,
44431,922,33,0.0,
44432,922,34,0.0,
44433,922,35,0.0,
44434,922,36,0.0,
44435,922,37,0.0,
44436,922,38,0.0,
44437,922,39,0.0,
44438,922,40,0.0,
44439,922,41,0.0,
44440,922,42,0.0,
44441,922,43,0.0,
44442,922,44,0.0,
44443,922,45,0.0,
44444,922,46,0.0,
44445,922,47,0.0,
44447,923,1,137.0,
44448,923,2,0.0,
44453,923,13,0.0,
44455,923,27,0.0,
44456,923,28,0.0,
44457,923,29,0.0,
44458,923,30,0.0,
44459,923,31,0.0,
44460,923,32,0.0,
44461,923,33,0.0,
44462,923,34,0.0,
44463,923,35,0.0,
44464,923,36,0.0,
44465,923,37,0.0,
44466,923,38,0.0,
44467,923,39,0.0,
44468,923,40,0.0,
44469,923,41,0.0,
44470,923,42,0.0,
44471,923,43,0.0,
44472,923,44,0.0,
44473,923,45,0.0,
44474,923,46,0.0,
44475,923,47,0.0,
44477,925,1,235.0,
44478,925,2,0.0,
44480,925,5,0.0,
44481,925,6,0.0,
44485,925,12,0.0,
44486,925,13,0.0,
44487,925,7,0.0,
44488,925,26,0.0,
44489,925,27,0.0,
44490,925,28,0.0,
44491,925,29,0.0,
44492,925,30,0.0,
44493,925,31,0.0,
44494,925,32,0.0,
44495,925,33,0.0,
44496,925,34,0.0,
44497,925,35,0.0,
44498,925,36,0.0,
44499,925,37,0.0,
44500,925,38,0.0,
44501,925,39,0.0,
44502,925,40,0.0,
44503,925,41,0.0,
44504,925,42,0.0,
44505,925,43,0.0,
44506,925,44,0.0,
44507,925,45,0.0,
44508,925,46,0.0,
44509,925,47,0.0,
44511,920,1,349.0,
44512,920,2,0.0,
44517,920,27,0.0,
44518,920,28,0.0,
44519,920,29,0.0,
44520,920,30,0.0,
44521,920,31,0.0,
44522,920,32,0.0,
44523,920,33,0.0,
44524,920,34,0.0,
44525,920,35,0.0,
44526,920,36,0.0,
44527,920,37,0.0,
44528,920,38,0.0,
44529,920,39,0.0,
44530,920,40,0.0,
44531,920,41,0.0,
44532,920,42,0.0,
44533,920,43,0.0,
44534,920,44,0.0,
44535,920,45,0.0,
44536,920,46,0.0,
44537,920,47,0.0,
44539,1530,1,1130.0,
44540,1530,2,0.0,
44551,1530,15,0.0,
44553,1530,16,0.0,
44554,1530,17,0.0,
44555,1530,18,0.0,
44556,1530,19,0.0,
44557,1530,20,0.0,
44558,1530,21,0.0,
44559,1530,22,0.0,
44560,1530,23,0.0,
44561,1530,24,0.0,
44562,1530,25,0.0,
44563,1530,26,0.0,
44564,1530,27,0.0,
44565,1530,28,0.0,
44566,1530,29,0.0,
44567,1530,30,0.0,
44568,1530,31,0.0,
44569,1530,32,0.0,
44570,1530,33,0.0,
44571,1530,34,0.0,
44572,1530,35,0.0,
44573,1530,36,0.0,
44574,1530,37,0.0,
44516,920,26,1912.0,
44424,922,26,1121.0,
44454,923,26,23.0,
44575,1530,38,0.0,
44576,1530,39,0.0,
44577,1530,40,0.0,
44578,1530,41,0.0,
44579,1530,42,0.0,
44580,1530,43,0.0,
44581,1530,44,0.0,
44582,1530,45,0.0,
44583,1530,46,0.0,
44584,1530,47,0.0,
44585,1530,48,0.0,
44586,1530,49,0.0,
44587,1530,50,0.0,
44588,1530,51,0.0,
18,806,9,5939.0,
44590,924,1,82.0,
44591,924,2,0.0,
13160,806,10,92.0,
14,802,9,5908.0,
13175,802,10,14.0,
10,798,9,5121.0,
44596,924,13,0.0,
44598,924,27,0.0,
44599,924,28,0.0,
44600,924,29,0.0,
44601,924,30,0.0,
44602,924,31,0.0,
44603,924,32,0.0,
44604,924,33,0.0,
44605,924,34,0.0,
44606,924,35,0.0,
44607,924,36,0.0,
44608,924,37,0.0,
44609,924,38,0.0,
44610,924,39,0.0,
44611,924,40,0.0,
44612,924,41,0.0,
44613,924,42,0.0,
44614,924,43,0.0,
44615,924,44,0.0,
44616,924,45,0.0,
44617,924,46,0.0,
44618,924,47,0.0,
13218,798,10,66.0,
44620,849,88,241.0,
44621,850,88,33.0,
44622,851,88,332.0,
44623,852,88,75.0,
44624,853,88,72.0,
44625,854,88,24.0,
44626,855,88,777.0,
44627,856,88,248.0,
44628,857,88,51.0,
44629,858,88,191.0,
44630,859,88,60.0,
44631,860,88,130.0,
44632,861,88,34.0,
44633,862,88,714.0,
44634,863,88,202.0,
44635,864,88,34.0,
44636,865,88,208.0,
44637,866,88,40.0,
44638,867,88,62.0,
44639,868,88,31.0,
44640,869,88,577.0,
44641,870,88,204.0,
44642,871,88,37.0,
44643,872,88,180.0,
44644,873,88,48.0,
44645,874,88,85.0,
44646,875,88,24.0,
44647,876,88,578.0,
44648,877,88,139.0,
44649,878,88,23.0,
44650,879,88,131.0,
44651,880,88,41.0,
44652,881,88,44.0,
44653,882,88,8.0,
44654,883,88,386.0,
44655,884,88,124.0,
44656,885,88,18.0,
44657,886,88,141.0,
44658,887,88,52.0,
44659,888,88,30.0,
44660,889,88,5.0,
44661,890,88,370.0,
44662,891,88,62.0,
44663,892,88,203.0,
44664,893,88,64.0,
44665,894,88,218.0,
44666,895,88,82.0,
44667,896,88,43.0,
44668,902,88,29.0,
44669,903,88,208.0,
44670,904,88,54.0,
44671,905,88,218.0,
44672,906,88,36.0,
44673,907,88,24.0,
44674,908,88,181.0,
44675,909,88,27.0,
44676,910,88,202.0,
44677,911,88,46.0,
44678,912,88,56.0,
44679,913,88,7.0,
44680,920,88,349.0,
44681,921,88,62.0,
44682,922,88,265.0,
44683,923,88,137.0,
44684,924,88,82.0,
44685,925,88,235.0,
44686,926,88,37.0,
44687,927,88,208.0,
44688,928,88,55.0,
44689,929,88,209.0,
44690,930,88,62.0,
44691,931,88,18.0,
44692,932,88,59.0,
44693,933,88,210.0,
44694,934,88,68.0,
44695,935,88,376.0,
44696,936,88,64.0,
44697,937,88,69.0,
44698,1525,88,519.0,
44699,1526,88,569.0,
44700,1527,88,589.0,
44701,1528,88,672.0,
44702,1529,88,846.0,
44703,1530,88,1130.0,
12,800,9,19906.0,
16,804,9,171619.0,
23,899,9,36502.0,
20,900,9,1256.0,
8,797,9,1842.0,
9,797,10,1.0,
11,799,9,94.0,
13261,800,10,33.0,
13,801,9,828.0,
15,803,9,327.0,
13277,804,10,123.0,
17,805,9,409.0,
19,807,9,120.0,
21,973,9,4170.0,
22,974,9,21.0,
44597,924,26,332.0,
24,975,9,354.0,
26,976,9,110.0,
28,977,9,25.0,
32,978,9,138.0,
34,979,9,361.0,
36,980,9,269.0,
37,981,9,934.0,
38,963,9,7854.0,
39,982,9,110.0,
40,959,9,2289.0,
41,959,10,1.0,
43,983,9,122.0,
44,983,10,1.0,
46,984,9,646.0,
48,985,9,267.0,
49,961,9,992.0,
51,986,9,154.0,
52,914,9,2533.0,
53,914,10,3.0,
54,915,9,6417.0,
55,915,10,62.0,
56,987,9,87.0,
57,916,9,38609.0,
58,916,10,34.0,
59,988,9,674.0,
60,917,9,10214.0,
61,917,10,16.0,
62,989,9,257.0,
13748,918,10,141.0,
64,990,9,413.0,
67,991,9,81.0,
68,970,9,3218.0,
69,970,10,1.0,
71,992,9,199.0,
73,993,9,126.0,
75,994,9,320.0,
77,971,9,7611.0,
78,995,9,117.0,
79,996,9,12.0,
81,941,10,3.0,
83,997,9,47.0,
85,998,9,711.0,
87,999,9,235.0,
89,942,9,7503.0,
90,1000,9,96.0,
91,945,9,2491.0,
92,945,10,1.0,
94,1001,9,126.0,
96,1002,9,921.0,
14383,946,10,26.0,
98,1003,9,296.0,
99,949,9,8104.0,
100,949,10,1.0,
102,1004,9,187.0,
103,1005,9,54.0,
104,950,9,2980.0,
105,950,10,1.0,
107,1006,9,103.0,
14628,955,10,33.0,
109,1007,9,903.0,
111,1008,9,294.0,
14587,954,10,117.0,
113,1009,9,301.0,
115,1010,9,125.0,
15797,1062,4,3863.0,
15798,1062,5,526.0,
116,1062,9,4952.0,
117,1062,11,0.0,
118,1062,8,0.0,
119,1062,52,0.0,
15848,1063,4,16864.0,
15849,1063,5,1302.0,
120,1063,9,31618.0,
121,1063,11,0.0,
122,1063,8,0.0,
123,1063,52,0.0,
15899,1064,4,6620.0,
15900,1064,5,299.0,
124,1064,9,9912.0,
125,1064,11,0.0,
126,1064,8,0.0,
127,1064,52,0.0,
15950,1065,4,1899.0,
128,1065,9,4038.0,
129,1065,11,0.0,
130,1065,8,0.0,
131,1065,52,0.0,
16001,1066,4,23516.0,
16002,1066,5,2954.0,
132,1066,9,32147.0,
133,1066,11,0.0,
134,1066,8,0.0,
135,1066,52,0.0,
16052,1067,4,59030.0,
16053,1067,5,6068.0,
16058,1067,12,0.0,
16059,1067,13,5.0,
16060,1067,14,110.0,
136,1067,9,0.0,
137,1067,11,0.0,
138,1067,8,0.0,
139,1067,52,0.0,
16103,1068,4,6268.0,
16104,1068,5,987.0,
140,1068,9,7013.0,
141,1068,11,0.0,
142,1068,8,0.0,
143,1068,52,0.0,
16154,1069,4,3315.0,
16155,1069,5,584.0,
16156,1069,6,1508.0,
144,1069,9,3993.0,
145,1069,11,0.0,
146,1069,8,0.0,
147,1069,52,0.0,
16205,1070,4,14594.0,
16206,1070,5,1286.0,
16207,1070,6,3302.0,
148,1070,9,28168.0,
149,1070,11,0.0,
150,1070,8,0.0,
151,1070,52,0.0,
16256,1071,4,4875.0,
16257,1071,5,276.0,
16258,1071,6,1492.0,
152,1071,9,7958.0,
153,1071,11,0.0,
154,1071,8,0.0,
155,1071,52,0.0,
16307,1072,4,2786.0,
156,1072,9,3376.0,
157,1072,11,0.0,
158,1072,8,0.0,
159,1072,52,0.0,
16358,1073,4,19476.0,
16359,1073,5,3373.0,
16360,1073,6,7790.0,
160,1073,9,28622.0,
161,1073,11,0.0,
162,1073,8,0.0,
163,1073,52,0.0,
16409,1074,4,50625.0,
16410,1074,5,6685.0,
16415,1074,12,0.0,
16416,1074,13,5.0,
16417,1074,14,102.0,
164,1074,9,0.0,
165,1074,11,0.0,
166,1074,8,0.0,
167,1074,52,0.0,
16460,1075,4,5579.0,
16461,1075,5,1166.0,
16462,1075,6,1924.0,
168,1075,9,6128.0,
169,1075,11,0.0,
170,1075,8,0.0,
171,1075,52,0.0,
16511,1076,4,2778.0,
16512,1076,5,455.0,
16513,1076,6,2056.0,
172,1076,9,3397.0,
173,1076,11,0.0,
174,1076,8,0.0,
175,1076,52,0.0,
16562,1077,4,11539.0,
16563,1077,5,991.0,
16564,1077,6,4246.0,
176,1077,9,26347.0,
177,1077,11,0.0,
178,1077,8,0.0,
179,1077,52,0.0,
16613,1078,4,4250.0,
16614,1078,5,231.0,
16615,1078,6,2962.0,
180,1078,9,7875.0,
181,1078,11,0.0,
182,1078,8,0.0,
183,1078,52,0.0,
16664,1079,4,2410.0,
184,1079,9,4330.0,
185,1079,11,0.0,
186,1079,8,0.0,
187,1079,52,0.0,
16715,1080,4,15813.0,
16716,1080,5,2491.0,
16717,1080,6,9592.0,
188,1080,9,25190.0,
189,1080,11,0.0,
190,1080,8,0.0,
191,1080,52,0.0,
16766,1081,4,41710.0,
16767,1081,5,5064.0,
16772,1081,12,0.0,
16773,1081,13,2.0,
16774,1081,14,64.0,
192,1081,9,0.0,
193,1081,11,0.0,
194,1081,8,0.0,
195,1081,52,0.0,
16817,1082,4,4920.0,
16818,1082,5,896.0,
16819,1082,6,3192.0,
196,1082,9,5864.0,
197,1082,11,0.0,
198,1082,8,0.0,
199,1082,52,0.0,
16868,1083,4,3565.0,
16869,1083,5,589.0,
16870,1083,6,2872.0,
200,1083,9,3718.0,
201,1083,11,0.0,
202,1083,8,0.0,
203,1083,52,0.0,
16919,1084,4,12890.0,
16920,1084,5,1158.0,
16921,1084,6,7930.0,
204,1084,9,26764.0,
205,1084,11,0.0,
206,1084,8,0.0,
207,1084,52,0.0,
16970,1085,4,4037.0,
16971,1085,5,268.0,
16972,1085,6,3992.0,
208,1085,9,7824.0,
209,1085,11,0.0,
210,1085,8,0.0,
211,1085,52,0.0,
17021,1086,4,2460.0,
212,1086,9,4920.0,
213,1086,11,0.0,
214,1086,8,0.0,
215,1086,52,0.0,
17072,1087,4,17477.0,
17073,1087,5,3037.0,
17074,1087,6,12324.0,
216,1087,9,27757.0,
217,1087,11,0.0,
218,1087,8,0.0,
219,1087,52,0.0,
17123,1088,4,46586.0,
17124,1088,5,6130.0,
17130,1088,13,0.0,
17131,1088,14,83.0,
220,1088,9,0.0,
221,1088,11,0.0,
222,1088,8,0.0,
223,1088,52,0.0,
17174,1089,4,6157.0,
17175,1089,5,1078.0,
17176,1089,6,3552.0,
224,1089,9,6202.0,
225,1089,11,0.0,
226,1089,8,0.0,
227,1089,52,0.0,
17225,1090,4,2614.0,
17226,1090,5,528.0,
17227,1090,6,2526.0,
228,1090,9,3310.0,
229,1090,11,0.0,
230,1090,8,0.0,
231,1090,52,0.0,
17276,1091,4,10409.0,
17277,1091,5,970.0,
17278,1091,6,5556.0,
232,1091,9,23094.0,
233,1091,11,0.0,
234,1091,8,0.0,
235,1091,52,0.0,
17327,1092,4,3451.0,
17328,1092,5,241.0,
17329,1092,6,3416.0,
236,1092,9,6719.0,
237,1092,11,0.0,
238,1092,8,0.0,
239,1092,52,0.0,
17378,1093,4,2020.0,
240,1093,9,4039.0,
241,1093,11,0.0,
242,1093,8,0.0,
243,1093,52,0.0,
17429,1094,4,14433.0,
17430,1094,5,2253.0,
17431,1094,6,10052.0,
244,1094,9,22985.0,
245,1094,11,0.0,
246,1094,8,0.0,
247,1094,52,0.0,
17480,1095,4,37234.0,
17481,1095,5,4819.0,
17486,1095,12,0.0,
17487,1095,13,3.0,
17488,1095,14,109.0,
248,1095,9,0.0,
249,1095,11,0.0,
250,1095,8,0.0,
251,1095,52,0.0,
17531,1096,4,4307.0,
17532,1096,5,827.0,
17533,1096,6,2680.0,
252,1096,9,5013.0,
253,1096,11,0.0,
254,1096,8,0.0,
255,1096,52,0.0,
17582,1097,4,2049.0,
17583,1097,5,468.0,
17584,1097,6,2338.0,
256,1097,9,2657.0,
257,1097,11,0.0,
258,1097,8,0.0,
259,1097,52,0.0,
17633,1098,4,8927.0,
17634,1098,5,920.0,
17635,1098,6,5166.0,
260,1098,9,21078.0,
261,1098,11,0.0,
262,1098,8,0.0,
263,1098,52,0.0,
17684,1099,4,3042.0,
17685,1099,5,179.0,
17686,1099,6,3282.0,
264,1099,9,6041.0,
265,1099,11,0.0,
266,1099,8,0.0,
267,1099,52,0.0,
17735,1100,4,1577.0,
268,1100,9,2882.0,
269,1100,11,0.0,
270,1100,8,0.0,
271,1100,52,0.0,
17786,1101,4,12532.0,
17787,1101,5,2048.0,
17788,1101,6,8544.0,
272,1101,9,20524.0,
273,1101,11,0.0,
274,1101,8,0.0,
275,1101,52,0.0,
17837,1102,4,32219.0,
17838,1102,5,4288.0,
17843,1102,12,0.0,
17844,1102,13,6.0,
17845,1102,14,82.0,
276,1102,9,0.0,
277,1102,11,0.0,
278,1102,8,0.0,
279,1102,52,0.0,
17888,1103,4,4092.0,
17889,1103,5,673.0,
17890,1103,6,3134.0,
280,1103,9,4694.0,
281,1103,11,0.0,
282,1103,8,0.0,
283,1103,52,0.0,
17939,1104,4,2567.0,
17940,1104,5,518.0,
17941,1104,6,2418.0,
284,1104,9,3206.0,
285,1104,11,0.0,
286,1104,8,0.0,
287,1104,52,0.0,
17990,1105,4,11512.0,
17991,1105,5,1167.0,
17992,1105,6,6412.0,
288,1105,9,26477.0,
289,1105,11,0.0,
290,1105,8,0.0,
291,1105,52,0.0,
18041,1106,4,4227.0,
18042,1106,5,334.0,
18043,1106,6,4450.0,
292,1106,9,7560.0,
293,1106,11,0.0,
294,1106,8,0.0,
295,1106,52,0.0,
18092,1107,4,2725.0,
296,1107,9,4446.0,
297,1107,11,0.0,
298,1107,8,0.0,
299,1107,52,0.0,
18143,1108,4,16028.0,
18144,1108,5,3012.0,
18145,1108,6,10744.0,
300,1108,9,25193.0,
301,1108,11,0.0,
302,1108,8,0.0,
303,1108,52,0.0,
18194,1109,4,41998.0,
18195,1109,5,6017.0,
18200,1109,12,0.0,
18201,1109,13,6.0,
18202,1109,14,108.0,
304,1109,9,0.0,
305,1109,11,0.0,
306,1109,8,0.0,
307,1109,52,0.0,
18245,1110,4,4939.0,
18246,1110,5,986.0,
18247,1110,6,3272.0,
308,1110,9,5586.0,
309,1110,11,0.0,
310,1110,8,0.0,
311,1110,52,0.0,
18296,1111,4,2879.0,
18297,1111,5,503.0,
18298,1111,6,3024.0,
312,1111,9,3383.0,
313,1111,11,0.0,
314,1111,8,0.0,
315,1111,52,0.0,
18347,1112,4,11482.0,
18348,1112,5,1173.0,
18349,1112,6,6492.0,
316,1112,9,24268.0,
317,1112,11,0.0,
318,1112,8,0.0,
319,1112,52,0.0,
18398,1113,4,4003.0,
18399,1113,5,234.0,
18400,1113,6,3708.0,
320,1113,9,6961.0,
321,1113,11,0.0,
322,1113,8,0.0,
323,1113,52,0.0,
18449,1114,4,2290.0,
324,1114,9,4044.0,
325,1114,11,0.0,
326,1114,8,0.0,
327,1114,52,0.0,
18500,1115,4,12532.0,
18501,1115,5,2656.0,
18502,1115,6,10464.0,
328,1115,9,23350.0,
329,1115,11,0.0,
330,1115,8,0.0,
331,1115,52,0.0,
18551,1116,4,37942.0,
18552,1116,5,5195.0,
18557,1116,12,0.0,
18558,1116,13,2.0,
18559,1116,14,99.0,
332,1116,9,0.0,
333,1116,11,0.0,
334,1116,8,0.0,
335,1116,52,0.0,
18602,1117,4,4756.0,
18603,1117,5,629.0,
18604,1117,6,3634.0,
336,1117,9,5346.0,
337,1117,11,0.0,
338,1117,8,0.0,
339,1117,52,0.0,
18653,1118,4,3057.0,
18654,1118,5,458.0,
18655,1118,6,3920.0,
340,1118,9,3251.0,
341,1118,11,0.0,
342,1118,8,0.0,
343,1118,52,0.0,
18704,1119,4,12899.0,
18705,1119,5,1086.0,
18706,1119,6,8530.0,
344,1119,9,26796.0,
345,1119,11,0.0,
346,1119,8,0.0,
347,1119,52,0.0,
18755,1120,4,4153.0,
18756,1120,5,282.0,
18757,1120,6,4426.0,
348,1120,9,7276.0,
349,1120,11,0.0,
350,1120,8,0.0,
351,1120,52,0.0,
18806,1121,4,4508.0,
352,1121,9,4163.0,
353,1121,11,0.0,
354,1121,8,0.0,
355,1121,52,0.0,
18857,1122,4,16704.0,
18858,1122,5,2856.0,
18859,1122,6,10896.0,
356,1122,9,27175.0,
357,1122,11,0.0,
358,1122,8,0.0,
359,1122,52,0.0,
18908,1123,4,46692.0,
18909,1123,5,5619.0,
18915,1123,13,0.0,
18916,1123,14,123.0,
360,1123,9,0.0,
361,1123,11,0.0,
362,1123,8,0.0,
363,1123,52,0.0,
18959,1124,4,5371.0,
18960,1124,5,937.0,
18961,1124,6,4016.0,
364,1124,9,5578.0,
365,1124,11,0.0,
366,1124,8,0.0,
367,1124,52,0.0,
19010,1125,4,2625.0,
19011,1125,5,492.0,
19012,1125,6,1868.0,
368,1125,9,3223.0,
369,1125,11,0.0,
370,1125,8,0.0,
371,1125,52,0.0,
19061,1126,4,11777.0,
19062,1126,5,1147.0,
19063,1126,6,3610.0,
372,1126,9,25459.0,
373,1126,11,0.0,
374,1126,8,0.0,
375,1126,52,0.0,
19112,1127,4,4148.0,
19113,1127,5,297.0,
19114,1127,6,2134.0,
376,1127,9,7351.0,
377,1127,11,0.0,
378,1127,8,0.0,
379,1127,52,0.0,
19163,1128,4,3419.0,
380,1128,9,4389.0,
381,1128,11,0.0,
382,1128,8,0.0,
383,1128,52,0.0,
19214,1129,4,13138.0,
19215,1129,5,1864.0,
19216,1129,6,5069.0,
384,1129,9,21688.0,
385,1129,11,0.0,
386,1129,8,0.0,
387,1129,52,0.0,
19265,1130,4,40110.0,
19266,1130,5,4649.0,
19271,1130,12,0.0,
19272,1130,13,1.0,
19273,1130,14,88.0,
388,1130,9,0.0,
389,1130,11,0.0,
390,1130,8,0.0,
391,1130,52,0.0,
19316,1131,4,5003.0,
19317,1131,5,849.0,
19318,1131,6,2240.0,
392,1131,9,5472.0,
393,1131,11,0.0,
394,1131,8,0.0,
395,1131,52,0.0,
19367,1132,4,2794.0,
19368,1132,5,502.0,
19369,1132,6,1526.0,
396,1132,9,3571.0,
397,1132,11,0.0,
398,1132,8,0.0,
399,1132,52,0.0,
19418,1133,4,11441.0,
19419,1133,5,1135.0,
19420,1133,6,4381.0,
400,1133,9,25526.0,
401,1133,11,0.0,
402,1133,8,0.0,
403,1133,52,0.0,
19469,1134,4,4049.0,
19470,1134,5,281.0,
19471,1134,6,2281.0,
404,1134,9,7438.0,
405,1134,11,0.0,
406,1134,8,0.0,
407,1134,52,0.0,
19520,1135,4,3539.0,
408,1135,9,3219.0,
409,1135,11,0.0,
410,1135,8,0.0,
411,1135,52,0.0,
19571,1136,4,15161.0,
19572,1136,5,2461.0,
19573,1136,6,5484.0,
412,1136,9,23100.0,
413,1136,11,0.0,
414,1136,8,0.0,
415,1136,52,0.0,
19622,1137,4,42054.0,
19623,1137,5,5273.0,
19628,1137,12,0.0,
19629,1137,13,5.0,
19630,1137,14,78.0,
416,1137,9,0.0,
417,1137,11,0.0,
418,1137,8,0.0,
419,1137,52,0.0,
19673,1138,4,5070.0,
19674,1138,5,894.0,
19675,1138,6,2194.0,
420,1138,9,5475.0,
421,1138,11,0.0,
422,1138,8,0.0,
423,1138,52,0.0,
19724,1139,4,3665.0,
19725,1139,5,445.0,
19726,1139,6,1934.0,
424,1139,9,5333.0,
425,1139,11,0.0,
426,1139,8,0.0,
427,1139,52,0.0,
19775,1140,4,15196.0,
19776,1140,5,1188.0,
19777,1140,6,4131.0,
428,1140,9,34936.0,
429,1140,11,0.0,
430,1140,8,0.0,
431,1140,52,0.0,
19826,1141,4,5685.0,
19827,1141,5,212.0,
19828,1141,6,1787.0,
432,1141,9,10521.0,
433,1141,11,0.0,
434,1141,8,0.0,
435,1141,52,0.0,
19877,1142,4,2604.0,
436,1142,9,4261.0,
437,1142,11,0.0,
438,1142,8,0.0,
439,1142,52,0.0,
19928,1143,4,16483.0,
19929,1143,5,2074.0,
19930,1143,6,4506.0,
440,1143,9,28508.0,
441,1143,11,0.0,
442,1143,8,0.0,
443,1143,52,0.0,
19979,1144,4,49654.0,
19980,1144,5,4826.0,
19985,1144,12,0.0,
19986,1144,13,12.0,
19987,1144,14,96.0,
444,1144,9,0.0,
445,1144,11,0.0,
446,1144,8,0.0,
447,1144,52,0.0,
20030,1145,4,6021.0,
20031,1145,5,907.0,
20032,1145,6,2173.0,
448,1145,9,7481.0,
449,1145,11,0.0,
450,1145,8,0.0,
451,1145,52,0.0,
20081,1146,4,3798.0,
20082,1146,5,470.0,
20083,1146,6,3332.0,
20086,1146,10,29.0,
20089,1146,14,0.0,
20090,1146,15,7408.0,
20092,1146,16,594.0,
452,1146,9,5461.0,
453,1146,11,0.0,
454,1146,8,0.0,
455,1146,52,0.0,
20132,1147,4,16062.0,
20133,1147,5,1119.0,
20134,1147,6,10434.0,
20137,1147,10,16.0,
20140,1147,14,0.0,
20141,1147,15,41914.0,
20143,1147,16,4205.0,
456,1147,9,34732.0,
457,1147,11,0.0,
458,1147,8,0.0,
459,1147,52,0.0,
20183,1148,4,5828.0,
20184,1148,5,307.0,
20185,1148,6,4174.0,
20188,1148,10,7.0,
20191,1148,14,0.0,
20192,1148,15,12820.0,
20194,1148,16,1225.0,
460,1148,9,10165.0,
461,1148,11,0.0,
462,1148,8,0.0,
463,1148,52,0.0,
20234,1149,4,1926.0,
20239,1149,10,8.0,
20242,1149,14,0.0,
20243,1149,15,5902.0,
20245,1149,16,526.0,
464,1149,9,4122.0,
465,1149,11,0.0,
466,1149,8,0.0,
467,1149,52,0.0,
20285,1150,4,21971.0,
20286,1150,5,3079.0,
20287,1150,6,13138.0,
20290,1150,10,40.0,
20293,1150,14,0.0,
20294,1150,15,39724.0,
20296,1150,16,2971.0,
468,1150,9,32801.0,
469,1150,11,0.0,
470,1150,8,0.0,
471,1150,52,0.0,
20336,1151,4,55493.0,
20337,1151,5,5898.0,
20341,1151,10,143.0,
20342,1151,12,0.0,
20343,1151,13,1.0,
20344,1151,14,112.0,
472,1151,9,0.0,
473,1151,11,0.0,
474,1151,8,0.0,
475,1151,52,0.0,
20387,1152,4,5908.0,
20388,1152,5,923.0,
20389,1152,6,3606.0,
20392,1152,10,43.0,
20395,1152,14,0.0,
20396,1152,15,10296.0,
20398,1152,16,903.0,
476,1152,9,7294.0,
477,1152,11,0.0,
478,1152,8,0.0,
479,1152,52,0.0,
20438,1153,4,2938.0,
20439,1153,5,501.0,
20440,1153,6,2774.0,
20443,1153,10,28.0,
20446,1153,14,0.0,
20447,1153,15,5753.0,
20449,1153,16,485.0,
480,1153,9,4300.0,
481,1153,11,0.0,
482,1153,8,0.0,
483,1153,52,0.0,
20489,1154,4,12693.0,
20490,1154,5,1214.0,
20491,1154,6,9502.0,
20494,1154,10,17.0,
20497,1154,14,0.0,
20498,1154,15,36374.0,
20500,1154,16,3925.0,
484,1154,9,29693.0,
485,1154,11,0.0,
486,1154,8,0.0,
487,1154,52,0.0,
20540,1155,4,4528.0,
20541,1155,5,287.0,
20542,1155,6,4430.0,
20545,1155,10,7.0,
20548,1155,14,0.0,
20549,1155,15,10656.0,
20551,1155,16,1060.0,
488,1155,9,8145.0,
489,1155,11,0.0,
490,1155,8,0.0,
491,1155,52,0.0,
20591,1156,4,1852.0,
20596,1156,10,5.0,
20599,1156,14,0.0,
20600,1156,15,4361.0,
20602,1156,16,518.0,
492,1156,9,2881.0,
493,1156,11,0.0,
494,1156,8,0.0,
495,1156,52,0.0,
20642,1157,4,15241.0,
20643,1157,5,2315.0,
20644,1157,6,8768.0,
20647,1157,10,40.0,
20650,1157,14,0.0,
20651,1157,15,30869.0,
20653,1157,16,2684.0,
496,1157,9,25070.0,
497,1157,11,0.0,
498,1157,8,0.0,
499,1157,52,0.0,
20693,1158,4,41989.0,
20694,1158,5,5180.0,
20698,1158,10,134.0,
20699,1158,12,0.0,
20700,1158,13,3.0,
20701,1158,14,82.0,
500,1158,9,0.0,
501,1158,11,0.0,
502,1158,8,0.0,
503,1158,52,0.0,
20744,1159,4,4737.0,
20745,1159,5,863.0,
20746,1159,6,3786.0,
20749,1159,10,37.0,
20752,1159,14,0.0,
20753,1159,15,8261.0,
20755,1159,16,791.0,
504,1159,9,5892.0,
505,1159,11,0.0,
506,1159,8,0.0,
507,1159,52,0.0,
20795,1160,4,3139.0,
20796,1160,5,424.0,
20797,1160,6,2902.0,
20800,1160,10,26.0,
20803,1160,14,0.0,
20804,1160,15,6091.0,
20806,1160,16,640.0,
508,1160,9,4416.0,
509,1160,11,0.0,
510,1160,8,0.0,
511,1160,52,0.0,
20846,1161,4,11803.0,
20847,1161,5,1022.0,
20848,1161,6,9612.0,
20851,1161,10,16.0,
20854,1161,14,0.0,
20855,1161,15,34966.0,
20857,1161,16,3727.0,
512,1161,9,28442.0,
513,1161,11,0.0,
514,1161,8,0.0,
515,1161,52,0.0,
20897,1162,4,4293.0,
20898,1162,5,249.0,
20899,1162,6,5874.0,
20902,1162,10,8.0,
20905,1162,14,0.0,
20906,1162,15,10626.0,
20908,1162,16,1103.0,
516,1162,9,8106.0,
517,1162,11,0.0,
518,1162,8,0.0,
519,1162,52,0.0,
20948,1163,4,2075.0,
20953,1163,10,3.0,
20956,1163,14,0.0,
20957,1163,15,6687.0,
20959,1163,16,643.0,
520,1163,9,4230.0,
521,1163,11,0.0,
522,1163,8,0.0,
523,1163,52,0.0,
20999,1164,4,17205.0,
21000,1164,5,2934.0,
21001,1164,6,12268.0,
21004,1164,10,40.0,
21007,1164,14,0.0,
21008,1164,15,33070.0,
21010,1164,16,2628.0,
524,1164,9,26769.0,
525,1164,11,0.0,
526,1164,8,0.0,
527,1164,52,0.0,
21050,1165,4,43541.0,
21051,1165,5,5516.0,
21055,1165,10,124.0,
21056,1165,12,0.0,
21057,1165,13,5.0,
21058,1165,14,134.0,
528,1165,9,0.0,
529,1165,11,0.0,
530,1165,8,0.0,
531,1165,52,0.0,
21101,1166,4,5026.0,
21102,1166,5,887.0,
21103,1166,6,4406.0,
21106,1166,10,31.0,
21109,1166,14,0.0,
21110,1166,15,8967.0,
21112,1166,16,875.0,
532,1166,9,6261.0,
533,1166,11,0.0,
534,1166,8,0.0,
535,1166,52,0.0,
21152,1167,4,3646.0,
21153,1167,5,477.0,
21154,1167,6,3706.0,
21157,1167,10,27.0,
21160,1167,14,0.0,
21161,1167,15,6665.0,
21163,1167,16,673.0,
536,1167,9,4865.0,
537,1167,11,0.0,
538,1167,8,0.0,
539,1167,52,0.0,
21203,1168,4,11910.0,
21204,1168,5,1077.0,
21205,1168,6,11768.0,
21208,1168,10,17.0,
21211,1168,14,0.0,
21212,1168,15,33683.0,
21214,1168,16,3575.0,
540,1168,9,27561.0,
541,1168,11,0.0,
542,1168,8,0.0,
543,1168,52,0.0,
21254,1169,4,4396.0,
21255,1169,5,309.0,
21256,1169,6,5596.0,
21259,1169,10,6.0,
21262,1169,14,0.0,
21263,1169,15,10950.0,
21265,1169,16,1058.0,
544,1169,9,8427.0,
545,1169,11,0.0,
546,1169,8,0.0,
547,1169,52,0.0,
21305,1170,4,4387.0,
21310,1170,10,2.0,
21313,1170,14,0.0,
21314,1170,15,7324.0,
21316,1170,16,727.0,
548,1170,9,4960.0,
549,1170,11,0.0,
550,1170,8,0.0,
551,1170,52,0.0,
21356,1171,4,16805.0,
21357,1171,5,2859.0,
21358,1171,6,12478.0,
21361,1171,10,42.0,
21364,1171,14,0.0,
21365,1171,15,32399.0,
21367,1171,16,2690.0,
552,1171,9,26072.0,
553,1171,11,0.0,
554,1171,8,0.0,
555,1171,52,0.0,
21407,1172,4,46478.0,
21408,1172,5,5588.0,
21412,1172,10,133.0,
21413,1172,12,0.0,
21414,1172,13,5.0,
21415,1172,14,140.0,
556,1172,9,0.0,
557,1172,11,0.0,
558,1172,8,0.0,
559,1172,52,0.0,
21458,1173,4,5334.0,
21459,1173,5,866.0,
21460,1173,6,6458.0,
21463,1173,10,39.0,
21466,1173,14,0.0,
21467,1173,15,9188.0,
21469,1173,16,909.0,
560,1173,9,6708.0,
561,1173,11,0.0,
562,1173,8,0.0,
563,1173,52,0.0,
21509,1174,4,3293.0,
21510,1174,5,415.0,
21511,1174,6,2704.0,
21514,1174,10,14.0,
21517,1174,14,0.0,
21518,1174,15,5339.0,
21520,1174,16,547.0,
564,1174,9,3896.0,
565,1174,11,0.0,
566,1174,8,0.0,
567,1174,52,0.0,
21560,1175,4,10007.0,
21561,1175,5,754.0,
21562,1175,6,8802.0,
21565,1175,10,18.0,
21568,1175,14,0.0,
21569,1175,15,28586.0,
21571,1175,16,2990.0,
568,1175,9,23315.0,
569,1175,11,0.0,
570,1175,8,0.0,
571,1175,52,0.0,
21611,1176,4,3566.0,
21612,1176,5,181.0,
21613,1176,6,4090.0,
21616,1176,10,7.0,
21619,1176,14,0.0,
21620,1176,15,8971.0,
21622,1176,16,876.0,
572,1176,9,6919.0,
573,1176,11,0.0,
574,1176,8,0.0,
575,1176,52,0.0,
21662,1177,4,2352.0,
21667,1177,10,4.0,
21670,1177,14,0.0,
21671,1177,15,6329.0,
21673,1177,16,663.0,
576,1177,9,4188.0,
577,1177,11,0.0,
578,1177,8,0.0,
579,1177,52,0.0,
21713,1178,4,13113.0,
21714,1178,5,2161.0,
21715,1178,6,10634.0,
21718,1178,10,27.0,
21721,1178,14,0.0,
21722,1178,15,26963.0,
21724,1178,16,2174.0,
580,1178,9,21849.0,
581,1178,11,0.0,
582,1178,8,0.0,
583,1178,52,0.0,
21764,1179,4,36553.0,
21765,1179,5,4199.0,
21769,1179,10,94.0,
21770,1179,12,0.0,
21771,1179,13,4.0,
21772,1179,14,83.0,
584,1179,9,0.0,
585,1179,11,0.0,
586,1179,8,0.0,
587,1179,52,0.0,
21815,1180,4,4222.0,
21816,1180,5,688.0,
21817,1180,6,4912.0,
21820,1180,10,24.0,
21823,1180,14,0.0,
21824,1180,15,7456.0,
21826,1180,16,721.0,
588,1180,9,5388.0,
589,1180,11,0.0,
590,1180,8,0.0,
591,1180,52,0.0,
21866,1181,4,2823.0,
21867,1181,5,218.0,
21868,1181,6,2090.0,
21871,1181,10,20.0,
21874,1181,14,0.0,
21875,1181,15,3854.0,
21877,1181,16,477.0,
592,1181,9,2609.0,
593,1181,11,0.0,
594,1181,8,0.0,
595,1181,52,0.0,
21917,1182,4,9380.0,
21918,1182,5,708.0,
21919,1182,6,11550.0,
21922,1182,10,18.0,
21925,1182,14,0.0,
21926,1182,15,28593.0,
21928,1182,16,2870.0,
596,1182,9,23689.0,
597,1182,11,0.0,
598,1182,8,0.0,
599,1182,52,0.0,
21968,1183,4,3681.0,
21969,1183,5,211.0,
21970,1183,6,6914.0,
21973,1183,10,8.0,
21976,1183,14,0.0,
21977,1183,15,9253.0,
21979,1183,16,965.0,
600,1183,9,7066.0,
601,1183,11,0.0,
602,1183,8,0.0,
603,1183,52,0.0,
22019,1184,4,1367.0,
22024,1184,10,1.0,
22027,1184,14,0.0,
22028,1184,15,5225.0,
22030,1184,16,558.0,
604,1184,9,3399.0,
605,1184,11,0.0,
606,1184,8,0.0,
607,1184,52,0.0,
22070,1185,4,14192.0,
22071,1185,5,2253.0,
22072,1185,6,10768.0,
22075,1185,10,52.0,
22078,1185,14,0.0,
22079,1185,15,27446.0,
22081,1185,16,2284.0,
608,1185,9,22004.0,
609,1185,11,0.0,
610,1185,8,0.0,
611,1185,52,0.0,
22121,1186,4,35856.0,
22122,1186,5,4198.0,
22126,1186,10,147.0,
22127,1186,12,0.0,
22128,1186,13,8.0,
22129,1186,14,104.0,
612,1186,9,0.0,
613,1186,11,0.0,
614,1186,8,0.0,
615,1186,52,0.0,
22172,1187,4,4413.0,
22173,1187,5,808.0,
22174,1187,6,6520.0,
22177,1187,10,48.0,
22180,1187,14,0.0,
22181,1187,15,7017.0,
22183,1187,16,703.0,
616,1187,9,5230.0,
617,1187,11,0.0,
618,1187,8,0.0,
619,1187,52,0.0,
22223,1188,4,3018.0,
22224,1188,5,395.0,
22225,1188,6,4298.0,
22228,1188,10,28.0,
22231,1188,14,0.0,
22232,1188,15,6390.0,
22234,1188,16,719.0,
620,1188,9,4610.0,
621,1188,11,0.0,
622,1188,8,0.0,
623,1188,52,0.0,
22274,1189,4,11261.0,
22275,1189,5,1034.0,
22276,1189,6,11182.0,
22279,1189,10,16.0,
22282,1189,14,0.0,
22283,1189,15,33176.0,
22285,1189,16,3684.0,
624,1189,9,26584.0,
625,1189,11,0.0,
626,1189,8,0.0,
627,1189,52,0.0,
22325,1190,4,4117.0,
22326,1190,5,178.0,
22327,1190,6,5246.0,
22330,1190,10,4.0,
22333,1190,14,0.0,
22334,1190,15,8929.0,
22336,1190,16,1045.0,
628,1190,9,6670.0,
629,1190,11,0.0,
630,1190,8,0.0,
631,1190,52,0.0,
22376,1191,4,1996.0,
22381,1191,10,2.0,
22384,1191,14,0.0,
22385,1191,15,6885.0,
22387,1191,16,601.0,
632,1191,9,4614.0,
633,1191,11,0.0,
634,1191,8,0.0,
635,1191,52,0.0,
22427,1192,4,16189.0,
22428,1192,5,2786.0,
22429,1192,6,12896.0,
22432,1192,10,57.0,
22435,1192,14,0.0,
22436,1192,15,31809.0,
22438,1192,16,2757.0,
636,1192,9,25421.0,
637,1192,11,0.0,
638,1192,8,0.0,
639,1192,52,0.0,
22478,1193,4,41378.0,
22479,1193,5,5348.0,
22483,1193,10,151.0,
22484,1193,12,0.0,
22485,1193,13,7.0,
22486,1193,14,102.0,
640,1193,9,0.0,
641,1193,11,0.0,
642,1193,8,0.0,
643,1193,52,0.0,
22529,1194,4,4797.0,
22530,1194,5,955.0,
22531,1194,6,5114.0,
22534,1194,10,44.0,
22537,1194,14,0.0,
22538,1194,15,8263.0,
22540,1194,16,866.0,
644,1194,9,5911.0,
645,1194,11,0.0,
646,1194,8,0.0,
647,1194,52,0.0,
22580,1195,4,3212.0,
22581,1195,5,425.0,
22582,1195,6,4674.0,
22585,1195,10,24.0,
22588,1195,14,0.0,
22589,1195,15,6132.0,
22591,1195,16,728.0,
648,1195,9,4453.0,
649,1195,11,0.0,
650,1195,8,0.0,
651,1195,52,0.0,
22631,1196,4,11810.0,
22632,1196,5,987.0,
22633,1196,6,11546.0,
22636,1196,10,17.0,
22639,1196,14,0.0,
22640,1196,15,29933.0,
22642,1196,16,3326.0,
652,1196,9,24106.0,
653,1196,11,0.0,
654,1196,8,0.0,
655,1196,52,0.0,
22682,1197,4,4080.0,
22683,1197,5,268.0,
22684,1197,6,7448.0,
22687,1197,10,5.0,
22690,1197,14,0.0,
22691,1197,15,9063.0,
22693,1197,16,1014.0,
656,1197,9,6864.0,
657,1197,11,0.0,
658,1197,8,0.0,
659,1197,52,0.0,
22733,1198,4,1856.0,
22738,1198,10,7.0,
22741,1198,14,0.0,
22742,1198,15,6671.0,
22744,1198,16,680.0,
660,1198,9,4496.0,
661,1198,11,0.0,
662,1198,8,0.0,
663,1198,52,0.0,
22784,1199,4,16476.0,
22785,1199,5,2736.0,
22786,1199,6,14802.0,
22789,1199,10,47.0,
22792,1199,14,0.0,
22793,1199,15,31716.0,
22795,1199,16,2329.0,
664,1199,9,25963.0,
665,1199,11,0.0,
666,1199,8,0.0,
667,1199,52,0.0,
22835,1200,4,42006.0,
22836,1200,5,5291.0,
22840,1200,10,139.0,
22841,1200,12,0.0,
22842,1200,13,3.0,
22843,1200,14,138.0,
668,1200,9,0.0,
669,1200,11,0.0,
670,1200,8,0.0,
671,1200,52,0.0,
22886,1201,4,4572.0,
22887,1201,5,875.0,
22888,1201,6,4234.0,
22891,1201,10,39.0,
22894,1201,14,0.0,
22895,1201,15,7776.0,
22897,1201,16,743.0,
672,1201,9,5535.0,
673,1201,11,0.0,
674,1201,8,0.0,
675,1201,52,0.0,
22937,1202,4,1700.0,
22938,1202,5,197.0,
22939,1202,6,2212.0,
22942,1202,10,12.0,
22945,1202,14,0.0,
22946,1202,15,3205.0,
22948,1202,16,344.0,
676,1202,9,2342.0,
677,1202,11,0.0,
678,1202,8,0.0,
679,1202,52,0.0,
22988,1203,4,5408.0,
22989,1203,5,453.0,
22990,1203,6,5136.0,
22993,1203,10,8.0,
22996,1203,14,0.0,
22997,1203,15,16782.0,
22999,1203,16,1760.0,
680,1203,9,13824.0,
681,1203,11,0.0,
682,1203,8,0.0,
683,1203,52,0.0,
23039,1204,4,1922.0,
23040,1204,5,120.0,
23041,1204,6,4000.0,
23044,1204,10,4.0,
23047,1204,14,0.0,
23048,1204,15,5089.0,
23050,1204,16,402.0,
684,1204,9,4024.0,
685,1204,11,0.0,
686,1204,8,0.0,
687,1204,52,0.0,
23090,1205,4,1795.0,
23095,1205,10,1.0,
23098,1205,14,0.0,
23099,1205,15,4208.0,
23101,1205,16,390.0,
688,1205,9,2761.0,
689,1205,11,0.0,
690,1205,8,0.0,
691,1205,52,0.0,
23141,1206,4,8010.0,
23142,1206,5,1310.0,
23143,1206,6,6732.0,
23146,1206,10,27.0,
23149,1206,14,0.0,
23150,1206,15,16193.0,
23152,1206,16,1180.0,
692,1206,9,13068.0,
693,1206,11,0.0,
694,1206,8,0.0,
695,1206,52,0.0,
23192,1207,4,21145.0,
23193,1207,5,2460.0,
23197,1207,10,74.0,
23198,1207,12,0.0,
23199,1207,13,1.0,
23200,1207,14,49.0,
696,1207,9,0.0,
697,1207,11,0.0,
698,1207,8,0.0,
699,1207,52,0.0,
23243,1208,4,2310.0,
23244,1208,5,380.0,
23245,1208,6,2614.0,
23248,1208,10,22.0,
23251,1208,14,0.0,
23252,1208,15,4095.0,
23254,1208,16,523.0,
700,1208,9,2819.0,
701,1208,11,0.0,
702,1208,8,0.0,
703,1208,52,0.0,
704,1209,9,0.0,
705,1209,11,0.0,
706,1209,8,0.0,
707,1209,52,0.0,
708,1210,9,0.0,
709,1210,11,0.0,
710,1210,8,0.0,
711,1210,52,0.0,
712,1211,9,0.0,
713,1211,11,0.0,
714,1211,8,0.0,
715,1211,52,0.0,
716,1212,9,0.0,
717,1212,11,0.0,
718,1212,8,0.0,
719,1212,52,0.0,
720,1213,9,0.0,
721,1213,11,0.0,
722,1213,8,0.0,
723,1213,52,0.0,
724,1214,9,0.0,
725,1214,11,0.0,
726,1214,8,0.0,
727,1214,52,0.0,
728,1215,9,0.0,
729,1215,11,0.0,
730,1215,8,0.0,
731,1215,52,0.0,
23659,1216,14,0.0,
23660,1216,15,12.0,
23662,1216,16,2.0,
732,1216,9,3.0,
733,1216,11,0.0,
734,1216,8,0.0,
735,1216,52,0.0,
23710,1217,14,0.0,
23711,1217,15,269.0,
23713,1217,16,7.0,
736,1217,9,235.0,
737,1217,11,0.0,
738,1217,8,0.0,
739,1217,52,0.0,
23761,1218,14,0.0,
23762,1218,15,253.0,
23764,1218,16,14.0,
740,1218,9,216.0,
741,1218,11,0.0,
742,1218,8,0.0,
743,1218,52,0.0,
23812,1219,14,0.0,
23813,1219,15,48.0,
744,1219,9,27.0,
745,1219,11,0.0,
746,1219,8,0.0,
747,1219,52,0.0,
23863,1220,14,0.0,
23864,1220,15,360.0,
23866,1220,16,27.0,
748,1220,9,224.0,
749,1220,11,0.0,
750,1220,8,0.0,
751,1220,52,0.0,
23913,1221,13,0.0,
23914,1221,14,1.0,
752,1221,9,0.0,
753,1221,11,0.0,
754,1221,8,0.0,
755,1221,52,0.0,
23965,1222,14,0.0,
23966,1222,15,83.0,
23968,1222,16,28.0,
756,1222,9,46.0,
757,1222,11,0.0,
758,1222,8,0.0,
759,1222,52,0.0,
24008,1223,4,733.0,
24013,1223,10,5.0,
24016,1223,14,0.0,
24017,1223,15,2058.0,
24019,1223,16,464.0,
760,1223,9,778.0,
761,1223,11,0.0,
762,1223,8,0.0,
763,1223,52,0.0,
24067,1224,14,0.0,
24068,1224,15,11126.0,
24070,1224,16,3959.0,
764,1224,9,6215.0,
765,1224,11,0.0,
766,1224,8,0.0,
767,1224,52,0.0,
24110,1225,4,627.0,
24118,1225,14,0.0,
24119,1225,15,4284.0,
24121,1225,16,1125.0,
768,1225,9,2038.0,
769,1225,11,0.0,
770,1225,8,0.0,
771,1225,52,0.0,
24161,1226,4,331.0,
24166,1226,10,2.0,
24169,1226,14,0.0,
24170,1226,15,3196.0,
24172,1226,16,191.0,
772,1226,9,1864.0,
773,1226,11,0.0,
774,1226,8,0.0,
775,1226,52,0.0,
24212,1227,4,1813.0,
24217,1227,10,5.0,
24220,1227,14,0.0,
24221,1227,15,10466.0,
24223,1227,16,2681.0,
776,1227,9,5494.0,
777,1227,11,0.0,
778,1227,8,0.0,
779,1227,52,0.0,
24263,1228,4,4053.0,
24268,1228,10,33.0,
24269,1228,12,0.0,
24270,1228,13,4.0,
24271,1228,14,19.0,
780,1228,9,0.0,
781,1228,11,0.0,
782,1228,8,0.0,
783,1228,52,0.0,
24314,1229,4,549.0,
24319,1229,10,21.0,
24322,1229,14,0.0,
24323,1229,15,2857.0,
24325,1229,16,704.0,
784,1229,9,1122.0,
785,1229,11,0.0,
786,1229,8,0.0,
787,1229,52,0.0,
24365,1230,4,943.0,
24370,1230,10,13.0,
24373,1230,14,0.0,
24374,1230,15,874.0,
24376,1230,16,584.0,
788,1230,9,2908.0,
789,1230,11,0.0,
790,1230,8,0.0,
791,1230,52,0.0,
24416,1231,4,2514.0,
24421,1231,10,8.0,
24424,1231,14,0.0,
24425,1231,15,1189.0,
24427,1231,16,4848.0,
792,1231,9,17798.0,
793,1231,11,0.0,
794,1231,8,0.0,
795,1231,52,0.0,
24467,1232,4,801.0,
24472,1232,10,5.0,
24475,1232,14,0.0,
24476,1232,15,1155.0,
24478,1232,16,1216.0,
796,1232,9,6114.0,
797,1232,11,0.0,
798,1232,8,0.0,
799,1232,52,0.0,
24518,1233,4,324.0,
24523,1233,10,3.0,
24526,1233,14,0.0,
24527,1233,15,179.0,
24529,1233,16,457.0,
800,1233,9,3831.0,
801,1233,11,0.0,
802,1233,8,0.0,
803,1233,52,0.0,
24569,1234,4,2831.0,
24574,1234,10,26.0,
24577,1234,14,0.0,
24578,1234,15,2616.0,
24580,1234,16,2725.0,
804,1234,9,14887.0,
805,1234,11,0.0,
806,1234,8,0.0,
807,1234,52,0.0,
24620,1235,4,8244.0,
24625,1235,10,80.0,
24626,1235,12,0.0,
24627,1235,13,8.0,
24628,1235,14,63.0,
808,1235,9,49347.0,
809,1235,11,0.0,
810,1235,8,0.0,
811,1235,52,0.0,
24671,1236,4,831.0,
24676,1236,10,25.0,
24679,1236,14,0.0,
24680,1236,15,1183.0,
24682,1236,16,742.0,
812,1236,9,3809.0,
813,1236,11,0.0,
814,1236,8,0.0,
815,1236,52,0.0,
24722,1237,4,960.0,
24727,1237,10,14.0,
24730,1237,14,0.0,
24731,1237,15,898.0,
24733,1237,16,582.0,
816,1237,9,2671.0,
817,1237,11,0.0,
818,1237,8,0.0,
819,1237,52,0.0,
24773,1238,4,2913.0,
24778,1238,10,5.0,
24781,1238,14,0.0,
24782,1238,15,1291.0,
24784,1238,16,4806.0,
820,1238,9,18021.0,
821,1238,11,0.0,
822,1238,8,0.0,
823,1238,52,0.0,
24824,1239,4,834.0,
24829,1239,10,4.0,
24832,1239,14,0.0,
24833,1239,15,1128.0,
24835,1239,16,1221.0,
824,1239,9,5608.0,
825,1239,11,0.0,
826,1239,8,0.0,
827,1239,52,0.0,
24875,1240,4,321.0,
24880,1240,10,2.0,
24883,1240,14,0.0,
24884,1240,15,224.0,
24886,1240,16,468.0,
828,1240,9,3930.0,
829,1240,11,0.0,
830,1240,8,0.0,
831,1240,52,0.0,
24926,1241,4,2674.0,
24931,1241,10,28.0,
24934,1241,14,0.0,
24935,1241,15,2758.0,
24937,1241,16,2915.0,
832,1241,9,14527.0,
833,1241,11,0.0,
834,1241,8,0.0,
835,1241,52,0.0,
24977,1242,4,8557.0,
24982,1242,10,77.0,
24983,1242,12,0.0,
24984,1242,13,9.0,
24985,1242,14,71.0,
836,1242,9,48427.0,
837,1242,11,0.0,
838,1242,8,0.0,
839,1242,52,0.0,
25028,1243,4,855.0,
25033,1243,10,24.0,
25036,1243,14,0.0,
25037,1243,15,1159.0,
25039,1243,16,726.0,
840,1243,9,3670.0,
841,1243,11,0.0,
842,1243,8,0.0,
843,1243,52,0.0,
25079,1244,4,976.0,
25084,1244,10,13.0,
25087,1244,14,0.0,
25088,1244,15,789.0,
25090,1244,16,623.0,
844,1244,9,2768.0,
845,1244,11,0.0,
846,1244,8,0.0,
847,1244,52,0.0,
25130,1245,4,2947.0,
25135,1245,10,8.0,
25138,1245,14,0.0,
25139,1245,15,1196.0,
25141,1245,16,4761.0,
848,1245,9,18454.0,
849,1245,11,0.0,
850,1245,8,0.0,
851,1245,52,0.0,
25181,1246,4,612.0,
25186,1246,10,5.0,
25189,1246,14,0.0,
25190,1246,15,1136.0,
25192,1246,16,1096.0,
852,1246,9,5029.0,
853,1246,11,0.0,
854,1246,8,0.0,
855,1246,52,0.0,
25232,1247,4,427.0,
25237,1247,10,3.0,
25240,1247,14,0.0,
25241,1247,15,259.0,
25243,1247,16,446.0,
856,1247,9,4630.0,
857,1247,11,0.0,
858,1247,8,0.0,
859,1247,52,0.0,
25283,1248,4,2721.0,
25288,1248,10,34.0,
25291,1248,14,0.0,
25292,1248,15,2636.0,
25294,1248,16,2863.0,
860,1248,9,14834.0,
861,1248,11,0.0,
862,1248,8,0.0,
863,1248,52,0.0,
25334,1249,4,8610.0,
25339,1249,10,87.0,
25340,1249,12,0.0,
25341,1249,13,3.0,
25342,1249,14,103.0,
864,1249,9,49260.0,
865,1249,11,0.0,
866,1249,8,0.0,
867,1249,52,0.0,
25385,1250,4,927.0,
25390,1250,10,24.0,
25393,1250,14,0.0,
25394,1250,15,1135.0,
25396,1250,16,753.0,
868,1250,9,3545.0,
869,1250,11,0.0,
870,1250,8,0.0,
871,1250,52,0.0,
25436,1251,4,1042.0,
25437,1251,5,27.0,
25438,1251,6,1622.0,
25441,1251,10,17.0,
25444,1251,14,0.0,
25445,1251,15,797.0,
25447,1251,16,539.0,
872,1251,9,3098.0,
873,1251,11,0.0,
874,1251,8,0.0,
875,1251,52,0.0,
25487,1252,4,4541.0,
25488,1252,5,80.0,
25489,1252,6,5836.0,
25492,1252,10,13.0,
25495,1252,14,0.0,
25496,1252,15,1137.0,
25498,1252,16,4657.0,
876,1252,9,21288.0,
877,1252,11,0.0,
878,1252,8,0.0,
879,1252,52,0.0,
25538,1253,4,1790.0,
25539,1253,5,34.0,
25540,1253,6,2414.0,
25543,1253,10,5.0,
25546,1253,14,0.0,
25547,1253,15,1027.0,
25549,1253,16,1120.0,
880,1253,9,6382.0,
881,1253,11,0.0,
882,1253,8,0.0,
883,1253,52,0.0,
25589,1254,4,1468.0,
25594,1254,10,7.0,
25597,1254,14,0.0,
25598,1254,15,262.0,
25600,1254,16,440.0,
884,1254,9,3811.0,
885,1254,11,0.0,
886,1254,8,0.0,
887,1254,52,0.0,
25640,1255,4,4894.0,
25641,1255,5,236.0,
25642,1255,6,5462.0,
25645,1255,10,36.0,
25648,1255,14,0.0,
25649,1255,15,2566.0,
25651,1255,16,2627.0,
888,1255,9,16748.0,
889,1255,11,0.0,
890,1255,8,0.0,
891,1255,52,0.0,
25691,1256,4,15046.0,
25692,1256,5,414.0,
25696,1256,10,110.0,
25697,1256,12,0.0,
25698,1256,13,5.0,
25699,1256,14,59.0,
892,1256,9,55588.0,
893,1256,11,0.0,
894,1256,8,0.0,
895,1256,52,0.0,
25742,1257,4,1311.0,
25743,1257,5,37.0,
25744,1257,6,2406.0,
25747,1257,10,32.0,
25750,1257,14,0.0,
25751,1257,15,1232.0,
25753,1257,16,654.0,
896,1257,9,4261.0,
897,1257,11,0.0,
898,1257,8,0.0,
899,1257,52,0.0,
25793,1258,4,1483.0,
25794,1258,5,67.0,
25795,1258,6,2956.0,
25798,1258,10,18.0,
25801,1258,14,0.0,
25802,1258,15,760.0,
25804,1258,16,475.0,
900,1258,9,3434.0,
901,1258,11,0.0,
902,1258,8,0.0,
903,1258,52,0.0,
25844,1259,4,3978.0,
25845,1259,5,73.0,
25846,1259,6,4610.0,
25849,1259,10,4.0,
25852,1259,14,0.0,
25853,1259,15,610.0,
25855,1259,16,3147.0,
904,1259,9,16554.0,
905,1259,11,0.0,
906,1259,8,0.0,
907,1259,52,0.0,
25895,1260,4,1843.0,
25896,1260,5,29.0,
25897,1260,6,3800.0,
25900,1260,10,6.0,
25903,1260,14,0.0,
25904,1260,15,814.0,
25906,1260,16,966.0,
908,1260,9,6296.0,
909,1260,11,0.0,
910,1260,8,0.0,
911,1260,52,0.0,
25946,1261,4,435.0,
25951,1261,10,5.0,
25954,1261,14,0.0,
25955,1261,15,166.0,
25957,1261,16,449.0,
912,1261,9,4248.0,
913,1261,11,0.0,
914,1261,8,0.0,
915,1261,52,0.0,
25997,1262,4,5636.0,
25998,1262,5,353.0,
25999,1262,6,7490.0,
26002,1262,10,34.0,
26005,1262,14,0.0,
26006,1262,15,1952.0,
26008,1262,16,2257.0,
916,1262,9,17423.0,
917,1262,11,0.0,
918,1262,8,0.0,
919,1262,52,0.0,
26048,1263,4,14813.0,
26049,1263,5,601.0,
26053,1263,10,94.0,
26054,1263,12,0.0,
26055,1263,13,5.0,
26056,1263,14,94.0,
920,1263,9,51934.0,
921,1263,11,0.0,
922,1263,8,0.0,
923,1263,52,0.0,
26099,1264,4,1438.0,
26100,1264,5,79.0,
26101,1264,6,3196.0,
26104,1264,10,27.0,
26107,1264,14,0.0,
26108,1264,15,943.0,
26110,1264,16,514.0,
924,1264,9,3979.0,
925,1264,11,0.0,
926,1264,8,0.0,
927,1264,52,0.0,
26150,1265,4,1150.0,
26151,1265,5,41.0,
26152,1265,6,1774.0,
26155,1265,10,12.0,
26158,1265,14,0.0,
26159,1265,15,507.0,
26161,1265,16,351.0,
928,1265,9,2630.0,
929,1265,11,0.0,
930,1265,8,0.0,
931,1265,52,0.0,
26201,1266,4,3434.0,
26202,1266,5,142.0,
26203,1266,6,6770.0,
26206,1266,10,8.0,
26209,1266,14,0.0,
26210,1266,15,951.0,
26212,1266,16,2769.0,
932,1266,9,19220.0,
933,1266,11,0.0,
934,1266,8,0.0,
935,1266,52,0.0,
26252,1267,4,1974.0,
26253,1267,5,57.0,
26254,1267,6,4584.0,
26257,1267,10,5.0,
26260,1267,14,0.0,
26261,1267,15,827.0,
26263,1267,16,879.0,
936,1267,9,6727.0,
937,1267,11,0.0,
938,1267,8,0.0,
939,1267,52,0.0,
26303,1268,4,1090.0,
26308,1268,10,3.0,
26311,1268,14,0.0,
26312,1268,15,161.0,
26314,1268,16,492.0,
940,1268,9,4434.0,
941,1268,11,0.0,
942,1268,8,0.0,
943,1268,52,0.0,
26354,1269,4,5806.0,
26355,1269,5,583.0,
26356,1269,6,6370.0,
26359,1269,10,38.0,
26362,1269,14,0.0,
26363,1269,15,1977.0,
26365,1269,16,1957.0,
944,1269,9,17954.0,
945,1269,11,0.0,
946,1269,8,0.0,
947,1269,52,0.0,
26405,1270,4,14482.0,
26406,1270,5,908.0,
26410,1270,10,86.0,
26411,1270,12,0.0,
26412,1270,13,2.0,
26413,1270,14,77.0,
948,1270,9,53731.0,
949,1270,11,0.0,
950,1270,8,0.0,
951,1270,52,0.0,
26456,1271,4,1028.0,
26457,1271,5,85.0,
26458,1271,6,2782.0,
26461,1271,10,20.0,
26464,1271,14,0.0,
26465,1271,15,609.0,
26467,1271,16,423.0,
952,1271,9,2766.0,
953,1271,11,0.0,
954,1271,8,0.0,
955,1271,52,0.0,
26507,1272,4,1398.0,
26508,1272,5,123.0,
26509,1272,6,3176.0,
26512,1272,10,15.0,
26515,1272,14,0.0,
26516,1272,15,717.0,
26518,1272,16,480.0,
956,1272,9,3646.0,
957,1272,11,0.0,
958,1272,8,0.0,
959,1272,52,0.0,
26558,1273,4,4545.0,
26559,1273,5,252.0,
26560,1273,6,8568.0,
26563,1273,10,8.0,
26566,1273,14,0.0,
26567,1273,15,983.0,
26569,1273,16,4133.0,
960,1273,9,24094.0,
961,1273,11,0.0,
962,1273,8,0.0,
963,1273,52,0.0,
26609,1274,4,1947.0,
26610,1274,5,55.0,
26611,1274,6,4066.0,
26614,1274,10,9.0,
26617,1274,14,0.0,
26618,1274,15,895.0,
26620,1274,16,1042.0,
964,1274,9,6932.0,
965,1274,11,0.0,
966,1274,8,0.0,
967,1274,52,0.0,
26660,1275,4,413.0,
26665,1275,10,3.0,
26668,1275,14,0.0,
26669,1275,15,159.0,
26671,1275,16,321.0,
968,1275,9,3525.0,
969,1275,11,0.0,
970,1275,8,0.0,
971,1275,52,0.0,
26711,1276,4,5634.0,
26712,1276,5,703.0,
26713,1276,6,6164.0,
26716,1276,10,40.0,
26719,1276,14,0.0,
26720,1276,15,2341.0,
26722,1276,16,2279.0,
972,1276,9,18690.0,
973,1276,11,0.0,
974,1276,8,0.0,
975,1276,52,0.0,
26762,1277,4,15690.0,
26763,1277,5,1285.0,
26767,1277,10,106.0,
26768,1277,12,0.0,
26769,1277,13,3.0,
26770,1277,14,73.0,
976,1277,9,61529.0,
977,1277,11,0.0,
978,1277,8,0.0,
979,1277,52,0.0,
26813,1278,4,1753.0,
26814,1278,5,152.0,
26815,1278,6,2690.0,
26818,1278,10,31.0,
26821,1278,14,0.0,
26822,1278,15,1187.0,
26824,1278,16,520.0,
980,1278,9,4642.0,
981,1278,11,0.0,
982,1278,8,0.0,
983,1278,52,0.0,
26864,1279,4,1493.0,
26865,1279,5,130.0,
26866,1279,6,3032.0,
26869,1279,10,15.0,
26872,1279,14,0.0,
26873,1279,15,706.0,
26875,1279,16,467.0,
984,1279,9,3696.0,
985,1279,11,0.0,
986,1279,8,0.0,
987,1279,52,0.0,
26915,1280,4,1400.0,
26916,1280,5,75.0,
26917,1280,6,2178.0,
26920,1280,10,1.0,
26923,1280,14,0.0,
26924,1280,15,314.0,
26926,1280,16,1883.0,
988,1280,9,10071.0,
989,1280,11,0.0,
990,1280,8,0.0,
991,1280,52,0.0,
26966,1281,4,2059.0,
26967,1281,5,101.0,
26968,1281,6,4050.0,
26971,1281,10,7.0,
26974,1281,14,0.0,
26975,1281,15,817.0,
26977,1281,16,1043.0,
992,1281,9,6943.0,
993,1281,11,0.0,
994,1281,8,0.0,
995,1281,52,0.0,
27017,1282,4,848.0,
27022,1282,10,3.0,
27025,1282,14,0.0,
27026,1282,15,169.0,
27028,1282,16,428.0,
996,1282,9,4009.0,
997,1282,11,0.0,
998,1282,8,0.0,
999,1282,52,0.0,
27068,1283,4,6277.0,
27069,1283,5,812.0,
27070,1283,6,6632.0,
27073,1283,10,36.0,
27076,1283,14,0.0,
27077,1283,15,2123.0,
27079,1283,16,2589.0,
1000,1283,9,20750.0,
1001,1283,11,0.0,
1002,1283,8,0.0,
1003,1283,52,0.0,
27119,1284,4,13844.0,
27120,1284,5,1303.0,
27124,1284,10,90.0,
27125,1284,12,0.0,
27126,1284,13,6.0,
27127,1284,14,72.0,
1004,1284,9,49762.0,
1005,1284,11,0.0,
1006,1284,8,0.0,
1007,1284,52,0.0,
27170,1285,4,1767.0,
27171,1285,5,185.0,
27172,1285,6,3252.0,
27175,1285,10,28.0,
27178,1285,14,0.0,
27179,1285,15,946.0,
27181,1285,16,541.0,
1008,1285,9,4293.0,
1009,1285,11,0.0,
1010,1285,8,0.0,
1011,1285,52,0.0,
27221,1286,4,1731.0,
27222,1286,5,158.0,
27223,1286,6,3310.0,
27226,1286,10,31.0,
27229,1286,14,0.0,
27230,1286,15,722.0,
27232,1286,16,608.0,
1012,1286,9,4249.0,
1013,1286,11,0.0,
1014,1286,8,0.0,
1015,1286,52,0.0,
27272,1287,4,5750.0,
27273,1287,5,384.0,
27274,1287,6,6990.0,
27277,1287,10,8.0,
27280,1287,14,0.0,
27281,1287,15,1251.0,
27283,1287,16,3819.0,
1016,1287,9,29627.0,
1017,1287,11,0.0,
1018,1287,8,0.0,
1019,1287,52,0.0,
27323,1288,4,2378.0,
27324,1288,5,79.0,
27325,1288,6,4180.0,
27328,1288,10,12.0,
27331,1288,14,0.0,
27332,1288,15,811.0,
27334,1288,16,1104.0,
1020,1288,9,7312.0,
1021,1288,11,0.0,
1022,1288,8,0.0,
1023,1288,52,0.0,
27374,1289,4,461.0,
27379,1289,10,2.0,
27382,1289,14,0.0,
27383,1289,15,221.0,
27385,1289,16,257.0,
1024,1289,9,4695.0,
1025,1289,11,0.0,
1026,1289,8,0.0,
1027,1289,52,0.0,
27425,1290,4,7069.0,
27426,1290,5,893.0,
27427,1290,6,5156.0,
27430,1290,10,66.0,
27433,1290,14,0.0,
27434,1290,15,2459.0,
27436,1290,16,2410.0,
1028,1290,9,22389.0,
1029,1290,11,0.0,
1030,1290,8,0.0,
1031,1290,52,0.0,
27476,1291,4,19433.0,
27477,1291,5,1762.0,
27481,1291,10,155.0,
27482,1291,12,0.0,
27483,1291,13,6.0,
27484,1291,14,76.0,
1032,1291,9,73081.0,
1033,1291,11,0.0,
1034,1291,8,0.0,
1035,1291,52,0.0,
27527,1292,4,2044.0,
27528,1292,5,248.0,
27529,1292,6,3462.0,
27532,1292,10,36.0,
27535,1292,14,0.0,
27536,1292,15,1033.0,
27538,1292,16,596.0,
1036,1292,9,4809.0,
1037,1292,11,0.0,
1038,1292,8,0.0,
1039,1292,52,0.0,
27578,1293,4,1639.0,
27579,1293,5,133.0,
27580,1293,6,2926.0,
27583,1293,10,17.0,
27586,1293,14,0.0,
27587,1293,15,654.0,
27589,1293,16,452.0,
1040,1293,9,3635.0,
1041,1293,11,0.0,
1042,1293,8,0.0,
1043,1293,52,0.0,
27629,1294,4,4981.0,
27630,1294,5,339.0,
27631,1294,6,7472.0,
27634,1294,10,12.0,
27637,1294,14,0.0,
27638,1294,15,926.0,
27640,1294,16,2920.0,
1044,1294,9,24311.0,
1045,1294,11,0.0,
1046,1294,8,0.0,
1047,1294,52,0.0,
27680,1295,4,2433.0,
27681,1295,5,109.0,
27682,1295,6,5248.0,
27685,1295,10,10.0,
27688,1295,14,0.0,
27689,1295,15,829.0,
27691,1295,16,895.0,
1048,1295,9,7165.0,
1049,1295,11,0.0,
1050,1295,8,0.0,
1051,1295,52,0.0,
27731,1296,4,941.0,
27736,1296,10,2.0,
27739,1296,14,0.0,
27740,1296,15,211.0,
27742,1296,16,322.0,
1052,1296,9,4009.0,
1053,1296,11,0.0,
1054,1296,8,0.0,
1055,1296,52,0.0,
27782,1297,4,6561.0,
27783,1297,5,780.0,
27784,1297,6,7292.0,
27787,1297,10,50.0,
27790,1297,14,0.0,
27791,1297,15,1986.0,
27793,1297,16,1958.0,
1056,1297,9,20229.0,
1057,1297,11,0.0,
1058,1297,8,0.0,
1059,1297,52,0.0,
27833,1298,4,18892.0,
27834,1298,5,1590.0,
27838,1298,10,128.0,
27839,1298,12,0.0,
27840,1298,13,2.0,
27841,1298,14,105.0,
1060,1298,9,63699.0,
1061,1298,11,0.0,
1062,1298,8,0.0,
1063,1298,52,0.0,
27884,1299,4,2337.0,
27885,1299,5,229.0,
27886,1299,6,3444.0,
27889,1299,10,37.0,
27892,1299,14,0.0,
27893,1299,15,920.0,
27895,1299,16,522.0,
1064,1299,9,4350.0,
1065,1299,11,0.0,
1066,1299,8,0.0,
1067,1299,52,0.0,
27935,1300,4,1678.0,
27936,1300,5,158.0,
27937,1300,6,2692.0,
27940,1300,10,17.0,
27943,1300,14,0.0,
27944,1300,15,674.0,
27946,1300,16,451.0,
1068,1300,9,3782.0,
1069,1300,11,0.0,
1070,1300,8,0.0,
1071,1300,52,0.0,
27986,1301,4,4835.0,
27987,1301,5,318.0,
27988,1301,6,7574.0,
27991,1301,10,17.0,
27994,1301,14,0.0,
27995,1301,15,832.0,
27997,1301,16,3113.0,
1072,1301,9,25321.0,
1073,1301,11,0.0,
1074,1301,8,0.0,
1075,1301,52,0.0,
28037,1302,4,2343.0,
28038,1302,5,114.0,
28039,1302,6,4660.0,
28042,1302,10,13.0,
28045,1302,14,0.0,
28046,1302,15,897.0,
28048,1302,16,751.0,
1076,1302,9,7021.0,
1077,1302,11,0.0,
1078,1302,8,0.0,
1079,1302,52,0.0,
28088,1303,4,664.0,
28093,1303,10,2.0,
28096,1303,14,0.0,
28097,1303,15,190.0,
28099,1303,16,293.0,
1080,1303,9,2431.0,
1081,1303,11,0.0,
1082,1303,8,0.0,
1083,1303,52,0.0,
28139,1304,4,6639.0,
28140,1304,5,848.0,
28141,1304,6,7164.0,
28144,1304,10,45.0,
28147,1304,14,0.0,
28148,1304,15,1836.0,
28150,1304,16,1971.0,
1084,1304,9,20726.0,
1085,1304,11,0.0,
1086,1304,8,0.0,
1087,1304,52,0.0,
28190,1305,4,17883.0,
28191,1305,5,1607.0,
28195,1305,10,127.0,
28196,1305,12,0.0,
28197,1305,13,1.0,
28198,1305,14,68.0,
1088,1305,9,62688.0,
1089,1305,11,0.0,
1090,1305,8,0.0,
1091,1305,52,0.0,
28241,1306,4,1724.0,
28242,1306,5,169.0,
28243,1306,6,2304.0,
28246,1306,10,33.0,
28249,1306,14,0.0,
28250,1306,15,667.0,
28252,1306,16,433.0,
1092,1306,9,3407.0,
1093,1306,11,0.0,
1094,1306,8,0.0,
1095,1306,52,0.0,
28292,1307,4,2234.0,
28293,1307,5,166.0,
28294,1307,6,9498.0,
28297,1307,10,34.0,
28300,1307,14,0.0,
28301,1307,15,808.0,
28303,1307,16,645.0,
1096,1307,9,5716.0,
1097,1307,11,0.0,
1098,1307,8,0.0,
1099,1307,52,0.0,
28343,1308,4,7530.0,
28344,1308,5,394.0,
28345,1308,6,24478.0,
28348,1308,10,19.0,
28351,1308,14,0.0,
28352,1308,15,1049.0,
28354,1308,16,3916.0,
1100,1308,9,34889.0,
1101,1308,11,0.0,
1102,1308,8,0.0,
1103,1308,52,0.0,
28394,1309,4,3049.0,
28395,1309,5,126.0,
28396,1309,6,27076.0,
28399,1309,10,14.0,
28402,1309,14,0.0,
28403,1309,15,1104.0,
28405,1309,16,888.0,
1104,1309,9,8885.0,
1105,1309,11,0.0,
1106,1309,8,0.0,
1107,1309,52,0.0,
28445,1310,4,639.0,
28450,1310,10,2.0,
28453,1310,14,0.0,
28454,1310,15,260.0,
28456,1310,16,423.0,
1108,1310,9,3413.0,
1109,1310,11,0.0,
1110,1310,8,0.0,
1111,1310,52,0.0,
28496,1311,4,9049.0,
28497,1311,5,965.0,
28498,1311,6,104978.0,
28501,1311,10,58.0,
28504,1311,14,0.0,
28505,1311,15,2309.0,
28507,1311,16,2406.0,
1112,1311,9,27289.0,
1113,1311,11,0.0,
1114,1311,8,0.0,
1115,1311,52,0.0,
28547,1312,4,25351.0,
28548,1312,5,1936.0,
28552,1312,10,179.0,
28553,1312,12,0.0,
28554,1312,13,3.0,
28555,1312,14,113.0,
1116,1312,9,86367.0,
1117,1312,11,0.0,
1118,1312,8,0.0,
1119,1312,52,0.0,
28598,1313,4,2850.0,
28599,1313,5,285.0,
28600,1313,6,12412.0,
28603,1313,10,52.0,
28606,1313,14,0.0,
28607,1313,15,1098.0,
28609,1313,16,641.0,
1120,1313,9,6175.0,
1121,1313,11,0.0,
1122,1313,8,0.0,
1123,1313,52,0.0,
28649,1314,4,2405.0,
28650,1314,5,160.0,
28651,1314,6,13076.0,
28654,1314,10,34.0,
28657,1314,14,0.0,
28658,1314,15,745.0,
28660,1314,16,568.0,
1124,1314,9,6234.0,
1125,1314,11,0.0,
1126,1314,8,0.0,
1127,1314,52,0.0,
28700,1315,4,8491.0,
28701,1315,5,497.0,
28702,1315,6,34722.0,
28705,1315,10,17.0,
28708,1315,14,0.0,
28709,1315,15,942.0,
28711,1315,16,3741.0,
1128,1315,9,35912.0,
1129,1315,11,0.0,
1130,1315,8,0.0,
1131,1315,52,0.0,
28751,1316,4,3364.0,
28752,1316,5,117.0,
28753,1316,6,27208.0,
28756,1316,10,16.0,
28759,1316,14,0.0,
28760,1316,15,915.0,
28762,1316,16,814.0,
1132,1316,9,9285.0,
1133,1316,11,0.0,
1134,1316,8,0.0,
1135,1316,52,0.0,
28802,1317,4,689.0,
28807,1317,10,2.0,
28810,1317,14,0.0,
28811,1317,15,202.0,
28813,1317,16,496.0,
1136,1317,9,4339.0,
1137,1317,11,0.0,
1138,1317,8,0.0,
1139,1317,52,0.0,
28853,1318,4,9707.0,
28854,1318,5,867.0,
28855,1318,6,137446.0,
28858,1318,10,59.0,
28861,1318,14,0.0,
28862,1318,15,2149.0,
28864,1318,16,2101.0,
1140,1318,9,24154.0,
1141,1318,11,0.0,
1142,1318,8,0.0,
1143,1318,52,0.0,
28904,1319,4,27577.0,
28905,1319,5,2033.0,
28909,1319,10,182.0,
28910,1319,12,0.0,
28911,1319,13,2.0,
28912,1319,14,88.0,
1144,1319,9,86114.0,
1145,1319,11,0.0,
1146,1319,8,0.0,
1147,1319,52,0.0,
28955,1320,4,2921.0,
28956,1320,5,392.0,
28957,1320,6,22128.0,
28960,1320,10,54.0,
28963,1320,14,0.0,
28964,1320,15,976.0,
28966,1320,16,553.0,
1148,1320,9,6190.0,
1149,1320,11,0.0,
1150,1320,8,0.0,
1151,1320,52,0.0,
29006,1321,4,2222.0,
29007,1321,5,180.0,
29008,1321,6,16544.0,
29011,1321,10,27.0,
29014,1321,14,0.0,
29015,1321,15,805.0,
29017,1321,16,566.0,
1152,1321,9,5414.0,
1153,1321,11,0.0,
1154,1321,8,0.0,
1155,1321,52,0.0,
29057,1322,4,7105.0,
29058,1322,5,426.0,
29059,1322,6,26018.0,
29062,1322,10,22.0,
29065,1322,14,0.0,
29066,1322,15,980.0,
29068,1322,16,4009.0,
1156,1322,9,33045.0,
1157,1322,11,0.0,
1158,1322,8,0.0,
1159,1322,52,0.0,
29108,1323,4,3082.0,
29109,1323,5,113.0,
29110,1323,6,47598.0,
29113,1323,10,15.0,
29116,1323,14,0.0,
29117,1323,15,1017.0,
29119,1323,16,978.0,
1160,1323,9,8954.0,
1161,1323,11,0.0,
1162,1323,8,0.0,
1163,1323,52,0.0,
29159,1324,4,948.0,
29164,1324,10,2.0,
29167,1324,14,0.0,
29168,1324,15,87.0,
29170,1324,16,227.0,
1164,1324,9,2892.0,
1165,1324,11,0.0,
1166,1324,8,0.0,
1167,1324,52,0.0,
29210,1325,4,8275.0,
29211,1325,5,845.0,
29212,1325,6,127460.0,
29215,1325,10,62.0,
29218,1325,14,0.0,
29219,1325,15,2046.0,
29221,1325,16,2202.0,
1168,1325,9,22997.0,
1169,1325,11,0.0,
1170,1325,8,0.0,
1171,1325,52,0.0,
29261,1326,4,24554.0,
29262,1326,5,1875.0,
29266,1326,10,181.0,
29267,1326,12,0.0,
29268,1326,13,2.0,
29269,1326,14,92.0,
1172,1326,9,79322.0,
1173,1326,11,0.0,
1174,1326,8,0.0,
1175,1326,52,0.0,
29312,1327,4,2922.0,
29313,1327,5,311.0,
29314,1327,6,22336.0,
29317,1327,10,53.0,
29320,1327,14,0.0,
29321,1327,15,1039.0,
29323,1327,16,681.0,
1176,1327,9,6020.0,
1177,1327,11,0.0,
1178,1327,8,0.0,
1179,1327,52,0.0,
29363,1328,4,2271.0,
29364,1328,5,204.0,
29365,1328,6,17078.0,
29368,1328,10,44.0,
29371,1328,14,0.0,
29372,1328,15,710.0,
29374,1328,16,555.0,
1180,1328,9,5221.0,
1181,1328,11,0.0,
1182,1328,8,0.0,
1183,1328,52,0.0,
29414,1329,4,7285.0,
29415,1329,5,498.0,
29416,1329,6,36452.0,
29419,1329,10,21.0,
29422,1329,14,0.0,
29423,1329,15,1023.0,
29425,1329,16,3580.0,
1184,1329,9,31200.0,
1185,1329,11,0.0,
1186,1329,8,0.0,
1187,1329,52,0.0,
29465,1330,4,2890.0,
29466,1330,5,167.0,
29467,1330,6,51184.0,
29470,1330,10,15.0,
29473,1330,14,0.0,
29474,1330,15,979.0,
29476,1330,16,853.0,
1188,1330,9,8203.0,
1189,1330,11,0.0,
1190,1330,8,0.0,
1191,1330,52,0.0,
29516,1331,4,191.0,
29524,1331,14,0.0,
29525,1331,15,163.0,
29527,1331,16,318.0,
1192,1331,9,1447.0,
1193,1331,11,0.0,
1194,1331,8,0.0,
1195,1331,52,0.0,
29567,1332,4,7994.0,
29568,1332,5,718.0,
29569,1332,6,94878.0,
29572,1332,10,49.0,
29575,1332,14,0.0,
29576,1332,15,1875.0,
29578,1332,16,2096.0,
1196,1332,9,21185.0,
1197,1332,11,0.0,
1198,1332,8,0.0,
1199,1332,52,0.0,
29618,1333,4,23486.0,
29619,1333,5,1894.0,
29623,1333,10,191.0,
29625,1333,13,0.0,
29626,1333,14,103.0,
1200,1333,9,73504.0,
1201,1333,11,0.0,
1202,1333,8,0.0,
1203,1333,52,0.0,
29669,1334,4,2855.0,
29670,1334,5,307.0,
29671,1334,6,21312.0,
29674,1334,10,62.0,
29677,1334,14,0.0,
29678,1334,15,964.0,
29680,1334,16,681.0,
1204,1334,9,6248.0,
1205,1334,11,0.0,
1206,1334,8,0.0,
1207,1334,52,0.0,
29720,1335,4,2334.0,
29721,1335,5,240.0,
29722,1335,6,35818.0,
29725,1335,10,48.0,
29728,1335,14,0.0,
29729,1335,15,710.0,
29731,1335,16,605.0,
1208,1335,9,5307.0,
1209,1335,11,0.0,
1210,1335,8,0.0,
1211,1335,52,0.0,
29771,1336,4,7857.0,
29772,1336,5,560.0,
29773,1336,6,47520.0,
29776,1336,10,37.0,
29779,1336,14,0.0,
29780,1336,15,946.0,
29782,1336,16,3385.0,
1212,1336,9,30802.0,
1213,1336,11,0.0,
1214,1336,8,0.0,
1215,1336,52,0.0,
29822,1337,4,2811.0,
29823,1337,5,167.0,
29824,1337,6,36514.0,
29827,1337,10,12.0,
29830,1337,14,0.0,
29831,1337,15,916.0,
29833,1337,16,812.0,
1216,1337,9,8048.0,
1217,1337,11,0.0,
1218,1337,8,0.0,
1219,1337,52,0.0,
29873,1338,4,3053.0,
29878,1338,10,2.0,
29881,1338,14,0.0,
29882,1338,15,209.0,
29884,1338,16,305.0,
1220,1338,9,3905.0,
1221,1338,11,0.0,
1222,1338,8,0.0,
1223,1338,52,0.0,
29924,1339,4,9620.0,
29925,1339,5,1071.0,
29926,1339,6,133596.0,
29929,1339,10,76.0,
29932,1339,14,0.0,
29933,1339,15,2073.0,
29935,1339,16,2047.0,
1224,1339,9,24354.0,
1225,1339,11,0.0,
1226,1339,8,0.0,
1227,1339,52,0.0,
29975,1340,4,28331.0,
29976,1340,5,2394.0,
29980,1340,10,251.0,
29981,1340,12,0.0,
29982,1340,13,3.0,
29983,1340,14,113.0,
1228,1340,9,78299.0,
1229,1340,11,0.0,
1230,1340,8,0.0,
1231,1340,52,0.0,
30026,1341,4,2656.0,
30027,1341,5,356.0,
30028,1341,6,18664.0,
30031,1341,10,76.0,
30034,1341,14,0.0,
30035,1341,15,929.0,
30037,1341,16,604.0,
1232,1341,9,5883.0,
1233,1341,11,0.0,
1234,1341,8,0.0,
1235,1341,52,0.0,
30077,1342,4,1927.0,
30078,1342,5,197.0,
30079,1342,6,20038.0,
30082,1342,10,40.0,
30085,1342,14,0.0,
30086,1342,15,675.0,
30088,1342,16,631.0,
1236,1342,9,4824.0,
1237,1342,11,0.0,
1238,1342,8,0.0,
1239,1342,52,0.0,
30128,1343,4,6726.0,
30129,1343,5,408.0,
30130,1343,6,46606.0,
30133,1343,10,21.0,
30136,1343,14,0.0,
30137,1343,15,826.0,
30139,1343,16,3255.0,
1240,1343,9,27427.0,
1241,1343,11,0.0,
1242,1343,8,0.0,
1243,1343,52,0.0,
30179,1344,4,2580.0,
30180,1344,5,135.0,
30181,1344,6,38610.0,
30184,1344,10,14.0,
30187,1344,14,0.0,
30188,1344,15,842.0,
30190,1344,16,791.0,
1244,1344,9,7480.0,
1245,1344,11,0.0,
1246,1344,8,0.0,
1247,1344,52,0.0,
30230,1345,4,882.0,
30235,1345,10,3.0,
30238,1345,14,0.0,
30239,1345,15,218.0,
30241,1345,16,407.0,
1248,1345,9,4268.0,
1249,1345,11,0.0,
1250,1345,8,0.0,
1251,1345,52,0.0,
30281,1346,4,8962.0,
30282,1346,5,987.0,
30283,1346,6,113742.0,
30286,1346,10,78.0,
30289,1346,14,0.0,
30290,1346,15,1840.0,
30292,1346,16,2012.0,
1252,1346,9,23113.0,
1253,1346,11,0.0,
1254,1346,8,0.0,
1255,1346,52,0.0,
30332,1347,4,23674.0,
30333,1347,5,2063.0,
30337,1347,10,241.0,
30339,1347,13,0.0,
30340,1347,14,114.0,
1256,1347,9,72553.0,
1257,1347,11,0.0,
1258,1347,8,0.0,
1259,1347,52,0.0,
30383,1348,4,2597.0,
30384,1348,5,336.0,
30385,1348,6,28546.0,
30388,1348,10,85.0,
30391,1348,14,0.0,
30392,1348,15,902.0,
30394,1348,16,609.0,
1260,1348,9,5441.0,
1261,1348,11,0.0,
1262,1348,8,0.0,
1263,1348,52,0.0,
30434,1349,4,1785.0,
30435,1349,5,142.0,
30436,1349,6,22492.0,
30439,1349,10,55.0,
30442,1349,14,0.0,
30443,1349,15,553.0,
30445,1349,16,390.0,
1264,1349,9,3869.0,
1265,1349,11,0.0,
1266,1349,8,0.0,
1267,1349,52,0.0,
30485,1350,4,6627.0,
30486,1350,5,412.0,
30487,1350,6,45252.0,
30490,1350,10,20.0,
30493,1350,14,0.0,
30494,1350,15,875.0,
30496,1350,16,2700.0,
1268,1350,9,25804.0,
1269,1350,11,0.0,
1270,1350,8,0.0,
1271,1350,52,0.0,
30536,1351,4,2241.0,
30537,1351,5,103.0,
30538,1351,6,31086.0,
30541,1351,10,13.0,
30544,1351,14,0.0,
30545,1351,15,756.0,
30547,1351,16,619.0,
1272,1351,9,6503.0,
1273,1351,11,0.0,
1274,1351,8,0.0,
1275,1351,52,0.0,
30587,1352,4,537.0,
30592,1352,10,3.0,
30595,1352,14,0.0,
30596,1352,15,181.0,
30598,1352,16,426.0,
1276,1352,9,3746.0,
1277,1352,11,0.0,
1278,1352,8,0.0,
1279,1352,52,0.0,
30638,1353,4,8372.0,
30639,1353,5,924.0,
30640,1353,6,109164.0,
30643,1353,10,94.0,
30646,1353,14,0.0,
30647,1353,15,1530.0,
30649,1353,16,1657.0,
1280,1353,9,19992.0,
1281,1353,11,0.0,
1282,1353,8,0.0,
1283,1353,52,0.0,
30689,1354,4,22179.0,
30690,1354,5,1914.0,
30694,1354,10,268.0,
30695,1354,12,0.0,
30696,1354,13,2.0,
30697,1354,14,73.0,
1284,1354,9,64928.0,
1285,1354,11,0.0,
1286,1354,8,0.0,
1287,1354,52,0.0,
30740,1355,4,2617.0,
30741,1355,5,333.0,
30742,1355,6,26178.0,
30745,1355,10,83.0,
30748,1355,14,0.0,
30749,1355,15,716.0,
30751,1355,16,472.0,
1288,1355,9,5014.0,
1289,1355,11,0.0,
1290,1355,8,0.0,
1291,1355,52,0.0,
30791,1356,4,1994.0,
30792,1356,5,163.0,
30793,1356,6,13726.0,
30796,1356,10,61.0,
30799,1356,14,0.0,
30800,1356,15,786.0,
30802,1356,16,608.0,
1292,1356,9,5022.0,
1293,1356,11,0.0,
1294,1356,8,0.0,
1295,1356,52,0.0,
30842,1357,4,7601.0,
30843,1357,5,475.0,
30844,1357,6,43440.0,
30847,1357,10,28.0,
30850,1357,14,0.0,
30851,1357,15,1048.0,
30853,1357,16,3965.0,
1296,1357,9,31173.0,
1297,1357,11,0.0,
1298,1357,8,0.0,
1299,1357,52,0.0,
30893,1358,4,2677.0,
30894,1358,5,146.0,
30895,1358,6,25492.0,
30898,1358,10,13.0,
30901,1358,14,0.0,
30902,1358,15,1064.0,
30904,1358,16,964.0,
1300,1358,9,8469.0,
1301,1358,11,0.0,
1302,1358,8,0.0,
1303,1358,52,0.0,
30944,1359,4,678.0,
30952,1359,14,0.0,
30953,1359,15,161.0,
30955,1359,16,346.0,
1304,1359,9,3601.0,
1305,1359,11,0.0,
1306,1359,8,0.0,
1307,1359,52,0.0,
30995,1360,4,9046.0,
30996,1360,5,1130.0,
30997,1360,6,69222.0,
31000,1360,10,101.0,
31003,1360,14,0.0,
31004,1360,15,2401.0,
31006,1360,16,2246.0,
1308,1360,9,22766.0,
1309,1360,11,0.0,
1310,1360,8,0.0,
1311,1360,52,0.0,
31046,1361,4,24740.0,
31047,1361,5,2276.0,
31051,1361,10,283.0,
31052,1361,12,0.0,
31053,1361,13,1.0,
31054,1361,14,72.0,
1312,1361,9,76782.0,
1313,1361,11,0.0,
1314,1361,8,0.0,
1315,1361,52,0.0,
31097,1362,4,2744.0,
31098,1362,5,362.0,
31099,1362,6,23542.0,
31102,1362,10,80.0,
31105,1362,14,0.0,
31106,1362,15,994.0,
31108,1362,16,626.0,
1316,1362,9,5751.0,
1317,1362,11,0.0,
1318,1362,8,0.0,
1319,1362,52,0.0,
31148,1363,4,1971.0,
31149,1363,5,199.0,
31150,1363,6,18300.0,
31153,1363,10,53.0,
31156,1363,14,0.0,
31157,1363,15,677.0,
31159,1363,16,437.0,
1320,1363,9,4234.0,
1321,1363,11,0.0,
1322,1363,8,0.0,
1323,1363,52,0.0,
31199,1364,4,8238.0,
31200,1364,5,529.0,
31201,1364,6,49072.0,
31204,1364,10,35.0,
31207,1364,14,0.0,
31208,1364,15,958.0,
31210,1364,16,3498.0,
1324,1364,9,29017.0,
1325,1364,11,0.0,
1326,1364,8,0.0,
1327,1364,52,0.0,
31250,1365,4,2626.0,
31251,1365,5,148.0,
31252,1365,6,23272.0,
31255,1365,10,19.0,
31258,1365,14,0.0,
31259,1365,15,934.0,
31261,1365,16,849.0,
1328,1365,9,5029.0,
1329,1365,11,0.0,
1330,1365,8,0.0,
1331,1365,52,0.0,
31301,1366,4,810.0,
31306,1366,10,4.0,
31309,1366,14,0.0,
31310,1366,15,150.0,
31312,1366,16,328.0,
1332,1366,9,3313.0,
1333,1366,11,0.0,
1334,1366,8,0.0,
1335,1366,52,0.0,
31352,1367,4,10013.0,
31353,1367,5,1416.0,
31354,1367,6,80500.0,
31357,1367,10,94.0,
31360,1367,14,0.0,
31361,1367,15,1998.0,
31363,1367,16,1968.0,
1336,1367,9,22758.0,
1337,1367,11,0.0,
1338,1367,8,0.0,
1339,1367,52,0.0,
31403,1368,4,26464.0,
31404,1368,5,2708.0,
31408,1368,10,278.0,
31409,1368,12,0.0,
31410,1368,13,1.0,
31411,1368,14,107.0,
1340,1368,9,69587.0,
1341,1368,11,0.0,
1342,1368,8,0.0,
1343,1368,52,0.0,
31454,1369,4,2806.0,
31455,1369,5,416.0,
31456,1369,6,25406.0,
31459,1369,10,73.0,
31462,1369,14,0.0,
31463,1369,15,948.0,
31465,1369,16,519.0,
1344,1369,9,5236.0,
1345,1369,11,0.0,
1346,1369,8,0.0,
1347,1369,52,0.0,
31505,1370,4,2387.0,
31506,1370,5,224.0,
31507,1370,6,22464.0,
31510,1370,10,58.0,
31513,1370,14,0.0,
31514,1370,15,695.0,
31516,1370,16,620.0,
1348,1370,9,4930.0,
1349,1370,11,0.0,
1350,1370,8,0.0,
1351,1370,52,0.0,
31556,1371,4,9521.0,
31557,1371,5,590.0,
31558,1371,6,71942.0,
31561,1371,10,35.0,
31564,1371,14,0.0,
31565,1371,15,1039.0,
31567,1371,16,3657.0,
1352,1371,9,32375.0,
1353,1371,11,0.0,
1354,1371,8,0.0,
1355,1371,52,0.0,
31607,1372,4,3133.0,
31608,1372,5,141.0,
31609,1372,6,31152.0,
31612,1372,10,15.0,
31615,1372,14,0.0,
31616,1372,15,1010.0,
31618,1372,16,858.0,
1356,1372,9,8325.0,
1357,1372,11,0.0,
1358,1372,8,0.0,
1359,1372,52,0.0,
31658,1373,4,941.0,
31663,1373,10,2.0,
31666,1373,14,0.0,
31667,1373,15,214.0,
31669,1373,16,395.0,
1360,1373,9,4622.0,
1361,1373,11,0.0,
1362,1373,8,0.0,
1363,1373,52,0.0,
31709,1374,4,11977.0,
31710,1374,5,1433.0,
31711,1374,6,89756.0,
31714,1374,10,110.0,
31717,1374,14,0.0,
31718,1374,15,2215.0,
31720,1374,16,2411.0,
1364,1374,9,27225.0,
1365,1374,11,0.0,
1366,1374,8,0.0,
1367,1374,52,0.0,
31760,1375,4,31346.0,
31761,1375,5,2801.0,
31765,1375,10,312.0,
31767,1375,13,0.0,
31768,1375,14,121.0,
1368,1375,9,83318.0,
1369,1375,11,0.0,
1370,1375,8,0.0,
1371,1375,52,0.0,
31811,1376,4,3387.0,
31812,1376,5,413.0,
31813,1376,6,29346.0,
31816,1376,10,92.0,
31819,1376,14,0.0,
31820,1376,15,964.0,
31822,1376,16,600.0,
1372,1376,9,5841.0,
1373,1376,11,0.0,
1374,1376,8,0.0,
1375,1376,52,0.0,
31862,1377,4,2282.0,
31863,1377,5,188.0,
31864,1377,6,20948.0,
31867,1377,10,51.0,
31870,1377,14,0.0,
31871,1377,15,624.0,
31873,1377,16,474.0,
1376,1377,9,4302.0,
1377,1377,11,0.0,
1378,1377,8,0.0,
1379,1377,52,0.0,
31913,1378,4,8484.0,
31914,1378,5,554.0,
31915,1378,6,66116.0,
31918,1378,10,35.0,
31921,1378,14,0.0,
31922,1378,15,861.0,
31924,1378,16,3003.0,
1380,1378,9,29696.0,
1381,1378,11,0.0,
1382,1378,8,0.0,
1383,1378,52,0.0,
31964,1379,4,3280.0,
31965,1379,5,169.0,
31966,1379,6,25886.0,
31969,1379,10,17.0,
31972,1379,14,0.0,
31973,1379,15,872.0,
31975,1379,16,839.0,
1384,1379,9,7814.0,
1385,1379,11,0.0,
1386,1379,8,0.0,
1387,1379,52,0.0,
32015,1380,4,1704.0,
32020,1380,10,2.0,
32023,1380,14,0.0,
32024,1380,15,189.0,
32026,1380,16,311.0,
1388,1380,9,3495.0,
1389,1380,11,0.0,
1390,1380,8,0.0,
1391,1380,52,0.0,
32066,1381,4,11396.0,
32067,1381,5,1919.0,
32068,1381,6,77334.0,
32071,1381,10,105.0,
32074,1381,14,0.0,
32075,1381,15,1935.0,
32077,1381,16,2052.0,
1392,1381,9,24743.0,
1393,1381,11,0.0,
1394,1381,8,0.0,
1395,1381,52,0.0,
32117,1382,4,30278.0,
32118,1382,5,3178.0,
32122,1382,10,291.0,
32123,1382,12,0.0,
32124,1382,13,2.0,
32125,1382,14,115.0,
1396,1382,9,75818.0,
1397,1382,11,0.0,
1398,1382,8,0.0,
1399,1382,52,0.0,
32168,1383,4,3132.0,
32169,1383,5,348.0,
32170,1383,6,27756.0,
32173,1383,10,81.0,
32176,1383,14,0.0,
32177,1383,15,853.0,
32179,1383,16,543.0,
1400,1383,9,5768.0,
1401,1383,11,0.0,
1402,1383,8,0.0,
1403,1383,52,0.0,
32219,1384,4,2555.0,
32220,1384,5,239.0,
32221,1384,6,21274.0,
32224,1384,10,51.0,
32227,1384,14,0.0,
32228,1384,15,690.0,
32230,1384,16,551.0,
1404,1384,9,4747.0,
1405,1384,11,0.0,
1406,1384,8,0.0,
1407,1384,52,0.0,
32270,1385,4,8082.0,
32271,1385,5,483.0,
32272,1385,6,65262.0,
32275,1385,10,28.0,
32278,1385,14,0.0,
32279,1385,15,892.0,
32281,1385,16,3361.0,
1408,1385,9,29554.0,
1409,1385,11,0.0,
1410,1385,8,0.0,
1411,1385,52,0.0,
32321,1386,4,3073.0,
32322,1386,5,161.0,
32323,1386,6,24578.0,
32326,1386,10,16.0,
32329,1386,14,0.0,
32330,1386,15,920.0,
32332,1386,16,838.0,
1412,1386,9,8177.0,
1413,1386,11,0.0,
1414,1386,8,0.0,
1415,1386,52,0.0,
32372,1387,4,1692.0,
32377,1387,10,2.0,
32380,1387,14,0.0,
32381,1387,15,170.0,
32383,1387,16,288.0,
1416,1387,9,3422.0,
1417,1387,11,0.0,
1418,1387,8,0.0,
1419,1387,52,0.0,
32423,1388,4,11046.0,
32424,1388,5,1323.0,
32425,1388,6,73374.0,
32428,1388,10,105.0,
32431,1388,14,0.0,
32432,1388,15,2091.0,
32434,1388,16,2133.0,
1420,1388,9,25539.0,
1421,1388,11,0.0,
1422,1388,8,0.0,
1423,1388,52,0.0,
32474,1389,4,29758.0,
32475,1389,5,2586.0,
32479,1389,10,288.0,
32480,1389,12,0.0,
32481,1389,13,2.0,
32482,1389,14,122.0,
1424,1389,9,77123.0,
1425,1389,11,0.0,
1426,1389,8,0.0,
1427,1389,52,0.0,
32525,1390,4,3310.0,
32526,1390,5,380.0,
32527,1390,6,24542.0,
32530,1390,10,86.0,
32533,1390,14,0.0,
32534,1390,15,910.0,
32536,1390,16,502.0,
1428,1390,9,5684.0,
1429,1390,11,0.0,
1430,1390,8,0.0,
1431,1390,52,0.0,
32576,1391,4,2960.0,
32577,1391,5,246.0,
32578,1391,6,26242.0,
32581,1391,10,50.0,
32584,1391,14,0.0,
32585,1391,15,774.0,
32587,1391,16,508.0,
1432,1391,9,6051.0,
1433,1391,11,0.0,
1434,1391,8,0.0,
1435,1391,52,0.0,
32627,1392,4,11699.0,
32628,1392,5,693.0,
32629,1392,6,73804.0,
32632,1392,10,36.0,
32635,1392,14,0.0,
32636,1392,15,1100.0,
32638,1392,16,4394.0,
1436,1392,9,39572.0,
1437,1392,11,0.0,
1438,1392,8,0.0,
1439,1392,52,0.0,
32678,1393,4,4247.0,
32679,1393,5,199.0,
32680,1393,6,32066.0,
32683,1393,10,15.0,
32686,1393,14,0.0,
32687,1393,15,1159.0,
32689,1393,16,1114.0,
1440,1393,9,11171.0,
1441,1393,11,0.0,
1442,1393,8,0.0,
1443,1393,52,0.0,
32729,1394,4,1114.0,
32734,1394,10,2.0,
32737,1394,14,0.0,
32738,1394,15,266.0,
32740,1394,16,362.0,
1444,1394,9,4358.0,
1445,1394,11,0.0,
1446,1394,8,0.0,
1447,1394,52,0.0,
32780,1395,4,14035.0,
32781,1395,5,1535.0,
32782,1395,6,86794.0,
32785,1395,10,115.0,
32788,1395,14,0.0,
32789,1395,15,2332.0,
32791,1395,16,2460.0,
1448,1395,9,32054.0,
1449,1395,11,0.0,
1450,1395,8,0.0,
1451,1395,52,0.0,
32831,1396,4,38101.0,
32832,1396,5,3113.0,
32836,1396,10,300.0,
32838,1396,13,0.0,
32839,1396,14,114.0,
1452,1396,9,100988.0,
1453,1396,11,0.0,
1454,1396,8,0.0,
1455,1396,52,0.0,
32882,1397,4,4046.0,
32883,1397,5,440.0,
32884,1397,6,36092.0,
32887,1397,10,82.0,
32890,1397,14,0.0,
32891,1397,15,1150.0,
32893,1397,16,609.0,
1456,1397,9,7782.0,
1457,1397,11,0.0,
1458,1397,8,0.0,
1459,1397,52,0.0,
32933,1398,4,2575.0,
32934,1398,5,218.0,
32935,1398,6,19040.0,
32938,1398,10,50.0,
32941,1398,14,0.0,
32942,1398,15,745.0,
32944,1398,16,541.0,
1460,1398,9,5095.0,
1461,1398,11,0.0,
1462,1398,8,0.0,
1463,1398,52,0.0,
32984,1399,4,10816.0,
32985,1399,5,705.0,
32986,1399,6,72554.0,
32989,1399,10,32.0,
32992,1399,14,0.0,
32993,1399,15,1024.0,
32994,1399,7,1.0,
32995,1399,16,3957.0,
1464,1399,9,36640.0,
1465,1399,11,0.0,
1466,1399,8,0.0,
1467,1399,52,0.0,
33035,1400,4,3975.0,
33036,1400,5,176.0,
33037,1400,6,31374.0,
33040,1400,10,14.0,
33043,1400,14,0.0,
33044,1400,15,1016.0,
33045,1400,7,14.0,
33046,1400,16,1037.0,
1468,1400,9,10828.0,
1469,1400,11,0.0,
1470,1400,8,0.0,
1471,1400,52,0.0,
33086,1401,4,1134.0,
33091,1401,10,1.0,
33094,1401,14,0.0,
33095,1401,15,180.0,
33097,1401,16,310.0,
1472,1401,9,3346.0,
1473,1401,11,0.0,
1474,1401,8,0.0,
1475,1401,52,0.0,
33137,1402,4,14025.0,
33138,1402,5,1509.0,
33139,1402,6,79798.0,
33142,1402,10,107.0,
33145,1402,14,0.0,
33146,1402,15,2087.0,
33147,1402,7,3.0,
33148,1402,16,2201.0,
1476,1402,9,30139.0,
1477,1402,11,0.0,
1478,1402,8,0.0,
1479,1402,52,0.0,
33188,1403,4,36365.0,
33189,1403,5,3073.0,
33190,1403,6,0.0,
33193,1403,10,291.0,
33195,1403,13,0.0,
33196,1403,14,116.0,
33198,1403,7,26.0,
1480,1403,9,93314.0,
1481,1403,11,0.0,
1482,1403,8,0.0,
1483,1403,52,0.0,
33239,1404,4,3840.0,
33240,1404,5,465.0,
33241,1404,6,22712.0,
33244,1404,10,87.0,
33247,1404,14,0.0,
33248,1404,15,1045.0,
33249,1404,7,8.0,
33250,1404,16,648.0,
1484,1404,9,7266.0,
1485,1404,11,0.0,
1486,1404,8,0.0,
1487,1404,52,0.0,
33290,1405,4,2741.0,
33291,1405,5,314.0,
33292,1405,6,25712.0,
33295,1405,10,63.0,
33298,1405,14,0.0,
33299,1405,15,844.0,
33301,1405,16,551.0,
1488,1405,9,5279.0,
1489,1405,11,0.0,
1490,1405,8,0.0,
1491,1405,52,0.0,
33341,1406,4,9237.0,
33342,1406,5,694.0,
33343,1406,6,78448.0,
33346,1406,10,31.0,
33349,1406,14,0.0,
33350,1406,15,1178.0,
33351,1406,7,3.0,
33352,1406,16,4345.0,
1492,1406,9,35537.0,
1493,1406,11,0.0,
1494,1406,8,0.0,
1495,1406,52,0.0,
33392,1407,4,3733.0,
33393,1407,5,250.0,
33394,1407,6,28894.0,
33397,1407,10,16.0,
33400,1407,14,0.0,
33401,1407,15,1113.0,
33402,1407,7,16.0,
33403,1407,16,1141.0,
1496,1407,9,11006.0,
1497,1407,11,0.0,
1498,1407,8,0.0,
1499,1407,52,0.0,
33443,1408,4,1079.0,
33448,1408,10,1.0,
33451,1408,14,0.0,
33452,1408,15,242.0,
33454,1408,16,290.0,
1500,1408,9,3076.0,
1501,1408,11,0.0,
1502,1408,8,0.0,
1503,1408,52,0.0,
33494,1409,4,13691.0,
33495,1409,5,1841.0,
33496,1409,6,85100.0,
33499,1409,10,136.0,
33502,1409,14,0.0,
33503,1409,15,2455.0,
33504,1409,7,3.0,
33505,1409,16,2714.0,
1504,1409,9,30418.0,
1505,1409,11,0.0,
1506,1409,8,0.0,
1507,1409,52,0.0,
33545,1410,4,34279.0,
33546,1410,5,3624.0,
33547,1410,6,0.0,
33550,1410,10,342.0,
33551,1410,12,0.0,
33552,1410,13,2.0,
33553,1410,14,141.0,
33555,1410,7,22.0,
1508,1410,9,92535.0,
1509,1410,11,0.0,
1510,1410,8,0.0,
1511,1410,52,0.0,
33596,1411,4,3798.0,
33597,1411,5,525.0,
33598,1411,6,27474.0,
33601,1411,10,95.0,
33604,1411,14,0.0,
33605,1411,15,1219.0,
33607,1411,16,678.0,
1512,1411,9,7219.0,
1513,1411,11,0.0,
1514,1411,8,0.0,
1515,1411,52,0.0,
33647,1412,4,2318.0,
33648,1412,5,202.0,
33649,1412,6,29554.0,
33652,1412,10,56.0,
33655,1412,14,0.0,
33656,1412,15,755.0,
33658,1412,16,606.0,
1516,1412,9,5135.0,
1517,1412,11,0.0,
1518,1412,8,0.0,
1519,1412,52,0.0,
33698,1413,4,8739.0,
33699,1413,5,637.0,
33700,1413,6,74026.0,
33703,1413,10,34.0,
33706,1413,14,0.0,
33707,1413,15,974.0,
33708,1413,7,2.0,
33709,1413,16,3564.0,
1520,1413,9,30724.0,
1521,1413,11,0.0,
1522,1413,8,0.0,
1523,1413,52,0.0,
33749,1414,4,3147.0,
33750,1414,5,170.0,
33751,1414,6,29022.0,
33754,1414,10,12.0,
33757,1414,14,0.0,
33758,1414,15,965.0,
33759,1414,7,7.0,
33760,1414,16,926.0,
1524,1414,9,8645.0,
1525,1414,11,0.0,
1526,1414,8,0.0,
1527,1414,52,0.0,
33800,1415,4,2175.0,
33808,1415,14,0.0,
33809,1415,15,188.0,
33811,1415,16,237.0,
1528,1415,9,2677.0,
1529,1415,11,0.0,
1530,1415,8,0.0,
1531,1415,52,0.0,
33851,1416,4,12771.0,
33852,1416,5,1526.0,
33853,1416,6,80066.0,
33856,1416,10,139.0,
33859,1416,14,0.0,
33860,1416,15,2150.0,
33861,1416,7,3.0,
33862,1416,16,2276.0,
1532,1416,9,26569.0,
1533,1416,11,0.0,
1534,1416,8,0.0,
1535,1416,52,0.0,
33902,1417,4,33161.0,
33903,1417,5,3146.0,
33904,1417,6,0.0,
33907,1417,10,339.0,
33908,1417,12,0.0,
33909,1417,13,4.0,
33910,1417,14,151.0,
33912,1417,7,12.0,
1536,1417,9,80618.0,
1537,1417,11,0.0,
1538,1417,8,0.0,
1539,1417,52,0.0,
33953,1418,4,4011.0,
33954,1418,5,611.0,
33955,1418,6,30386.0,
33958,1418,10,98.0,
33961,1418,14,0.0,
33962,1418,15,1036.0,
33964,1418,16,643.0,
1540,1418,9,6868.0,
1541,1418,11,0.0,
1542,1418,8,0.0,
1543,1418,52,0.0,
34004,1419,4,2621.0,
34005,1419,5,219.0,
34006,1419,6,26798.0,
34009,1419,10,58.0,
34012,1419,14,0.0,
34013,1419,15,779.0,
34015,1419,16,613.0,
1544,1419,9,4898.0,
1545,1419,11,0.0,
1546,1419,8,0.0,
1547,1419,52,0.0,
34055,1420,4,8387.0,
34056,1420,5,594.0,
34057,1420,6,72566.0,
34060,1420,10,30.0,
34063,1420,14,0.0,
34064,1420,15,1013.0,
34065,1420,7,7.0,
34066,1420,16,3346.0,
1548,1420,9,28605.0,
1549,1420,11,0.0,
1550,1420,8,0.0,
1551,1420,52,0.0,
34106,1421,4,3579.0,
34107,1421,5,208.0,
34108,1421,6,32846.0,
34111,1421,10,19.0,
34114,1421,14,0.0,
34115,1421,15,1141.0,
34116,1421,7,10.0,
34117,1421,16,928.0,
1552,1421,9,8585.0,
1553,1421,11,0.0,
1554,1421,8,0.0,
1555,1421,52,0.0,
34157,1422,4,4775.0,
34165,1422,14,0.0,
34166,1422,15,176.0,
34168,1422,16,275.0,
1556,1422,9,3322.0,
1557,1422,11,0.0,
1558,1422,8,0.0,
1559,1422,52,0.0,
34208,1423,4,12989.0,
34209,1423,5,1641.0,
34210,1423,6,100458.0,
34213,1423,10,118.0,
34216,1423,14,0.0,
34217,1423,15,2268.0,
34218,1423,7,5.0,
34219,1423,16,2235.0,
1560,1423,9,26130.0,
1561,1423,11,0.0,
1562,1423,8,0.0,
1563,1423,52,0.0,
34259,1424,4,36138.0,
34260,1424,5,3153.0,
34261,1424,6,0.0,
34264,1424,10,332.0,
34265,1424,12,0.0,
34266,1424,13,3.0,
34267,1424,14,118.0,
34269,1424,7,26.0,
1564,1424,9,78559.0,
1565,1424,11,0.0,
1566,1424,8,0.0,
1567,1424,52,0.0,
34310,1425,4,3787.0,
34311,1425,5,491.0,
34312,1425,6,35488.0,
34315,1425,10,107.0,
34318,1425,14,0.0,
34319,1425,15,1039.0,
34320,1425,7,4.0,
34321,1425,16,612.0,
1568,1425,9,7019.0,
1569,1425,11,0.0,
1570,1425,8,0.0,
1571,1425,52,0.0,
34361,1426,4,2048.0,
34362,1426,5,187.0,
34363,1426,6,27396.0,
34366,1426,10,49.0,
34369,1426,14,0.0,
34370,1426,15,651.0,
34371,1426,7,1.0,
34372,1426,16,508.0,
1572,1426,9,4469.0,
1573,1426,11,0.0,
1574,1426,8,0.0,
1575,1426,52,0.0,
34412,1427,4,7394.0,
34413,1427,5,546.0,
34414,1427,6,59938.0,
34417,1427,10,23.0,
34420,1427,14,0.0,
34421,1427,15,1047.0,
34422,1427,7,5.0,
34423,1427,16,3053.0,
1576,1427,9,26596.0,
1577,1427,11,0.0,
1578,1427,8,0.0,
1579,1427,52,0.0,
34463,1428,4,2703.0,
34464,1428,5,117.0,
34465,1428,6,35082.0,
34468,1428,10,13.0,
34471,1428,14,0.0,
34472,1428,15,918.0,
34473,1428,7,7.0,
34474,1428,16,931.0,
1580,1428,9,7543.0,
1581,1428,11,0.0,
1582,1428,8,0.0,
1583,1428,52,0.0,
34514,1429,4,1380.0,
34522,1429,14,0.0,
34523,1429,15,184.0,
34525,1429,16,283.0,
1584,1429,9,2924.0,
1585,1429,11,0.0,
1586,1429,8,0.0,
1587,1429,52,0.0,
34565,1430,4,10186.0,
34566,1430,5,1200.0,
34567,1430,6,69498.0,
34570,1430,10,121.0,
34573,1430,14,0.0,
34574,1430,15,2079.0,
34575,1430,7,4.0,
34576,1430,16,1918.0,
1588,1430,9,23165.0,
1589,1430,11,0.0,
1590,1430,8,0.0,
1591,1430,52,0.0,
34616,1431,4,26753.0,
34617,1431,5,2379.0,
34618,1431,6,0.0,
34621,1431,10,296.0,
34622,1431,12,0.0,
34623,1431,13,1.0,
34624,1431,14,119.0,
34626,1431,7,18.0,
1592,1431,9,71161.0,
1593,1431,11,0.0,
1594,1431,8,0.0,
1595,1431,52,0.0,
34667,1432,4,3042.0,
34668,1432,5,329.0,
34669,1432,6,32602.0,
34672,1432,10,90.0,
34675,1432,14,0.0,
34676,1432,15,883.0,
34677,1432,7,1.0,
34678,1432,16,550.0,
1596,1432,9,6464.0,
1597,1432,11,0.0,
1598,1432,8,0.0,
1599,1432,52,0.0,
34718,1433,4,1960.0,
34719,1433,5,166.0,
34720,1433,6,33412.0,
34723,1433,10,57.0,
34726,1433,14,0.0,
34727,1433,15,659.0,
34729,1433,16,444.0,
1600,1433,9,4070.0,
1601,1433,11,0.0,
1602,1433,8,0.0,
1603,1433,52,0.0,
34769,1434,4,6992.0,
34770,1434,5,545.0,
34771,1434,6,67302.0,
34774,1434,10,27.0,
34777,1434,14,0.0,
34778,1434,15,911.0,
34779,1434,7,2.0,
34780,1434,16,2617.0,
1604,1434,9,23531.0,
1605,1434,11,0.0,
1606,1434,8,0.0,
1607,1434,52,0.0,
34820,1435,4,2561.0,
34821,1435,5,148.0,
34822,1435,6,32294.0,
34825,1435,10,16.0,
34828,1435,14,0.0,
34829,1435,15,835.0,
34830,1435,7,7.0,
34831,1435,16,710.0,
1608,1435,9,7064.0,
1609,1435,11,0.0,
1610,1435,8,0.0,
1611,1435,52,0.0,
34871,1436,4,880.0,
34876,1436,10,1.0,
34879,1436,14,0.0,
34880,1436,15,122.0,
34882,1436,16,190.0,
1612,1436,9,2736.0,
1613,1436,11,0.0,
1614,1436,8,0.0,
1615,1436,52,0.0,
34922,1437,4,11344.0,
34923,1437,5,1460.0,
34924,1437,6,80104.0,
34927,1437,10,128.0,
34930,1437,14,0.0,
34931,1437,15,1815.0,
34932,1437,7,6.0,
34933,1437,16,1785.0,
1616,1437,9,21418.0,
1617,1437,11,0.0,
1618,1437,8,0.0,
1619,1437,52,0.0,
34973,1438,4,26900.0,
34974,1438,5,2683.0,
34975,1438,6,0.0,
34978,1438,10,333.0,
34979,1438,12,0.0,
34980,1438,13,5.0,
34981,1438,14,103.0,
34983,1438,7,17.0,
1620,1438,9,64239.0,
1621,1438,11,0.0,
1622,1438,8,0.0,
1623,1438,52,0.0,
35024,1439,4,3163.0,
35025,1439,5,364.0,
35026,1439,6,39176.0,
35029,1439,10,104.0,
35032,1439,14,0.0,
35033,1439,15,880.0,
35034,1439,7,2.0,
35035,1439,16,458.0,
1624,1439,9,5420.0,
1625,1439,11,0.0,
1626,1439,8,0.0,
1627,1439,52,0.0,
35075,1440,4,2294.0,
35076,1440,5,239.0,
35077,1440,6,33700.0,
35080,1440,10,55.0,
35083,1440,14,0.0,
35084,1440,15,867.0,
35086,1440,16,554.0,
1628,1440,9,5128.0,
1629,1440,11,0.0,
1630,1440,8,0.0,
1631,1440,52,0.0,
35126,1441,4,9335.0,
35127,1441,5,621.0,
35128,1441,6,58824.0,
35131,1441,10,28.0,
35134,1441,14,0.0,
35135,1441,15,1193.0,
35136,1441,7,4.0,
35137,1441,16,3457.0,
1632,1441,9,29145.0,
1633,1441,11,0.0,
1634,1441,8,0.0,
1635,1441,52,0.0,
35177,1442,4,3420.0,
35178,1442,5,186.0,
35179,1442,6,38148.0,
35182,1442,10,15.0,
35185,1442,14,0.0,
35186,1442,15,1159.0,
35187,1442,7,10.0,
35188,1442,16,1069.0,
1636,1442,9,9190.0,
1637,1442,11,0.0,
1638,1442,8,0.0,
1639,1442,52,0.0,
35228,1443,4,1556.0,
35233,1443,10,6.0,
35236,1443,14,0.0,
35237,1443,15,167.0,
35239,1443,16,311.0,
1640,1443,9,3132.0,
1641,1443,11,0.0,
1642,1443,8,0.0,
1643,1443,52,0.0,
35279,1444,4,12773.0,
35280,1444,5,1641.0,
35281,1444,6,78016.0,
35284,1444,10,140.0,
35287,1444,14,0.0,
35288,1444,15,2593.0,
35289,1444,7,6.0,
35290,1444,16,2360.0,
1644,1444,9,27157.0,
1645,1444,11,0.0,
1646,1444,8,0.0,
1647,1444,52,0.0,
35330,1445,4,32925.0,
35331,1445,5,3188.0,
35332,1445,6,0.0,
35335,1445,10,352.0,
35336,1445,12,0.0,
35337,1445,13,8.0,
35338,1445,14,133.0,
35340,1445,7,21.0,
1648,1445,9,80699.0,
1649,1445,11,0.0,
1650,1445,8,0.0,
1651,1445,52,0.0,
35381,1446,4,3547.0,
35382,1446,5,501.0,
35383,1446,6,36600.0,
35386,1446,10,108.0,
35389,1446,14,0.0,
35390,1446,15,1159.0,
35391,1446,7,1.0,
35392,1446,16,710.0,
1652,1446,9,6947.0,
1653,1446,11,0.0,
1654,1446,8,0.0,
1655,1446,52,0.0,
35432,1447,4,2204.0,
35433,1447,5,244.0,
35434,1447,6,33448.0,
35437,1447,10,48.0,
35440,1447,14,0.0,
35441,1447,15,755.0,
35443,1447,16,487.0,
1656,1447,9,4378.0,
1657,1447,11,0.0,
1658,1447,8,0.0,
1659,1447,52,0.0,
35483,1448,4,9660.0,
35484,1448,5,642.0,
35485,1448,6,61316.0,
35488,1448,10,22.0,
35491,1448,14,0.0,
35492,1448,15,1090.0,
35493,1448,7,14.0,
35494,1448,16,2955.0,
1660,1448,9,27942.0,
1661,1448,11,0.0,
1662,1448,8,0.0,
1663,1448,52,0.0,
35534,1449,4,3351.0,
35535,1449,5,195.0,
35536,1449,6,33614.0,
35539,1449,10,14.0,
35542,1449,14,0.0,
35543,1449,15,1055.0,
35544,1449,7,11.0,
35545,1449,16,727.0,
1664,1449,9,7940.0,
1665,1449,11,0.0,
1666,1449,8,0.0,
1667,1449,52,0.0,
35585,1450,4,1660.0,
35593,1450,14,0.0,
35594,1450,15,118.0,
35596,1450,16,260.0,
1668,1450,9,2706.0,
1669,1450,11,0.0,
1670,1450,8,0.0,
1671,1450,52,0.0,
35636,1451,4,12654.0,
35637,1451,5,1513.0,
35638,1451,6,81104.0,
35641,1451,10,117.0,
35644,1451,14,0.0,
35645,1451,15,2129.0,
35646,1451,7,5.0,
35647,1451,16,2045.0,
1672,1451,9,24894.0,
1673,1451,11,0.0,
1674,1451,8,0.0,
1675,1451,52,0.0,
35687,1452,4,33111.0,
35688,1452,5,3081.0,
35689,1452,6,0.0,
35692,1452,10,279.0,
35693,1452,12,0.0,
35694,1452,13,2.0,
35695,1452,14,115.0,
35697,1452,7,31.0,
1676,1452,9,74140.0,
1677,1452,11,0.0,
1678,1452,8,0.0,
1679,1452,52,0.0,
35738,1453,4,3582.0,
35739,1453,5,487.0,
35740,1453,6,34426.0,
35743,1453,10,78.0,
35746,1453,14,0.0,
35747,1453,15,997.0,
35748,1453,7,1.0,
35749,1453,16,514.0,
1680,1453,9,6280.0,
1681,1453,11,0.0,
1682,1453,8,0.0,
1683,1453,52,0.0,
35789,1454,4,2409.0,
35790,1454,5,254.0,
35791,1454,6,37958.0,
35794,1454,10,50.0,
35797,1454,14,0.0,
35798,1454,15,857.0,
35800,1454,16,568.0,
1684,1454,9,5014.0,
1685,1454,11,0.0,
1686,1454,8,0.0,
1687,1454,52,0.0,
35840,1455,4,10711.0,
35841,1455,5,661.0,
35842,1455,6,71792.0,
35845,1455,10,42.0,
35848,1455,14,0.0,
35849,1455,15,1187.0,
35850,1455,7,13.0,
35851,1455,16,3402.0,
1688,1455,9,30744.0,
1689,1455,11,0.0,
1690,1455,8,0.0,
1691,1455,52,0.0,
35891,1456,4,3810.0,
35892,1456,5,212.0,
35893,1456,6,39130.0,
35896,1456,10,18.0,
35899,1456,14,0.0,
35900,1456,15,1095.0,
35901,1456,7,14.0,
35902,1456,16,940.0,
1692,1456,9,9004.0,
1693,1456,11,0.0,
1694,1456,8,0.0,
1695,1456,52,0.0,
35942,1457,4,220.0,
35947,1457,10,8.0,
35950,1457,14,0.0,
35951,1457,15,144.0,
35953,1457,16,249.0,
1696,1457,9,2468.0,
1697,1457,11,0.0,
1698,1457,8,0.0,
1699,1457,52,0.0,
35993,1458,4,13782.0,
35994,1458,5,1812.0,
35995,1458,6,95776.0,
35998,1458,10,143.0,
36001,1458,14,0.0,
36002,1458,15,2569.0,
36003,1458,7,7.0,
36004,1458,16,2214.0,
1700,1458,9,27057.0,
1701,1458,11,0.0,
1702,1458,8,0.0,
1703,1458,52,0.0,
36044,1459,4,34993.0,
36045,1459,5,3428.0,
36046,1459,6,0.0,
36049,1459,10,372.0,
36050,1459,12,0.0,
36051,1459,13,4.0,
36052,1459,14,173.0,
36054,1459,7,39.0,
1704,1459,9,81346.0,
1705,1459,11,0.0,
1706,1459,8,0.0,
1707,1459,52,0.0,
36095,1460,4,4061.0,
36096,1460,5,489.0,
36097,1460,6,39670.0,
36100,1460,10,111.0,
36103,1460,14,0.0,
36104,1460,15,1132.0,
36105,1460,7,5.0,
36106,1460,16,673.0,
1708,1460,9,7059.0,
1709,1460,11,0.0,
1710,1460,8,0.0,
1711,1460,52,0.0,
36146,1461,4,2365.0,
36147,1461,5,220.0,
36148,1461,6,33444.0,
36151,1461,10,57.0,
36154,1461,14,0.0,
36155,1461,15,731.0,
36157,1461,16,548.0,
1712,1461,9,4526.0,
1713,1461,11,0.0,
1714,1461,8,0.0,
1715,1461,52,0.0,
36197,1462,4,9186.0,
36198,1462,5,545.0,
36199,1462,6,72284.0,
36202,1462,10,30.0,
36205,1462,14,0.0,
36206,1462,15,1017.0,
36207,1462,7,12.0,
36208,1462,16,2939.0,
1716,1462,9,27013.0,
1717,1462,11,0.0,
1718,1462,8,0.0,
1719,1462,52,0.0,
36248,1463,4,3204.0,
36249,1463,5,144.0,
36250,1463,6,29664.0,
36253,1463,10,17.0,
36256,1463,14,0.0,
36257,1463,15,1013.0,
36258,1463,7,10.0,
36259,1463,16,650.0,
1720,1463,9,8161.0,
1721,1463,11,0.0,
1722,1463,8,0.0,
1723,1463,52,0.0,
36299,1464,4,1354.0,
36304,1464,10,4.0,
36307,1464,14,0.0,
36308,1464,15,153.0,
36310,1464,16,308.0,
1724,1464,9,2804.0,
1725,1464,11,0.0,
1726,1464,8,0.0,
1727,1464,52,0.0,
36350,1465,4,12211.0,
36351,1465,5,1094.0,
36352,1465,6,87568.0,
36355,1465,10,125.0,
36358,1465,14,0.0,
36359,1465,15,2183.0,
36360,1465,7,7.0,
36361,1465,16,1938.0,
1728,1465,9,24714.0,
1729,1465,11,0.0,
1730,1465,8,0.0,
1731,1465,52,0.0,
36401,1466,4,31770.0,
36402,1466,5,2432.0,
36403,1466,6,0.0,
36406,1466,10,330.0,
36407,1466,12,0.0,
36408,1466,13,3.0,
36409,1466,14,139.0,
36411,1466,7,32.0,
1732,1466,9,73150.0,
1733,1466,11,0.0,
1734,1466,8,0.0,
1735,1466,52,0.0,
36452,1467,4,3450.0,
36453,1467,5,429.0,
36454,1467,6,37738.0,
36457,1467,10,97.0,
36460,1467,14,0.0,
36461,1467,15,976.0,
36462,1467,7,3.0,
36463,1467,16,512.0,
1736,1467,9,5932.0,
1737,1467,11,0.0,
1738,1467,8,0.0,
1739,1467,52,0.0,
36503,1468,4,2590.0,
36504,1468,5,216.0,
36505,1468,6,30912.0,
36508,1468,10,50.0,
36511,1468,14,0.0,
36512,1468,15,846.0,
36514,1468,16,646.0,
1740,1468,9,5140.0,
1741,1468,11,0.0,
1742,1468,8,0.0,
1743,1468,52,0.0,
36554,1469,4,9686.0,
36555,1469,5,541.0,
36556,1469,6,72356.0,
36559,1469,10,33.0,
36562,1469,14,0.0,
36563,1469,15,1185.0,
36564,1469,7,2.0,
36565,1469,16,3479.0,
1744,1469,9,29523.0,
1745,1469,11,0.0,
1746,1469,8,0.0,
1747,1469,52,0.0,
36605,1470,4,3588.0,
36606,1470,5,178.0,
36607,1470,6,38474.0,
36610,1470,10,15.0,
36613,1470,14,0.0,
36614,1470,15,1064.0,
36615,1470,7,7.0,
36616,1470,16,890.0,
1748,1470,9,9291.0,
1749,1470,11,0.0,
1750,1470,8,0.0,
1751,1470,52,0.0,
36656,1471,4,615.0,
36664,1471,14,0.0,
36665,1471,15,153.0,
36667,1471,16,269.0,
1752,1471,9,2338.0,
1753,1471,11,0.0,
1754,1471,8,0.0,
1755,1471,52,0.0,
36707,1472,4,14075.0,
36708,1472,5,1471.0,
36709,1472,6,91406.0,
36712,1472,10,114.0,
36715,1472,14,0.0,
36716,1472,15,2454.0,
36717,1472,7,1.0,
36718,1472,16,2303.0,
1756,1472,9,28040.0,
1757,1472,11,0.0,
1758,1472,8,0.0,
1759,1472,52,0.0,
36758,1473,4,34281.0,
36759,1473,5,2835.0,
36760,1473,6,0.0,
36763,1473,10,307.0,
36764,1473,12,0.0,
36765,1473,13,2.0,
36766,1473,14,143.0,
36768,1473,7,12.0,
1760,1473,9,80839.0,
1761,1473,11,0.0,
1762,1473,8,0.0,
1763,1473,52,0.0,
36809,1474,4,3727.0,
36810,1474,5,429.0,
36811,1474,6,39000.0,
36814,1474,10,95.0,
36817,1474,14,0.0,
36818,1474,15,1073.0,
36819,1474,7,2.0,
36820,1474,16,529.0,
1764,1474,9,6507.0,
1765,1474,11,0.0,
1766,1474,8,0.0,
1767,1474,52,0.0,
36860,1475,4,3160.0,
36861,1475,5,199.0,
36862,1475,6,29344.0,
36865,1475,10,28.0,
36868,1475,14,0.0,
36869,1475,15,512.0,
36871,1475,16,313.0,
1768,1475,9,3359.0,
1769,1475,11,0.0,
1770,1475,8,0.0,
1771,1475,52,0.0,
36911,1476,4,10973.0,
36912,1476,5,419.0,
36913,1476,6,56996.0,
36916,1476,10,19.0,
36919,1476,14,0.0,
36920,1476,15,645.0,
36921,1476,7,2.0,
36922,1476,16,2200.0,
1772,1476,9,20844.0,
1773,1476,11,0.0,
1774,1476,8,0.0,
1775,1476,52,0.0,
36962,1477,4,4085.0,
36963,1477,5,140.0,
36964,1477,6,30998.0,
36967,1477,10,9.0,
36970,1477,14,0.0,
36971,1477,15,666.0,
36973,1477,16,526.0,
1776,1477,9,5995.0,
1777,1477,11,0.0,
1778,1477,8,0.0,
1779,1477,52,0.0,
37013,1478,4,864.0,
37018,1478,10,2.0,
37021,1478,14,0.0,
37022,1478,15,108.0,
37024,1478,16,111.0,
1780,1478,9,1927.0,
1781,1478,11,0.0,
1782,1478,8,0.0,
1783,1478,52,0.0,
37064,1479,4,14132.0,
37065,1479,5,1240.0,
37066,1479,6,63830.0,
37069,1479,10,69.0,
37072,1479,14,0.0,
37073,1479,15,1401.0,
37075,1479,16,1348.0,
1784,1479,9,18728.0,
1785,1479,11,0.0,
1786,1479,8,0.0,
1787,1479,52,0.0,
37115,1480,4,36944.0,
37116,1480,5,2353.0,
37117,1480,6,0.0,
37120,1480,10,220.0,
37121,1480,12,0.0,
37122,1480,13,6.0,
37123,1480,14,74.0,
37125,1480,7,2.0,
1788,1480,9,69272.0,
1789,1480,11,0.0,
1790,1480,8,0.0,
1791,1480,52,0.0,
37166,1481,4,3730.0,
37167,1481,5,355.0,
37168,1481,6,30276.0,
37171,1481,10,49.0,
37174,1481,14,0.0,
37175,1481,15,624.0,
37177,1481,16,392.0,
1792,1481,9,4564.0,
1793,1481,11,0.0,
1794,1481,8,0.0,
1795,1481,52,0.0,
37217,1482,4,3061.0,
37218,1482,5,305.0,
37219,1482,6,19850.0,
37222,1482,10,53.0,
37226,1482,15,0.0,
37228,1482,16,164.0,
1796,1482,9,3806.0,
1797,1482,11,0.0,
1798,1482,8,0.0,
1799,1482,52,0.0,
37268,1483,4,12316.0,
37269,1483,5,720.0,
37270,1483,6,75796.0,
37273,1483,10,28.0,
37277,1483,15,0.0,
37278,1483,7,1.0,
37279,1483,16,511.0,
1800,1483,9,24218.0,
1801,1483,11,0.0,
1802,1483,8,0.0,
1803,1483,52,0.0,
37319,1484,4,4249.0,
37320,1484,5,194.0,
37321,1484,6,32476.0,
37324,1484,10,17.0,
37328,1484,15,0.0,
37329,1484,7,9.0,
37330,1484,16,202.0,
1804,1484,9,6739.0,
1805,1484,11,0.0,
1806,1484,8,0.0,
1807,1484,52,0.0,
37370,1485,4,804.0,
37375,1485,10,9.0,
37379,1485,15,0.0,
37381,1485,16,47.0,
1808,1485,9,1964.0,
1809,1485,11,0.0,
1810,1485,8,0.0,
1811,1485,52,0.0,
37421,1486,4,16893.0,
37422,1486,5,1737.0,
37423,1486,6,83052.0,
37426,1486,10,108.0,
37430,1486,15,0.0,
37432,1486,16,571.0,
1812,1486,9,22306.0,
1813,1486,11,0.0,
1814,1486,8,0.0,
1815,1486,52,0.0,
37472,1487,4,41310.0,
37473,1487,5,3419.0,
37474,1487,6,0.0,
37477,1487,10,299.0,
37478,1487,12,0.0,
37479,1487,13,4.0,
37480,1487,14,93.0,
37482,1487,7,10.0,
1816,1487,9,63433.0,
1817,1487,11,0.0,
1818,1487,8,0.0,
1819,1487,52,0.0,
37523,1488,4,3987.0,
37524,1488,5,463.0,
37525,1488,6,23602.0,
37528,1488,10,84.0,
37532,1488,15,0.0,
37534,1488,16,135.0,
1820,1488,9,4400.0,
1821,1488,11,0.0,
1822,1488,8,0.0,
1823,1488,52,0.0,
37574,1489,4,2543.0,
37575,1489,5,301.0,
37576,1489,6,21916.0,
37579,1489,10,44.0,
37583,1489,15,0.0,
37585,1489,16,144.0,
1824,1489,9,3513.0,
1825,1489,11,0.0,
1826,1489,8,0.0,
1827,1489,52,0.0,
37625,1490,4,10785.0,
37626,1490,5,745.0,
37627,1490,6,72426.0,
37630,1490,10,24.0,
37634,1490,15,0.0,
37635,1490,7,6.0,
37636,1490,16,546.0,
1828,1490,9,22729.0,
1829,1490,11,0.0,
1830,1490,8,0.0,
1831,1490,52,0.0,
37676,1491,4,4025.0,
37677,1491,5,203.0,
37678,1491,6,33784.0,
37681,1491,10,12.0,
37685,1491,15,0.0,
37686,1491,7,7.0,
37687,1491,16,212.0,
1832,1491,9,6506.0,
1833,1491,11,0.0,
1834,1491,8,0.0,
1835,1491,52,0.0,
37727,1492,4,1133.0,
37732,1492,10,3.0,
37736,1492,15,0.0,
37738,1492,16,24.0,
1836,1492,9,1515.0,
1837,1492,11,0.0,
1838,1492,8,0.0,
1839,1492,52,0.0,
37778,1493,4,14352.0,
37779,1493,5,1698.0,
37780,1493,6,85906.0,
37783,1493,10,109.0,
37787,1493,15,0.0,
37788,1493,7,6.0,
37789,1493,16,558.0,
1840,1493,9,19813.0,
1841,1493,11,0.0,
1842,1493,8,0.0,
1843,1493,52,0.0,
37829,1494,4,36791.0,
37830,1494,5,3460.0,
37831,1494,6,0.0,
37834,1494,10,287.0,
37835,1494,12,0.0,
37836,1494,13,3.0,
37837,1494,14,156.0,
37839,1494,7,22.0,
1844,1494,9,55568.0,
1845,1494,11,0.0,
1846,1494,8,0.0,
1847,1494,52,0.0,
37880,1495,4,3953.0,
37881,1495,5,513.0,
37882,1495,6,22512.0,
37885,1495,10,95.0,
37889,1495,15,0.0,
37890,1495,7,3.0,
37891,1495,16,181.0,
1848,1495,9,1492.0,
1849,1495,11,0.0,
1850,1495,8,0.0,
1851,1495,52,0.0,
37931,1496,4,2319.0,
37932,1496,5,294.0,
37933,1496,6,30190.0,
37936,1496,10,44.0,
37937,1496,12,22.0,
37940,1496,15,0.0,
37942,1496,16,144.0,
1852,1496,9,3356.0,
1853,1496,11,0.0,
1854,1496,8,0.0,
1855,1496,52,0.0,
37982,1497,4,9697.0,
37983,1497,5,617.0,
37984,1497,6,71654.0,
37987,1497,10,24.0,
37988,1497,12,60.0,
37991,1497,15,0.0,
37992,1497,7,2.0,
37993,1497,16,537.0,
1856,1497,9,19823.0,
1857,1497,11,0.0,
1858,1497,8,0.0,
1859,1497,52,0.0,
38033,1498,4,3525.0,
38034,1498,5,223.0,
38035,1498,6,31146.0,
38038,1498,10,8.0,
38039,1498,12,13.0,
38042,1498,15,0.0,
38043,1498,7,9.0,
38044,1498,16,186.0,
1860,1498,9,5191.0,
1861,1498,11,0.0,
1862,1498,8,0.0,
1863,1498,52,0.0,
38084,1499,4,954.0,
38089,1499,10,5.0,
38093,1499,15,0.0,
38095,1499,16,25.0,
1864,1499,9,2324.0,
1865,1499,11,0.0,
1866,1499,8,0.0,
1867,1499,52,0.0,
38135,1500,4,13768.0,
38136,1500,5,1631.0,
38137,1500,6,82182.0,
38140,1500,10,94.0,
38141,1500,12,17.0,
38144,1500,15,0.0,
38145,1500,7,7.0,
38146,1500,16,568.0,
1868,1500,9,18058.0,
1869,1500,11,0.0,
1870,1500,8,0.0,
1871,1500,52,0.0,
38186,1501,4,34177.0,
38187,1501,5,3205.0,
38188,1501,6,0.0,
38191,1501,10,245.0,
38192,1501,12,112.0,
38193,1501,13,5.0,
38194,1501,14,173.0,
38196,1501,7,21.0,
1872,1501,9,53089.0,
1873,1501,11,0.0,
1874,1501,8,0.0,
1875,1501,52,0.0,
38237,1502,4,3914.0,
38238,1502,5,440.0,
38239,1502,6,29192.0,
38242,1502,10,70.0,
38246,1502,15,0.0,
38247,1502,7,3.0,
38248,1502,16,177.0,
1876,1502,9,4337.0,
1877,1502,11,0.0,
1878,1502,8,0.0,
1879,1502,52,0.0,
38288,1503,4,3109.0,
38289,1503,5,293.0,
38290,1503,6,26834.0,
38293,1503,10,53.0,
38294,1503,12,61.0,
38297,1503,15,0.0,
38299,1503,16,152.0,
1880,1503,9,3584.0,
1881,1503,11,0.0,
1882,1503,8,0.0,
1883,1503,52,0.0,
38339,1504,4,9367.0,
38340,1504,5,467.0,
38341,1504,6,77516.0,
38344,1504,10,25.0,
38345,1504,12,250.0,
38348,1504,15,0.0,
38350,1504,16,514.0,
1884,1504,9,18574.0,
1885,1504,11,0.0,
1886,1504,8,0.0,
1887,1504,52,0.0,
38390,1505,4,3768.0,
38391,1505,5,195.0,
38392,1505,6,34154.0,
38395,1505,10,13.0,
38396,1505,12,56.0,
38399,1505,15,0.0,
38400,1505,7,11.0,
38401,1505,16,187.0,
1888,1505,9,4791.0,
1889,1505,11,0.0,
1890,1505,8,0.0,
1891,1505,52,0.0,
38441,1506,4,1105.0,
38446,1506,10,7.0,
38450,1506,15,0.0,
38452,1506,16,26.0,
1892,1506,9,2546.0,
1893,1506,11,0.0,
1894,1506,8,0.0,
1895,1506,52,0.0,
38492,1507,4,13926.0,
38493,1507,5,1730.0,
38494,1507,6,87272.0,
38497,1507,10,126.0,
38498,1507,12,83.0,
38501,1507,15,0.0,
38502,1507,7,4.0,
38503,1507,16,633.0,
1896,1507,9,18045.0,
1897,1507,11,0.0,
1898,1507,8,0.0,
1899,1507,52,0.0,
38543,1508,4,35050.0,
38544,1508,5,3152.0,
38545,1508,6,0.0,
38548,1508,10,317.0,
38549,1508,12,450.0,
38550,1508,13,3.0,
38551,1508,14,133.0,
38553,1508,7,15.0,
1900,1508,9,51955.0,
1901,1508,11,0.0,
1902,1508,8,0.0,
1903,1508,52,0.0,
38594,1509,4,3775.0,
38595,1509,5,467.0,
38596,1509,6,28734.0,
38599,1509,10,93.0,
38603,1509,15,0.0,
38605,1509,16,193.0,
1904,1509,9,4415.0,
1905,1509,11,0.0,
1906,1509,8,0.0,
1907,1509,52,0.0,
38645,1510,4,2258.0,
38646,1510,5,213.0,
38647,1510,6,8752.0,
38650,1510,10,61.0,
38651,1510,12,71.0,
38654,1510,15,0.0,
38656,1510,16,1711.0,
1908,1510,9,4459.0,
1909,1510,11,0.0,
1910,1510,8,0.0,
1911,1510,52,0.0,
38696,1511,4,8263.0,
38697,1511,5,514.0,
38698,1511,6,32776.0,
38701,1511,10,30.0,
38702,1511,12,233.0,
38705,1511,15,0.0,
38707,1511,16,5328.0,
1912,1511,9,21437.0,
1913,1511,11,0.0,
1914,1511,8,0.0,
1915,1511,52,0.0,
38747,1512,4,2836.0,
38748,1512,5,124.0,
38749,1512,6,14794.0,
38752,1512,10,9.0,
38753,1512,12,87.0,
38756,1512,15,0.0,
38757,1512,7,6.0,
38758,1512,16,2248.0,
1916,1512,9,6334.0,
1917,1512,11,0.0,
1918,1512,8,0.0,
1919,1512,52,0.0,
38798,1513,4,1045.0,
38803,1513,10,3.0,
38807,1513,15,0.0,
38809,1513,16,444.0,
1920,1513,9,2445.0,
1921,1513,11,0.0,
1922,1513,8,0.0,
1923,1513,52,0.0,
38849,1514,4,11710.0,
38850,1514,5,1369.0,
38851,1514,6,36990.0,
38854,1514,10,131.0,
38855,1514,12,99.0,
38858,1514,15,0.0,
38859,1514,7,1.0,
38860,1514,16,5798.0,
1924,1514,9,21068.0,
1925,1514,11,0.0,
1926,1514,8,0.0,
1927,1514,52,0.0,
38900,1515,4,29278.0,
38901,1515,5,2572.0,
38902,1515,6,0.0,
38905,1515,10,334.0,
38906,1515,12,495.0,
38907,1515,13,2.0,
38908,1515,14,116.0,
38910,1515,7,10.0,
1928,1515,9,61145.0,
1929,1515,11,0.0,
1930,1515,8,0.0,
1931,1515,52,0.0,
38951,1516,4,3166.0,
38952,1516,5,352.0,
38953,1516,6,10940.0,
38956,1516,10,100.0,
38957,1516,12,5.0,
38960,1516,15,0.0,
38961,1516,7,3.0,
38962,1516,16,1947.0,
1932,1516,9,5402.0,
1933,1516,11,0.0,
1934,1516,8,0.0,
1935,1516,52,0.0,
39002,1517,4,1956.0,
39003,1517,5,225.0,
39004,1517,6,812.0,
39007,1517,10,59.0,
39008,1517,12,58.0,
39010,1517,14,0.0,
39011,1517,15,665.0,
39013,1517,16,1459.0,
1936,1517,9,4441.0,
1937,1517,11,0.0,
1938,1517,8,0.0,
1939,1517,52,0.0,
39053,1518,4,7690.0,
39054,1518,5,589.0,
39055,1518,6,2442.0,
39058,1518,10,25.0,
39059,1518,12,232.0,
39061,1518,14,0.0,
39062,1518,15,1261.0,
39064,1518,16,4335.0,
1940,1518,9,19775.0,
1941,1518,11,0.0,
1942,1518,8,0.0,
1943,1518,52,0.0,
39104,1519,4,2766.0,
39105,1519,5,176.0,
39106,1519,6,852.0,
39109,1519,10,10.0,
39110,1519,12,63.0,
39112,1519,14,0.0,
39113,1519,15,964.0,
39114,1519,7,8.0,
39115,1519,16,1948.0,
1944,1519,9,6584.0,
1945,1519,11,0.0,
1946,1519,8,0.0,
1947,1519,52,0.0,
39155,1520,4,807.0,
39160,1520,10,3.0,
39163,1520,14,0.0,
39164,1520,15,11.0,
39166,1520,16,272.0,
1948,1520,9,1654.0,
1949,1520,11,0.0,
1950,1520,8,0.0,
1951,1520,52,0.0,
39206,1521,4,11354.0,
39207,1521,5,1374.0,
39208,1521,6,4296.0,
39211,1521,10,121.0,
39212,1521,12,107.0,
39214,1521,14,0.0,
39215,1521,15,2082.0,
39216,1521,7,4.0,
39217,1521,16,4958.0,
1952,1521,9,20200.0,
1953,1521,11,0.0,
1954,1521,8,0.0,
1955,1521,52,0.0,
39257,1522,4,27423.0,
39258,1522,5,2729.0,
39259,1522,6,0.0,
39262,1522,10,301.0,
39263,1522,12,460.0,
39264,1522,13,9.0,
39265,1522,14,121.0,
39267,1522,7,14.0,
1956,1522,9,57846.0,
1957,1522,11,0.0,
1958,1522,8,0.0,
1959,1522,52,0.0,
39308,1523,4,2850.0,
39309,1523,5,365.0,
39310,1523,6,1068.0,
39313,1523,10,83.0,
39316,1523,14,0.0,
39317,1523,15,938.0,
39318,1523,7,2.0,
39319,1523,16,1663.0,
1960,1523,9,5192.0,
1961,1523,11,0.0,
1962,1523,8,0.0,
1963,1523,52,0.0,
1980,808,9,14481.0,
11905,809,6,992.0,
11906,809,16,1953.0,
1964,809,9,2594.0,
39361,809,10,67.0,
39362,809,12,83.0,
39364,809,14,0.0,
39365,809,15,1007.0,
1965,809,11,0.0,
1966,809,8,0.0,
1967,809,52,0.0,
1968,810,9,18615.0,
11921,810,6,3060.0,
11922,810,10,33.0,
11923,810,16,5980.0,
1972,811,9,4442.0,
39396,810,12,268.0,
39398,810,14,0.0,
39399,810,15,1771.0,
1976,813,9,1342.0,
1970,810,8,0.0,
1971,810,52,0.0,
11936,811,6,938.0,
11937,811,10,12.0,
11938,811,16,2481.0,
39432,811,12,131.0,
39434,811,14,0.0,
39435,811,15,1444.0,
1974,811,8,0.0,
11971,813,16,353.0,
39468,813,14,0.0,
39469,813,15,15.0,
1977,813,11,0.0,
1978,813,8,0.0,
1979,813,52,0.0,
11901,808,12,199.0,
39506,808,5,1799.0,
39507,808,6,5132.0,
39510,808,10,121.0,
39512,808,15,3181.0,
39513,808,7,9.0,
39514,808,16,6416.0,
1981,808,11,0.0,
1982,808,8,0.0,
1983,808,52,0.0,
11976,814,5,3489.0,
11977,814,7,26.0,
39554,814,4,33951.0,
39555,814,6,0.0,
39558,814,10,332.0,
39559,814,12,721.0,
39560,814,13,9.0,
39561,814,14,120.0,
1984,814,9,80703.0,
1985,814,11,0.0,
1988,812,9,3551.0,
1987,814,52,0.0,
2008,815,9,14107.0,
11956,812,6,1294.0,
11957,812,10,99.0,
11958,812,16,2278.0,
1992,816,9,2693.0,
39605,812,12,40.0,
39607,812,14,0.0,
39608,812,15,1366.0,
1996,817,9,17829.0,
1989,812,11,0.0,
1990,812,8,0.0,
2000,818,9,4250.0,
2016,819,9,3430.0,
11981,816,16,1745.0,
2004,820,9,1764.0,
39638,816,6,1028.0,
39641,816,10,57.0,
39642,816,12,53.0,
39644,816,14,0.0,
39645,816,15,889.0,
1993,816,11,0.0,
1994,816,8,0.0,
1995,816,52,0.0,
2020,823,9,2858.0,
11996,817,6,3154.0,
11997,817,10,32.0,
11998,817,16,5934.0,
2024,824,9,19038.0,
39676,817,12,241.0,
39678,817,14,0.0,
39679,817,15,1619.0,
2028,825,9,4857.0,
2032,827,9,1184.0,
1998,817,8,0.0,
1999,817,52,0.0,
12015,818,6,958.0,
12016,818,10,12.0,
12017,818,16,2548.0,
39708,818,12,87.0,
39710,818,14,0.0,
39711,818,15,1292.0,
2002,818,8,0.0,
12054,820,16,328.0,
39741,820,10,3.0,
39744,820,14,0.0,
39745,820,15,21.0,
2005,820,11,0.0,
2006,820,8,0.0,
2007,820,52,0.0,
39783,815,5,1980.0,
39784,815,6,5540.0,
39787,815,10,121.0,
39788,815,12,135.0,
39790,815,14,0.0,
39791,815,15,2893.0,
39792,815,7,4.0,
39793,815,16,6464.0,
2009,815,11,0.0,
2010,815,8,0.0,
2011,815,52,0.0,
12058,821,5,3829.0,
12059,821,10,306.0,
12060,821,7,26.0,
39833,821,4,35028.0,
39834,821,6,0.0,
39837,821,12,561.0,
39838,821,13,3.0,
39839,821,14,152.0,
2012,821,9,75642.0,
2015,821,52,0.0,
12035,819,6,1302.0,
12036,819,10,81.0,
12037,819,16,2276.0,
39883,819,12,45.0,
39885,819,14,0.0,
39886,819,15,1242.0,
2017,819,11,0.0,
2018,819,8,0.0,
12084,823,6,952.0,
12085,823,16,1756.0,
39914,823,10,62.0,
39915,823,12,57.0,
39917,823,14,0.0,
39918,823,15,881.0,
2021,823,11,0.0,
2022,823,8,0.0,
2023,823,52,0.0,
12101,824,6,2928.0,
12102,824,10,23.0,
12103,824,16,5428.0,
39948,824,12,358.0,
39950,824,14,0.0,
39951,824,15,1530.0,
2026,824,8,0.0,
2027,824,52,0.0,
12118,825,6,1044.0,
12119,825,10,8.0,
12120,825,16,2363.0,
39982,825,12,109.0,
39984,825,14,0.0,
39985,825,15,1268.0,
2030,825,8,0.0,
12155,827,16,535.0,
40015,827,10,1.0,
40018,827,14,0.0,
40019,827,15,12.0,
2033,827,11,0.0,
2034,827,8,0.0,
12063,822,6,6152.0,
12064,822,12,140.0,
12066,822,16,6424.0,
40057,822,10,141.0,
40059,822,15,2776.0,
2036,822,9,17206.0,
2037,822,11,0.0,
2038,822,8,0.0,
2044,826,9,3862.0,
12161,828,5,3576.0,
12162,828,7,37.0,
40085,828,4,35253.0,
40086,828,6,0.0,
40089,828,10,326.0,
40090,828,12,723.0,
40091,828,13,5.0,
40092,828,14,123.0,
2040,828,9,77504.0,
2041,828,11,0.0,
2064,829,9,15145.0,
2043,828,52,0.0,
2048,830,9,3132.0,
12138,826,6,1506.0,
12139,826,10,91.0,
12140,826,16,2256.0,
2052,831,9,19642.0,
40136,826,12,59.0,
40138,826,14,0.0,
40139,826,15,1252.0,
2056,832,9,4663.0,
2045,826,11,0.0,
2046,826,8,0.0,
2047,826,52,0.0,
2072,833,9,3804.0,
12187,830,6,884.0,
12188,830,10,63.0,
12189,830,16,1629.0,
2060,834,9,1647.0,
40169,830,12,41.0,
40171,830,14,0.0,
40172,830,15,907.0,
2049,830,11,0.0,
2050,830,8,0.0,
2051,830,52,0.0,
2076,837,9,3426.0,
12207,831,6,3278.0,
12208,831,10,26.0,
12209,831,16,5516.0,
2080,838,9,20990.0,
40200,831,12,231.0,
40202,831,14,0.0,
40203,831,15,1652.0,
2084,839,9,5447.0,
2054,831,8,0.0,
2055,831,52,0.0,
12226,832,6,1022.0,
12227,832,10,11.0,
12228,832,16,2344.0,
40232,832,12,77.0,
40234,832,14,0.0,
40235,832,15,1187.0,
2058,832,8,0.0,
12263,834,16,408.0,
40265,834,10,3.0,
40268,834,14,0.0,
40269,834,15,9.0,
2061,834,11,0.0,
2062,834,8,0.0,
2063,834,52,0.0,
12165,829,6,6682.0,
12166,829,10,132.0,
12167,829,12,146.0,
12169,829,16,5971.0,
40307,829,15,2522.0,
40308,829,7,4.0,
2066,829,8,0.0,
12270,835,5,3635.0,
12271,835,7,23.0,
40333,835,4,37856.0,
40334,835,6,0.0,
40337,835,10,338.0,
40338,835,12,529.0,
40339,835,13,5.0,
40340,835,14,148.0,
2068,835,9,72784.0,
2069,835,11,0.0,
2071,835,52,0.0,
12246,833,6,1598.0,
12247,833,10,103.0,
12248,833,16,2215.0,
40384,833,12,34.0,
40386,833,14,0.0,
40387,833,15,1136.0,
2073,833,11,0.0,
2074,833,8,0.0,
2075,833,52,0.0,
12296,837,6,998.0,
12297,837,10,60.0,
12298,837,16,1734.0,
40417,837,12,56.0,
40419,837,14,0.0,
40420,837,15,894.0,
2077,837,11,0.0,
2078,837,8,0.0,
2079,837,52,0.0,
12316,838,6,3178.0,
12317,838,10,28.0,
12318,838,16,5601.0,
40448,838,12,341.0,
40450,838,14,0.0,
40451,838,15,1632.0,
40452,838,7,4.0,
2082,838,8,0.0,
2083,838,52,0.0,
12335,839,6,1178.0,
12336,839,10,9.0,
12337,839,16,2678.0,
40480,839,12,118.0,
40482,839,14,0.0,
40483,839,15,1204.0,
2086,839,8,0.0,
12372,841,16,515.0,
40513,841,10,1.0,
40516,841,14,0.0,
40517,841,15,10.0,
2089,841,11,0.0,
2090,841,8,0.0,
2091,841,52,0.0,
2092,836,9,19243.0,
12274,836,6,6724.0,
12275,836,10,139.0,
12276,836,12,159.0,
12278,836,16,1998.0,
2100,840,9,4424.0,
2088,841,9,1324.0,
40559,836,15,2801.0,
2120,843,9,21648.0,
2104,844,9,4678.0,
2094,836,8,0.0,
2108,845,9,23998.0,
12375,842,5,3492.0,
12376,842,7,19.0,
40585,842,4,36268.0,
40586,842,6,0.0,
40589,842,10,335.0,
40590,842,12,713.0,
40591,842,13,9.0,
40592,842,14,126.0,
2096,842,9,73346.0,
2097,842,11,0.0,
2112,846,9,6109.0,
2099,842,52,0.0,
2128,847,9,5010.0,
12355,840,6,1438.0,
12356,840,10,98.0,
12357,840,16,2208.0,
2116,848,9,1498.0,
40636,840,12,39.0,
40638,840,14,0.0,
40639,840,15,1549.0,
2101,840,11,0.0,
2102,840,8,0.0,
2103,840,52,0.0,
12400,844,4,3142.0,
12401,844,5,323.0,
12403,844,14,0.0,
12404,844,15,992.0,
12405,844,16,1832.0,
40668,844,10,57.0,
40669,844,12,43.0,
40671,844,7,1.0,
2105,844,11,0.0,
2106,844,8,0.0,
2107,844,52,0.0,
12420,845,4,12647.0,
12421,845,5,913.0,
12423,845,14,0.0,
12424,845,15,1523.0,
12425,845,16,6441.0,
40699,845,10,28.0,
40700,845,12,241.0,
2109,845,11,0.0,
2110,845,8,0.0,
2111,845,52,0.0,
12440,846,4,4927.0,
12441,846,5,202.0,
12443,846,14,0.0,
12444,846,15,1337.0,
12445,846,16,2787.0,
40730,846,10,18.0,
40731,846,12,128.0,
40733,846,7,6.0,
2113,846,11,0.0,
2114,846,8,0.0,
12480,848,14,0.0,
12481,848,15,19.0,
12482,848,16,397.0,
40759,848,4,756.0,
40764,848,10,4.0,
2117,848,11,0.0,
2118,848,8,0.0,
2119,848,52,0.0,
12378,843,4,17538.0,
12379,843,5,1922.0,
12381,843,12,159.0,
12384,843,15,2857.0,
12385,843,16,6142.0,
40796,843,10,122.0,
40797,843,7,3.0,
2121,843,11,0.0,
2122,843,8,0.0,
40824,1524,4,43373.0,
40825,1524,5,3842.0,
40826,1524,6,0.0,
40829,1524,10,324.0,
40830,1524,12,630.0,
40831,1524,13,4.0,
40832,1524,14,122.0,
40834,1524,7,12.0,
2124,1524,9,94525.0,
2125,1524,11,0.0,
2126,1524,8,0.0,
2127,1524,52,0.0,
12460,847,4,4363.0,
12461,847,5,482.0,
12463,847,14,0.0,
12464,847,15,1349.0,
12465,847,16,2303.0,
40876,847,10,95.0,
40877,847,12,59.0,
40879,847,7,2.0,
2129,847,11,0.0,
2130,847,8,0.0,
12518,850,4,3101.0,
12519,850,10,65.0,
12520,850,16,1004.0,
41614,850,5,320.0,
41615,850,6,1186.0,
41618,850,12,59.0,
41620,850,14,0.0,
41621,850,15,179.0,
2132,850,9,4061.0,
2133,850,11,0.0,
2134,850,8,0.0,
2135,850,52,0.0,
12534,851,4,13217.0,
12535,851,6,26412.0,
12536,851,10,30.0,
12537,851,16,1648.0,
41649,851,5,935.0,
41652,851,12,302.0,
41654,851,14,0.0,
41655,851,15,529.0,
41656,851,7,2.0,
2136,851,9,25017.0,
2138,851,8,0.0,
2139,851,52,0.0,
41681,852,4,4727.0,
41682,852,5,207.0,
41683,852,6,1468.0,
41686,852,10,13.0,
41687,852,12,100.0,
41689,852,14,0.0,
41690,852,15,264.0,
41691,852,7,10.0,
41692,852,16,1409.0,
2140,852,9,6425.0,
2141,852,11,0.0,
2142,852,8,0.0,
2143,852,52,0.0,
41731,854,4,815.0,
41739,854,14,0.0,
41740,854,15,59.0,
41742,854,16,28.0,
2144,854,9,1682.0,
2145,854,11,0.0,
2146,854,8,0.0,
2147,854,52,0.0,
12499,849,12,126.0,
12501,849,16,3011.0,
41781,849,5,2069.0,
41785,849,15,672.0,
41786,849,7,2.0,
2148,849,9,20255.0,
2150,849,8,0.0,
12574,855,5,4069.0,
12575,855,7,16.0,
41811,855,4,45642.0,
41812,855,6,0.0,
41815,855,10,376.0,
41816,855,12,652.0,
41817,855,13,11.0,
41818,855,14,136.0,
2152,855,9,0.0,
2153,855,11,0.0,
2155,855,52,0.0,
12554,853,4,4740.0,
12555,853,6,1188.0,
12556,853,10,118.0,
12557,853,16,1397.0,
41859,853,5,538.0,
41862,853,12,65.0,
41864,853,14,0.0,
41865,853,15,197.0,
41866,853,7,2.0,
2156,853,9,4886.0,
2157,853,11,0.0,
2158,853,8,0.0,
2159,853,52,0.0,
12592,857,4,2957.0,
12593,857,6,766.0,
12594,857,10,54.0,
12595,857,16,1956.0,
41890,857,5,353.0,
41893,857,12,49.0,
41895,857,14,0.0,
41896,857,15,1111.0,
41897,857,7,1.0,
2160,857,9,3440.0,
2161,857,11,0.0,
2162,857,8,0.0,
2163,857,52,0.0,
12606,858,6,3252.0,
12607,858,10,30.0,
41928,858,5,765.0,
41931,858,12,402.0,
41933,858,14,0.0,
41934,858,15,1831.0,
41935,858,7,3.0,
41936,858,16,6912.0,
2164,858,9,20930.0,
2166,858,8,0.0,
2167,858,52,0.0,
12618,859,4,3610.0,
12619,859,6,850.0,
12620,859,10,16.0,
12621,859,16,2874.0,
41966,859,5,196.0,
41969,859,12,129.0,
41971,859,14,0.0,
41972,859,15,1524.0,
41973,859,7,10.0,
2168,859,9,5285.0,
2169,859,11,0.0,
2170,859,8,0.0,
41997,861,4,732.0,
42002,861,10,5.0,
42005,861,14,0.0,
42006,861,15,15.0,
42008,861,16,402.0,
2172,861,9,1322.0,
2173,861,11,0.0,
2174,861,8,0.0,
12578,856,10,146.0,
12579,856,12,181.0,
42045,856,5,1918.0,
42046,856,6,7534.0,
42050,856,15,3121.0,
42052,856,16,6859.0,
2176,856,9,15733.0,
2178,856,8,0.0,
12652,862,7,17.0,
42082,862,4,35680.0,
42083,862,5,3748.0,
42084,862,6,0.0,
42087,862,10,351.0,
42088,862,12,846.0,
42089,862,13,5.0,
42090,862,14,116.0,
2180,862,9,0.0,
2181,862,11,0.0,
2183,862,52,0.0,
12638,860,4,3663.0,
12639,860,6,1444.0,
12640,860,10,100.0,
42131,860,5,516.0,
42134,860,12,85.0,
42136,860,14,0.0,
42137,860,15,1379.0,
42138,860,7,3.0,
42139,860,16,2621.0,
2184,860,9,4017.0,
2185,860,11,0.0,
2186,860,8,0.0,
2187,860,52,0.0,
12675,864,4,2576.0,
12676,864,6,948.0,
12677,864,16,1977.0,
42170,864,5,265.0,
42173,864,10,51.0,
42174,864,12,77.0,
42176,864,14,0.0,
42177,864,15,982.0,
2188,864,9,3232.0,
2189,864,11,0.0,
2190,864,8,0.0,
2191,864,52,0.0,
12692,865,6,3168.0,
12693,865,10,27.0,
12694,865,16,5980.0,
42205,865,5,672.0,
42208,865,12,270.0,
42210,865,14,0.0,
42211,865,15,1614.0,
42212,865,7,2.0,
2192,865,9,18375.0,
2194,865,8,0.0,
2195,865,52,0.0,
12708,866,4,3476.0,
12709,866,6,978.0,
12710,866,10,16.0,
12711,866,16,2562.0,
42239,866,5,162.0,
42244,866,14,0.0,
42245,866,15,1268.0,
42246,866,7,11.0,
2196,866,9,4702.0,
2197,866,11,0.0,
2198,866,8,0.0,
42270,868,4,836.0,
42275,868,10,1.0,
42278,868,14,0.0,
42279,868,15,24.0,
42281,868,16,396.0,
2200,868,9,1820.0,
2201,868,11,0.0,
2202,868,8,0.0,
12654,863,6,6316.0,
12655,863,10,125.0,
12656,863,12,161.0,
12658,863,16,6499.0,
42317,863,5,1735.0,
42321,863,15,2874.0,
42322,863,7,2.0,
2204,863,9,15869.0,
2206,863,8,0.0,
12750,869,7,18.0,
42347,869,4,35257.0,
42348,869,5,3266.0,
42349,869,6,0.0,
42352,869,10,317.0,
42353,869,12,600.0,
42354,869,13,5.0,
42355,869,14,136.0,
2208,869,9,0.0,
2209,869,11,0.0,
2211,869,52,0.0,
12728,867,4,3624.0,
12729,867,6,1388.0,
12730,867,10,97.0,
12731,867,16,2326.0,
42396,867,5,432.0,
42399,867,12,92.0,
42401,867,14,0.0,
42402,867,15,1360.0,
42403,867,7,3.0,
2212,867,9,3843.0,
2213,867,11,0.0,
2214,867,8,0.0,
12774,871,4,2983.0,
12775,871,16,2000.0,
42429,871,5,288.0,
42430,871,6,1050.0,
42433,871,10,58.0,
42434,871,12,47.0,
42436,871,14,0.0,
42437,871,15,1117.0,
2216,871,9,3272.0,
2217,871,11,0.0,
2218,871,8,0.0,
2219,871,52,0.0,
12790,872,10,34.0,
12791,872,16,6494.0,
42465,872,5,729.0,
42466,872,6,3818.0,
42469,872,12,315.0,
42471,872,14,0.0,
42472,872,15,1740.0,
2220,872,9,19017.0,
2222,872,8,0.0,
2223,872,52,0.0,
12804,873,6,1516.0,
12805,873,10,15.0,
12806,873,16,2730.0,
42502,873,5,167.0,
42505,873,12,35.0,
42507,873,14,0.0,
42508,873,15,1327.0,
42509,873,7,9.0,
2224,873,9,4827.0,
2226,873,8,0.0,
12839,875,16,451.0,
42533,875,4,944.0,
42538,875,10,4.0,
42541,875,14,0.0,
42542,875,15,30.0,
2228,875,9,2263.0,
2229,875,11,0.0,
2230,875,8,0.0,
12753,870,6,7468.0,
12754,870,10,137.0,
12755,870,12,183.0,
12757,870,16,7065.0,
42577,870,5,1930.0,
42581,870,15,2865.0,
42582,870,7,3.0,
2232,870,9,15985.0,
2234,870,8,0.0,
12845,876,7,13.0,
42607,876,4,39366.0,
42608,876,5,3730.0,
42609,876,6,0.0,
42612,876,10,364.0,
42613,876,12,640.0,
42614,876,13,4.0,
42615,876,14,115.0,
2236,876,9,0.0,
2237,876,11,0.0,
2239,876,52,0.0,
12823,874,4,4509.0,
12824,874,6,1882.0,
12825,874,10,116.0,
12826,874,16,2572.0,
42656,874,5,616.0,
42659,874,12,60.0,
42661,874,14,0.0,
42662,874,15,1331.0,
42663,874,7,1.0,
2240,874,9,7422.0,
2241,874,11,0.0,
2242,874,8,0.0,
12868,878,4,2039.0,
12869,878,16,1677.0,
42691,878,5,180.0,
42692,878,6,710.0,
42695,878,10,50.0,
42696,878,12,28.0,
42698,878,14,0.0,
42699,878,15,791.0,
2244,878,9,2737.0,
2245,878,11,0.0,
2246,878,8,0.0,
2247,878,52,0.0,
12884,879,6,2532.0,
12885,879,10,23.0,
12886,879,16,5307.0,
42727,879,5,515.0,
42730,879,12,313.0,
42732,879,14,0.0,
42733,879,15,1476.0,
42734,879,7,4.0,
2248,879,9,16009.0,
2250,879,8,0.0,
2251,879,52,0.0,
12899,880,6,866.0,
12900,880,10,11.0,
12901,880,16,2121.0,
42763,880,5,149.0,
42766,880,12,67.0,
42768,880,14,0.0,
42769,880,15,1098.0,
42770,880,7,7.0,
2252,880,9,4444.0,
2254,880,8,0.0,
12936,882,16,309.0,
42794,882,4,830.0,
42799,882,10,4.0,
42802,882,14,0.0,
42803,882,15,17.0,
2256,882,9,1494.0,
2257,882,11,0.0,
2258,882,8,0.0,
2259,882,52,0.0,
12847,877,6,5148.0,
12848,877,10,92.0,
12849,877,12,150.0,
12851,877,16,5573.0,
42842,877,5,1475.0,
42846,877,15,2461.0,
42847,877,7,6.0,
2260,877,9,13708.0,
2262,877,8,0.0,
12939,883,7,20.0,
42872,883,4,30423.0,
42873,883,5,2646.0,
42874,883,6,0.0,
42877,883,10,270.0,
42878,883,12,600.0,
42879,883,13,4.0,
42880,883,14,76.0,
2264,883,9,0.0,
2265,883,11,0.0,
2267,883,52,0.0,
12918,881,4,3025.0,
12919,881,6,1252.0,
12920,881,10,90.0,
12921,881,16,1882.0,
42921,881,5,327.0,
42924,881,12,42.0,
42926,881,14,0.0,
42927,881,15,944.0,
42928,881,7,3.0,
2268,881,9,3013.0,
2269,881,11,0.0,
2270,881,8,0.0,
42954,885,4,2011.0,
42955,885,5,202.0,
42956,885,6,844.0,
42959,885,10,50.0,
42960,885,12,38.0,
42962,885,14,0.0,
42963,885,15,797.0,
42965,885,16,1630.0,
2272,885,9,2324.0,
2273,885,11,0.0,
2274,885,8,0.0,
2275,885,52,0.0,
12965,886,6,3364.0,
12966,886,10,25.0,
12967,886,16,5051.0,
43004,886,5,541.0,
43007,886,12,270.0,
43009,886,14,0.0,
43010,886,15,1469.0,
43011,886,7,2.0,
2276,886,9,15494.0,
2278,886,8,0.0,
2279,886,52,0.0,
12980,887,6,1396.0,
12981,887,10,16.0,
12982,887,16,2157.0,
43040,887,5,148.0,
43043,887,12,74.0,
43045,887,14,0.0,
43046,887,15,1179.0,
43047,887,7,9.0,
2280,887,9,3800.0,
2282,887,8,0.0,
13015,889,16,334.0,
43071,889,4,600.0,
43076,889,10,4.0,
43079,889,14,0.0,
43080,889,15,13.0,
2284,889,9,1030.0,
2285,889,11,0.0,
2286,889,8,0.0,
2287,889,52,0.0,
12942,884,6,6006.0,
12943,884,10,120.0,
12944,884,12,111.0,
12946,884,16,5592.0,
43118,884,5,1383.0,
43122,884,15,2359.0,
43123,884,7,5.0,
2288,884,9,12565.0,
2290,884,8,0.0,
13018,890,7,18.0,
43148,890,4,30077.0,
43149,890,5,2621.0,
43150,890,6,0.0,
43153,890,10,312.0,
43154,890,12,534.0,
43155,890,13,2.0,
43156,890,14,78.0,
2292,890,9,0.0,
2293,890,11,0.0,
2295,890,52,0.0,
12999,888,4,2841.0,
13000,888,6,1702.0,
13001,888,10,97.0,
13002,888,16,1918.0,
43197,888,5,347.0,
43200,888,12,41.0,
43202,888,14,0.0,
43203,888,15,1032.0,
43204,888,7,2.0,
2296,888,9,2704.0,
2297,888,11,0.0,
2298,888,8,0.0,
2299,888,52,0.0,
13608,909,5,216.0,
13610,909,7,1.0,
13611,909,16,1688.0,
43234,909,10,62.0,
43235,909,12,36.0,
43237,909,14,0.0,
43238,909,15,1139.0,
2300,909,9,2594.0,
2301,909,11,0.0,
2303,909,52,0.0,
13627,910,4,10010.0,
13628,910,5,679.0,
13630,910,7,6.0,
13631,910,16,6589.0,
43265,910,10,28.0,
43266,910,12,324.0,
43268,910,14,0.0,
43269,910,15,1754.0,
2304,910,9,18615.0,
2305,910,11,0.0,
2307,910,52,0.0,
13647,911,4,3150.0,
13648,911,5,138.0,
13650,911,7,9.0,
13651,911,16,2713.0,
43296,911,10,16.0,
43297,911,12,74.0,
43299,911,14,0.0,
43300,911,15,1491.0,
2308,911,9,4442.0,
2309,911,11,0.0,
13687,913,16,318.0,
43325,913,4,625.0,
43330,913,10,4.0,
43333,913,14,0.0,
43334,913,15,11.0,
2312,913,9,1342.0,
2313,913,11,0.0,
2314,913,8,0.0,
2315,913,52,0.0,
13585,908,4,13105.0,
13586,908,5,1617.0,
13588,908,12,199.0,
13590,908,7,2.0,
13591,908,16,6336.0,
43363,908,10,136.0,
43365,908,15,3127.0,
2316,908,9,14481.0,
2317,908,11,0.0,
43391,1525,4,32472.0,
43392,1525,5,3045.0,
43393,1525,6,0.0,
43396,1525,10,350.0,
43397,1525,12,691.0,
43398,1525,13,7.0,
43399,1525,14,105.0,
43401,1525,7,21.0,
2320,1525,9,0.0,
2321,1525,11,0.0,
2322,1525,8,0.0,
2323,1525,52,0.0,
13667,912,4,3430.0,
13668,912,5,395.0,
13670,912,7,3.0,
13671,912,16,2221.0,
43443,912,10,104.0,
43444,912,12,58.0,
43446,912,14,0.0,
43447,912,15,1383.0,
2324,912,9,3551.0,
2325,912,11,0.0,
13457,902,4,2241.0,
13458,902,5,207.0,
13460,902,14,0.0,
13461,902,15,985.0,
13463,902,16,1846.0,
43474,902,10,58.0,
43475,902,12,46.0,
2328,902,9,2693.0,
2329,902,11,0.0,
2331,902,52,0.0,
13479,903,4,11414.0,
13480,903,5,686.0,
13482,903,14,0.0,
13483,903,15,1641.0,
13484,903,7,14.0,
13485,903,16,5960.0,
43503,903,10,27.0,
43504,903,12,314.0,
2332,903,9,17829.0,
2333,903,11,0.0,
2335,903,52,0.0,
13501,904,4,3403.0,
13502,904,5,193.0,
13504,904,14,0.0,
13505,904,15,1347.0,
13506,904,7,11.0,
13507,904,16,2470.0,
43532,904,10,12.0,
43533,904,12,115.0,
2336,904,9,4250.0,
2337,904,11,0.0,
13568,907,14,0.0,
13569,907,15,15.0,
13570,907,16,421.0,
43564,907,10,4.0,
2340,907,9,1764.0,
2341,907,11,0.0,
2342,907,8,0.0,
2343,907,52,0.0,
13523,905,4,13867.0,
13524,905,5,1859.0,
13526,905,12,148.0,
13529,905,15,2747.0,
13530,905,7,6.0,
13531,905,16,5962.0,
43595,905,10,136.0,
2344,905,9,14107.0,
2345,905,11,0.0,
43621,1526,4,35364.0,
43622,1526,5,3354.0,
43623,1526,6,0.0,
43626,1526,10,333.0,
43627,1526,12,663.0,
43628,1526,13,2.0,
43629,1526,14,92.0,
43631,1526,7,36.0,
2348,1526,9,0.0,
2349,1526,11,0.0,
2350,1526,8,0.0,
2351,1526,52,0.0,
13547,906,4,3286.0,
13548,906,5,409.0,
13550,906,14,0.0,
13551,906,15,1192.0,
13552,906,7,5.0,
13553,906,16,2195.0,
43673,906,10,96.0,
43674,906,12,40.0,
2352,906,9,3430.0,
2353,906,11,0.0,
13915,926,4,2402.0,
13916,926,5,208.0,
13918,926,14,0.0,
13919,926,15,1046.0,
13921,926,16,1961.0,
43702,926,10,66.0,
43703,926,12,60.0,
2356,926,9,2858.0,
2357,926,11,0.0,
2359,926,52,0.0,
13936,927,4,12513.0,
13937,927,5,810.0,
13939,927,14,0.0,
13940,927,15,1805.0,
13941,927,7,14.0,
13942,927,16,6730.0,
43732,927,10,30.0,
43733,927,12,399.0,
2360,927,9,19038.0,
2361,927,11,0.0,
2363,927,52,0.0,
13957,928,4,3810.0,
13958,928,5,218.0,
13960,928,14,0.0,
13961,928,15,1414.0,
13962,928,7,12.0,
13963,928,16,2581.0,
43762,928,10,18.0,
43763,928,12,206.0,
2364,928,9,4857.0,
2365,928,11,0.0,
14022,931,14,0.0,
14023,931,15,12.0,
14024,931,16,409.0,
43790,931,4,507.0,
43795,931,10,4.0,
2368,931,9,1184.0,
2369,931,11,0.0,
2370,931,8,0.0,
13978,929,4,15555.0,
13979,929,5,2125.0,
13981,929,12,162.0,
13984,929,15,2981.0,
13985,929,7,6.0,
13986,929,16,6480.0,
43826,929,10,141.0,
2372,929,9,17206.0,
2373,929,11,0.0,
43853,1527,4,38585.0,
43854,1527,5,3819.0,
43855,1527,6,0.0,
43858,1527,10,380.0,
43859,1527,12,879.0,
43860,1527,13,6.0,
43861,1527,14,131.0,
43863,1527,7,36.0,
2376,1527,9,0.0,
2377,1527,11,0.0,
2378,1527,8,0.0,
2379,1527,52,0.0,
14001,930,4,3798.0,
14002,930,5,458.0,
14004,930,14,0.0,
14005,930,15,1352.0,
14006,930,7,4.0,
14007,930,16,2362.0,
43905,930,10,121.0,
43906,930,12,52.0,
2380,930,9,3862.0,
2381,930,11,0.0,
2383,930,52,0.0,
13021,891,4,2761.0,
13022,891,5,214.0,
13024,891,14,0.0,
13025,891,15,985.0,
13026,891,7,1.0,
13027,891,16,2044.0,
43935,891,10,59.0,
2384,891,9,3132.0,
2385,891,11,0.0,
2387,891,52,0.0,
13043,892,4,11742.0,
13044,892,5,781.0,
13046,892,14,0.0,
13047,892,15,1762.0,
13048,892,7,6.0,
13049,892,16,6719.0,
43964,892,10,28.0,
2388,892,9,19642.0,
2389,892,11,0.0,
2391,892,52,0.0,
13065,893,4,3868.0,
13066,893,5,188.0,
13068,893,14,0.0,
13069,893,15,1418.0,
13070,893,7,10.0,
13071,893,16,2758.0,
43993,893,10,15.0,
2392,893,9,4663.0,
2393,893,11,0.0,
44020,896,4,905.0,
44025,896,10,4.0,
2396,896,9,1647.0,
2397,896,11,0.0,
2398,896,8,0.0,
2399,896,52,0.0,
13087,894,4,15340.0,
13088,894,5,2034.0,
13093,894,15,2870.0,
13094,894,7,4.0,
13095,894,16,6318.0,
44056,894,10,139.0,
2400,894,9,15145.0,
2401,894,11,0.0,
44082,1528,4,38214.0,
44083,1528,5,3594.0,
44084,1528,6,0.0,
44087,1528,10,357.0,
44088,1528,12,824.0,
44089,1528,13,6.0,
44090,1528,14,116.0,
44092,1528,7,23.0,
2404,1528,9,0.0,
2405,1528,11,0.0,
2406,1528,8,0.0,
2407,1528,52,0.0,
13111,895,4,3598.0,
13112,895,5,377.0,
13114,895,14,0.0,
13115,895,15,1341.0,
13116,895,7,2.0,
13117,895,16,2373.0,
44134,895,10,112.0,
2408,895,9,3804.0,
2409,895,11,0.0,
2411,895,52,0.0,
14040,932,4,2618.0,
14041,932,5,229.0,
14043,932,14,0.0,
14044,932,15,1169.0,
14045,932,7,1.0,
14046,932,16,1920.0,
44163,932,10,69.0,
2412,932,9,3426.0,
2413,932,11,0.0,
2415,932,52,0.0,
14062,933,4,12345.0,
14063,933,5,747.0,
14065,933,14,0.0,
14066,933,15,1724.0,
14067,933,7,4.0,
14068,933,16,6894.0,
44192,933,10,34.0,
2416,933,9,20990.0,
2417,933,11,0.0,
2419,933,52,0.0,
14085,934,5,163.0,
14087,934,14,0.0,
14088,934,15,1498.0,
14089,934,7,4.0,
14090,934,16,2684.0,
44221,934,10,17.0,
2420,934,9,5447.0,
2421,934,11,0.0,
14151,937,14,0.0,
14152,937,15,11.0,
14153,937,16,272.0,
44248,937,4,571.0,
44253,937,10,1.0,
2424,937,9,1324.0,
2425,937,11,0.0,
2426,937,8,0.0,
2427,937,52,0.0,
14106,935,4,17078.0,
14107,935,5,1972.0,
14112,935,15,2986.0,
14113,935,7,12.0,
14114,935,16,6594.0,
44284,935,10,122.0,
2428,935,9,19243.0,
2429,935,11,0.0,
44310,1529,4,40511.0,
44311,1529,5,3562.0,
44312,1529,6,0.0,
44315,1529,10,346.0,
44316,1529,12,772.0,
44317,1529,13,4.0,
44318,1529,14,122.0,
44320,1529,7,23.0,
2432,1529,9,0.0,
2433,1529,11,0.0,
2434,1529,8,0.0,
2435,1529,52,0.0,
14130,936,4,3958.0,
14131,936,5,451.0,
14133,936,14,0.0,
14134,936,15,1342.0,
14135,936,7,2.0,
14136,936,16,2364.0,
44362,936,10,103.0,
2436,936,9,4424.0,
2437,936,11,0.0,
2439,936,52,0.0,
13814,921,4,3404.0,
13815,921,5,222.0,
13817,921,14,0.0,
13818,921,15,1359.0,
13820,921,16,1968.0,
44391,921,10,70.0,
44392,921,12,95.0,
2440,921,9,4678.0,
2441,921,11,0.0,
13835,922,4,14653.0,
13836,922,5,766.0,
13838,922,14,0.0,
13839,922,15,1847.0,
13840,922,7,1.0,
13841,922,16,7156.0,
44421,922,10,38.0,
44422,922,12,367.0,
2444,922,9,23998.0,
2445,922,11,0.0,
2447,922,52,0.0,
13856,923,4,5355.0,
13857,923,5,214.0,
13859,923,14,0.0,
13860,923,15,1568.0,
13861,923,7,5.0,
13862,923,16,3167.0,
44451,923,10,22.0,
44452,923,12,129.0,
2448,923,9,6109.0,
2449,923,11,0.0,
13898,925,14,0.0,
13899,925,15,21.0,
13900,925,16,309.0,
44479,925,4,1346.0,
44484,925,10,4.0,
2452,925,9,1498.0,
2453,925,11,0.0,
2454,925,8,0.0,
13791,920,4,19413.0,
13792,920,5,2046.0,
13794,920,12,210.0,
13797,920,15,3102.0,
13798,920,7,9.0,
13799,920,16,1021.0,
44515,920,10,151.0,
2456,920,9,21648.0,
2457,920,11,0.0,
44542,1530,4,48945.0,
44543,1530,5,3695.0,
44544,1530,6,0.0,
44547,1530,10,405.0,
44548,1530,12,900.0,
44549,1530,13,2.0,
44550,1530,14,137.0,
44552,1530,7,16.0,
2460,1530,9,0.0,
2461,1530,11,0.0,
2462,1530,8,0.0,
2463,1530,52,0.0,
13877,924,4,4774.0,
13878,924,5,447.0,
13880,924,14,0.0,
13881,924,15,1501.0,
13882,924,7,1.0,
13883,924,16,2669.0,
44594,924,10,120.0,
44595,924,12,99.0,
2464,924,9,5010.0,
2465,924,11,0.0,
2467,924,52,0.0,
2468,806,12,120.0,
2469,802,12,327.0,
2470,798,12,94.0,
2471,800,12,828.0,
2472,897,12,214.0,
2473,898,12,116.0,
2474,899,12,639.0,
2475,915,12,87.0,
2476,916,12,674.0,
2477,917,12,257.0,
2478,918,12,413.0,
2479,919,12,81.0,
2480,938,12,711.0,
2481,939,12,59.0,
2482,940,12,143.0,
2483,942,12,96.0,
2484,944,12,148.0,
2485,946,12,254.0,
2486,947,12,126.0,
2487,948,12,707.0,
2488,949,12,38.0,
2489,951,12,294.0,
2490,952,12,125.0,
2491,955,12,909.0,
2492,956,12,646.0,
2493,957,12,193.0,
2494,958,12,121.0,
2495,960,12,154.0,
2496,962,12,151.0,
2497,963,12,110.0,
2498,964,12,126.0,
2499,966,12,138.0,
2500,967,12,199.0,
2501,968,12,198.0,
2502,969,12,126.0,
2503,971,12,117.0,
2504,1,82,120.0,
2505,2,82,75.0,
2506,3,82,201.0,
2507,4,82,13.0,
2508,5,82,70.0,
2509,6,82,308.0,
2510,7,82,5.0,
2511,8,82,42.0,
2512,9,82,155.0,
2513,10,82,173.0,
2514,11,82,127.0,
2515,12,82,87.0,
2516,13,82,249.0,
2517,14,82,52.0,
2518,15,82,105.0,
39505,808,4,13105.0,
39511,808,14,105.0,
11904,809,4,2152.0,
39358,809,5,216.0,
1969,810,11,5.0,
11920,810,4,10005.0,
39393,810,5,679.0,
39400,810,7,6.0,
1973,811,11,3.0,
1975,811,52,2.0,
11935,811,4,3147.0,
39429,811,5,138.0,
39436,811,7,9.0,
1991,812,52,3.0,
11955,812,4,3430.0,
39602,812,5,395.0,
39609,812,7,3.0,
39460,813,4,625.0,
1986,814,8,4548.0,
39782,815,4,13867.0,
11980,816,4,2241.0,
11990,816,25,56.0,
11993,816,50,35.0,
39637,816,5,207.0,
1997,817,11,6.0,
11995,817,4,11408.0,
11999,817,17,23.0,
12000,817,18,6.0,
12001,817,19,7.0,
12002,817,20,14.0,
12003,817,21,4.0,
12004,817,22,683.0,
12005,817,23,66.0,
12006,817,24,93.0,
12007,817,25,116.0,
12011,817,49,365.0,
12012,817,50,16.0,
39673,817,5,686.0,
39680,817,7,14.0,
2001,818,11,3.0,
2003,818,52,5.0,
12014,818,4,3400.0,
12018,818,17,5.0,
12019,818,18,4.0,
12020,818,19,2.0,
12021,818,20,13.0,
12023,818,22,52.0,
12024,818,23,47.0,
12025,818,24,8.0,
12026,818,25,118.0,
39705,818,5,193.0,
39712,818,7,11.0,
2019,819,52,2.0,
12034,819,4,3286.0,
39880,819,5,409.0,
39887,819,7,5.0,
39736,820,4,1153.0,
2013,821,11,21.0,
2014,821,8,5467.0,
2039,822,52,10.0,
12062,822,4,15534.0,
40054,822,5,2125.0,
40058,822,14,131.0,
40060,822,7,6.0,
12083,823,4,2402.0,
12098,823,51,20.0,
39911,823,5,208.0,
39919,823,7,0.0,
2025,824,11,5.0,
12100,824,4,12508.0,
12104,824,17,33.0,
12105,824,18,6.0,
12106,824,19,7.0,
12107,824,20,14.0,
12108,824,21,4.0,
12109,824,22,1059.0,
12110,824,23,88.0,
12111,824,24,75.0,
12112,824,25,128.0,
12114,824,49,320.0,
12115,824,50,5.0,
39945,824,5,810.0,
39952,824,7,14.0,
2029,825,11,2.0,
2031,825,52,9.0,
12117,825,4,3808.0,
12121,825,17,4.0,
12122,825,18,2.0,
12123,825,19,2.0,
12124,825,20,13.0,
12125,825,21,2.0,
12126,825,22,39.0,
12127,825,23,7.0,
12128,825,24,19.0,
12129,825,25,122.0,
12133,825,49,365.0,
12134,825,50,1.0,
12135,825,51,53.0,
39979,825,5,218.0,
39986,825,7,12.0,
12137,826,4,3798.0,
12141,826,17,14.0,
12142,826,18,1.0,
12143,826,19,1.0,
12145,826,22,162.0,
12146,826,23,4.0,
12147,826,24,4.0,
12151,826,49,45.0,
12152,826,50,11.0,
12153,826,51,66.0,
40133,826,5,458.0,
40140,826,7,4.0,
2035,827,52,3.0,
12158,827,49,489.0,
12159,827,50,2.0,
12160,827,51,2.0,
40010,827,4,507.0,
2042,828,8,6478.0,
2065,829,11,27.0,
2067,829,52,8.0,
12164,829,4,15313.0,
12168,829,13,6.0,
12170,829,17,22.0,
12171,829,18,6.0,
12172,829,19,15.0,
12173,829,20,29.0,
12174,829,21,6.0,
12175,829,22,890.0,
12176,829,23,277.0,
12177,829,24,162.0,
12178,829,25,292.0,
12182,829,49,50.0,
12183,829,50,14.0,
12184,829,51,21.5,
40303,829,5,2034.0,
40306,829,14,116.0,
12186,830,4,2761.0,
40166,830,5,214.0,
2053,831,11,5.0,
12206,831,4,11737.0,
40197,831,5,781.0,
40204,831,7,6.0,
2057,832,11,2.0,
2059,832,52,5.0,
12225,832,4,3866.0,
40229,832,5,188.0,
40236,832,7,10.0,
12245,833,4,3598.0,
12259,833,49,5.0,
12260,833,50,4.0,
12261,833,51,28.0,
40381,833,5,377.0,
40388,833,7,2.0,
12268,834,49,385.0,
12269,834,50,2.0,
40260,834,4,905.0,
2070,835,8,5306.0,
2093,836,11,38.0,
2095,836,52,7.0,
12273,836,4,17040.0,
12277,836,13,4.0,
12279,836,17,15.0,
12280,836,18,6.0,
12281,836,19,10.0,
12282,836,20,22.0,
12283,836,21,8.0,
12284,836,22,636.0,
12285,836,23,140.0,
12286,836,24,59.0,
12287,836,25,245.0,
12292,836,50,15.0,
12293,836,51,14.5,
40555,836,5,1972.0,
40558,836,14,122.0,
40560,836,7,12.0,
12295,837,4,2618.0,
12299,837,17,10.0,
12300,837,18,2.0,
12301,837,19,3.0,
12302,837,20,3.0,
12304,837,22,155.0,
12305,837,23,12.0,
12306,837,24,17.0,
12307,837,25,28.0,
12312,837,50,1.0,
12313,837,51,25.0,
40414,837,5,229.0,
2081,838,11,5.0,
12315,838,4,12340.0,
12319,838,17,21.0,
12320,838,18,5.0,
12321,838,19,5.0,
12322,838,20,10.0,
12323,838,21,5.0,
12324,838,22,714.0,
12325,838,23,70.0,
12326,838,24,84.0,
12327,838,25,96.0,
12331,838,49,504.0,
12332,838,50,2.0,
40445,838,5,747.0,
2085,839,11,2.0,
2087,839,52,1.0,
12334,839,4,3939.0,
12338,839,17,4.0,
12339,839,18,5.0,
12340,839,19,2.0,
12341,839,20,9.0,
40477,839,5,163.0,
40484,839,7,4.0,
12354,840,4,3958.0,
40633,840,5,451.0,
40640,840,7,2.0,
40508,841,4,571.0,
2098,842,8,6526.0,
2123,843,52,18.0,
12380,843,6,3497.0,
12383,843,14,4.0,
12402,844,6,505.0,
12422,845,6,1944.0,
12434,845,25,76.0,
2115,846,52,5.0,
12442,846,6,665.0,
12446,846,17,6.0,
12447,846,18,3.0,
12448,846,19,3.0,
12449,846,20,9.0,
12450,846,21,1.0,
12451,846,22,138.0,
12452,846,23,32.0,
12453,846,24,31.0,
12454,846,25,71.0,
12456,846,50,1.0,
12457,846,51,20.0,
2131,847,52,3.0,
12462,847,6,877.0,
12466,847,17,11.0,
12467,847,18,8.0,
12468,847,19,1.0,
12469,847,20,6.0,
12471,847,22,204.0,
12472,847,23,452.0,
12473,847,24,7.0,
12474,847,25,40.0,
12476,847,50,6.0,
12477,847,51,12.0,
12483,848,17,1.0,
12488,848,22,10.0,
2149,849,11,40.0,
2151,849,52,7.0,
41784,849,14,136.0,
2137,851,11,5.0,
12570,853,49,35.0,
12571,853,50,6.0,
12572,853,51,108.0,
2154,855,8,4827.0,
2177,856,11,20.0,
2179,856,52,21.0,
12577,856,4,14835.0,
12580,856,13,5.0,
12582,856,19,5.0,
12583,856,20,16.0,
12585,856,24,46.0,
12586,856,25,135.0,
12588,856,49,244.0,
12589,856,50,50.0,
12590,856,51,375.0,
42049,856,14,116.0,
12597,857,20,4.0,
12598,857,21,1.0,
12600,857,25,20.0,
12602,857,49,100.0,
12603,857,50,26.0,
2165,858,11,5.0,
12605,858,4,9858.0,
12610,858,20,6.0,
12613,858,25,50.0,
12615,858,49,242.0,
12616,858,50,17.0,
2171,859,52,3.0,
12622,859,17,1.0,
12625,859,20,10.0,
12626,859,21,4.0,
12627,859,22,7.0,
12630,859,25,82.0,
12634,859,49,249.0,
12635,859,50,11.0,
12636,859,51,81.5,
12647,860,50,6.0,
12648,860,51,30.0,
2175,861,52,6.0,
2182,862,8,5786.0,
2205,863,11,26.0,
2207,863,52,3.0,
42316,863,4,14352.0,
42320,863,14,136.0,
2193,865,11,5.0,
12691,865,4,10362.0,
2199,866,52,5.0,
12714,866,19,1.0,
12715,866,20,9.0,
12716,866,21,3.0,
12717,866,22,82.0,
12718,866,23,74.0,
12719,866,24,3.0,
12720,866,25,59.0,
12724,866,49,256.0,
12725,866,50,1.0,
12726,866,51,16.5,
2215,867,52,4.0,
12732,867,17,13.0,
12733,867,18,3.0,
12734,867,19,1.0,
12736,867,22,201.0,
12737,867,23,81.0,
12738,867,24,4.0,
12742,867,49,26.0,
12743,867,50,11.0,
12744,867,51,16.0,
2203,868,52,3.0,
12747,868,49,398.0,
12748,868,50,3.0,
12749,868,51,18.0,
2210,869,8,4221.0,
2233,870,11,31.0,
2235,870,52,13.0,
12752,870,4,15812.0,
12756,870,13,4.0,
12758,870,17,25.0,
12759,870,18,9.0,
12760,870,19,11.0,
12761,870,20,20.0,
12762,870,21,7.0,
12763,870,22,959.0,
12764,870,23,221.0,
12765,870,24,137.0,
12766,870,25,161.0,
12770,870,49,180.0,
12771,870,50,14.0,
12772,870,51,47.75,
42580,870,14,115.0,
12776,871,17,12.0,
12777,871,18,2.0,
12778,871,19,2.0,
12779,871,20,7.0,
12780,871,21,3.0,
12781,871,22,140.0,
12782,871,23,16.0,
12783,871,24,11.0,
12784,871,25,60.0,
12786,871,49,86.0,
12787,871,50,30.0,
2221,872,11,5.0,
12789,872,4,11091.0,
12792,872,17,40.0,
12793,872,18,6.0,
12794,872,19,8.0,
12795,872,20,10.0,
12796,872,21,4.0,
12797,872,22,806.0,
12798,872,23,82.0,
12799,872,24,71.0,
12800,872,25,100.0,
2225,873,11,2.0,
2227,873,52,3.0,
12803,873,4,3989.0,
12807,873,17,8.0,
12808,873,18,6.0,
12809,873,19,3.0,
12810,873,20,10.0,
12811,873,21,3.0,
12812,873,22,178.0,
2243,874,52,2.0,
2231,875,52,7.0,
2238,876,8,4118.0,
2261,877,11,20.0,
2263,877,52,8.0,
42841,877,4,12852.0,
42845,877,14,76.0,
2249,879,11,5.0,
12883,879,4,8773.0,
12889,879,19,6.0,
12890,879,20,11.0,
12891,879,21,3.0,
12892,879,22,609.0,
12893,879,23,82.0,
12894,879,24,52.0,
12895,879,25,88.0,
2253,880,11,2.0,
2255,880,52,4.0,
12898,880,4,2877.0,
12902,880,17,7.0,
12903,880,18,5.0,
12904,880,19,2.0,
12905,880,20,8.0,
12906,880,21,1.0,
12907,880,22,122.0,
12908,880,23,44.0,
12909,880,24,5.0,
12910,880,25,60.0,
12914,880,49,349.0,
12915,880,50,14.0,
12916,880,51,85.0,
2271,881,52,1.0,
12922,881,17,10.0,
12923,881,18,2.0,
12924,881,19,1.0,
12926,881,22,104.0,
12927,881,23,27.0,
12928,881,24,5.0,
12933,881,50,5.0,
12934,881,51,75.0,
2266,883,8,3895.0,
2289,884,11,13.0,
2291,884,52,9.0,
12941,884,4,12444.0,
12945,884,13,2.0,
12947,884,17,23.0,
12948,884,18,73.0,
12949,884,19,20.0,
12950,884,20,21.0,
12951,884,21,9.0,
12952,884,22,899.0,
12953,884,23,73.0,
12954,884,24,1402.0,
12955,884,25,175.0,
12959,884,49,259.0,
12960,884,50,10.0,
12961,884,51,23.0,
43121,884,14,78.0,
2277,886,11,5.0,
12964,886,4,9136.0,
12968,886,17,14.0,
12969,886,18,4.0,
2281,887,11,2.0,
2283,887,52,8.0,
12979,887,4,3025.0,
2294,890,8,4415.0,
2386,891,8,163.0,
13023,891,6,557.0,
43936,891,12,103.0,
2390,892,8,380.0,
13045,892,6,1868.0,
43965,892,12,721.0,
2394,893,8,107.0,
2395,893,52,5.0,
13067,893,6,857.0,
13075,893,20,12.0,
13076,893,21,2.0,
13077,893,22,40.0,
13078,893,23,20.0,
13079,893,24,9.0,
13080,893,25,100.0,
13082,893,49,9.0,
13083,893,50,1.0,
13084,893,51,25.0,
43994,893,12,182.0,
2402,894,8,563.0,
2403,894,52,8.0,
13089,894,6,3639.0,
13090,894,12,268.0,
13091,894,13,6.0,
13092,894,14,116.0,
13096,894,17,22.0,
13097,894,18,6.0,
13098,894,19,15.0,
13099,894,20,29.0,
13100,894,21,6.0,
13101,894,22,890.0,
13102,894,23,277.0,
13103,894,24,162.0,
13104,894,25,292.0,
13106,894,49,12.0,
13107,894,50,14.0,
13108,894,51,22.0,
2410,895,8,184.0,
13113,895,6,932.0,
13118,895,17,12.0,
13119,895,18,3.0,
13120,895,19,1.0,
13121,895,20,7.0,
13123,895,22,206.0,
13124,895,23,66.0,
13125,895,24,4.0,
13126,895,25,61.0,
44135,895,12,74.0,
13154,797,50,7.0,
13155,797,51,62.0,
2519,797,30,2.0,
2520,797,35,20.0,
2521,797,52,1.0,
13157,806,4,3914.0,
13158,806,5,505.0,
13159,806,6,781.0,
13161,806,7,2.0,
13165,806,47,1.0,
13166,806,48,150.0,
13167,806,49,175.0,
13168,806,50,10.0,
13169,806,51,80.0,
2522,806,11,0.0,
2523,806,8,1090.0,
2524,806,20,3.0,
2525,806,25,25.0,
2526,806,52,0.0,
13172,802,4,3764.0,
13173,802,5,167.0,
13174,802,6,524.0,
13176,802,7,12.0,
13180,802,19,0.0,
13181,802,20,7.0,
13182,802,21,2.0,
13185,802,24,0.0,
13186,802,25,56.0,
13187,802,26,6.0,
13209,802,48,0.0,
13210,802,49,847.0,
13211,802,50,10.0,
13212,802,51,88.5,
2527,802,11,3.0,
2528,802,8,491.0,
2529,802,52,6.0,
13215,798,4,2694.0,
13216,798,5,223.0,
13217,798,6,419.0,
13219,798,7,2.0,
13221,798,17,0.0,
13222,798,18,1.0,
13224,798,20,3.0,
13226,798,22,0.0,
13227,798,23,11.0,
13228,798,24,17.0,
13229,798,25,21.0,
13252,798,48,0.0,
13253,798,49,229.0,
13254,798,50,6.0,
13255,798,51,36.5,
2530,798,11,0.0,
2531,798,8,1146.0,
2532,798,52,0.0,
13258,800,4,10805.0,
13259,800,5,709.0,
13260,800,6,1621.0,
13262,800,7,3.0,
13264,800,19,1.0,
13265,800,20,17.0,
13267,800,24,30.0,
13268,800,25,114.0,
13270,800,49,988.0,
13271,800,50,17.0,
2533,800,11,6.0,
2534,800,8,1958.0,
2535,800,21,1.0,
2536,800,26,80.0,
2537,800,51,104.0,
13274,804,4,15257.0,
13275,804,5,199.0,
13276,804,6,3482.0,
13278,804,12,409.0,
13279,804,13,5.0,
13280,804,14,139.0,
13281,804,15,9611.0,
13282,804,7,13.0,
13283,804,16,23150.0,
13310,804,43,0.0,
13311,804,44,5.0,
13312,804,45,35.0,
13315,804,48,0.0,
13316,804,49,385.0,
13317,804,50,39.0,
13318,804,51,221.0,
2538,804,11,42.0,
2539,804,8,1714.0,
2540,804,52,4.0,
13321,897,4,3342.0,
13322,897,5,169.0,
13323,897,6,561.0,
13326,897,17,4.0,
13328,897,19,2.0,
13329,897,20,9.0,
13330,897,21,0.0,
13331,897,22,38.0,
13332,897,23,42.0,
13333,897,24,21.0,
13334,897,25,42.0,
13357,897,48,0.0,
13358,897,49,879.0,
13359,897,50,2.0,
13360,897,51,5.0,
2541,897,7,17.0,
2542,897,11,1.0,
2543,897,52,3.0,
13363,898,4,4352.0,
13364,898,5,429.0,
13365,898,6,867.0,
13367,898,7,21.0,
13369,898,17,10.0,
13370,898,18,2.0,
13371,898,19,1.0,
13372,898,20,8.0,
13373,898,21,1.0,
13374,898,22,201.0,
13375,898,23,39.0,
13376,898,24,6.0,
13377,898,25,63.0,
2544,898,11,0.0,
2545,898,8,1236.0,
2546,898,26,16.0,
2547,898,49,313.0,
13381,899,4,11975.0,
13382,899,5,778.0,
13383,899,6,1679.0,
13385,899,7,7.0,
13387,899,17,24.0,
13388,899,18,4.0,
13389,899,19,6.0,
13390,899,20,13.0,
13391,899,21,5.0,
13392,899,22,739.0,
13393,899,23,67.0,
13394,899,24,65.0,
13395,899,25,109.0,
13397,899,49,2016.0,
13398,899,50,3.0,
2548,899,11,5.0,
2549,899,8,2312.0,
2550,899,26,202.0,
2551,899,51,11.0,
13407,900,49,295.0,
13408,900,50,7.0,
13409,900,51,135.5,
2552,900,4,792.0,
2553,900,6,2.0,
2554,900,27,3.0,
2555,900,30,3.0,
2556,900,32,105.0,
2557,900,35,70.0,
2558,900,52,3.0,
13416,901,13,0.0,
13417,901,14,75.0,
13418,901,15,1825.0,
13420,901,16,5333.0,
13430,901,26,0.0,
13431,901,27,20.0,
13432,901,28,3.0,
13433,901,29,13.0,
13434,901,30,8.0,
13435,901,31,4.0,
13436,901,32,500.0,
13437,901,33,74.0,
13438,901,34,367.0,
13439,901,35,71.0,
13440,901,36,121.0,
2559,901,11,0.0,
2560,901,8,0.0,
2561,901,46,0.0,
2562,901,52,0.0,
2330,902,8,100.0,
13459,902,6,589.0,
2334,903,8,282.0,
13481,903,6,1730.0,
2338,904,8,62.0,
2339,904,52,5.0,
13503,904,6,992.0,
2346,905,8,596.0,
2347,905,52,7.0,
13525,905,6,2360.0,
13528,905,14,92.0,
13542,905,49,13.0,
13543,905,50,50.0,
13544,905,51,266.0,
2354,906,8,218.0,
2355,906,52,2.0,
13549,906,6,975.0,
13554,906,17,7.0,
13555,906,18,3.0,
13556,906,19,1.0,
13557,906,20,8.0,
13558,906,21,1.0,
13559,906,22,73.0,
13560,906,23,68.0,
13561,906,24,5.0,
13562,906,25,67.0,
13564,906,49,2.0,
13565,906,50,18.0,
13566,906,51,87.0,
13571,907,17,4.0,
13576,907,22,104.0,
13582,907,50,8.0,
13583,907,51,58.0,
43559,907,4,13867.0,
2318,908,8,749.0,
2319,908,52,9.0,
13587,908,6,3059.0,
13589,908,13,7.0,
13592,908,17,22.0,
13593,908,18,5.0,
13594,908,19,5.0,
13595,908,20,18.0,
13596,908,21,8.0,
13597,908,22,913.0,
43364,908,14,105.0,
2302,909,8,190.0,
13609,909,6,457.0,
2306,910,8,160.0,
13629,910,6,1570.0,
2310,911,8,87.0,
2311,911,52,2.0,
13649,911,6,742.0,
13662,911,49,7.0,
13663,911,50,1.0,
13664,911,51,9.0,
2326,912,8,575.0,
2327,912,52,3.0,
13669,912,6,457.0,
13672,912,17,10.0,
13673,912,18,2.0,
13674,912,19,2.0,
13675,912,20,9.0,
13677,912,22,146.0,
13678,912,23,56.0,
13679,912,24,15.0,
13680,912,25,91.0,
13682,912,49,2.0,
13683,912,50,4.0,
13684,912,51,16.0,
13688,913,17,3.0,
13693,913,22,96.0,
13698,913,49,1.0,
13699,913,50,1.0,
13700,913,51,1.0,
2563,914,4,1251.0,
2564,914,47,2.0,
2565,914,49,246.0,
2566,914,52,1.0,
13706,915,4,3515.0,
13707,915,5,245.0,
13708,915,6,477.0,
13710,915,17,10.0,
13711,915,18,3.0,
13712,915,19,7.0,
13713,915,20,5.0,
13714,915,21,6.0,
13715,915,22,114.0,
13717,915,24,39.0,
13718,915,25,36.0,
13721,915,49,4.0,
13722,915,50,14.0,
2567,915,7,1.0,
2568,915,26,126.0,
2569,915,47,1.0,
2570,915,51,15.8,
13725,916,4,15128.0,
13726,916,5,772.0,
13728,916,17,24.0,
13729,916,18,6.0,
13730,916,19,8.0,
13731,916,20,12.0,
13732,916,21,14.0,
13733,916,22,731.0,
13734,916,23,148.0,
13735,916,24,269.0,
13736,916,25,117.0,
13739,916,49,4.0,
13740,916,50,9.0,
2571,916,6,2086.0,
2572,916,26,803.0,
2573,916,28,1.0,
2574,916,51,10.0,
13745,918,4,20248.0,
13746,918,5,2158.0,
13747,918,6,3826.0,
13750,918,14,123.0,
13751,918,7,20.0,
13753,918,17,12.0,
13754,918,18,6.0,
2575,918,11,27.0,
2576,918,15,7.0,
2577,918,8,2011.0,
2578,918,26,1385.0,
2579,918,28,4.0,
2580,918,33,1602.0,
2581,918,38,2.0,
2582,918,43,10.0,
2583,918,52,8.0,
2584,919,8,1125.0,
2585,919,26,249.0,
2586,919,52,0.0,
2458,920,8,697.0,
2459,920,52,5.0,
13793,920,6,10094.0,
13796,920,14,137.0,
2442,921,8,208.0,
2443,921,52,1.0,
13816,921,6,490.0,
13825,921,21,4.0,
13826,921,22,130.0,
13827,921,23,45.0,
13828,921,24,25.0,
13829,921,25,21.0,
13831,921,49,8.0,
13832,921,50,1.0,
13833,921,51,21.0,
2446,922,8,274.0,
13837,922,6,1871.0,
13842,922,17,22.0,
13843,922,18,5.0,
13844,922,19,9.0,
13845,922,20,12.0,
13846,922,21,16.0,
13847,922,22,679.0,
13848,922,23,129.0,
13849,922,24,113.0,
13850,922,25,83.0,
13852,922,49,4.0,
13853,922,50,1.0,
13854,922,51,12.0,
2450,923,8,141.0,
2451,923,52,8.0,
13858,923,6,891.0,
13863,923,17,4.0,
13864,923,18,12.0,
13865,923,19,2.0,
13866,923,20,11.0,
13867,923,21,5.0,
13868,923,22,45.0,
13869,923,23,623.0,
13870,923,24,20.0,
13871,923,25,92.0,
13873,923,49,9.0,
13874,923,50,1.0,
13875,923,51,16.0,
2466,924,8,242.0,
13879,924,6,1015.0,
13884,924,17,10.0,
13885,924,18,2.0,
13886,924,19,3.0,
13887,924,20,7.0,
13888,924,21,4.0,
13889,924,22,246.0,
13890,924,23,60.0,
13891,924,24,20.0,
13892,924,25,99.0,
13894,924,49,2.0,
13895,924,50,10.0,
13896,924,51,7.0,
2455,925,52,2.0,
13911,925,49,3.0,
2358,926,8,253.0,
13917,926,6,457.0,
2362,927,8,273.0,
13938,927,6,1795.0,
2366,928,8,87.0,
2367,928,52,9.0,
13959,928,6,958.0,
2374,929,8,852.0,
2375,929,52,10.0,
13980,929,6,3342.0,
13983,929,14,131.0,
2382,930,8,234.0,
14003,930,6,1054.0,
14015,930,24,4.0,
14016,930,25,61.0,
14018,930,49,2.0,
14019,930,50,11.0,
14020,930,51,66.0,
2371,931,52,3.0,
14025,931,17,4.0,
14030,931,22,123.0,
14035,931,49,1.0,
14036,931,50,2.0,
14037,931,51,2.0,
2414,932,8,229.0,
14042,932,6,373.0,
14047,932,17,10.0,
14048,932,18,2.0,
14049,932,19,3.0,
14050,932,20,3.0,
14052,932,22,155.0,
14053,932,23,12.0,
14054,932,24,17.0,
14055,932,25,28.0,
14057,932,49,23.0,
14058,932,50,1.0,
14059,932,51,25.0,
44164,932,12,112.0,
2418,933,8,301.0,
14064,933,6,1578.0,
44193,933,12,484.0,
2422,934,8,122.0,
2423,934,52,1.0,
14086,934,6,414.0,
44222,934,12,178.0,
2430,935,8,767.0,
2431,935,52,7.0,
14108,935,6,3674.0,
14109,935,12,315.0,
14111,935,14,122.0,
14123,935,25,245.0,
14125,935,49,4.0,
14126,935,50,15.0,
14127,935,51,15.0,
2438,936,8,266.0,
14132,936,6,694.0,
14137,936,17,10.0,
14138,936,18,3.0,
14139,936,19,7.0,
14140,936,20,9.0,
14141,936,21,1.0,
14142,936,22,135.0,
14143,936,23,72.0,
14144,936,24,7.0,
14145,936,25,69.0,
14147,936,49,2.0,
14148,936,50,1.0,
14149,936,51,9.0,
44363,936,12,88.0,
14154,937,17,1.0,
14159,937,22,8.0,
14164,937,49,15.0,
14167,938,49,1433.0,
14168,938,50,18.0,
14170,938,4,10748.0,
14171,938,5,788.0,
14172,938,6,1507.0,
14174,938,7,4.0,
14176,938,17,21.0,
14177,938,18,6.0,
14178,938,19,8.0,
14179,938,20,12.0,
14180,938,21,4.0,
14181,938,22,701.0,
14182,938,23,76.0,
14183,938,24,60.0,
14184,938,25,93.0,
2587,938,51,140.0,
2588,938,11,5.0,
2589,938,8,1424.0,
2590,938,26,142.0,
14188,939,4,2435.0,
14189,939,5,213.0,
14190,939,6,426.0,
14193,939,7,1.0,
14197,939,19,4.0,
14198,939,20,8.0,
14199,939,21,1.0,
14200,939,22,40.0,
14201,939,23,41.0,
14202,939,24,39.0,
14203,939,25,53.0,
14204,939,26,12.0,
2591,939,11,0.0,
2592,939,14,0.0,
2593,939,8,840.0,
2594,939,52,5.0,
14243,940,22,35.0,
14244,940,23,31.0,
14245,940,24,10.0,
14246,940,25,70.0,
14260,940,39,0.0,
14261,940,40,1.0,
14265,940,44,0.0,
14266,940,45,4.0,
14269,940,48,0.0,
14270,940,49,767.0,
14271,940,50,10.0,
14272,940,51,90.0,
2595,940,11,1.0,
2596,940,8,153.0,
2597,940,52,3.0,
14278,941,47,2.0,
14279,941,48,101.0,
14280,941,49,311.0,
14281,941,50,8.0,
14282,941,51,151.5,
2598,941,4,1554.0,
2599,941,27,3.0,
2600,941,32,102.0,
2601,941,52,2.0,
14284,942,4,4205.0,
14285,942,5,439.0,
14286,942,6,946.0,
14288,942,7,13.0,
14290,942,17,11.0,
14291,942,18,3.0,
14292,942,19,1.0,
14294,942,22,231.0,
14295,942,23,46.0,
14296,942,24,9.0,
14298,942,47,1.0,
14299,942,48,52.0,
14300,942,49,40.0,
14301,942,50,16.0,
14302,942,51,100.0,
2602,942,11,0.0,
2603,942,8,965.0,
2604,942,20,7.0,
2605,942,25,52.0,
2606,942,52,0.0,
14309,943,12,0.0,
14310,943,13,3.0,
14311,943,14,71.0,
14312,943,15,1534.0,
14314,943,16,4781.0,
14324,943,26,0.0,
14325,943,27,13.0,
14326,943,28,3.0,
14327,943,29,15.0,
14328,943,30,11.0,
14329,943,31,7.0,
14330,943,32,255.0,
14331,943,33,56.0,
14332,943,34,1406.0,
14333,943,35,107.0,
14334,943,36,299.0,
14336,943,38,0.0,
14337,943,39,1.0,
14338,943,40,5.0,
14339,943,41,1.0,
14341,943,43,0.0,
14342,943,44,156.0,
14343,943,45,49.0,
14345,943,49,15.0,
14346,943,50,65.0,
14347,943,51,259.0,
2607,943,11,0.0,
2608,943,8,0.0,
2609,943,46,18.0,
2610,943,52,1.0,
14350,944,4,5553.0,
14351,944,5,657.0,
14352,944,6,1145.0,
14354,944,7,22.0,
14356,944,17,12.0,
14357,944,18,2.0,
14358,944,19,3.0,
14359,944,20,9.0,
14360,944,21,2.0,
14361,944,22,231.0,
14362,944,23,32.0,
14363,944,24,14.0,
14364,944,25,84.0,
14366,944,47,1.0,
14367,944,48,140.0,
14368,944,49,278.0,
14369,944,50,8.0,
14370,944,51,12.0,
2611,944,11,0.0,
2612,944,8,2239.0,
2613,944,26,22.0,
2614,944,52,0.0,
14374,945,47,5.0,
14375,945,48,2428.0,
14376,945,49,264.0,
14377,945,50,6.0,
14378,945,51,113.0,
2615,945,4,1254.0,
2616,945,52,4.0,
14380,946,4,3918.0,
14381,946,5,193.0,
14382,946,6,668.0,
14419,946,50,2.0,
14420,946,51,10.0,
2617,946,11,2.0,
2618,946,8,1056.0,
2619,946,52,6.0,
14423,947,4,3167.0,
14424,947,5,271.0,
14425,947,6,531.0,
14427,947,7,1.0,
14429,947,17,6.0,
14430,947,18,3.0,
14431,947,19,5.0,
14432,947,20,8.0,
14433,947,21,1.0,
14434,947,22,67.0,
14435,947,23,38.0,
14436,947,24,28.0,
14437,947,25,35.0,
14439,947,49,638.0,
14440,947,50,6.0,
14441,947,51,28.0,
2620,947,11,0.0,
2621,947,8,1053.0,
2622,947,26,3.0,
2623,947,52,2.0,
14444,948,4,13504.0,
14445,948,5,921.0,
14449,948,17,31.0,
14450,948,18,5.0,
14451,948,19,8.0,
14452,948,20,12.0,
14453,948,21,5.0,
14454,948,22,1194.0,
14455,948,23,72.0,
14456,948,24,73.0,
14457,948,25,109.0,
14459,948,47,1.0,
14460,948,48,250.0,
14461,948,49,1688.0,
14462,948,50,1.0,
2624,948,6,1956.0,
2625,948,11,5.0,
2626,948,8,1494.0,
2627,948,26,162.0,
2628,948,51,15.5,
14467,950,47,7.0,
14468,950,48,260.0,
2629,950,4,792.0,
2630,950,49,136.0,
2631,950,52,5.0,
14471,951,4,3974.0,
14472,951,5,216.0,
14473,951,6,594.0,
14475,951,7,9.0,
14477,951,17,5.0,
14478,951,18,4.0,
14479,951,19,2.0,
14480,951,20,13.0,
14481,951,21,2.0,
14482,951,22,65.0,
14483,951,23,31.0,
14484,951,24,11.0,
14485,951,25,103.0,
14486,951,26,3.0,
14508,951,48,0.0,
14509,951,49,754.0,
14510,951,50,3.0,
14511,951,51,15.0,
2632,951,11,2.0,
2633,951,8,351.0,
2634,951,52,3.0,
14514,952,4,4490.0,
14515,952,5,497.0,
14516,952,6,809.0,
14518,952,7,8.0,
14520,952,17,9.0,
14521,952,18,2.0,
14522,952,19,0.0,
14523,952,20,9.0,
14524,952,21,1.0,
14525,952,22,184.0,
14526,952,23,64.0,
14527,952,24,0.0,
14528,952,25,65.0,
14530,952,47,2.0,
14531,952,48,330.0,
14532,952,49,275.0,
2635,952,11,0.0,
2636,952,8,1602.0,
2637,952,26,13.0,
2638,952,52,0.0,
14537,953,4,2893.0,
14538,953,5,294.0,
14539,953,6,472.0,
14578,953,48,0.0,
14579,953,49,819.0,
14580,953,50,6.0,
14581,953,51,19.0,
2639,953,11,0.0,
2640,953,8,676.0,
2641,953,52,4.0,
14584,954,4,14788.0,
14585,954,5,1909.0,
14586,954,6,3690.0,
14588,954,12,301.0,
14589,954,13,4.0,
14590,954,7,18.0,
14592,954,17,21.0,
14593,954,18,4.0,
14594,954,19,13.0,
14595,954,20,23.0,
14596,954,21,4.0,
14597,954,22,847.0,
14598,954,23,106.0,
14600,954,26,284.0,
14601,954,27,0.0,
14602,954,28,4.0,
14603,954,29,2.0,
14604,954,30,6.0,
14605,954,31,5.0,
14606,954,32,0.0,
14607,954,33,1278.0,
14608,954,34,51.0,
14609,954,35,126.0,
14610,954,36,656.0,
14613,954,39,0.0,
14614,954,40,2.0,
14615,954,41,1.0,
14618,954,44,0.0,
14619,954,45,29.0,
14621,954,49,135.0,
14622,954,50,7.0,
14623,954,51,37.3,
2642,954,11,36.0,
2643,954,14,137.0,
2644,954,8,3193.0,
2645,954,24,116.0,
2646,954,46,98.0,
2647,954,52,9.0,
14626,955,4,11114.0,
14627,955,5,733.0,
14631,955,17,35.0,
14632,955,18,6.0,
14633,955,19,9.0,
14634,955,20,14.0,
14635,955,21,4.0,
14636,955,22,1301.0,
14637,955,23,87.0,
14638,955,24,79.0,
14639,955,25,116.0,
2648,955,6,1860.0,
2649,955,11,5.0,
2650,955,8,2008.0,
2651,955,26,203.0,
2652,955,49,1475.0,
14642,956,49,1392.0,
14645,956,4,12721.0,
14646,956,5,779.0,
14647,956,6,1715.0,
14649,956,7,8.0,
14651,956,17,31.0,
14652,956,18,5.0,
14653,956,19,6.0,
14654,956,20,11.0,
14655,956,21,4.0,
14656,956,22,1270.0,
14657,956,23,68.0,
14658,956,24,46.0,
14659,956,25,93.0,
2653,956,51,1.0,
2654,956,11,5.0,
2655,956,8,1504.0,
2656,956,26,183.0,
14663,957,4,3615.0,
14664,957,5,166.0,
14665,957,6,514.0,
14667,957,7,7.0,
14669,957,17,4.0,
14670,957,18,5.0,
14671,957,19,1.0,
14672,957,20,9.0,
14673,957,21,0.0,
14674,957,22,46.0,
14675,957,23,22.0,
14676,957,24,12.0,
14677,957,25,89.0,
14678,957,26,0.0,
14679,957,27,2.0,
14683,957,31,0.0,
14684,957,32,31.0,
2657,957,11,1.0,
2658,957,8,568.0,
2659,957,52,5.0,
14714,958,19,4.0,
14715,958,20,5.0,
14716,958,21,1.0,
14717,958,22,32.0,
14718,958,23,28.0,
14719,958,24,25.0,
14720,958,25,34.0,
14743,958,49,287.0,
14744,958,50,7.0,
14745,958,51,22.0,
2660,958,11,0.0,
2661,958,8,700.0,
2662,958,47,0.0,
2663,958,52,2.0,
14749,959,50,7.0,
14750,959,51,47.5,
2664,959,4,1556.0,
2665,959,52,3.0,
14752,960,4,4582.0,
14753,960,6,880.0,
14755,960,7,24.0,
14757,960,17,11.0,
14758,960,18,3.0,
14759,960,19,1.0,
14760,960,20,6.0,
14761,960,21,0.0,
14762,960,22,231.0,
14763,960,23,55.0,
14764,960,24,7.0,
14765,960,25,45.0,
14767,960,49,154.0,
14768,960,50,2.0,
14769,960,51,6.0,
14771,960,5,415.0,
2666,960,11,0.0,
2667,960,8,1766.0,
2668,960,26,0.0,
2669,960,52,0.0,
14777,961,12,0.0,
14778,961,13,1.0,
14779,961,14,67.0,
14780,961,15,1110.0,
14782,961,16,6578.0,
14792,961,26,0.0,
14793,961,27,16.0,
14794,961,28,3.0,
14795,961,29,11.0,
14796,961,30,12.0,
14797,961,31,5.0,
14798,961,32,337.0,
14799,961,33,57.0,
14800,961,34,270.0,
14801,961,35,96.0,
14802,961,36,196.0,
14805,961,39,0.0,
14806,961,40,2.0,
14810,961,44,0.0,
14811,961,45,22.0,
14814,961,48,0.0,
14815,961,49,64.0,
14816,961,50,66.0,
14817,961,51,132.0,
2670,961,11,0.0,
2671,961,8,0.0,
2672,961,52,0.0,
14820,962,4,3382.0,
14821,962,5,192.0,
14822,962,6,290.0,
14824,962,7,10.0,
14826,962,17,7.0,
14827,962,18,5.0,
14828,962,19,2.0,
14829,962,20,10.0,
14830,962,21,0.0,
14831,962,22,77.0,
14832,962,23,51.0,
14833,962,24,18.0,
14834,962,25,83.0,
14835,962,26,0.0,
14836,962,27,2.0,
14840,962,31,0.0,
14841,962,32,37.0,
2673,962,11,0.0,
2674,962,8,593.0,
2675,962,52,7.0,
14873,963,21,1.0,
14874,963,22,131.0,
14875,963,23,45.0,
14876,963,24,9.0,
14877,963,25,47.0,
14879,963,49,251.0,
14880,963,50,18.0,
14881,963,51,147.0,
2676,963,11,0.0,
2677,963,8,849.0,
2678,963,26,5.0,
2679,963,52,0.0,
14884,964,4,12673.0,
14885,964,5,907.0,
14886,964,6,1579.0,
14888,964,7,11.0,
14890,964,17,15.0,
14891,964,18,5.0,
14892,964,19,10.0,
14893,964,20,13.0,
14894,964,21,4.0,
14895,964,22,624.0,
14896,964,23,73.0,
14897,964,24,100.0,
14898,964,25,1.0,
14900,964,49,2292.0,
14901,964,50,23.0,
2680,964,11,5.0,
2681,964,8,1875.0,
2682,964,26,236.0,
2683,964,51,177.0,
14909,965,47,2.0,
14910,965,48,45.0,
14911,965,49,1.0,
14912,965,50,5.0,
14913,965,51,42.0,
2684,965,4,841.0,
2685,965,27,3.0,
2686,965,30,2.0,
2687,965,32,91.0,
2688,965,35,25.0,
2689,965,52,5.0,
14915,966,4,2568.0,
14916,966,5,232.0,
14917,966,6,450.0,
14919,966,7,3.0,
14921,966,17,8.0,
14923,966,19,2.0,
14924,966,20,7.0,
14925,966,21,1.0,
14926,966,22,91.0,
14927,966,23,14.0,
14928,966,24,12.0,
14929,966,25,46.0,
14930,966,26,5.0,
14952,966,48,0.0,
14953,966,49,364.0,
14954,966,50,11.0,
14955,966,51,101.5,
2690,966,11,0.0,
2691,966,8,773.0,
2692,966,52,3.0,
14958,967,4,3113.0,
14959,967,5,230.0,
14960,967,6,513.0,
14962,967,7,2.0,
14964,967,17,7.0,
14965,967,18,4.0,
14966,967,19,2.0,
14967,967,20,7.0,
14968,967,21,0.0,
14969,967,22,87.0,
14970,967,23,21.0,
14971,967,24,17.0,
14972,967,25,59.0,
14995,967,48,0.0,
14996,967,49,808.0,
14997,967,50,7.0,
14998,967,51,30.5,
2693,967,11,0.0,
2694,967,8,1346.0,
2695,967,52,1.0,
15001,968,4,3783.0,
15002,968,5,175.0,
15003,968,6,626.0,
15005,968,7,12.0,
15007,968,17,5.0,
15008,968,18,4.0,
15009,968,19,2.0,
15010,968,20,13.0,
2696,968,11,2.0,
2697,968,8,811.0,
2698,968,52,9.0,
2699,969,11,5.0,
2700,969,8,3408.0,
2701,969,26,230.0,
2702,969,51,1.0,
2703,970,4,892.0,
2704,970,52,3.0,
15083,971,24,11.0,
15085,971,47,1.0,
15086,971,48,120.0,
15087,971,49,135.0,
15088,971,50,2.0,
15089,971,51,6.0,
2705,971,11,0.0,
2706,971,8,1943.0,
2707,971,20,7.0,
2708,971,25,60.0,
2709,971,52,0.0,
15096,972,12,0.0,
15097,972,13,2.0,
15098,972,14,77.0,
15099,972,15,955.0,
15101,972,16,6295.0,
15111,972,26,0.0,
15112,972,27,14.0,
15113,972,28,2.0,
15114,972,29,7.0,
15115,972,30,11.0,
15116,972,31,5.0,
15117,972,32,431.0,
15118,972,33,28.0,
15119,972,34,248.0,
15120,972,35,91.0,
15121,972,36,247.0,
15124,972,39,0.0,
15125,972,40,2.0,
15129,972,44,0.0,
15130,972,45,20.0,
15133,972,48,0.0,
15134,972,49,50.0,
15135,972,50,30.0,
15136,972,51,56.75,
2710,972,11,0.0,
2711,972,8,0.0,
2712,972,52,0.0,
