id,year,month,branch_id,patron_type,shelving_location,checkouts,renewals
1,2025,8,6,ADULT,A-AUD,6,5
2,2025,8,6,ADULT,A-AUD-CD,2,2
3,2025,8,6,ADULT,A-AUD-F,1,0
4,2025,8,6,ADULT,A-AUD-MP3,2,1
5,2025,8,6,ADULT,A-DVD,6,12
6,2025,8,6,ADULT,A-FIC,27,37
7,2025,8,6,ADULT,A-GRA,1,1
8,2025,8,6,ADULT,A-HOTSPOT,1,0
9,2025,8,6,ADULT,A-KIT-HOBB,4,3
10,2025,8,6,ADULT,A-LEASE-BK,1,1
11,2025,8,6,ADULT,A-LEASE-FI,12,12
12,2025,8,6,ADULT,A-LEASE-LP,71,100
13,2025,8,6,ADULT,A-LEASE-NF,8,7
14,2025,8,6,ADULT,A-LP,16,19
15,2025,8,6,ADULT,A-LP-BIO,1,0
16,2025,8,6,ADULT,A-LP-FIC,8,12
17,2025,8,6,ADULT,A-LP-MYS,1,0
18,2025,8,6,ADULT,A-MYSTERY,1,0
19,2025,8,6,ADULT,A-NEWBK-FI,6,7
20,2025,8,6,ADULT,A-NEWBK-LP,17,16
21,2025,8,6,ADULT,A-NEWBK-NF,3,2
22,2025,8,6,ADULT,A-NF,21,19
23,2025,8,6,ADULT,A-PLAYAWAY,29,26
24,2025,8,6,ADULT,ILL,2,0
25,2025,8,6,ADULT,J-BEGINREA,1,0
26,2025,8,6,ADULT,J-CALDECTT,3,2
27,2025,8,6,ADULT,J-DVD,5,12
28,2025,8,6,ADULT,J-EASY,38,33
29,2025,8,6,ADULT,J-EASY-PIC,1,1
30,2025,8,6,ADULT,J-FIC,9,14
31,2025,8,6,ADULT,J-GRA,10,2
32,2025,8,6,ADULT,J-KINDERBO,3,0
33,2025,8,6,ADULT,J-NEWBERY,2,0
34,2025,8,6,ADULT,J-NF,37,8
35,2025,8,6,ADULT,J-PIC-BOOK,56,70
36,2025,8,6,ADULT,J-SPA,6,2
37,2025,8,6,ADULT,YA,4,5
38,2025,8,6,ADULT,YA-GRA,1,0
39,2025,8,6,ADULT,YA-GRA-COM,1,0
40,2025,8,6,DISCARD,A-AUD,12,0
41,2025,8,6,DISCARD,A-DVD,10,0
42,2025,8,6,DISCARD,A-FIC,1,0
43,2025,8,6,DISCARD,A-LEASE-FI,7,0
44,2025,8,6,DISCARD,A-LEASE-LP,19,0
45,2025,8,6,DISCARD,A-LEASE-NF,17,0
46,2025,8,6,DISCARD,A-LP,1,0
47,2025,8,6,DISCARD,A-LP-NF,1,0
48,2025,8,6,DISCARD,A-NEWBK-FI,2,0
49,2025,8,6,DISCARD,A-NEWBK-LP,23,0
50,2025,8,6,DISCARD,A-NEWBK-NF,7,0
51,2025,8,6,DISCARD,A-NF,14,0
52,2025,8,6,DISCARD,A-PLAYAWAY,80,0
53,2025,8,6,DISCARD,J-CALDECTT,2,0
54,2025,8,6,DISCARD,J-DVD,23,0
55,2025,8,6,DISCARD,J-EASY,14,0
56,2025,8,6,DISCARD,J-FIC,65,0
57,2025,8,6,DISCARD,J-GRA,9,0
58,2025,8,6,DISCARD,J-NEWBERY,1,0
59,2025,8,6,DISCARD,J-NF,32,0
60,2025,8,6,DISCARD,J-PBK,1,0
61,2025,8,6,DISCARD,J-PIC-BOOK,70,0
62,2025,8,6,DISCARD,J-SPA,1,0
63,2025,8,6,DISCARD,YA,30,0
64,2025,8,6,DISCARD,YA-FIC,2,0
65,2025,8,6,DISCARD,YA-GRA,4,0
66,2025,8,6,HOMEBOUND,A-AUD,4,1
67,2025,8,6,HOMEBOUND,A-AUD-CD,8,2
68,2025,8,6,HOMEBOUND,A-AUD-MP3,7,0
69,2025,8,6,HOMEBOUND,A-DVD,12,0
70,2025,8,6,HOMEBOUND,A-FIC,8,0
71,2025,8,6,HOMEBOUND,A-GRA,1,0
72,2025,8,6,HOMEBOUND,A-LEASE-FI,1,0
73,2025,8,6,HOMEBOUND,A-LEASE-LP,3,1
74,2025,8,6,HOMEBOUND,A-LEASE-NF,4,0
75,2025,8,6,HOMEBOUND,A-LP,7,3
76,2025,8,6,HOMEBOUND,A-LP-BIO,1,0
77,2025,8,6,HOMEBOUND,A-LP-FIC,2,0
78,2025,8,6,HOMEBOUND,A-LP-NF,1,0
79,2025,8,6,HOMEBOUND,A-NEWBK-FI,2,0
80,2025,8,6,HOMEBOUND,A-NEWBK-LP,1,1
81,2025,8,6,HOMEBOUND,A-NEWBK-NF,4,1
82,2025,8,6,HOMEBOUND,A-NF,20,0
83,2025,8,6,HOMEBOUND,A-PLAYAWAY,9,10
84,2025,8,6,HOMEBOUND,J-BEGINREA,1,0
85,2025,8,6,HOMEBOUND,J-EASY,1,0
86,2025,8,6,HOMEBOUND,J-FIC,7,0
87,2025,8,6,HOMEBOUND,J-GRA,2,0
88,2025,8,6,HOMEBOUND,J-NF,10,0
89,2025,8,6,HOMEBOUND,J-PBK,2,0
90,2025,8,6,HOMEBOUND,J-PIC-BOOK,1,0
91,2025,8,6,HOMEBOUND,J-SPA,1,0
92,2025,8,6,HOMEBOUND,YA-AUD,1,0
93,2025,8,6,HOMEBOUND,YA-GRA,1,0
94,2025,8,6,HOMEBOUND,YA-GRA-COM,1,0
95,2025,8,6,INST-TEACH,J-CALDECTT,3,0
96,2025,8,6,INST-TEACH,J-EASY,25,10
97,2025,8,6,INST-TEACH,J-EASY-PIC,1,0
98,2025,8,6,INST-TEACH,J-KINDERBO,13,0
99,2025,8,6,INST-TEACH,J-NF,8,2
100,2025,8,6,INST-TEACH,J-PIC-BOOK,93,0
101,2025,8,6,JUVENILE,A-LEASE-FI,2,8
102,2025,8,6,JUVENILE,J-FIC,6,13
103,2025,8,6,JUVENILE,J-GRA,10,23
104,2025,8,6,JUVENILE,J-NF,2,14
105,2025,8,6,JUVENILE,J-PBK,1,1
106,2025,8,6,JUVENILE,YA,8,13
107,2025,8,6,JUVENILE,YA-FIC,6,14
108,2025,8,6,JUVENILE,YA-GRA,12,31
109,2025,8,6,JUVENILE,YA-SERIES,1,0
110,2025,8,6,STAFF-PERS,A-AUD-CD,1,0
111,2025,8,6,STAFF-PERS,A-FIC,5,1
112,2025,8,6,STAFF-PERS,A-NEWBK-LP,1,0
113,2025,8,6,STAFF-PERS,A-NF,4,2
114,2025,8,6,STAFF-PERS,J-NF,2,1
115,2025,8,6,STAFF-PERS,J-PIC-BOOK,1,0
116,2025,8,6,STAFF-PERS,YA-VID-GAM,1,1
117,2025,8,2,ADULT,A-AUD,5,2
118,2025,8,2,ADULT,A-AUD-CD,5,6
119,2025,8,2,ADULT,A-BIO,3,3
120,2025,8,2,ADULT,A-DVD,76,81
121,2025,8,2,ADULT,A-DVD-FIC,1,0
122,2025,8,2,ADULT,A-DVD-TV,4,2
123,2025,8,2,ADULT,A-FIC,324,232
124,2025,8,2,ADULT,A-GRA,7,2
125,2025,8,2,ADULT,A-HOMESCH,19,7
126,2025,8,2,ADULT,A-HOTSPOT,66,2
127,2025,8,2,ADULT,A-KIT-HOBB,3,2
128,2025,8,2,ADULT,A-LEASE-FI,9,3
129,2025,8,2,ADULT,A-LEASE-LP,1,0
130,2025,8,2,ADULT,A-LEASE-NF,1,1
131,2025,8,2,ADULT,A-LP,48,30
132,2025,8,2,ADULT,A-LP-BIO,2,0
133,2025,8,2,ADULT,A-LP-FIC,18,2
134,2025,8,2,ADULT,A-LP-MYS,1,0
135,2025,8,2,ADULT,A-LP-WEST,1,0
136,2025,8,2,ADULT,A-MYSTERY,10,7
137,2025,8,2,ADULT,A-NEWBK,1,0
138,2025,8,2,ADULT,A-NEWBK-FI,144,77
139,2025,8,2,ADULT,A-NEWBK-LP,8,8
140,2025,8,2,ADULT,A-NEWBK-NF,31,15
141,2025,8,2,ADULT,A-NF,150,135
142,2025,8,2,ADULT,A-SPA,2,2
143,2025,8,2,ADULT,A-VID-GAME,1,0
144,2025,8,2,ADULT,ILL,10,0
145,2025,8,2,ADULT,J-BEGINREA,1,0
146,2025,8,2,ADULT,J-BIO,1,0
147,2025,8,2,ADULT,J-BOARD-BK,9,5
148,2025,8,2,ADULT,J-CALDECTT,7,9
149,2025,8,2,ADULT,J-DVD,68,97
150,2025,8,2,ADULT,J-EASY,211,73
151,2025,8,2,ADULT,J-EASY-F,3,0
152,2025,8,2,ADULT,J-EASY-PIC,3,0
153,2025,8,2,ADULT,J-F-LANG,1,0
154,2025,8,2,ADULT,J-FIC,135,134
155,2025,8,2,ADULT,J-GRA,121,89
156,2025,8,2,ADULT,J-HOLIDAY,1,0
157,2025,8,2,ADULT,J-KIT,1,3
158,2025,8,2,ADULT,J-NEWBERY,8,5
159,2025,8,2,ADULT,J-NF,226,172
160,2025,8,2,ADULT,J-PBK,41,32
161,2025,8,2,ADULT,J-PIC-BOOK,481,217
162,2025,8,2,ADULT,J-SND-REC,1,0
163,2025,8,2,ADULT,J-SPA,30,8
164,2025,8,2,ADULT,LOCAUTH,3,0
165,2025,8,2,ADULT,T-FIC,1,0
166,2025,8,2,ADULT,YA,21,24
167,2025,8,2,ADULT,YA-AUD,2,2
168,2025,8,2,ADULT,YA-DVD,1,0
169,2025,8,2,ADULT,YA-FIC,5,9
170,2025,8,2,ADULT,YA-GRA,20,15
171,2025,8,2,ADULT,YA-PBK,2,2
172,2025,8,2,ADULT,YA-SCIFIC,1,0
173,2025,8,2,ADULT,YA-VID-GAM,2,1
174,2025,8,2,DAMAGED,A-FIC,2,0
175,2025,8,2,DAMAGED,A-LP,1,0
176,2025,8,2,DAMAGED,J-DVD,1,0
177,2025,8,2,DAMAGED,J-EASY,2,0
178,2025,8,2,DAMAGED,J-GRA,1,0
179,2025,8,2,DAMAGED,J-NF,1,0
180,2025,8,2,DAMAGED,J-PIC-BOOK,3,0
181,2025,8,2,DISCARD,A-AUD-CD,1,0
182,2025,8,2,DISCARD,A-BIO,1,0
183,2025,8,2,DISCARD,A-FIC,91,0
184,2025,8,2,DISCARD,A-LP,104,0
185,2025,8,2,DISCARD,A-NEWBK-FI,1,0
186,2025,8,2,DISCARD,A-NEWBK-NF,1,0
187,2025,8,2,DISCARD,A-NF,329,0
188,2025,8,2,DISCARD,J-DVD,1,0
189,2025,8,2,DISCARD,J-EASY,1,0
190,2025,8,2,DISCARD,J-GRA,4,0
191,2025,8,2,DISCARD,J-NF,106,0
192,2025,8,2,DISCARD,J-PIC-BOOK,5,0
193,2025,8,2,DISCARD,YA,140,0
194,2025,8,2,DISCARD,YA-GRA,53,0
195,2025,8,2,DISCARD,YA-PBK,6,0
196,2025,8,2,INST-TEACH,A-DVD,2,2
197,2025,8,2,INST-TEACH,J-FIC,1,0
198,2025,8,2,INST-TEACH,J-NF,3,0
199,2025,8,2,J-INTERNET,A-FIC,1,8
200,2025,8,2,J-INTERNET,J-DVD,5,3
201,2025,8,2,J-INTERNET,J-EASY,10,13
202,2025,8,2,J-INTERNET,J-FIC,7,4
203,2025,8,2,J-INTERNET,J-GRA,8,15
204,2025,8,2,J-INTERNET,J-NF,24,24
205,2025,8,2,J-INTERNET,J-PBK,3,5
206,2025,8,2,J-INTERNET,J-PIC-BOOK,37,30
207,2025,8,2,J-INTERNET,YA-FIC,1,4
208,2025,8,2,J-INTERNET,YA-GRA,5,0
209,2025,8,2,JUVENILE,A-DVD,6,9
210,2025,8,2,JUVENILE,A-FIC,13,5
211,2025,8,2,JUVENILE,A-GRA,6,2
212,2025,8,2,JUVENILE,A-HOMESCH,7,6
213,2025,8,2,JUVENILE,A-KIT-HOBB,1,0
214,2025,8,2,JUVENILE,A-NEWBK-FI,4,1
215,2025,8,2,JUVENILE,A-NEWBK-NF,1,3
216,2025,8,2,JUVENILE,A-NF,13,8
217,2025,8,2,JUVENILE,J-AUD,3,3
218,2025,8,2,JUVENILE,J-DVD,11,14
219,2025,8,2,JUVENILE,J-EASY,61,20
220,2025,8,2,JUVENILE,J-FIC,57,33
221,2025,8,2,JUVENILE,J-GRA,62,30
222,2025,8,2,JUVENILE,J-KIT,1,0
223,2025,8,2,JUVENILE,J-NEWBERY,1,3
224,2025,8,2,JUVENILE,J-NF,57,29
225,2025,8,2,JUVENILE,J-PBK,13,10
226,2025,8,2,JUVENILE,J-PIC-BOOK,144,69
227,2025,8,2,JUVENILE,J-SPA,1,1
228,2025,8,2,JUVENILE,T-FIC,1,0
229,2025,8,2,JUVENILE,YA,6,14
230,2025,8,2,JUVENILE,YA-DVD,1,2
231,2025,8,2,JUVENILE,YA-FIC,1,0
232,2025,8,2,JUVENILE,YA-GRA,7,3
233,2025,8,2,JUVENILE,YA-MANGA,2,0
234,2025,8,2,JUVENILE,YA-VID-GAM,1,0
235,2025,8,2,MISSING,A-DVD,1,0
236,2025,8,2,MISSING,A-FIC,4,0
237,2025,8,2,MISSING,A-LP,2,0
238,2025,8,2,MISSING,A-NF,2,0
239,2025,8,2,MISSING,J-EASY,1,0
240,2025,8,2,MISSING,J-FIC,2,0
241,2025,8,2,MISSING,J-NF,2,0
242,2025,8,2,MISSING,J-PBK,2,0
243,2025,8,2,MISSING,J-PIC-BOOK,4,0
244,2025,8,2,STAFF-PERS,A-FIC,13,7
245,2025,8,2,STAFF-PERS,A-GRA,14,0
246,2025,8,2,STAFF-PERS,A-HOTSPOT,1,0
247,2025,8,2,STAFF-PERS,A-KIT-HOBB,1,0
248,2025,8,2,STAFF-PERS,A-LP,2,1
249,2025,8,2,STAFF-PERS,A-LP-FIC,1,0
250,2025,8,2,STAFF-PERS,A-MYSTERY,3,2
251,2025,8,2,STAFF-PERS,A-NEWBK-FI,2,1
252,2025,8,2,STAFF-PERS,A-NF,4,8
253,2025,8,2,STAFF-PERS,A-VID-GAME,1,0
254,2025,8,2,STAFF-PERS,ILL,9,0
255,2025,8,2,STAFF-PERS,J-EASY,14,1
256,2025,8,2,STAFF-PERS,J-FIC,2,0
257,2025,8,2,STAFF-PERS,J-GRA,3,0
258,2025,8,2,STAFF-PERS,J-NF,1,2
259,2025,8,2,STAFF-PERS,J-PBK,1,0
260,2025,8,2,STAFF-PERS,J-PIC-BOOK,9,2
261,2025,8,2,STAFF-PERS,YA,1,1
262,2025,8,2,STAFF-PERS,YA-FIC,1,2
263,2025,8,2,STAFF-PERS,YA-GRA,13,0
264,2025,8,2,STAFF-PERS,YA-MANGA,1,0
265,2025,8,2,STAFF-PERS,YA-VID-GAM,1,1
266,2025,8,2,TEEN,A-FIC,3,3
267,2025,8,2,TEEN,J-FIC,1,2
268,2025,8,2,TEEN,J-GRA,3,3
269,2025,8,2,TEEN,J-NF,5,0
270,2025,8,2,,A-FIC,4,0
271,2025,8,2,,A-NF,1,0
272,2025,8,12,ADULT,A-DVD,1,2
273,2025,8,12,ADULT,A-FIC,7,6
274,2025,8,12,ADULT,A-LP-FIC,1,0
275,2025,8,12,ADULT,A-NF,8,6
276,2025,8,12,ADULT,A-SC,1,0
277,2025,8,12,ADULT,J-CALDECTT,1,0
278,2025,8,12,ADULT,J-EASY,5,3
279,2025,8,12,ADULT,J-EASY-F,2,0
280,2025,8,12,ADULT,J-FIC,11,4
281,2025,8,12,ADULT,J-NF,4,3
282,2025,8,12,ADULT,J-PBK,1,0
283,2025,8,12,ADULT,J-PIC-BOOK,10,3
284,2025,8,12,ADULT,YA,1,0
285,2025,8,12,JUVENILE,A-LEASE-FI,1,0
286,2025,8,12,JUVENILE,J-FIC,1,1
287,2025,8,3,A-NONRES,A-AUD-CD,2,1
288,2025,8,3,A-NONRES,A-DVD,6,15
289,2025,8,3,A-NONRES,A-FIC,4,3
290,2025,8,3,A-NONRES,A-NEWBK-FI,1,1
291,2025,8,3,A-NONRES,A-NEWBK-NF,1,0
292,2025,8,3,A-NONRES,A-NF,2,10
293,2025,8,3,A-NONRES,ILL,1,0
294,2025,8,3,A-NONRES,J-BOARD-BK,1,0
295,2025,8,3,A-NONRES,J-EASY,12,6
296,2025,8,3,A-NONRES,J-FIC,4,5
297,2025,8,3,A-NONRES,J-GRA,1,0
298,2025,8,3,A-NONRES,J-NF,15,8
299,2025,8,3,A-NONRES,J-PBK,1,8
300,2025,8,3,A-NONRES,J-PIC-BOOK,31,32
301,2025,8,3,A-NONRES,J-SPA,2,0
302,2025,8,3,A-NONRES,YA,5,0
303,2025,8,3,A-NONRES,YA-FIC,2,0
304,2025,8,3,A-NONRES,YA-PBK,2,0
305,2025,8,3,ADULT,A-AFR-AMER,1,0
306,2025,8,3,ADULT,A-AUD,21,14
307,2025,8,3,ADULT,A-AUD-CD,77,48
308,2025,8,3,ADULT,A-AUD-F,1,0
309,2025,8,3,ADULT,A-BIO,10,14
310,2025,8,3,ADULT,A-BK-CLUB,4,0
311,2025,8,3,ADULT,A-BLU-RAY,2,4
312,2025,8,3,ADULT,A-CHILDHOO,1,1
313,2025,8,3,ADULT,A-DVD,355,321
314,2025,8,3,ADULT,A-DVD-FIC,5,5
315,2025,8,3,ADULT,A-DVD-TV,15,16
316,2025,8,3,ADULT,A-FIC,2124,1392
317,2025,8,3,ADULT,A-GRA,47,22
318,2025,8,3,ADULT,A-HOMESCH,52,44
319,2025,8,3,ADULT,A-HOTSPOT,33,0
320,2025,8,3,ADULT,A-INCL-C,6,0
321,2025,8,3,ADULT,A-KIT,72,0
322,2025,8,3,ADULT,A-KIT-HOBB,7,4
323,2025,8,3,ADULT,A-LEASE-FI,86,23
324,2025,8,3,ADULT,A-LEASE-LP,11,1
325,2025,8,3,ADULT,A-LEASE-NF,12,10
326,2025,8,3,ADULT,A-LOCHIST,1,1
327,2025,8,3,ADULT,A-LP,275,146
328,2025,8,3,ADULT,A-LP-BIO,4,2
329,2025,8,3,ADULT,A-LP-FIC,53,37
330,2025,8,3,ADULT,A-LP-MYS,3,1
331,2025,8,3,ADULT,A-LP-NF,7,8
332,2025,8,3,ADULT,A-MUSIC-CD,12,0
333,2025,8,3,ADULT,A-MYSTERY,14,5
334,2025,8,3,ADULT,A-NEWBK,10,1
335,2025,8,3,ADULT,A-NEWBK-FI,641,364
336,2025,8,3,ADULT,A-NEWBK-LP,104,42
337,2025,8,3,ADULT,A-NEWBK-NF,184,166
338,2025,8,3,ADULT,A-NF,1147,1205
339,2025,8,3,ADULT,A-PARENT,1,2
340,2025,8,3,ADULT,A-PLAYAWAY,3,0
341,2025,8,3,ADULT,A-SC,6,1
342,2025,8,3,ADULT,A-SC-DOC,1,0
343,2025,8,3,ADULT,A-SCIFIC,4,0
344,2025,8,3,ADULT,A-SFI-FAN,4,2
345,2025,8,3,ADULT,A-SND-REC,2,1
346,2025,8,3,ADULT,A-SPA,1,1
347,2025,8,3,ADULT,A-STACKS,2,4
348,2025,8,3,ADULT,A-VID-GAME,11,7
349,2025,8,3,ADULT,A-VIS-MEDI,8,7
350,2025,8,3,ADULT,BASMNT,2,0
351,2025,8,3,ADULT,ILL,19,0
352,2025,8,3,ADULT,J-AUD,10,19
353,2025,8,3,ADULT,J-AUD-F,1,1
354,2025,8,3,ADULT,J-BEGINREA,11,14
355,2025,8,3,ADULT,J-BIO,6,1
356,2025,8,3,ADULT,J-BOARD-BK,45,30
357,2025,8,3,ADULT,J-CALDECTT,78,70
358,2025,8,3,ADULT,J-DVD,271,316
359,2025,8,3,ADULT,J-EASY,1188,841
360,2025,8,3,ADULT,J-EASY-F,9,5
361,2025,8,3,ADULT,J-EASY-PIC,10,3
362,2025,8,3,ADULT,J-F-LANG,2,0
363,2025,8,3,ADULT,J-FIC,1218,1310
364,2025,8,3,ADULT,J-GRA,743,641
365,2025,8,3,ADULT,J-GRA-COM,18,6
366,2025,8,3,ADULT,J-HOLIDAY,3,1
367,2025,8,3,ADULT,J-KIT,9,8
368,2025,8,3,ADULT,J-MUSIC,2,0
369,2025,8,3,ADULT,J-MUSIC-CD,2,0
370,2025,8,3,ADULT,J-NEW,1,0
371,2025,8,3,ADULT,J-NEWBERY,59,44
372,2025,8,3,ADULT,J-NF,1629,1523
373,2025,8,3,ADULT,J-PBK,223,262
374,2025,8,3,ADULT,J-PIC-BOOK,3724,2777
375,2025,8,3,ADULT,J-ROOM,4,11
376,2025,8,3,ADULT,J-SEASONAL,1,0
377,2025,8,3,ADULT,J-SERIES,1,4
378,2025,8,3,ADULT,J-SND-REC,1,0
379,2025,8,3,ADULT,J-SPA,44,30
380,2025,8,3,ADULT,J-SPA-EAS,1,0
381,2025,8,3,ADULT,J-VIS-MEDI,5,1
382,2025,8,3,ADULT,T-FIC,1,0
383,2025,8,3,ADULT,T-GRA,1,0
384,2025,8,3,ADULT,UNKNOWN,1,0
385,2025,8,3,ADULT,YA,137,175
386,2025,8,3,ADULT,YA-DVD,6,6
387,2025,8,3,ADULT,YA-FIC,102,99
388,2025,8,3,ADULT,YA-GRA,279,124
389,2025,8,3,ADULT,YA-GRA-COM,3,1
390,2025,8,3,ADULT,YA-MANGA,3,3
391,2025,8,3,ADULT,YA-NF,8,10
392,2025,8,3,ADULT,YA-PBK,15,17
393,2025,8,3,ADULT,YA-ROOM,3,1
394,2025,8,3,ADULT,YA-SCIFIC,1,2
395,2025,8,3,ADULT,YA-VID-GAM,4,4
396,2025,8,3,DAMAGED,A-DVD-TV,1,0
397,2025,8,3,DAMAGED,A-FIC,10,0
398,2025,8,3,DAMAGED,A-HOMESCH,1,0
399,2025,8,3,DAMAGED,A-LP,1,0
400,2025,8,3,DAMAGED,A-NEWBK-NF,1,0
401,2025,8,3,DAMAGED,A-NF,5,0
402,2025,8,3,DAMAGED,A-SPA-FIC,1,0
403,2025,8,3,DAMAGED,J-EASY,2,1
404,2025,8,3,DAMAGED,J-FIC,12,1
405,2025,8,3,DAMAGED,J-GRA,4,1
406,2025,8,3,DAMAGED,J-NF,6,0
407,2025,8,3,DAMAGED,J-PBK,1,0
408,2025,8,3,DAMAGED,J-PIC-BOOK,18,1
409,2025,8,3,DAMAGED,YA,1,0
410,2025,8,3,DAMAGED,YA-GRA,1,0
411,2025,8,3,DISCARD,A-DVD,51,1
412,2025,8,3,DISCARD,A-FIC,6,0
413,2025,8,3,DISCARD,A-KIT,16,0
414,2025,8,3,DISCARD,A-LP,1,0
415,2025,8,3,DISCARD,A-NEWBK-NF,1,0
416,2025,8,3,DISCARD,A-NF,52,0
417,2025,8,3,DISCARD,ILL,4,0
418,2025,8,3,DISCARD,J-CALDECTT,1,0
419,2025,8,3,DISCARD,J-DVD,2,0
420,2025,8,3,DISCARD,J-EASY,1,0
421,2025,8,3,DISCARD,J-FIC,3,0
422,2025,8,3,DISCARD,J-GRA,6,0
423,2025,8,3,DISCARD,J-NF,1,0
424,2025,8,3,DISCARD,J-PBK,3,0
425,2025,8,3,DISCARD,J-PIC-BOOK,12,0
426,2025,8,3,DISCARD,UNKNOWN,2,0
427,2025,8,3,DISCARD,YA,276,0
428,2025,8,3,DISCARD,YA-FIC,2,0
429,2025,8,3,DISCARD,YA-GRA,2,0
430,2025,8,3,DISCARD,YA-PBK,19,0
431,2025,8,3,INST-TEACH,A-AUD-CD,1,0
432,2025,8,3,INST-TEACH,A-FIC,2,0
433,2025,8,3,INST-TEACH,A-NF,2,0
434,2025,8,3,INST-TEACH,J-DVD,1,0
435,2025,8,3,INST-TEACH,J-EASY,3,0
436,2025,8,3,INST-TEACH,J-NF,14,1
437,2025,8,3,INST-TEACH,J-PIC-BOOK,24,0
438,2025,8,3,J-INTERNET,A-DVD,6,2
439,2025,8,3,J-INTERNET,A-FIC,16,9
440,2025,8,3,J-INTERNET,A-GRA,1,1
441,2025,8,3,J-INTERNET,A-KIT,5,1
442,2025,8,3,J-INTERNET,A-LP-FIC,2,1
443,2025,8,3,J-INTERNET,A-NEWBK-FI,4,7
444,2025,8,3,J-INTERNET,A-NEWBK-LP,1,0
445,2025,8,3,J-INTERNET,A-NF,13,21
446,2025,8,3,J-INTERNET,J-AUD,1,2
447,2025,8,3,J-INTERNET,J-BOARD-BK,2,0
448,2025,8,3,J-INTERNET,J-DVD,22,16
449,2025,8,3,J-INTERNET,J-EASY,38,39
450,2025,8,3,J-INTERNET,J-FIC,58,120
451,2025,8,3,J-INTERNET,J-GRA,70,37
452,2025,8,3,J-INTERNET,J-NEWBERY,3,4
453,2025,8,3,J-INTERNET,J-NF,48,116
454,2025,8,3,J-INTERNET,J-PBK,20,11
455,2025,8,3,J-INTERNET,J-PIC-BOOK,115,151
456,2025,8,3,J-INTERNET,J-SPA,1,0
457,2025,8,3,J-INTERNET,YA,17,30
458,2025,8,3,J-INTERNET,YA-FIC,6,7
459,2025,8,3,J-INTERNET,YA-GRA,25,30
460,2025,8,3,J-INTERNET,YA-MANGA,2,2
461,2025,8,3,J-INTERNET,YA-SCIFIC,1,0
462,2025,8,3,J-NONRES,J-PIC-BOOK,6,0
463,2025,8,3,JUVENILE,A-DVD,8,20
464,2025,8,3,JUVENILE,A-FIC,26,41
465,2025,8,3,JUVENILE,A-GRA,36,10
466,2025,8,3,JUVENILE,A-HOMESCH,8,7
467,2025,8,3,JUVENILE,A-KIT,5,0
468,2025,8,3,JUVENILE,A-NEWBK-FI,3,7
469,2025,8,3,JUVENILE,A-NF,53,41
470,2025,8,3,JUVENILE,A-VID-GAME,2,5
471,2025,8,3,JUVENILE,J-BEGINREA,5,1
472,2025,8,3,JUVENILE,J-BOARD-BK,3,1
473,2025,8,3,JUVENILE,J-CALDECTT,11,5
474,2025,8,3,JUVENILE,J-DVD,53,86
475,2025,8,3,JUVENILE,J-EASY,141,83
476,2025,8,3,JUVENILE,J-EASY-F,6,3
477,2025,8,3,JUVENILE,J-FIC,261,280
478,2025,8,3,JUVENILE,J-GRA,149,165
479,2025,8,3,JUVENILE,J-GRA-COM,1,0
480,2025,8,3,JUVENILE,J-HOLIDAY,1,0
481,2025,8,3,JUVENILE,J-KIT,2,0
482,2025,8,3,JUVENILE,J-NEW,1,1
483,2025,8,3,JUVENILE,J-NEWBERY,10,31
484,2025,8,3,JUVENILE,J-NF,322,318
485,2025,8,3,JUVENILE,J-PBK,62,81
486,2025,8,3,JUVENILE,J-PIC-BOOK,465,298
487,2025,8,3,JUVENILE,J-ROOM,2,0
488,2025,8,3,JUVENILE,J-SPA,2,0
489,2025,8,3,JUVENILE,J-STORYTIM,1,0
490,2025,8,3,JUVENILE,J-VIS-MEDI,1,1
491,2025,8,3,JUVENILE,YA,69,53
492,2025,8,3,JUVENILE,YA-FIC,31,24
493,2025,8,3,JUVENILE,YA-GRA,113,40
494,2025,8,3,JUVENILE,YA-MANGA,8,12
495,2025,8,3,JUVENILE,YA-NF,3,4
496,2025,8,3,JUVENILE,YA-PBK,6,6
497,2025,8,3,MISSING,A-AUD-CD,1,0
498,2025,8,3,MISSING,A-CHRISTIA,1,0
499,2025,8,3,MISSING,A-DVD,1,0
500,2025,8,3,MISSING,A-FIC,6,0
501,2025,8,3,MISSING,A-GRA,3,0
502,2025,8,3,MISSING,A-LP,1,0
503,2025,8,3,MISSING,A-LP-FIC,1,0
504,2025,8,3,MISSING,A-NEWBK-FI,2,0
505,2025,8,3,MISSING,A-NEWBK-NF,1,0
506,2025,8,3,MISSING,A-NF,7,0
507,2025,8,3,MISSING,A-VIS-MEDI,1,0
508,2025,8,3,MISSING,J-AUD,1,0
509,2025,8,3,MISSING,J-DVD,1,0
510,2025,8,3,MISSING,J-EASY,6,0
511,2025,8,3,MISSING,J-FIC,4,0
512,2025,8,3,MISSING,J-GRA,4,0
513,2025,8,3,MISSING,J-NEWBERY,1,0
514,2025,8,3,MISSING,J-PBK,2,0
515,2025,8,3,MISSING,J-PIC-BOOK,9,0
516,2025,8,3,MISSING,YA,1,0
517,2025,8,3,MISSING,YA-FIC,2,0
518,2025,8,3,MISSING,YA-GRA,4,0
519,2025,8,3,PRGMNG,A-BIO,1,0
520,2025,8,3,PRGMNG,A-FIC,51,1
521,2025,8,3,PRGMNG,A-LP,3,0
522,2025,8,3,PRGMNG,A-LP-FIC,1,0
523,2025,8,3,PRGMNG,A-MYSTERY,4,0
524,2025,8,3,PRGMNG,A-NEWBK-FI,7,0
525,2025,8,3,PRGMNG,A-NEWBK-NF,2,1
526,2025,8,3,PRGMNG,A-NF,19,2
527,2025,8,3,PRGMNG,A-SPA,1,0
528,2025,8,3,PRGMNG,J-BEGINREA,1,0
529,2025,8,3,PRGMNG,J-BOARD-BK,15,0
530,2025,8,3,PRGMNG,J-CALDECTT,4,0
531,2025,8,3,PRGMNG,J-EASY,79,2
532,2025,8,3,PRGMNG,J-EASY-PIC,5,0
533,2025,8,3,PRGMNG,J-FIC,1,0
534,2025,8,3,PRGMNG,J-GRA,1,0
535,2025,8,3,PRGMNG,J-NF,5,0
536,2025,8,3,PRGMNG,J-PIC-BOOK,491,0
537,2025,8,3,PRGMNG,YA-FIC,1,0
538,2025,8,3,STAFF-PERS,A-AUD,1,0
539,2025,8,3,STAFF-PERS,A-AUD-MP3,1,0
540,2025,8,3,STAFF-PERS,A-DVD,2,0
541,2025,8,3,STAFF-PERS,A-FIC,14,17
542,2025,8,3,STAFF-PERS,A-GRA,2,0
543,2025,8,3,STAFF-PERS,A-NEWBK-FI,13,13
544,2025,8,3,STAFF-PERS,A-NEWBK-NF,5,0
545,2025,8,3,STAFF-PERS,A-NF,28,34
546,2025,8,3,STAFF-PERS,A-PLAYAWAY,1,0
547,2025,8,3,STAFF-PERS,A-SCIFIC,1,0
548,2025,8,3,STAFF-PERS,A-VIS-MEDI,1,2
549,2025,8,3,STAFF-PERS,A-WESTERN,1,1
550,2025,8,3,STAFF-PERS,J-BOARD-BK,4,0
551,2025,8,3,STAFF-PERS,J-EASY,23,21
552,2025,8,3,STAFF-PERS,J-F-LANG-F,1,0
553,2025,8,3,STAFF-PERS,J-FIC,1,1
554,2025,8,3,STAFF-PERS,J-KIT,1,0
555,2025,8,3,STAFF-PERS,J-NF,4,10
556,2025,8,3,STAFF-PERS,J-PIC-BOOK,17,29
557,2025,8,3,STAFF-PERS,YA,3,0
558,2025,8,3,STAFF-PERS,YA-DVD,1,0
559,2025,8,3,STAFF-PERS,YA-FIC,6,3
560,2025,8,3,STAFF-PERS,YA-NF,1,2
561,2025,8,3,TEEN,A-FIC,12,11
562,2025,8,3,TEEN,A-NEWBK-FI,1,5
563,2025,8,3,TEEN,A-NF,11,14
564,2025,8,3,TEEN,J-EASY,1,0
565,2025,8,3,TEEN,J-FIC,5,1
566,2025,8,3,TEEN,J-GRA,2,1
567,2025,8,3,TEEN,J-NF,5,0
568,2025,8,3,TEEN,J-PBK,1,0
569,2025,8,3,TEEN,YA,2,12
570,2025,8,3,TEEN,YA-FIC,3,4
571,2025,8,3,TEEN,YA-GRA,1,2
572,2025,8,3,TEEN,YA-PBK,1,2
573,2025,8,3,,A-LP,1,0
574,2025,8,3,,A-NEWBK-NF,1,0
575,2025,8,3,,A-SC-FIC,1,0
576,2025,8,13,ADULT,A-AUD,2,0
577,2025,8,13,ADULT,A-AUD-CD,2,0
578,2025,8,13,ADULT,A-BIO,1,0
579,2025,8,13,ADULT,A-DVD,10,9
580,2025,8,13,ADULT,A-DVD-TV,2,2
581,2025,8,13,ADULT,A-FIC,76,37
582,2025,8,13,ADULT,A-GRA,2,1
583,2025,8,13,ADULT,A-HOMESCH,2,0
584,2025,8,13,ADULT,A-LEASE-FI,4,1
585,2025,8,13,ADULT,A-LEASE-NF,1,1
586,2025,8,13,ADULT,A-LOCHIST,1,0
587,2025,8,13,ADULT,A-LP,10,4
588,2025,8,13,ADULT,A-LP-FIC,6,2
589,2025,8,13,ADULT,A-LP-NF,1,0
590,2025,8,13,ADULT,A-MUSIC-CD,1,0
591,2025,8,13,ADULT,A-NEWBK-FI,29,5
592,2025,8,13,ADULT,A-NEWBK-LP,3,2
593,2025,8,13,ADULT,A-NEWBK-NF,8,6
594,2025,8,13,ADULT,A-NF,81,28
595,2025,8,13,ADULT,A-SC,1,0
596,2025,8,13,ADULT,A-SCIFIC,1,0
597,2025,8,13,ADULT,A-VID-GAME,1,1
598,2025,8,13,ADULT,A-VIS-MEDI,2,1
599,2025,8,13,ADULT,J-AUD,3,4
600,2025,8,13,ADULT,J-AUD-CD,3,2
601,2025,8,13,ADULT,J-BEGINREA,2,0
602,2025,8,13,ADULT,J-BOARD-BK,7,0
603,2025,8,13,ADULT,J-CALDECTT,2,0
604,2025,8,13,ADULT,J-DVD,11,15
605,2025,8,13,ADULT,J-EASY,8,8
606,2025,8,13,ADULT,J-EASY-F,4,0
607,2025,8,13,ADULT,J-FIC,42,15
608,2025,8,13,ADULT,J-GRA,16,1
609,2025,8,13,ADULT,J-NEWBERY,3,3
610,2025,8,13,ADULT,J-NF,42,15
611,2025,8,13,ADULT,J-PBK,12,1
612,2025,8,13,ADULT,J-PIC-BOOK,41,22
613,2025,8,13,ADULT,J-ROOM,1,0
614,2025,8,13,ADULT,J-SPA,1,1
615,2025,8,13,ADULT,J-VIS-MEDI,1,0
616,2025,8,13,ADULT,T-FIC,1,0
617,2025,8,13,ADULT,YA,1,3
618,2025,8,13,ADULT,YA-FIC,10,2
619,2025,8,13,ADULT,YA-GRA,7,2
620,2025,8,13,ADULT,YA-NF,1,0
621,2025,8,13,ADULT,YA-PBK,3,1
622,2025,8,13,DISCARD,J-EASY,1,0
623,2025,8,13,DISCARD,J-NF,1,0
624,2025,8,13,DISCARD,YA,73,0
625,2025,8,13,DISCARD,YA-PBK,5,0
626,2025,8,13,INST-TEACH,J-EASY-F,1,0
627,2025,8,13,INST-TEACH,J-PIC-BOOK,4,0
628,2025,8,13,INST-TEACH,PARENTING,1,0
629,2025,8,13,J-INTERNET,A-FIC,1,0
630,2025,8,13,J-INTERNET,J-EASY-F,1,0
631,2025,8,13,J-INTERNET,J-FIC,7,0
632,2025,8,13,J-INTERNET,J-NF,1,1
633,2025,8,13,J-INTERNET,J-PBK,1,0
634,2025,8,13,J-INTERNET,J-PIC-BOOK,1,0
635,2025,8,13,JUVENILE,A-FIC,7,0
636,2025,8,13,JUVENILE,J-AUD,1,0
637,2025,8,13,JUVENILE,J-AUD-CD,1,1
638,2025,8,13,JUVENILE,J-EASY-F,2,2
639,2025,8,13,JUVENILE,J-FIC,6,1
640,2025,8,13,JUVENILE,J-GRA,3,1
641,2025,8,13,JUVENILE,J-GRA-COM,1,0
642,2025,8,13,JUVENILE,J-NEWBERY,1,1
643,2025,8,13,JUVENILE,J-PBK,3,6
644,2025,8,13,JUVENILE,J-PIC-BOOK,3,1
645,2025,8,13,PRGMNG,J-EASY,1,0
646,2025,8,13,PRGMNG,J-EASY-PIC,1,0
647,2025,8,13,PRGMNG,J-PIC-BOOK,13,0
648,2025,8,13,TEEN,YA-FIC,1,0
649,2025,8,4,A-NONRES,A-FIC,6,3
650,2025,8,4,A-NONRES,A-HOTSPOT,2,0
651,2025,8,4,A-NONRES,A-NEWBK-FI,1,0
652,2025,8,4,A-NONRES,A-NF,6,4
653,2025,8,4,A-NONRES,J-EASY,11,2
654,2025,8,4,A-NONRES,J-FIC,2,3
655,2025,8,4,A-NONRES,J-NF,2,9
656,2025,8,4,A-NONRES,J-PBK,2,1
657,2025,8,4,A-NONRES,J-PIC-BOOK,28,2
658,2025,8,4,A-NONRES,YA,1,0
659,2025,8,4,ADULT,A-AUD,32,21
660,2025,8,4,ADULT,A-AUD-CD,40,13
661,2025,8,4,ADULT,A-BK-CLUB,3,0
662,2025,8,4,ADULT,A-CHILDHOO,3,2
663,2025,8,4,ADULT,A-CHRISTIA,1,1
664,2025,8,4,ADULT,A-DVD,67,53
665,2025,8,4,ADULT,A-DVD-FIC,1,0
666,2025,8,4,ADULT,A-DVD-TV,2,3
667,2025,8,4,ADULT,A-FIC,606,381
668,2025,8,4,ADULT,A-FIC-PBK,2,1
669,2025,8,4,ADULT,A-GRA,4,5
670,2025,8,4,ADULT,A-HOMESCH,1,0
671,2025,8,4,ADULT,A-HOTSPOT,12,1
672,2025,8,4,ADULT,A-KIT-HOBB,3,3
673,2025,8,4,ADULT,A-LEASE-FI,25,8
674,2025,8,4,ADULT,A-LEASE-LP,4,0
675,2025,8,4,ADULT,A-LEASE-NF,4,1
676,2025,8,4,ADULT,A-LP,122,45
677,2025,8,4,ADULT,A-LP-FIC,26,9
678,2025,8,4,ADULT,A-LP-NF,1,1
679,2025,8,4,ADULT,A-MYSTERY,5,1
680,2025,8,4,ADULT,A-NEWBK-FI,241,148
681,2025,8,4,ADULT,A-NEWBK-LP,38,9
682,2025,8,4,ADULT,A-NEWBK-NF,67,69
683,2025,8,4,ADULT,A-NF,264,305
684,2025,8,4,ADULT,A-PBK,2,1
685,2025,8,4,ADULT,A-SC-NF,1,0
686,2025,8,4,ADULT,A-SFI-FAN,1,0
687,2025,8,4,ADULT,A-SND-REC,1,0
688,2025,8,4,ADULT,A-SPA-FIC,1,0
689,2025,8,4,ADULT,A-VIS-MEDI,2,0
690,2025,8,4,ADULT,ILL,10,0
691,2025,8,4,ADULT,J-AUD,1,2
692,2025,8,4,ADULT,J-BEGINREA,1,1
693,2025,8,4,ADULT,J-BOARD-BK,2,0
694,2025,8,4,ADULT,J-CALDECTT,30,8
695,2025,8,4,ADULT,J-DVD,64,79
696,2025,8,4,ADULT,J-EASY,360,184
697,2025,8,4,ADULT,J-EASY-F,3,1
698,2025,8,4,ADULT,J-EASY-PIC,4,0
699,2025,8,4,ADULT,J-FIC,294,326
700,2025,8,4,ADULT,J-GRA,174,189
701,2025,8,4,ADULT,J-GRA-COM,2,2
702,2025,8,4,ADULT,J-NEWBERY,6,14
703,2025,8,4,ADULT,J-NF,306,242
704,2025,8,4,ADULT,J-OVERSIZE,1,0
705,2025,8,4,ADULT,J-PBK,115,111
706,2025,8,4,ADULT,J-PIC-BOOK,837,509
707,2025,8,4,ADULT,J-SERIES,3,2
708,2025,8,4,ADULT,J-SPA,16,5
709,2025,8,4,ADULT,J-VIS-MEDI,1,2
710,2025,8,4,ADULT,YA,23,40
711,2025,8,4,ADULT,YA-DVD,1,4
712,2025,8,4,ADULT,YA-FIC,14,27
713,2025,8,4,ADULT,YA-GRA,72,19
714,2025,8,4,ADULT,YA-MANGA,1,0
715,2025,8,4,ADULT,YA-NF,1,1
716,2025,8,4,ADULT,YA-SCIFIC,3,1
717,2025,8,4,DAMAGED,A-DVD,1,0
718,2025,8,4,DAMAGED,A-FIC,1,0
719,2025,8,4,DAMAGED,A-HOTSPOT,1,0
720,2025,8,4,DAMAGED,J-GRA,1,0
721,2025,8,4,DISCARD,A-AUD-CD,30,0
722,2025,8,4,DISCARD,A-DVD,39,0
723,2025,8,4,DISCARD,A-FIC,356,1
724,2025,8,4,DISCARD,A-LP,1,0
725,2025,8,4,DISCARD,A-NF,2,0
726,2025,8,4,DISCARD,J-CALDECTT,6,0
727,2025,8,4,DISCARD,J-EASY,29,0
728,2025,8,4,DISCARD,J-GRA,2,0
729,2025,8,4,DISCARD,J-NF,1,0
730,2025,8,4,DISCARD,J-PBK,1,0
731,2025,8,4,DISCARD,J-PIC-BOOK,182,0
732,2025,8,4,DISCARD,J-SPA,1,0
733,2025,8,4,DISCARD,YA,15,0
734,2025,8,4,DISCARD,YA-FIC,1,0
735,2025,8,4,DISCARD,YA-GRA,60,0
736,2025,8,4,DISCARD,YA-PBK,3,0
737,2025,8,4,INST-TEACH,A-FIC,2,0
738,2025,8,4,INST-TEACH,A-NF,1,0
739,2025,8,4,INST-TEACH,J-EASY,2,0
740,2025,8,4,INST-TEACH,J-PIC-BOOK,5,0
741,2025,8,4,INST-TEACH,YA,1,0
742,2025,8,4,J-INTERNET,A-FIC,6,3
743,2025,8,4,J-INTERNET,A-NEWBK-NF,3,3
744,2025,8,4,J-INTERNET,A-VID-GAME,1,0
745,2025,8,4,J-INTERNET,J-CALDECTT,1,1
746,2025,8,4,J-INTERNET,J-DVD,8,16
747,2025,8,4,J-INTERNET,J-EASY,3,5
748,2025,8,4,J-INTERNET,J-FIC,39,20
749,2025,8,4,J-INTERNET,J-GRA,2,14
750,2025,8,4,J-INTERNET,J-NF,15,7
751,2025,8,4,J-INTERNET,J-PBK,26,4
752,2025,8,4,J-INTERNET,J-PIC-BOOK,9,14
753,2025,8,4,J-INTERNET,YA,6,7
754,2025,8,4,J-INTERNET,YA-FIC,2,4
755,2025,8,4,JUVENILE,A-DVD,2,0
756,2025,8,4,JUVENILE,A-FIC,9,16
757,2025,8,4,JUVENILE,A-KIT-HOBB,2,1
758,2025,8,4,JUVENILE,A-LEASE-FI,1,0
759,2025,8,4,JUVENILE,A-LP,1,2
760,2025,8,4,JUVENILE,A-LP-FIC,1,1
761,2025,8,4,JUVENILE,A-NEWBK-FI,2,1
762,2025,8,4,JUVENILE,A-NEWBK-LP,3,0
763,2025,8,4,JUVENILE,A-NF,10,17
764,2025,8,4,JUVENILE,A-SFI-FAN,1,0
765,2025,8,4,JUVENILE,A-VIS-MEDI,1,2
766,2025,8,4,JUVENILE,J-BOARD-BK,1,0
767,2025,8,4,JUVENILE,J-CALDECTT,5,4
768,2025,8,4,JUVENILE,J-DVD,15,21
769,2025,8,4,JUVENILE,J-EASY,72,38
770,2025,8,4,JUVENILE,J-FIC,122,103
771,2025,8,4,JUVENILE,J-GRA,75,64
772,2025,8,4,JUVENILE,J-GRA-COM,2,0
773,2025,8,4,JUVENILE,J-NEWBERY,5,7
774,2025,8,4,JUVENILE,J-NF,102,83
775,2025,8,4,JUVENILE,J-PBK,37,38
776,2025,8,4,JUVENILE,J-PIC-BOOK,180,82
777,2025,8,4,JUVENILE,J-SPA,4,1
778,2025,8,4,JUVENILE,YA,2,3
779,2025,8,4,JUVENILE,YA-FIC,4,7
780,2025,8,4,JUVENILE,YA-GRA,3,13
781,2025,8,4,JUVENILE,YA-NF,1,0
782,2025,8,4,JUVENILE,YA-PBK,1,1
783,2025,8,4,MISSING,A-DVD,1,0
784,2025,8,4,MISSING,A-FIC,3,0
785,2025,8,4,MISSING,A-NEWBK-FI,1,0
786,2025,8,4,MISSING,A-NF,2,0
787,2025,8,4,MISSING,J-BOARD-BK,1,0
788,2025,8,4,MISSING,J-EASY,1,0
789,2025,8,4,MISSING,J-FIC,2,0
790,2025,8,4,MISSING,J-NF,3,0
791,2025,8,4,MISSING,J-PIC-BOOK,2,0
792,2025,8,4,PRGMNG,A-AUD,1,0
793,2025,8,4,PRGMNG,A-AUD-CD,3,0
794,2025,8,4,PRGMNG,A-FIC,17,0
795,2025,8,4,PRGMNG,A-LP,5,0
796,2025,8,4,PRGMNG,A-LP-FIC,4,0
797,2025,8,4,PRGMNG,A-LP-NF,1,0
798,2025,8,4,PRGMNG,A-NEWBK-FI,2,0
799,2025,8,4,PRGMNG,A-NF,11,0
800,2025,8,4,PRGMNG,A-SPA,1,0
801,2025,8,4,PRGMNG,J-EASY,7,0
802,2025,8,4,PRGMNG,J-FIC,2,0
803,2025,8,4,PRGMNG,J-PBK,1,0
804,2025,8,4,PRGMNG,J-PIC-BOOK,18,0
805,2025,8,4,PRGMNG,YA,1,0
806,2025,8,4,STAFF-PERS,A-DVD,6,4
807,2025,8,4,STAFF-PERS,A-FIC,1,1
808,2025,8,4,STAFF-PERS,A-GRA,10,3
809,2025,8,4,STAFF-PERS,A-NEWBK-FI,11,0
810,2025,8,4,STAFF-PERS,A-NEWBK-NF,2,2
811,2025,8,4,STAFF-PERS,A-NF,16,3
812,2025,8,4,STAFF-PERS,A-SCIFIC,1,0
813,2025,8,4,STAFF-PERS,A-SFI-FAN,1,0
814,2025,8,4,STAFF-PERS,A-VIS-MEDI,1,0
815,2025,8,4,STAFF-PERS,ILL,1,0
816,2025,8,4,STAFF-PERS,J-DVD,6,8
817,2025,8,4,STAFF-PERS,J-EASY,1,0
818,2025,8,4,STAFF-PERS,J-PIC-BOOK,2,0
819,2025,8,4,STAFF-PERS,YA-GRA,8,1
820,2025,8,4,STAFF-PERS,YA-MANGA,1,0
821,2025,8,4,TEEN,A-FIC,3,1
822,2025,8,4,TEEN,A-NF,1,0
823,2025,8,4,TEEN,J-FIC,1,0
824,2025,8,4,TEEN,J-NEWBERY,1,0
825,2025,8,4,TEEN,YA-NF,1,0
826,2025,8,14,ADULT,A-AUD,1,0
827,2025,8,14,ADULT,A-AUD-CD,1,0
828,2025,8,14,ADULT,A-FIC,43,11
829,2025,8,14,ADULT,A-LEASE-FI,3,0
830,2025,8,14,ADULT,A-LEASE-NF,4,1
831,2025,8,14,ADULT,A-LP,5,2
832,2025,8,14,ADULT,A-LP-FIC,4,1
833,2025,8,14,ADULT,A-NEWBK,1,0
834,2025,8,14,ADULT,A-NEWBK-FI,10,2
835,2025,8,14,ADULT,A-NEWBK-LP,3,1
836,2025,8,14,ADULT,A-NEWBK-NF,1,0
837,2025,8,14,ADULT,A-NF,27,34
838,2025,8,14,ADULT,A-SFI-FAN,1,0
839,2025,8,14,ADULT,J-AUD,1,0
840,2025,8,14,ADULT,J-BEGINREA,3,0
841,2025,8,14,ADULT,J-BIO,2,0
842,2025,8,14,ADULT,J-BOARD-BK,1,0
843,2025,8,14,ADULT,J-DVD,1,2
844,2025,8,14,ADULT,J-EASY,3,1
845,2025,8,14,ADULT,J-EASY-F,1,0
846,2025,8,14,ADULT,J-FIC,17,11
847,2025,8,14,ADULT,J-GRA,5,1
848,2025,8,14,ADULT,J-GRA-COM,2,1
849,2025,8,14,ADULT,J-NEWBERY,1,1
850,2025,8,14,ADULT,J-NF,25,7
851,2025,8,14,ADULT,J-PBK,5,4
852,2025,8,14,ADULT,J-PIC-BOOK,16,5
853,2025,8,14,ADULT,J-ROOM,2,1
854,2025,8,14,ADULT,YA-FIC,2,2
855,2025,8,14,DISCARD,A-FIC,22,0
856,2025,8,14,INST-TEACH,A-FIC,1,0
857,2025,8,14,J-INTERNET,A-VID-GAME,1,0
858,2025,8,14,JUVENILE,J-BEGINREA,4,0
859,2025,8,14,JUVENILE,J-FIC,4,1
860,2025,8,14,PRGMNG,A-FIC,2,0
861,2025,8,14,TEEN,A-AUD,1,0
862,2025,8,1,A-NONRES,A-DVD,7,8
863,2025,8,1,A-NONRES,A-FIC,6,3
864,2025,8,1,A-NONRES,A-GRA,1,0
865,2025,8,1,A-NONRES,A-LEASE-LP,1,0
866,2025,8,1,A-NONRES,A-LP,2,0
867,2025,8,1,A-NONRES,A-LP-FIC,3,0
868,2025,8,1,A-NONRES,A-NF,6,5
869,2025,8,1,A-NONRES,ILL,1,0
870,2025,8,1,A-NONRES,J-EASY,4,1
871,2025,8,1,A-NONRES,J-FIC,8,3
872,2025,8,1,A-NONRES,J-PBK,1,0
873,2025,8,1,A-NONRES,J-PIC-BOOK,13,11
874,2025,8,1,ADULT,A-AFR-AMER,1,0
875,2025,8,1,ADULT,A-AUD,70,36
876,2025,8,1,ADULT,A-AUD-CD,125,69
877,2025,8,1,ADULT,A-AUD-MP3,1,2
878,2025,8,1,ADULT,A-BIO,12,6
879,2025,8,1,ADULT,A-BK-CLUB,13,0
880,2025,8,1,ADULT,A-BLU-RAY,1,2
881,2025,8,1,ADULT,A-CHILDHOO,17,9
882,2025,8,1,ADULT,A-CHRISTIA,2,0
883,2025,8,1,ADULT,A-DEMENTIA,2,8
884,2025,8,1,ADULT,A-DVD,209,221
885,2025,8,1,ADULT,A-DVD-FIC,5,8
886,2025,8,1,ADULT,A-DVD-TV,11,11
887,2025,8,1,ADULT,A-FIC,1881,1164
888,2025,8,1,ADULT,A-FIC-CHRI,1,0
889,2025,8,1,ADULT,A-FIC-URBN,5,4
890,2025,8,1,ADULT,A-GRA,154,159
891,2025,8,1,ADULT,A-HOMESCH,22,22
892,2025,8,1,ADULT,A-HOTSPOT,113,0
893,2025,8,1,ADULT,A-KIT-HOBB,15,8
894,2025,8,1,ADULT,A-LEASE-BK,1,0
895,2025,8,1,ADULT,A-LEASE-FI,293,197
896,2025,8,1,ADULT,A-LEASE-LP,100,69
897,2025,8,1,ADULT,A-LEASE-NF,37,47
898,2025,8,1,ADULT,A-LP,427,122
899,2025,8,1,ADULT,A-LP-BIO,3,2
900,2025,8,1,ADULT,A-LP-FIC,344,136
901,2025,8,1,ADULT,A-LP-MYS,5,0
902,2025,8,1,ADULT,A-LP-NF,10,4
903,2025,8,1,ADULT,A-LP-WEST,1,0
904,2025,8,1,ADULT,A-MUSIC-CD,1,0
905,2025,8,1,ADULT,A-MYSTERY,19,3
906,2025,8,1,ADULT,A-NEWBK,6,3
907,2025,8,1,ADULT,A-NEWBK-FI,573,333
908,2025,8,1,ADULT,A-NEWBK-LP,151,90
909,2025,8,1,ADULT,A-NEWBK-NF,128,151
910,2025,8,1,ADULT,A-NF,873,865
911,2025,8,1,ADULT,A-PBK,9,0
912,2025,8,1,ADULT,A-PLAYAWAY,1,0
913,2025,8,1,ADULT,A-SC,1,1
914,2025,8,1,ADULT,A-SC-NF,1,0
915,2025,8,1,ADULT,A-SCIFIC,5,4
916,2025,8,1,ADULT,A-SFI-FAN,8,5
917,2025,8,1,ADULT,A-SND-REC,3,1
918,2025,8,1,ADULT,A-SPA,11,15
919,2025,8,1,ADULT,A-SPA-FIC,2,2
920,2025,8,1,ADULT,A-STACKS,1,2
921,2025,8,1,ADULT,A-VID-GAME,53,47
922,2025,8,1,ADULT,A-VIS-MEDI,8,1
923,2025,8,1,ADULT,A-WESTERN,2,0
924,2025,8,1,ADULT,BASMNT,3,0
925,2025,8,1,ADULT,ILL,45,0
926,2025,8,1,ADULT,J-AUD,46,46
927,2025,8,1,ADULT,J-AUD-F,1,0
928,2025,8,1,ADULT,J-BEGINREA,5,2
929,2025,8,1,ADULT,J-BIO,3,8
930,2025,8,1,ADULT,J-BOARD-BK,12,6
931,2025,8,1,ADULT,J-CALDECTT,60,47
932,2025,8,1,ADULT,J-DVD,273,411
933,2025,8,1,ADULT,J-DVD-F,1,0
934,2025,8,1,ADULT,J-EASY,723,525
935,2025,8,1,ADULT,J-EASY-F,11,5
936,2025,8,1,ADULT,J-EASY-PIC,7,3
937,2025,8,1,ADULT,J-F-LANG,1,0
938,2025,8,1,ADULT,J-FIC,707,582
939,2025,8,1,ADULT,J-GRA,483,399
940,2025,8,1,ADULT,J-GRA-COM,2,3
941,2025,8,1,ADULT,J-HOLIDAY,1,0
942,2025,8,1,ADULT,J-KIT,7,8
943,2025,8,1,ADULT,J-NEW,2,1
944,2025,8,1,ADULT,J-NEWBERY,40,30
945,2025,8,1,ADULT,J-NF,1185,932
946,2025,8,1,ADULT,J-PBK,191,169
947,2025,8,1,ADULT,J-PIC-BOOK,2217,1490
948,2025,8,1,ADULT,J-ROOM,2,0
949,2025,8,1,ADULT,J-SERIES,1,3
950,2025,8,1,ADULT,J-SPA,54,34
951,2025,8,1,ADULT,J-STORYTIM,1,0
952,2025,8,1,ADULT,J-VIS-MEDI,1,2
953,2025,8,1,ADULT,STACKS,1,1
954,2025,8,1,ADULT,T-FIC,1,0
955,2025,8,1,ADULT,T-GRA,1,0
956,2025,8,1,ADULT,YA,68,90
957,2025,8,1,ADULT,YA-DVD,30,37
958,2025,8,1,ADULT,YA-FIC,87,108
959,2025,8,1,ADULT,YA-GRA,147,131
960,2025,8,1,ADULT,YA-GRA-COM,1,6
961,2025,8,1,ADULT,YA-MANGA,4,5
962,2025,8,1,ADULT,YA-NF,5,4
963,2025,8,1,ADULT,YA-PBK,16,14
964,2025,8,1,ADULT,YA-PLAYAWY,1,0
965,2025,8,1,ADULT,YA-SCIFIC,1,0
966,2025,8,1,ADULT,YA-VID-GAM,65,81
967,2025,8,1,DAMAGED,A-AUD,1,0
968,2025,8,1,DAMAGED,A-AUD-CD,5,0
969,2025,8,1,DAMAGED,A-BK-CLUB,1,0
970,2025,8,1,DAMAGED,A-CHILDHOO,1,0
971,2025,8,1,DAMAGED,A-DVD,28,0
972,2025,8,1,DAMAGED,A-FIC,44,0
973,2025,8,1,DAMAGED,A-GRA,2,0
974,2025,8,1,DAMAGED,A-HOTSPOT,10,0
975,2025,8,1,DAMAGED,A-LEASE-FI,15,0
976,2025,8,1,DAMAGED,A-LEASE-NF,2,0
977,2025,8,1,DAMAGED,A-LP,8,0
978,2025,8,1,DAMAGED,A-LP-FIC,8,0
979,2025,8,1,DAMAGED,A-LP-NF,1,0
980,2025,8,1,DAMAGED,A-NEWBK-FI,2,0
981,2025,8,1,DAMAGED,A-NEWBK-LP,3,0
982,2025,8,1,DAMAGED,A-NF,59,0
983,2025,8,1,DAMAGED,A-REF-REDY,1,0
984,2025,8,1,DAMAGED,A-VID-GAME,1,0
985,2025,8,1,DAMAGED,BASMNT,1,0
986,2025,8,1,DAMAGED,J-AUD,1,0
987,2025,8,1,DAMAGED,J-DVD,53,0
988,2025,8,1,DAMAGED,J-EASY,145,0
989,2025,8,1,DAMAGED,J-FIC,334,1
990,2025,8,1,DAMAGED,J-GRA,14,0
991,2025,8,1,DAMAGED,J-GRA-COM,1,0
992,2025,8,1,DAMAGED,J-NF,391,1
993,2025,8,1,DAMAGED,J-PBK,94,1
994,2025,8,1,DAMAGED,J-PIC-BOOK,65,0
995,2025,8,1,DAMAGED,J-SPA,3,0
996,2025,8,1,DAMAGED,YA-DVD,3,0
997,2025,8,1,DAMAGED,YA-FIC,2,0
998,2025,8,1,DAMAGED,YA-GRA,2,0
999,2025,8,1,DAMAGED,YA-VID-GAM,2,0
1000,2025,8,1,DISCARD,A-BK-CLUB,2,0
1001,2025,8,1,DISCARD,A-FIC,42,0
1002,2025,8,1,DISCARD,A-LEASE-FI,63,0
1003,2025,8,1,DISCARD,A-LEASE-NF,11,0
1004,2025,8,1,DISCARD,A-NEWBK-FI,1,0
1005,2025,8,1,DISCARD,A-NEWBK-NF,2,0
1006,2025,8,1,DISCARD,A-NF,94,0
1007,2025,8,1,DISCARD,A-SPA,2,0
1008,2025,8,1,DISCARD,ACQ,1,0
1009,2025,8,1,DISCARD,ILL,118,0
1010,2025,8,1,DISCARD,J-NF,1,0
1011,2025,8,1,DISCARD,YA,5,0
1012,2025,8,1,DISCARD,YA-FIC,10,0
1013,2025,8,1,DISCARD,YA-GRA,6,0
1014,2025,8,1,DISCARD,YA-PBK,4,0
1015,2025,8,1,ILL,A-DVD,4,0
1016,2025,8,1,ILL,J-DVD,1,0
1017,2025,8,1,INST-TEACH,A-CRAFTS,1,0
1018,2025,8,1,INST-TEACH,A-FIC,1,0
1019,2025,8,1,INST-TEACH,A-STACKS,1,0
1020,2025,8,1,INST-TEACH,J-BIO,1,0
1021,2025,8,1,INST-TEACH,J-BOARD-BK,1,0
1022,2025,8,1,INST-TEACH,J-DVD,7,6
1023,2025,8,1,INST-TEACH,J-EASY,20,0
1024,2025,8,1,INST-TEACH,J-EASY-F,1,0
1025,2025,8,1,INST-TEACH,J-FIC,8,0
1026,2025,8,1,INST-TEACH,J-NF,13,3
1027,2025,8,1,INST-TEACH,J-PBK,1,0
1028,2025,8,1,INST-TEACH,J-PIC-BOOK,40,0
1029,2025,8,1,INST-TEACH,J-SPA,12,0
1256,2025,8,5,ADULT,A-WESTERN,1,0
1030,2025,8,1,J-INTERNET,A-AUD-CD,2,0
1031,2025,8,1,J-INTERNET,A-DVD,31,24
1032,2025,8,1,J-INTERNET,A-DVD-FIC,1,0
1033,2025,8,1,J-INTERNET,A-FIC,25,25
1034,2025,8,1,J-INTERNET,A-GRA,14,33
1035,2025,8,1,J-INTERNET,A-HOMESCH,9,4
1036,2025,8,1,J-INTERNET,A-LEASE-FI,1,2
1037,2025,8,1,J-INTERNET,A-NEWBK-FI,6,2
1038,2025,8,1,J-INTERNET,A-NEWBK-NF,2,0
1039,2025,8,1,J-INTERNET,A-NF,19,27
1040,2025,8,1,J-INTERNET,A-VID-GAME,3,7
1041,2025,8,1,J-INTERNET,J-AUD,5,2
1042,2025,8,1,J-INTERNET,J-BEGINREA,1,2
1043,2025,8,1,J-INTERNET,J-BOARD-BK,1,2
1044,2025,8,1,J-INTERNET,J-CALDECTT,1,3
1045,2025,8,1,J-INTERNET,J-DVD,44,55
1046,2025,8,1,J-INTERNET,J-EASY,150,97
1047,2025,8,1,J-INTERNET,J-EASY-F,2,0
1048,2025,8,1,J-INTERNET,J-F-LANG,1,0
1049,2025,8,1,J-INTERNET,J-FIC,144,229
1050,2025,8,1,J-INTERNET,J-GRA,104,121
1051,2025,8,1,J-INTERNET,J-GRA-COM,1,0
1052,2025,8,1,J-INTERNET,J-HOLIDAY,1,1
1053,2025,8,1,J-INTERNET,J-NEW,1,1
1054,2025,8,1,J-INTERNET,J-NEWBERY,4,6
1055,2025,8,1,J-INTERNET,J-NF,197,226
1056,2025,8,1,J-INTERNET,J-PBK,61,66
1057,2025,8,1,J-INTERNET,J-PIC-BOOK,380,258
1058,2025,8,1,J-INTERNET,J-SPA,2,3
1059,2025,8,1,J-INTERNET,YA,21,19
1060,2025,8,1,J-INTERNET,YA-DVD,1,10
1061,2025,8,1,J-INTERNET,YA-FIC,26,34
1062,2025,8,1,J-INTERNET,YA-GRA,52,29
1063,2025,8,1,J-INTERNET,YA-MANGA,3,3
1064,2025,8,1,J-INTERNET,YA-PBK,5,1
1065,2025,8,1,J-INTERNET,YA-VID-GAM,14,29
1066,2025,8,1,J-NONRES,J-EASY,2,0
1067,2025,8,1,J-NONRES,J-FIC,1,0
1068,2025,8,1,J-NONRES,J-PIC-BOOK,3,0
1069,2025,8,1,JUVENILE,A-AUD-CD,2,2
1070,2025,8,1,JUVENILE,A-DVD,9,16
1071,2025,8,1,JUVENILE,A-FIC,8,25
1072,2025,8,1,JUVENILE,A-GRA,22,35
1073,2025,8,1,JUVENILE,A-LP,1,4
1074,2025,8,1,JUVENILE,A-LP-FIC,1,5
1075,2025,8,1,JUVENILE,A-NF,39,37
1076,2025,8,1,JUVENILE,A-SFI-FAN,1,0
1077,2025,8,1,JUVENILE,A-VID-GAME,5,3
1078,2025,8,1,JUVENILE,J-AUD,16,18
1079,2025,8,1,JUVENILE,J-BEGINREA,3,0
1080,2025,8,1,JUVENILE,J-BOARD-BK,2,0
1081,2025,8,1,JUVENILE,J-CALDECTT,18,15
1082,2025,8,1,JUVENILE,J-DVD,78,130
1083,2025,8,1,JUVENILE,J-EASY,117,86
1084,2025,8,1,JUVENILE,J-EASY-PIC,1,0
1085,2025,8,1,JUVENILE,J-F-LANG,1,0
1086,2025,8,1,JUVENILE,J-FIC,246,236
1087,2025,8,1,JUVENILE,J-GRA,151,121
1088,2025,8,1,JUVENILE,J-GRA-COM,2,0
1089,2025,8,1,JUVENILE,J-NEWBERY,7,7
1090,2025,8,1,JUVENILE,J-NF,194,176
1091,2025,8,1,JUVENILE,J-PBK,47,55
1092,2025,8,1,JUVENILE,J-PIC-BOOK,354,258
1093,2025,8,1,JUVENILE,J-ROOM,1,1
1094,2025,8,1,JUVENILE,J-SERIES,1,0
1095,2025,8,1,JUVENILE,J-SPA,3,4
1096,2025,8,1,JUVENILE,YA,12,42
1097,2025,8,1,JUVENILE,YA-DVD,6,6
1098,2025,8,1,JUVENILE,YA-FIC,19,37
1099,2025,8,1,JUVENILE,YA-GRA,120,75
1100,2025,8,1,JUVENILE,YA-PBK,1,5
1101,2025,8,1,JUVENILE,YA-VID-GAM,17,24
1102,2025,8,1,MISSING,A-AUD-CD,1,0
1103,2025,8,1,MISSING,A-DVD,1,0
1104,2025,8,1,MISSING,A-FIC,18,0
1105,2025,8,1,MISSING,A-LEASE-FI,1,0
1106,2025,8,1,MISSING,A-LEASE-LP,2,0
1107,2025,8,1,MISSING,A-LP,4,0
1108,2025,8,1,MISSING,A-NEWBK-FI,2,0
1109,2025,8,1,MISSING,A-NEWBK-LP,4,0
1110,2025,8,1,MISSING,A-NEWBK-NF,2,0
1111,2025,8,1,MISSING,A-NF,9,0
1112,2025,8,1,MISSING,J-AUD,1,0
1113,2025,8,1,MISSING,J-EASY,1,0
1114,2025,8,1,MISSING,J-PBK,1,0
1115,2025,8,1,MISSING,J-PIC-BOOK,3,0
1116,2025,8,1,MISSING,YA-FIC,2,0
1117,2025,8,1,PRGMNG,A-BK-CLUB,17,0
1118,2025,8,1,PRGMNG,A-DVD,1,0
1119,2025,8,1,PRGMNG,A-LP,1,0
1120,2025,8,1,PRGMNG,A-NEWBK,1,0
1121,2025,8,1,PRGMNG,A-NEWBK-FI,1,0
1122,2025,8,1,PRGMNG,A-NF,4,0
1123,2025,8,1,PRGMNG,J-AUD,4,0
1124,2025,8,1,PRGMNG,J-BOARD-BK,33,0
1125,2025,8,1,PRGMNG,J-DVD,2,0
1126,2025,8,1,PRGMNG,J-EASY,60,0
1127,2025,8,1,PRGMNG,J-EASY-F,3,0
1128,2025,8,1,PRGMNG,J-EASY-PIC,6,0
1129,2025,8,1,PRGMNG,J-FIC,5,0
1130,2025,8,1,PRGMNG,J-MUSIC-CD,1,0
1131,2025,8,1,PRGMNG,J-NF,19,0
1132,2025,8,1,PRGMNG,J-PIC-BOOK,160,1
1133,2025,8,1,PRGMNG,J-SPA,1,0
1134,2025,8,1,PRGMNG,J-VIS-MEDI,1,0
1135,2025,8,1,PRGMNG,YA,2,0
1136,2025,8,1,PRGMNG,YA-FIC,10,2
1137,2025,8,1,STAFF-PERS,A-AUD,3,1
1138,2025,8,1,STAFF-PERS,A-AUD-CD,2,0
1139,2025,8,1,STAFF-PERS,A-DVD,11,5
1140,2025,8,1,STAFF-PERS,A-DVD-TV,1,1
1141,2025,8,1,STAFF-PERS,A-FIC,37,15
1142,2025,8,1,STAFF-PERS,A-GRA,19,11
1143,2025,8,1,STAFF-PERS,A-LEASE-FI,7,4
1144,2025,8,1,STAFF-PERS,A-LP,5,5
1145,2025,8,1,STAFF-PERS,A-LP-FIC,8,4
1146,2025,8,1,STAFF-PERS,A-MUSIC-CD,2,2
1147,2025,8,1,STAFF-PERS,A-MYSTERY,2,1
1148,2025,8,1,STAFF-PERS,A-NEWBK,1,0
1149,2025,8,1,STAFF-PERS,A-NEWBK-FI,9,2
1150,2025,8,1,STAFF-PERS,A-NEWBK-LP,4,3
1151,2025,8,1,STAFF-PERS,A-NEWBK-NF,6,6
1152,2025,8,1,STAFF-PERS,A-NF,50,41
1153,2025,8,1,STAFF-PERS,A-PROF-COL,2,0
1154,2025,8,1,STAFF-PERS,A-STACKS,1,0
1155,2025,8,1,STAFF-PERS,ILL,12,0
1156,2025,8,1,STAFF-PERS,J-DVD,4,1
1157,2025,8,1,STAFF-PERS,J-EASY,9,4
1158,2025,8,1,STAFF-PERS,J-EASY-PIC,1,1
1159,2025,8,1,STAFF-PERS,J-FIC,8,7
1160,2025,8,1,STAFF-PERS,J-GRA,6,0
1161,2025,8,1,STAFF-PERS,J-MUSIC,1,0
1162,2025,8,1,STAFF-PERS,J-NEWBERY,2,0
1163,2025,8,1,STAFF-PERS,J-NF,4,1
1164,2025,8,1,STAFF-PERS,J-PBK,1,1
1165,2025,8,1,STAFF-PERS,J-PIC-BOOK,9,0
1166,2025,8,1,STAFF-PERS,J-ROOM,1,0
1167,2025,8,1,STAFF-PERS,YA,4,9
1168,2025,8,1,STAFF-PERS,YA-FIC,13,7
1169,2025,8,1,STAFF-PERS,YA-GRA,16,5
1170,2025,8,1,STAFF-PERS,YA-NEW,1,0
1171,2025,8,1,STAFF-PERS,YA-NF,2,3
1172,2025,8,1,STAFF-PERS,YA-PBK,3,2
1173,2025,8,1,STAFF-PERS,YA-SCIFIC,1,1
1174,2025,8,1,STAFF-PERS,YA-VID-GAM,3,8
1175,2025,8,1,TEEN,J-EASY,1,0
1176,2025,8,1,TEEN,J-FIC,5,4
1177,2025,8,1,TEEN,J-NF,5,5
1178,2025,8,1,TEEN,J-PIC-BOOK,3,0
1179,2025,8,1,TEEN,YA,1,1
1180,2025,8,1,TEEN,YA-FIC,1,1
1181,2025,8,1,TEEN,YA-PBK,2,2
1182,2025,8,1,YCLCIRC,A-MYSTERY,1,0
1183,2025,8,1,YCLCIRC,A-NEWBK-FI,1,0
1184,2025,8,1,YCLCIRC,A-NF,4,0
1185,2025,8,1,YCLCIRC,J-NF,2,0
1186,2025,8,1,,A-GRA,4,0
1187,2025,8,1,,A-NF,1,2
1188,2025,8,1,,J-EASY,2,0
1189,2025,8,1,,J-PIC-BOOK,4,0
1190,2025,8,16,ADULT,A-BLU-RAY,1,0
1191,2025,8,16,ADULT,A-CHILDHOO,1,1
1192,2025,8,16,ADULT,A-DVD,4,6
1193,2025,8,16,ADULT,A-FIC,50,25
1194,2025,8,16,ADULT,A-LEASE-FI,2,2
1195,2025,8,16,ADULT,A-LEASE-LP,1,1
1196,2025,8,16,ADULT,A-LEASE-NF,1,0
1197,2025,8,16,ADULT,A-LP,15,5
1198,2025,8,16,ADULT,A-LP-FIC,4,1
1199,2025,8,16,ADULT,A-NEWBK,1,0
1200,2025,8,16,ADULT,A-NEWBK-FI,8,5
1201,2025,8,16,ADULT,A-NEWBK-LP,2,0
1202,2025,8,16,ADULT,A-NEWBK-NF,4,1
1203,2025,8,16,ADULT,A-NF,20,14
1204,2025,8,16,ADULT,A-SCIFIC,1,0
1205,2025,8,16,ADULT,A-SFI-FAN,1,0
1206,2025,8,16,ADULT,A-STACKS,1,0
1207,2025,8,16,ADULT,A-VID-GAME,4,3
1208,2025,8,16,ADULT,J-BEGINREA,2,1
1209,2025,8,16,ADULT,J-EASY,10,7
1210,2025,8,16,ADULT,J-FIC,15,22
1211,2025,8,16,ADULT,J-GRA,9,2
1212,2025,8,16,ADULT,J-GRA-COM,1,1
1213,2025,8,16,ADULT,J-NEWBERY,1,0
1214,2025,8,16,ADULT,J-NF,16,17
1215,2025,8,16,ADULT,J-PBK,10,8
1216,2025,8,16,ADULT,J-PIC-BOOK,30,18
1217,2025,8,16,ADULT,YA,1,0
1218,2025,8,16,J-INTERNET,J-EASY,3,1
1219,2025,8,16,J-INTERNET,J-GRA,4,0
1220,2025,8,16,J-INTERNET,J-NF,1,0
1221,2025,8,16,J-INTERNET,J-PIC-BOOK,4,3
1222,2025,8,16,JUVENILE,J-EASY,2,0
1223,2025,8,16,JUVENILE,J-PBK,1,0
1224,2025,8,5,A-NONRES,A-AUD-CD,1,0
1225,2025,8,5,A-NONRES,A-DVD,8,0
1226,2025,8,5,A-NONRES,A-NEWBK-FI,1,0
1227,2025,8,5,A-NONRES,A-NF,1,0
1228,2025,8,5,ADULT,A-AUD,13,15
1229,2025,8,5,ADULT,A-AUD-CD,18,11
1230,2025,8,5,ADULT,A-BIO,3,1
1231,2025,8,5,ADULT,A-BK-CLUB,1,0
1232,2025,8,5,ADULT,A-DVD,86,29
1233,2025,8,5,ADULT,A-DVD-FIC,1,1
1234,2025,8,5,ADULT,A-DVD-TV,2,1
1235,2025,8,5,ADULT,A-FIC,499,184
1236,2025,8,5,ADULT,A-GRA,1,1
1237,2025,8,5,ADULT,A-HOMESCH,8,5
1238,2025,8,5,ADULT,A-HOTSPOT,92,0
1239,2025,8,5,ADULT,A-INCL-C,1,0
1240,2025,8,5,ADULT,A-KIT-HOBB,4,1
1241,2025,8,5,ADULT,A-LEASE-FI,17,7
1242,2025,8,5,ADULT,A-LEASE-LP,3,0
1243,2025,8,5,ADULT,A-LEASE-NF,3,1
1244,2025,8,5,ADULT,A-LP,92,32
1245,2025,8,5,ADULT,A-LP-FIC,24,5
1246,2025,8,5,ADULT,A-LP-MYS,1,0
1247,2025,8,5,ADULT,A-LP-NF,2,0
1248,2025,8,5,ADULT,A-LP-WEST,1,0
1249,2025,8,5,ADULT,A-MYSTERY,4,5
1250,2025,8,5,ADULT,A-NEWBK-FI,148,53
1251,2025,8,5,ADULT,A-NEWBK-LP,31,7
1252,2025,8,5,ADULT,A-NEWBK-NF,34,27
1253,2025,8,5,ADULT,A-NF,273,111
1254,2025,8,5,ADULT,A-SPA-FIC,1,0
1255,2025,8,5,ADULT,A-VID-GAME,1,0
1257,2025,8,5,ADULT,ILL,9,0
1258,2025,8,5,ADULT,J-AUD,1,0
1259,2025,8,5,ADULT,J-BEGINREA,3,3
1260,2025,8,5,ADULT,J-BOARD-BK,3,0
1261,2025,8,5,ADULT,J-BOARD-NF,1,0
1262,2025,8,5,ADULT,J-CALDECTT,18,2
1263,2025,8,5,ADULT,J-DVD,89,39
1264,2025,8,5,ADULT,J-EASY,291,42
1265,2025,8,5,ADULT,J-EASY-F,2,0
1266,2025,8,5,ADULT,J-EASY-PIC,1,0
1267,2025,8,5,ADULT,J-FIC,266,64
1268,2025,8,5,ADULT,J-GRA,117,22
1269,2025,8,5,ADULT,J-GRA-COM,1,0
1270,2025,8,5,ADULT,J-KIT,3,2
1271,2025,8,5,ADULT,J-NEWBERY,15,4
1272,2025,8,5,ADULT,J-NF,341,111
1273,2025,8,5,ADULT,J-PBK,58,12
1274,2025,8,5,ADULT,J-PIC-BOOK,662,86
1275,2025,8,5,ADULT,J-ROOM,2,1
1276,2025,8,5,ADULT,J-SERIES,2,0
1277,2025,8,5,ADULT,J-SPA,6,1
1278,2025,8,5,ADULT,YA,21,15
1279,2025,8,5,ADULT,YA-DVD,1,1
1280,2025,8,5,ADULT,YA-FIC,14,4
1281,2025,8,5,ADULT,YA-GRA,24,0
1282,2025,8,5,ADULT,YA-NF,1,0
1283,2025,8,5,ADULT,YA-PBK,1,1
1284,2025,8,5,ADULT,YA-SCIFIC,1,0
1285,2025,8,5,ADULT,YA-VID-GAM,1,0
1286,2025,8,5,DAMAGED,A-FIC,1,0
1287,2025,8,5,DAMAGED,A-HOTSPOT,11,0
1288,2025,8,5,DAMAGED,A-NF,1,0
1289,2025,8,5,DAMAGED,J-PBK,1,0
1290,2025,8,5,DISCARD,A-AUD,2,0
1291,2025,8,5,DISCARD,A-AUD-CD,44,0
1292,2025,8,5,DISCARD,A-FIC,90,0
1293,2025,8,5,DISCARD,A-HOMESCH,11,0
1294,2025,8,5,DISCARD,A-NEWBK-FI,2,0
1295,2025,8,5,DISCARD,A-NF,25,0
1296,2025,8,5,DISCARD,J-AUD,1,0
1297,2025,8,5,DISCARD,J-CALDECTT,74,0
1298,2025,8,5,DISCARD,J-EASY,1,0
1299,2025,8,5,DISCARD,J-FIC,4,0
1300,2025,8,5,DISCARD,J-GRA,100,0
1301,2025,8,5,DISCARD,J-NF,15,0
1302,2025,8,5,DISCARD,J-PBK,4,0
1303,2025,8,5,DISCARD,J-PIC-BOOK,85,0
1304,2025,8,5,DISCARD,J-SPA,49,0
1305,2025,8,5,DISCARD,YA,2,0
1306,2025,8,5,DISCARD,YA-PBK,1,0
1307,2025,8,5,INST-TEACH,J-EASY,2,0
1308,2025,8,5,INST-TEACH,J-GRA,1,0
1309,2025,8,5,INST-TEACH,J-PIC-BOOK,1,0
1310,2025,8,5,J-INTERNET,A-DVD,9,5
1311,2025,8,5,J-INTERNET,A-FIC,1,3
1312,2025,8,5,J-INTERNET,A-GRA,2,0
1313,2025,8,5,J-INTERNET,A-HOMESCH,3,2
1314,2025,8,5,J-INTERNET,A-NF,5,1
1315,2025,8,5,J-INTERNET,J-BOARD-BK,2,0
1316,2025,8,5,J-INTERNET,J-BRAILLE,1,0
1317,2025,8,5,J-INTERNET,J-CALDECTT,7,2
1318,2025,8,5,J-INTERNET,J-DVD,21,4
1319,2025,8,5,J-INTERNET,J-EASY,40,20
1320,2025,8,5,J-INTERNET,J-EASY-F,1,0
1321,2025,8,5,J-INTERNET,J-EASY-PBK,1,0
1322,2025,8,5,J-INTERNET,J-FIC,45,11
1323,2025,8,5,J-INTERNET,J-GRA,55,3
1324,2025,8,5,J-INTERNET,J-NF,66,17
1325,2025,8,5,J-INTERNET,J-PBK,10,5
1326,2025,8,5,J-INTERNET,J-PIC-BOOK,73,27
1327,2025,8,5,J-INTERNET,J-SPA,1,0
1328,2025,8,5,J-INTERNET,YA,4,4
1329,2025,8,5,J-INTERNET,YA-DVD,7,3
1330,2025,8,5,J-INTERNET,YA-FIC,2,0
1331,2025,8,5,J-INTERNET,YA-GRA,21,1
1332,2025,8,5,JUVENILE,A-FIC,3,1
1333,2025,8,5,JUVENILE,A-NF,7,0
1334,2025,8,5,JUVENILE,A-VID-GAME,1,0
1335,2025,8,5,JUVENILE,J-BEGINREA,4,1
1336,2025,8,5,JUVENILE,J-DVD,16,0
1337,2025,8,5,JUVENILE,J-EASY,46,7
1338,2025,8,5,JUVENILE,J-FIC,105,20
1339,2025,8,5,JUVENILE,J-GRA,57,15
1340,2025,8,5,JUVENILE,J-NF,60,12
1341,2025,8,5,JUVENILE,J-PBK,11,12
1342,2025,8,5,JUVENILE,J-PIC-BOOK,75,25
1343,2025,8,5,JUVENILE,J-SPA,1,0
1344,2025,8,5,JUVENILE,YA,4,1
1345,2025,8,5,JUVENILE,YA-FIC,2,0
1346,2025,8,5,JUVENILE,YA-PBK,2,1
1347,2025,8,5,JUVENILE,YA-VID-GAM,2,0
1348,2025,8,5,MISSING,A-DVD,1,0
1349,2025,8,5,MISSING,A-FIC,3,0
1350,2025,8,5,MISSING,A-HOMESCH,1,0
1351,2025,8,5,MISSING,A-HOTSPOT,5,0
1352,2025,8,5,MISSING,J-EASY,2,0
1353,2025,8,5,MISSING,J-FIC,1,0
1354,2025,8,5,MISSING,J-NF,2,0
1355,2025,8,5,MISSING,J-PBK,2,0
1356,2025,8,5,MISSING,J-PIC-BOOK,6,0
1357,2025,8,5,MISSING,YA-GRA,1,0
1358,2025,8,5,PRGMNG,A-FIC,5,0
1359,2025,8,5,PRGMNG,A-LP,1,0
1360,2025,8,5,PRGMNG,A-LP-FIC,2,0
1361,2025,8,5,PRGMNG,A-SFI-FAN,1,0
1362,2025,8,5,PRGMNG,J-PIC-BOOK,1,0
1363,2025,8,5,STAFF-PERS,A-FIC,2,4
1364,2025,8,5,STAFF-PERS,A-NEWBK-FI,1,1
1365,2025,8,5,STAFF-PERS,A-NF,8,7
1366,2025,8,5,STAFF-PERS,ILL,1,0
1367,2025,8,5,STAFF-PERS,YA-FIC,1,0
1368,2025,8,5,,A-NF,1,0
1369,2025,8,15,ADULT,A-BIO,1,0
1370,2025,8,15,ADULT,A-DVD,6,0
1371,2025,8,15,ADULT,A-DVD-FIC,1,0
1372,2025,8,15,ADULT,A-FIC,31,0
1373,2025,8,15,ADULT,A-GRA,3,0
1374,2025,8,15,ADULT,A-LP,2,0
1375,2025,8,15,ADULT,A-NEWBK-FI,5,0
1376,2025,8,15,ADULT,A-NEWBK-LP,1,0
1377,2025,8,15,ADULT,A-NEWBK-NF,2,0
1378,2025,8,15,ADULT,A-NF,12,0
1379,2025,8,15,ADULT,A-PBK,1,0
1380,2025,8,15,ADULT,A-SFI-FAN,1,0
1381,2025,8,15,ADULT,J-BOARD-BK,1,0
1382,2025,8,15,ADULT,J-CALDECTT,2,0
1383,2025,8,15,ADULT,J-DVD,4,0
1384,2025,8,15,ADULT,J-EASY,4,0
1385,2025,8,15,ADULT,J-FIC,6,0
1386,2025,8,15,ADULT,J-NF,1,0
1387,2025,8,15,ADULT,J-PBK,1,0
1388,2025,8,15,ADULT,J-PIC-BOOK,5,0
1389,2025,8,15,ADULT,YA,2,0
1390,2025,8,15,ADULT,YA-FIC,2,0
1391,2025,8,15,ADULT,YA-PBK,1,0
1392,2025,8,15,J-INTERNET,J-CALDECTT,1,0
1393,2025,8,15,J-INTERNET,J-DVD,1,0
1394,2025,8,15,J-INTERNET,J-EASY,2,0
1395,2025,8,15,J-INTERNET,J-NF,1,0
1396,2025,8,15,J-INTERNET,J-PIC-BOOK,9,0
1397,2025,8,15,JUVENILE,J-FIC,5,0
1398,2025,8,15,JUVENILE,J-NF,1,0
1399,2025,8,15,JUVENILE,YA,4,0
1400,2025,8,15,JUVENILE,YA-FIC,1,0
1401,2025,8,6,ADULT,A-DVD-NF,0,2
1402,2025,8,6,ADULT,A-VIS-MEDI,0,2
1403,2025,8,6,ADULT,J-PBK,0,1
1404,2025,8,6,ADULT,YA-FIC,0,1
1405,2025,8,6,HOMEBOUND,A-MUSIC-CD,0,1
1406,2025,8,6,J-INTERNET,J-EASY,0,1
1407,2025,8,6,J-INTERNET,J-FIC,0,4
1408,2025,8,6,J-INTERNET,J-GRA,0,3
1409,2025,8,6,J-INTERNET,J-NF,0,6
1410,2025,8,6,J-INTERNET,J-PIC-BOOK,0,4
1411,2025,8,6,J-INTERNET,J-SPA,0,2
1412,2025,8,6,J-INTERNET,YA-GRA,0,2
1413,2025,8,6,JUVENILE,A-NEWBK-NF,0,2
1414,2025,8,6,JUVENILE,J-EASY,0,3
1415,2025,8,6,JUVENILE,J-NEWBERY,0,1
1416,2025,8,6,JUVENILE,J-PIC-BOOK,0,17
1417,2025,8,6,JUVENILE,J-SPA,0,2
1418,2025,8,6,JUVENILE,YA-NF,0,2
1419,2025,8,6,STAFF-PERS,YA-GRA,0,1
1420,2025,8,2,ADULT,A-AFR-AMER,0,1
1421,2025,8,2,ADULT,A-CHILDHOO,0,3
1422,2025,8,2,ADULT,A-FIC-URBN,0,1
1423,2025,8,2,ADULT,A-LP-NF,0,1
1424,2025,8,2,ADULT,A-SCIFIC,0,1
1425,2025,8,2,ADULT,A-SFI-FAN,0,2
1426,2025,8,2,ADULT,A-VIS-MEDI,0,2
1427,2025,8,2,ADULT,BKMOBILE,0,2
1428,2025,8,2,ADULT,J-AUD,0,1
1429,2025,8,2,ADULT,J-SPA-BB,0,1
1430,2025,8,2,INST-TEACH,J-EASY,0,1
1431,2025,8,2,J-INTERNET,A-NF,0,2
1432,2025,8,2,J-INTERNET,YA,0,3
1433,2025,8,2,JUVENILE,A-LEASE-FI,0,1
1434,2025,8,2,JUVENILE,A-VID-GAME,0,1
1435,2025,8,2,JUVENILE,J-GRA-COM,0,4
1436,2025,8,2,JUVENILE,YA-NF,0,1
1437,2025,8,2,TEEN,A-HOMESCH,0,2
1438,2025,8,2,TEEN,A-NF,0,8
1439,2025,8,2,TEEN,YA-FIC,0,2
1440,2025,8,2,TEEN,YA-GRA,0,1
1441,2025,8,12,ADULT,A-AUD,0,1
1442,2025,8,12,J-INTERNET,J-BEGINREA,0,2
1443,2025,8,12,J-INTERNET,J-EASY,0,1
1444,2025,8,12,J-INTERNET,J-FIC,0,2
1445,2025,8,12,J-INTERNET,J-NF,0,4
1446,2025,8,12,J-INTERNET,J-PIC-BOOK,0,1
1447,2025,8,3,A-NONRES,J-CALDECTT,0,1
1448,2025,8,3,ADULT,A-F-LANG,0,1
1449,2025,8,3,ADULT,A-FIC-PBK,0,1
1450,2025,8,3,ADULT,A-PBK,0,2
1451,2025,8,3,ADULT,A-SPA-FIC,0,1
1452,2025,8,3,ADULT,BKMOBILE,0,1
1453,2025,8,3,ADULT,J-F-LANG-F,0,2
1454,2025,8,3,ADULT,J-OVERSIZE,0,1
1455,2025,8,3,ADULT,J-SPA-BB,0,1
1456,2025,8,3,ADULT,YA-AUD,0,1
1457,2025,8,3,ADULT,YA-PLAYAWY,0,1
1458,2025,8,3,INST-TEACH,J-GRA,0,1
1459,2025,8,3,J-INTERNET,A-LP,0,3
1460,2025,8,3,J-INTERNET,J-BEGINREA,0,2
1461,2025,8,3,J-INTERNET,J-CALDECTT,0,3
1462,2025,8,3,J-INTERNET,YA-PBK,0,2
1463,2025,8,3,JUVENILE,A-AUD-CD,0,1
1464,2025,8,3,JUVENILE,A-LEASE-NF,0,1
1465,2025,8,3,JUVENILE,A-NEWBK-LP,0,2
1466,2025,8,3,JUVENILE,A-NEWBK-NF,0,2
1467,2025,8,3,JUVENILE,J-AUD,0,4
1468,2025,8,3,JUVENILE,J-EASY-PIC,0,1
1469,2025,8,3,JUVENILE,J-SERIES,0,2
1470,2025,8,3,JUVENILE,YA-GRA-COM,0,1
1471,2025,8,3,JUVENILE,YA-NEW,0,1
1472,2025,8,3,JUVENILE,YA-VID-GAM,0,1
1473,2025,8,3,STAFF-PERS,A-SFI-FAN,0,2
1474,2025,8,3,STAFF-PERS,A-VID-GAME,0,1
1475,2025,8,3,STAFF-PERS,J-PBK,0,2
1476,2025,8,3,STAFF-PERS,YA-PBK,0,1
1477,2025,8,3,STAFF-PERS,YA-VID-GAM,0,1
1478,2025,8,3,TEEN,A-DVD,0,18
1479,2025,8,13,ADULT,A-SFI-FAN,0,1
1480,2025,8,13,ADULT,J-BRAILLE,0,1
1481,2025,8,13,ADULT,J-MUSIC-CD,0,1
1482,2025,8,13,JUVENILE,J-NF,0,5
1483,2025,8,4,A-NONRES,J-GRA,0,1
1484,2025,8,4,A-NONRES,YA-FIC,0,1
1485,2025,8,4,ADULT,A-AUD-F,0,1
1486,2025,8,4,ADULT,A-BIO,0,1
1487,2025,8,4,ADULT,A-SCIFIC,0,2
1488,2025,8,4,ADULT,A-SPA,0,2
1489,2025,8,4,ADULT,A-VID-GAME,0,4
1490,2025,8,4,ADULT,J-F-LANG-F,0,2
1491,2025,8,4,ADULT,YA-PBK,0,3
1492,2025,8,4,INST-TEACH,A-DVD,0,1
1493,2025,8,4,JUVENILE,A-GRA,0,2
1494,2025,8,4,JUVENILE,A-NEWBK-NF,0,2
1495,2025,8,4,JUVENILE,A-VID-GAME,0,2
1496,2025,8,4,JUVENILE,J-AUD,0,1
1497,2025,8,4,JUVENILE,J-BEGINREA,0,2
1498,2025,8,4,JUVENILE,J-KIT,0,2
1499,2025,8,4,TEEN,J-EASY,0,1
1500,2025,8,4,TEEN,J-GRA,0,1
1501,2025,8,4,TEEN,J-PIC-BOOK,0,1
1502,2025,8,4,TEEN,YA-GRA,0,1
1503,2025,8,14,ADULT,A-HOMESCH,0,2
1504,2025,8,14,ADULT,A-LEASE-LP,0,1
1505,2025,8,14,ADULT,A-SCIFIC,0,1
1506,2025,8,14,ADULT,J-CALDECTT,0,2
1507,2025,8,14,ADULT,YA,0,4
1508,2025,8,14,JUVENILE,J-NF,0,2
1509,2025,8,1,A-NONRES,A-SPA,0,1
1510,2025,8,1,A-NONRES,J-SPA,0,2
1511,2025,8,1,ADULT,A-PARENT,0,1
1512,2025,8,1,ADULT,A-SPA-NF,0,1
1513,2025,8,1,ADULT,J-BRAILLE,0,1
1514,2025,8,1,ADULT,J-GRAND,0,2
1515,2025,8,1,J-INTERNET,A-LP,0,1
1516,2025,8,1,J-INTERNET,A-LP-FIC,0,2
1517,2025,8,1,J-INTERNET,A-LP-NF,0,1
1518,2025,8,1,J-INTERNET,A-SPA,0,1
1519,2025,8,1,J-INTERNET,J-BIO,0,1
1520,2025,8,1,J-INTERNET,J-ROOM,0,1
1521,2025,8,1,J-INTERNET,YA-NF,0,1
1522,2025,8,1,J-INTERNET,YA-PLAYAWY,0,2
1523,2025,8,1,JUVENILE,A-AUD,0,1
1524,2025,8,1,JUVENILE,A-CHILDHOO,0,1
1525,2025,8,1,JUVENILE,A-HOMESCH,0,7
1526,2025,8,1,JUVENILE,A-LEASE-FI,0,2
1527,2025,8,1,JUVENILE,A-NEWBK-FI,0,2
1528,2025,8,1,JUVENILE,A-NEWBK-NF,0,2
1529,2025,8,1,JUVENILE,J-EASY-F,0,1
1530,2025,8,1,JUVENILE,J-KIT,0,3
1531,2025,8,1,JUVENILE,YA-AUD,0,1
1532,2025,8,1,JUVENILE,YA-NF,0,2
1533,2025,8,1,STAFF-PERS,A-AUD-NF,0,1
1534,2025,8,1,STAFF-PERS,A-LEASE-NF,0,1
1535,2025,8,1,,A-FIC,0,1
1536,2025,8,1,,J-FIC,0,2
1537,2025,8,16,ADULT,A-HOMESCH,0,3
1538,2025,8,16,ADULT,J-BIO,0,2
1539,2025,8,16,ADULT,J-DVD,0,1
1540,2025,8,16,ADULT,J-SC,0,2
1541,2025,8,16,J-INTERNET,A-FIC,0,1
1542,2025,8,16,J-INTERNET,J-FIC,0,1
1543,2025,8,16,J-INTERNET,J-PBK,0,3
1544,2025,8,16,JUVENILE,A-NF,0,4
1545,2025,8,16,JUVENILE,J-BIO,0,2
1546,2025,8,16,JUVENILE,J-FIC,0,2
1547,2025,8,16,JUVENILE,J-GRA,0,2
1548,2025,8,16,JUVENILE,J-NF,0,10
1549,2025,8,16,JUVENILE,YA,0,1
1550,2025,8,5,ADULT,A-NEWBK,0,1
1551,2025,8,5,ADULT,A-PBK,0,1
1552,2025,8,5,ADULT,A-SC,0,1
1553,2025,8,5,ADULT,A-SFI-FAN,0,1
1554,2025,8,5,ADULT,J-BIO,0,2
1555,2025,8,5,J-INTERNET,A-VID-GAME,0,2
1556,2025,8,5,J-INTERNET,J-NEWBERY,0,1
1557,2025,8,5,JUVENILE,J-DVD-F,0,1
1558,2025,8,5,JUVENILE,J-EASY-PBK,0,1
1559,2025,8,5,JUVENILE,J-NEWBERY,0,1
1560,2025,8,5,STAFF-PERS,A-LP,0,1
1561,2025,8,5,STAFF-PERS,A-NEWBK-LP,0,2
1562,2025,8,5,STAFF-PERS,J-GRA,0,1
1563,2025,8,5,STAFF-PERS,J-NF,0,1
1564,2025,12,6,ADULT,A-AUD,3,5
1565,2025,12,6,ADULT,A-AUD-CD,10,2
1566,2025,12,6,ADULT,A-BIO,2,0
1567,2025,12,6,ADULT,A-CHILDHOO,1,0
1568,2025,12,6,ADULT,A-DEMENTIA,1,5
1569,2025,12,6,ADULT,A-DVD,22,10
1570,2025,12,6,ADULT,A-FIC,9,18
1571,2025,12,6,ADULT,A-INCL-C,1,0
1572,2025,12,6,ADULT,A-LEASE-LP,22,103
1573,2025,12,6,ADULT,A-LP,9,41
1574,2025,12,6,ADULT,A-LP-FIC,5,13
1575,2025,12,6,ADULT,A-LP-MYS,1,0
1576,2025,12,6,ADULT,A-MYSTERY,1,0
1577,2025,12,6,ADULT,A-NEWBK-FI,11,9
1578,2025,12,6,ADULT,A-NEWBK-LP,127,12
1579,2025,12,6,ADULT,A-NEWBK-NF,8,11
1580,2025,12,6,ADULT,A-NF,21,36
1581,2025,12,6,ADULT,A-PLAYAWAY,11,20
1582,2025,12,6,ADULT,A-SC,1,0
1583,2025,12,6,ADULT,A-SFI-FAN,1,0
1584,2025,12,6,ADULT,A-SPA,1,0
1585,2025,12,6,ADULT,A-VID-GAME,3,2
1586,2025,12,6,ADULT,A-VIS-MEDI,2,0
1587,2025,12,6,ADULT,J-AUD,1,0
1588,2025,12,6,ADULT,J-BOARD-BK,1,0
1589,2025,12,6,ADULT,J-CALDECTT,2,2
1590,2025,12,6,ADULT,J-CD-BK,1,0
1591,2025,12,6,ADULT,J-DVD,35,15
1592,2025,12,6,ADULT,J-EASY,6,37
1593,2025,12,6,ADULT,J-EASY-PIC,1,0
1594,2025,12,6,ADULT,J-FIC,16,53
1595,2025,12,6,ADULT,J-GRA,31,14
1596,2025,12,6,ADULT,J-NEWBERY,1,4
1597,2025,12,6,ADULT,J-NF,23,34
1598,2025,12,6,ADULT,J-PBK,2,2
1599,2025,12,6,ADULT,J-PIC-BOOK,309,51
1600,2025,12,6,ADULT,J-SPA,10,1
1601,2025,12,6,ADULT,STACKS,4,2
1602,2025,12,6,ADULT,YA,5,2
1603,2025,12,6,ADULT,YA-FIC,1,6
1604,2025,12,6,ADULT,YA-GRA,18,7
1605,2025,12,6,ADULT,YA-VID-GAM,5,4
1606,2025,12,6,HOMEBOUND,A-AUD-CD,3,0
1607,2025,12,6,HOMEBOUND,A-DVD,18,0
1608,2025,12,6,HOMEBOUND,A-FIC,1,0
1609,2025,12,6,HOMEBOUND,A-LP,1,0
1610,2025,12,6,HOMEBOUND,A-NEWBK-FI,5,0
1611,2025,12,6,HOMEBOUND,A-NEWBK-LP,9,0
1612,2025,12,6,HOMEBOUND,A-NEWBK-NF,2,0
1613,2025,12,6,HOMEBOUND,A-NF,1,0
1614,2025,12,6,J-INTERNET,J-NF,1,6
1615,2025,12,6,J-INTERNET,J-PBK,1,0
1616,2025,12,6,J-INTERNET,J-PIC-BOOK,1,5
1617,2025,12,6,JUVENILE,A-FIC,2,0
1618,2025,12,6,JUVENILE,A-GRA,1,1
1619,2025,12,6,JUVENILE,A-NEWBK-FI,3,0
1620,2025,12,6,JUVENILE,A-NEWBK-LP,1,0
1621,2025,12,6,JUVENILE,A-NF,5,4
1622,2025,12,6,JUVENILE,A-VID-GAME,1,0
1623,2025,12,6,JUVENILE,J-DVD,6,4
1624,2025,12,6,JUVENILE,J-EASY,2,25
1625,2025,12,6,JUVENILE,J-FIC,22,14
1626,2025,12,6,JUVENILE,J-GRA,23,17
1627,2025,12,6,JUVENILE,J-NF,12,32
1628,2025,12,6,JUVENILE,J-PBK,2,1
1629,2025,12,6,JUVENILE,J-PIC-BOOK,38,29
1630,2025,12,6,JUVENILE,J-SPA,1,3
1631,2025,12,6,JUVENILE,STACKS,6,0
1632,2025,12,6,JUVENILE,YA,64,3
1633,2025,12,6,JUVENILE,YA-FIC,6,2
1634,2025,12,6,JUVENILE,YA-GRA,52,18
1635,2025,12,6,JUVENILE,YA-MANGA,2,0
1636,2025,12,6,JUVENILE,YA-NF,2,1
1637,2025,12,6,JUVENILE,YA-PBK,1,0
1638,2025,12,6,JUVENILE,YA-VID-GAM,1,2
1639,2025,12,6,STAFF-PERS,A-FIC,1,0
1640,2025,12,6,STAFF-PERS,A-INCL-C,1,0
1641,2025,12,6,STAFF-PERS,A-NF,1,0
1642,2025,12,6,STAFF-PERS,A-SFI-FAN,1,0
1643,2025,12,6,STAFF-PERS,A-VID-GAME,1,0
1644,2025,12,6,STAFF-PERS,J-DVD,1,0
1645,2025,12,2,ADULT,A-AUD,1,0
1646,2025,12,2,ADULT,A-AUD-CD,7,0
1647,2025,12,2,ADULT,A-DVD,83,77
1648,2025,12,2,ADULT,A-DVD-NEW,3,0
1649,2025,12,2,ADULT,A-FIC,210,169
1650,2025,12,2,ADULT,A-GRA,3,3
1651,2025,12,2,ADULT,A-HOMESCH,3,12
1652,2025,12,2,ADULT,A-KIT-HOBB,2,0
1653,2025,12,2,ADULT,A-LP,17,16
1654,2025,12,2,ADULT,A-LP-FIC,3,10
1655,2025,12,2,ADULT,A-LP-NF,1,0
1656,2025,12,2,ADULT,A-MYSTERY,1,11
1657,2025,12,2,ADULT,A-NEWBK,1,1
1658,2025,12,2,ADULT,A-NEWBK-FI,104,71
1659,2025,12,2,ADULT,A-NEWBK-LP,2,5
1660,2025,12,2,ADULT,A-NEWBK-NF,30,33
1661,2025,12,2,ADULT,A-NF,154,143
1662,2025,12,2,ADULT,A-PBK,1,0
1663,2025,12,2,ADULT,A-SC,1,0
1664,2025,12,2,ADULT,A-SPA,1,0
1665,2025,12,2,ADULT,A-VID-GAME,3,0
1666,2025,12,2,ADULT,A-VIS-MEDI,2,0
1667,2025,12,2,ADULT,J-AUD,1,0
1668,2025,12,2,ADULT,J-BEGINREA,2,0
1669,2025,12,2,ADULT,J-BIO,1,11
1670,2025,12,2,ADULT,J-BOARD-BK,2,2
1671,2025,12,2,ADULT,J-CALDECTT,5,7
1672,2025,12,2,ADULT,J-DVD,92,97
1673,2025,12,2,ADULT,J-EASY,36,111
1674,2025,12,2,ADULT,J-EASY-F,1,2
1675,2025,12,2,ADULT,J-FIC,126,122
1676,2025,12,2,ADULT,J-GRA,81,80
1677,2025,12,2,ADULT,J-GRA-COM,1,0
1678,2025,12,2,ADULT,J-MUSIC-CD,1,0
1679,2025,12,2,ADULT,J-NEWBERY,7,2
1680,2025,12,2,ADULT,J-NF,171,108
1681,2025,12,2,ADULT,J-PBK,13,24
1682,2025,12,2,ADULT,J-PIC-BOOK,445,218
1683,2025,12,2,ADULT,J-ROOM,1,0
1684,2025,12,2,ADULT,J-SPA,7,5
1685,2025,12,2,ADULT,YA,30,12
1686,2025,12,2,ADULT,YA-FIC,6,8
1687,2025,12,2,ADULT,YA-GRA,14,22
1688,2025,12,2,ADULT,YA-GRA-COM,1,0
1689,2025,12,2,ADULT,YA-NF,1,0
1690,2025,12,2,ADULT,YA-PBK,2,0
1691,2025,12,2,ADULT,YA-ROOM,1,0
1692,2025,12,2,DISCARD,J-PIC-BOOK,1,0
1693,2025,12,2,J-INTERNET,A-NEWBK-NF,1,0
1694,2025,12,2,J-INTERNET,J-AUD,1,0
1695,2025,12,2,J-INTERNET,J-CALDECTT,1,0
1696,2025,12,2,J-INTERNET,J-DVD,10,4
1697,2025,12,2,J-INTERNET,J-EASY,3,0
1698,2025,12,2,J-INTERNET,J-FIC,28,2
1699,2025,12,2,J-INTERNET,J-GRA,24,11
1700,2025,12,2,J-INTERNET,J-NF,26,2
1701,2025,12,2,J-INTERNET,J-PBK,5,1
1702,2025,12,2,J-INTERNET,J-PIC-BOOK,17,1
1703,2025,12,2,J-INTERNET,YA,3,0
1704,2025,12,2,J-INTERNET,YA-GRA,7,0
1705,2025,12,2,J-INTERNET,YA-MANGA,13,0
1706,2025,12,2,JUVENILE,A-DVD,4,9
1707,2025,12,2,JUVENILE,A-FIC,9,7
1708,2025,12,2,JUVENILE,A-LP-FIC,1,0
1709,2025,12,2,JUVENILE,A-NEWBK-FI,4,8
1710,2025,12,2,JUVENILE,A-NEWBK-NF,1,2
1711,2025,12,2,JUVENILE,A-NF,17,17
1712,2025,12,2,JUVENILE,ACQ,2,0
1713,2025,12,2,JUVENILE,J-CALDECTT,7,0
1714,2025,12,2,JUVENILE,J-DVD,54,24
1715,2025,12,2,JUVENILE,J-EASY,5,48
1716,2025,12,2,JUVENILE,J-EASY-PIC,3,0
1717,2025,12,2,JUVENILE,J-FIC,48,49
1718,2025,12,2,JUVENILE,J-GRA,30,33
1719,2025,12,2,JUVENILE,J-NEWBERY,4,0
1720,2025,12,2,JUVENILE,J-NF,54,75
1721,2025,12,2,JUVENILE,J-PBK,4,7
1722,2025,12,2,JUVENILE,J-PIC-BOOK,136,86
1723,2025,12,2,JUVENILE,J-SPA,1,6
1724,2025,12,2,JUVENILE,YA,9,4
1725,2025,12,2,JUVENILE,YA-GRA,2,2
1726,2025,12,2,JUVENILE,YA-PBK,1,0
1727,2025,12,2,PRGMNG,ACQ,1,0
1728,2025,12,2,PRGMNG,YA,13,0
1729,2025,12,2,PRGMNG,YA-GRA,2,0
1730,2025,12,2,STAFF-PERS,A-FIC,15,11
1731,2025,12,2,STAFF-PERS,A-LP,6,0
1732,2025,12,2,STAFF-PERS,A-NEWBK-FI,1,0
1733,2025,12,2,STAFF-PERS,A-NF,10,13
1734,2025,12,2,STAFF-PERS,J-DVD,11,0
1735,2025,12,2,STAFF-PERS,J-NF,2,0
1736,2025,12,2,STAFF-PERS,J-PBK,1,0
1737,2025,12,2,STAFF-PERS,J-PIC-BOOK,10,2
1738,2025,12,2,STAFF-PERS,YA,1,0
1739,2025,12,2,TEEN,A-FIC,1,1
1740,2025,12,2,TEEN,A-NF,2,0
1741,2025,12,2,TEEN,J-DVD,2,0
1742,2025,12,2,TEEN,J-FIC,1,3
1743,2025,12,2,TEEN,J-GRA,3,0
1744,2025,12,2,TEEN,J-PIC-BOOK,1,0
1745,2025,12,2,TEEN,YA,9,0
1746,2025,12,2,TEEN,YA-FIC,1,1
1747,2025,12,2,TEEN,YA-GRA,7,0
1748,2025,12,12,ADULT,A-DVD,2,0
1749,2025,12,12,ADULT,A-MYSTERY,1,0
1750,2025,12,12,ADULT,A-NF,3,5
1751,2025,12,12,ADULT,J-AUD-CD,1,0
1752,2025,12,12,J-INTERNET,A-FIC,1,0
1753,2025,12,3,A-NONRES,A-DVD,8,0
1754,2025,12,3,A-NONRES,A-FIC,2,5
1755,2025,12,3,A-NONRES,A-NEWBK,1,0
1756,2025,12,3,A-NONRES,A-NEWBK-FI,1,0
1757,2025,12,3,A-NONRES,A-NEWBK-NF,2,0
1758,2025,12,3,A-NONRES,A-NF,12,3
1759,2025,12,3,A-NONRES,J-CALDECTT,2,0
1760,2025,12,3,A-NONRES,J-DVD,37,0
1761,2025,12,3,A-NONRES,J-EASY,1,3
1762,2025,12,3,A-NONRES,J-FIC,12,0
1763,2025,12,3,A-NONRES,J-GRA,3,0
1764,2025,12,3,A-NONRES,J-NF,35,6
1765,2025,12,3,A-NONRES,J-PBK,1,0
1766,2025,12,3,A-NONRES,J-PIC-BOOK,38,4
1767,2025,12,3,A-NONRES,YA,2,0
1768,2025,12,3,A-NONRES,YA-GRA,1,0
1769,2025,12,3,ADULT,A-AUD,15,32
1770,2025,12,3,ADULT,A-AUD-CD,95,69
1771,2025,12,3,ADULT,A-BIO,16,14
1772,2025,12,3,ADULT,A-BLU-RAY,2,3
1773,2025,12,3,ADULT,A-DVD,353,391
1774,2025,12,3,ADULT,A-DVD-FIC,3,9
1775,2025,12,3,ADULT,A-DVD-TV,1,14
1776,2025,12,3,ADULT,A-FIC,1414,1635
1777,2025,12,3,ADULT,A-GRA,9,16
1778,2025,12,3,ADULT,A-HOMESCH,28,46
1779,2025,12,3,ADULT,A-KIT,2,3
1780,2025,12,3,ADULT,A-KIT-HOBB,1,4
1781,2025,12,3,ADULT,A-LEASE-FI,7,31
1782,2025,12,3,ADULT,A-LP,148,195
1783,2025,12,3,ADULT,A-LP-FIC,27,41
1784,2025,12,3,ADULT,A-LP-NF,10,1
1785,2025,12,3,ADULT,A-MUSIC-CD,1,5
1786,2025,12,3,ADULT,A-MYSTERY,9,12
1787,2025,12,3,ADULT,A-NEWBK,8,6
1788,2025,12,3,ADULT,A-NEWBK-FI,396,516
1789,2025,12,3,ADULT,A-NEWBK-LP,61,85
1790,2025,12,3,ADULT,A-NEWBK-NF,164,190
1791,2025,12,3,ADULT,A-NF,1180,1209
1792,2025,12,3,ADULT,A-OFFICE-M,1,0
1793,2025,12,3,ADULT,A-PARENT,1,0
1794,2025,12,3,ADULT,A-PBK,3,5
1795,2025,12,3,ADULT,A-SC,1,1
1796,2025,12,3,ADULT,A-SC-NF,1,0
1797,2025,12,3,ADULT,A-SCIFIC,1,5
1798,2025,12,3,ADULT,A-SFI-FAN,2,4
1799,2025,12,3,ADULT,A-SPA,3,5
1800,2025,12,3,ADULT,A-STACKS,5,4
1801,2025,12,3,ADULT,A-VID-GAME,5,19
1802,2025,12,3,ADULT,A-VIS-MEDI,10,5
1803,2025,12,3,ADULT,BKMOBILE,2,0
1804,2025,12,3,ADULT,J-AUD,12,8
1805,2025,12,3,ADULT,J-AUD-CD,2,0
1806,2025,12,3,ADULT,J-BEGINREA,2,10
1807,2025,12,3,ADULT,J-BIO,23,5
1808,2025,12,3,ADULT,J-BOARD-BK,14,34
1809,2025,12,3,ADULT,J-CALDECTT,90,75
1810,2025,12,3,ADULT,J-DVD,434,418
1811,2025,12,3,ADULT,J-EASY,76,934
1812,2025,12,3,ADULT,J-EASY-F,2,17
1813,2025,12,3,ADULT,J-EASY-PIC,21,9
1814,2025,12,3,ADULT,J-F-LANG,2,0
1815,2025,12,3,ADULT,J-FIC,1278,1014
1816,2025,12,3,ADULT,J-GRA,645,644
1817,2025,12,3,ADULT,J-GRA-COM,6,7
1818,2025,12,3,ADULT,J-HOLIDAY,4,16
1819,2025,12,3,ADULT,J-INVESTIN,2,0
1820,2025,12,3,ADULT,J-MUSIC,1,0
1821,2025,12,3,ADULT,J-MUSIC-CD,7,1
1822,2025,12,3,ADULT,J-NEW,1,0
1823,2025,12,3,ADULT,J-NEWBERY,50,41
1824,2025,12,3,ADULT,J-NF,1224,1212
1825,2025,12,3,ADULT,J-PBK,287,266
1826,2025,12,3,ADULT,J-PIC-BOOK,3376,2920
1827,2025,12,3,ADULT,J-ROOM,2,7
1828,2025,12,3,ADULT,J-SERIES,3,6
1829,2025,12,3,ADULT,J-SPA,53,37
1830,2025,12,3,ADULT,J-VIS-MEDI,3,3
1831,2025,12,3,ADULT,PARENTING,1,2
1832,2025,12,3,ADULT,UNKNOWN,3,2
1833,2025,12,3,ADULT,YA,174,176
1834,2025,12,3,ADULT,YA-AUD,3,0
1835,2025,12,3,ADULT,YA-DVD,4,2
1836,2025,12,3,ADULT,YA-FIC,49,87
1837,2025,12,3,ADULT,YA-GRA,134,145
1838,2025,12,3,ADULT,YA-GRA-COM,1,0
1839,2025,12,3,ADULT,YA-MANGA,3,7
1840,2025,12,3,ADULT,YA-NF,2,9
1841,2025,12,3,ADULT,YA-PBK,24,23
1842,2025,12,3,ADULT,YA-ROOM,2,2
1843,2025,12,3,ADULT,YA-VID-GAM,1,3
1844,2025,12,3,J-INTERNET,A-DVD,2,6
1845,2025,12,3,J-INTERNET,A-FIC,9,42
1846,2025,12,3,J-INTERNET,A-NEWBK-FI,1,1
1847,2025,12,3,J-INTERNET,A-NEWBK-NF,2,2
1848,2025,12,3,J-INTERNET,A-NF,17,44
1849,2025,12,3,J-INTERNET,J-AUD,3,0
1850,2025,12,3,J-INTERNET,J-BIO,4,1
1851,2025,12,3,J-INTERNET,J-CALDECTT,13,4
1852,2025,12,3,J-INTERNET,J-DVD,16,32
1853,2025,12,3,J-INTERNET,J-FIC,108,91
1854,2025,12,3,J-INTERNET,J-GRA,42,51
1855,2025,12,3,J-INTERNET,J-NEWBERY,2,5
1856,2025,12,3,J-INTERNET,J-NF,60,161
1857,2025,12,3,J-INTERNET,J-PBK,22,27
1858,2025,12,3,J-INTERNET,J-PIC-BOOK,169,146
1859,2025,12,3,J-INTERNET,J-SPA,1,1
1860,2025,12,3,J-INTERNET,YA,10,20
1861,2025,12,3,J-INTERNET,YA-BIO,2,0
1862,2025,12,3,J-INTERNET,YA-GRA,16,30
1863,2025,12,3,J-INTERNET,YA-GRA-COM,1,1
1864,2025,12,3,J-INTERNET,YA-NF,2,1
1865,2025,12,3,JUVENILE,A-BIO,2,0
1866,2025,12,3,JUVENILE,A-DVD,7,16
1867,2025,12,3,JUVENILE,A-FIC,27,24
1868,2025,12,3,JUVENILE,A-HOMESCH,5,3
1869,2025,12,3,JUVENILE,A-LP,1,0
1870,2025,12,3,JUVENILE,A-NEWBK-FI,3,5
1871,2025,12,3,JUVENILE,A-NEWBK-NF,11,4
1872,2025,12,3,JUVENILE,A-NF,54,66
1873,2025,12,3,JUVENILE,J-AUD,1,0
1874,2025,12,3,JUVENILE,J-BEGINREA,1,7
1875,2025,12,3,JUVENILE,J-BIO,3,2
1876,2025,12,3,JUVENILE,J-CALDECTT,6,3
1877,2025,12,3,JUVENILE,J-DVD,78,57
1878,2025,12,3,JUVENILE,J-DVD-F,1,0
1879,2025,12,3,JUVENILE,J-EASY,9,152
1880,2025,12,3,JUVENILE,J-EASY-PIC,2,1
1881,2025,12,3,JUVENILE,J-FIC,219,184
1882,2025,12,3,JUVENILE,J-GRA,110,149
1883,2025,12,3,JUVENILE,J-NEWBERY,5,3
1884,2025,12,3,JUVENILE,J-NF,218,275
1885,2025,12,3,JUVENILE,J-PBK,51,49
1886,2025,12,3,JUVENILE,J-PIC-BOOK,473,397
1887,2025,12,3,JUVENILE,J-SEASONAL,1,0
1888,2025,12,3,JUVENILE,J-SPA,1,2
1889,2025,12,3,JUVENILE,UNKNOWN,1,0
1890,2025,12,3,JUVENILE,YA,37,44
1891,2025,12,3,JUVENILE,YA-FIC,8,36
1892,2025,12,3,JUVENILE,YA-GRA,42,44
1893,2025,12,3,JUVENILE,YA-GRA-COM,2,1
1894,2025,12,3,JUVENILE,YA-NF,2,2
1895,2025,12,3,JUVENILE,YA-PBK,3,7
1896,2025,12,3,STAFF-PERS,A-AUD-CD,1,5
1897,2025,12,3,STAFF-PERS,A-DVD,10,14
1898,2025,12,3,STAFF-PERS,A-FIC,20,25
1899,2025,12,3,STAFF-PERS,A-GRA,3,0
1900,2025,12,3,STAFF-PERS,A-LP,6,0
1901,2025,12,3,STAFF-PERS,A-NEWBK-NF,4,1
1902,2025,12,3,STAFF-PERS,A-NF,22,23
1903,2025,12,3,STAFF-PERS,A-SFI-FAN,1,0
1904,2025,12,3,STAFF-PERS,J-FIC,1,0
1905,2025,12,3,STAFF-PERS,J-NF,10,5
1906,2025,12,3,STAFF-PERS,J-PIC-BOOK,9,24
1907,2025,12,3,STAFF-PERS,YA,15,0
1908,2025,12,3,STAFF-PERS,YA-GRA,5,0
1909,2025,12,3,TEEN,A-FIC,2,3
1910,2025,12,3,TEEN,A-NEWBK-FI,2,2
1911,2025,12,3,TEEN,J-DVD,10,0
1912,2025,12,3,TEEN,J-FIC,2,4
1913,2025,12,3,TEEN,J-PBK,1,0
1914,2025,12,3,TEEN,J-PIC-BOOK,1,2
1915,2025,12,3,TEEN,YA,3,2
1916,2025,12,3,TEEN,YA-FIC,2,4
1917,2025,12,3,TEEN,YA-GRA,2,0
1918,2025,12,3,,A-FIC,1,0
1919,2025,12,13,ADULT,A-BIO,1,1
1920,2025,12,13,ADULT,A-DVD,1,7
1921,2025,12,13,ADULT,A-FIC,7,43
1922,2025,12,13,ADULT,A-LP,1,6
1923,2025,12,13,ADULT,A-NEWBK-FI,1,4
1924,2025,12,13,ADULT,A-NEWBK-NF,3,4
1925,2025,12,13,ADULT,A-NF,6,39
1926,2025,12,13,ADULT,J-AUD,1,1
1927,2025,12,13,ADULT,J-DVD,3,5
1928,2025,12,13,ADULT,J-FIC,6,28
1929,2025,12,13,ADULT,J-NF,5,31
1930,2025,12,13,ADULT,J-PBK,3,11
1931,2025,12,13,ADULT,J-PIC-BOOK,2,27
1932,2025,12,13,ADULT,YA,1,4
1933,2025,12,13,ADULT,YA-FIC,1,6
1934,2025,12,13,JUVENILE,J-FIC,1,9
1935,2025,12,13,STAFF-PERS,A-FIC,1,0
1936,2025,12,13,STAFF-PERS,A-NEWBK-FI,1,1
1937,2025,12,13,TEEN,A-FIC,1,0
1938,2025,12,13,TEEN,YA-FIC,1,0
1939,2025,12,4,A-NONRES,A-AUD,3,0
1940,2025,12,4,A-NONRES,A-FIC,2,0
1941,2025,12,4,A-NONRES,J-NF,2,1
1942,2025,12,4,A-NONRES,J-PIC-BOOK,4,4
1943,2025,12,4,ADULT,A-AUD,19,22
1944,2025,12,4,ADULT,A-AUD-CD,49,22
1945,2025,12,4,ADULT,A-AUD-F,1,0
1946,2025,12,4,ADULT,A-BIO,4,5
1947,2025,12,4,ADULT,A-CHILDHOO,2,0
1948,2025,12,4,ADULT,A-DVD,85,62
1949,2025,12,4,ADULT,A-F-LANG,2,0
1950,2025,12,4,ADULT,A-FIC,404,367
1951,2025,12,4,ADULT,A-HOTSPOT,3,4
1952,2025,12,4,ADULT,A-KIT-HOBB,4,1
1953,2025,12,4,ADULT,A-LEASE-FI,3,4
1954,2025,12,4,ADULT,A-LP,27,49
1955,2025,12,4,ADULT,A-LP-FIC,5,7
1956,2025,12,4,ADULT,A-LP-MYS,2,0
1957,2025,12,4,ADULT,A-MYSTERY,1,0
1958,2025,12,4,ADULT,A-NEWBK,4,1
1959,2025,12,4,ADULT,A-NEWBK-FI,192,99
1960,2025,12,4,ADULT,A-NEWBK-LP,5,14
1961,2025,12,4,ADULT,A-NEWBK-NF,55,89
1962,2025,12,4,ADULT,A-NF,293,223
1963,2025,12,4,ADULT,A-PBK,1,1
1964,2025,12,4,ADULT,A-SCIFIC,2,0
1965,2025,12,4,ADULT,A-SFI-FAN,1,0
1966,2025,12,4,ADULT,A-SND-REC,1,0
1967,2025,12,4,ADULT,J-AUD,2,4
1968,2025,12,4,ADULT,J-BEGINREA,1,2
1969,2025,12,4,ADULT,J-BIO,1,0
1970,2025,12,4,ADULT,J-BOARD-BK,3,1
1971,2025,12,4,ADULT,J-CALDECTT,17,10
1972,2025,12,4,ADULT,J-DVD,131,125
1973,2025,12,4,ADULT,J-EASY,35,209
1974,2025,12,4,ADULT,J-EASY-PIC,7,0
1975,2025,12,4,ADULT,J-F-LANG,1,0
1976,2025,12,4,ADULT,J-F-LANG-F,4,0
1977,2025,12,4,ADULT,J-FIC,317,265
1978,2025,12,4,ADULT,J-GRA,152,144
1979,2025,12,4,ADULT,J-GRA-COM,2,7
1980,2025,12,4,ADULT,J-MUSIC-CD,1,0
1981,2025,12,4,ADULT,J-NEWBERY,21,7
1982,2025,12,4,ADULT,J-NF,215,246
1983,2025,12,4,ADULT,J-PBK,100,81
1984,2025,12,4,ADULT,J-PIC-BOOK,848,516
1985,2025,12,4,ADULT,J-SPA,8,3
1986,2025,12,4,ADULT,J-VID-GAME,1,0
1987,2025,12,4,ADULT,YA,51,29
1988,2025,12,4,ADULT,YA-DVD,2,0
1989,2025,12,4,ADULT,YA-FIC,6,12
1990,2025,12,4,ADULT,YA-GRA,22,14
1991,2025,12,4,ADULT,YA-NF,2,3
1992,2025,12,4,ADULT,YA-PBK,2,4
1993,2025,12,4,ADULT,YA-ROOM,1,0
1994,2025,12,4,ADULT,YA-VID-GAM,1,0
1995,2025,12,4,HOMEBOUND,J-NF,1,0
1996,2025,12,4,HOMEBOUND,J-PIC-BOOK,18,0
1997,2025,12,4,J-INTERNET,A-FIC,2,0
1998,2025,12,4,J-INTERNET,A-NEWBK-NF,5,0
1999,2025,12,4,J-INTERNET,A-NF,4,0
2000,2025,12,4,J-INTERNET,J-FIC,19,7
2001,2025,12,4,J-INTERNET,J-GRA,12,1
2002,2025,12,4,J-INTERNET,J-NEWBERY,2,0
2003,2025,12,4,J-INTERNET,J-NF,8,4
2004,2025,12,4,J-INTERNET,J-PBK,12,3
2005,2025,12,4,J-INTERNET,J-PIC-BOOK,29,3
2006,2025,12,4,J-INTERNET,YA,1,0
2007,2025,12,4,J-INTERNET,YA-GRA,23,0
2008,2025,12,4,JUVENILE,A-DVD,5,0
2009,2025,12,4,JUVENILE,A-FIC,9,7
2010,2025,12,4,JUVENILE,A-NEWBK-NF,1,0
2011,2025,12,4,JUVENILE,A-NF,20,10
2012,2025,12,4,JUVENILE,J-BIO,2,0
2013,2025,12,4,JUVENILE,J-BOARD-BK,2,0
2014,2025,12,4,JUVENILE,J-CALDECTT,5,0
2015,2025,12,4,JUVENILE,J-DVD,23,16
2016,2025,12,4,JUVENILE,J-EASY,4,53
2017,2025,12,4,JUVENILE,J-EASY-PIC,2,0
2018,2025,12,4,JUVENILE,J-FIC,70,81
2019,2025,12,4,JUVENILE,J-GRA,29,88
2020,2025,12,4,JUVENILE,J-NEWBERY,3,4
2021,2025,12,4,JUVENILE,J-NF,32,56
2022,2025,12,4,JUVENILE,J-PBK,31,21
2023,2025,12,4,JUVENILE,J-PIC-BOOK,173,125
2024,2025,12,4,JUVENILE,J-SPA,1,0
2025,2025,12,4,JUVENILE,YA,28,7
2026,2025,12,4,JUVENILE,YA-FIC,1,3
2027,2025,12,4,JUVENILE,YA-GRA,39,0
2028,2025,12,4,JUVENILE,YA-MANGA,1,0
2029,2025,12,4,JUVENILE,YA-PBK,1,2
2030,2025,12,4,PRGMNG,A-DVD,1,8
2031,2025,12,4,STAFF-PERS,A-DVD,18,2
2032,2025,12,4,STAFF-PERS,A-DVD-FIC,1,0
2033,2025,12,4,STAFF-PERS,A-FIC,4,8
2034,2025,12,4,STAFF-PERS,A-HOTSPOT,1,0
2035,2025,12,4,STAFF-PERS,A-LEASE-BK,1,0
2036,2025,12,4,STAFF-PERS,A-NEWBK,2,0
2037,2025,12,4,STAFF-PERS,A-NEWBK-FI,3,1
2038,2025,12,4,STAFF-PERS,A-NEWBK-NF,1,2
2039,2025,12,4,STAFF-PERS,A-NF,2,4
2040,2025,12,4,STAFF-PERS,J-DVD,5,0
2041,2025,12,4,STAFF-PERS,J-GRA,1,1
2042,2025,12,4,STAFF-PERS,YA-FIC,2,0
2043,2025,12,4,STAFF-PERS,YA-GRA,1,0
2044,2025,12,4,STAFF-PERS,YA-MANGA,1,0
2045,2025,12,4,TEEN,A-AUD-MP3,1,0
2046,2025,12,4,TEEN,A-FIC,3,0
2047,2025,12,4,TEEN,A-NF,2,1
2048,2025,12,4,TEEN,J-FIC,4,0
2049,2025,12,4,TEEN,J-NF,4,0
2050,2025,12,4,TEEN,J-PBK,4,0
2051,2025,12,4,TEEN,YA,4,3
2052,2025,12,14,ADULT,A-DVD,2,1
2053,2025,12,14,ADULT,A-FIC,3,16
2054,2025,12,14,ADULT,A-NEWBK-FI,1,5
2055,2025,12,14,ADULT,A-NF,6,17
2056,2025,12,14,ADULT,J-FIC,1,5
2057,2025,12,14,ADULT,YA,1,0
2058,2025,12,14,ADULT,YA-FIC,2,0
2059,2025,12,14,JUVENILE,YA,2,1
2060,2025,12,1,A-NONRES,A-FIC,4,0
2061,2025,12,1,A-NONRES,A-LP,3,0
2062,2025,12,1,A-NONRES,A-LP-FIC,1,0
2063,2025,12,1,A-NONRES,A-NEWBK-FI,5,0
2064,2025,12,1,A-NONRES,A-NEWBK-LP,1,0
2065,2025,12,1,A-NONRES,A-NF,14,0
2066,2025,12,1,A-NONRES,J-NF,2,0
2067,2025,12,1,A-NONRES,YA-NF,2,0
2068,2025,12,1,ADULT,A-AUD,16,5
2069,2025,12,1,ADULT,A-AUD-CD,142,6
2070,2025,12,1,ADULT,A-AUD-F,1,0
2071,2025,12,1,ADULT,A-BIO,11,3
2072,2025,12,1,ADULT,A-BK-CLUB,3,14
2073,2025,12,1,ADULT,A-BLU-RAY,1,0
2074,2025,12,1,ADULT,A-CHILDHOO,49,0
2075,2025,12,1,ADULT,A-DEMENTIA,1,0
2076,2025,12,1,ADULT,A-DISPLAY,1,0
2077,2025,12,1,ADULT,A-DVD,356,6
2078,2025,12,1,ADULT,A-DVD-FIC,6,0
2079,2025,12,1,ADULT,A-DVD-TV,12,0
2080,2025,12,1,ADULT,A-ENV-LIT,1,0
2081,2025,12,1,ADULT,A-FED-DOC,1,1
2082,2025,12,1,ADULT,A-FIC,1041,133
2083,2025,12,1,ADULT,A-GRA,69,2
2084,2025,12,1,ADULT,A-HOMESCH,27,1
2085,2025,12,1,ADULT,A-INCL-C,1,0
2086,2025,12,1,ADULT,A-KIT-HOBB,4,2
2087,2025,12,1,ADULT,A-LEASE-FI,64,2
2088,2025,12,1,ADULT,A-LEASE-LP,8,3
2089,2025,12,1,ADULT,A-LEASE-NF,16,3
2090,2025,12,1,ADULT,A-LP,185,52
2091,2025,12,1,ADULT,A-LP-BIO,1,0
2092,2025,12,1,ADULT,A-LP-FIC,142,8
2093,2025,12,1,ADULT,A-LP-MYS,1,1
2094,2025,12,1,ADULT,A-LP-NF,6,0
2095,2025,12,1,ADULT,A-MYSTERY,9,2
2096,2025,12,1,ADULT,A-NEWBK,4,3
2097,2025,12,1,ADULT,A-NEWBK-FI,514,43
2098,2025,12,1,ADULT,A-NEWBK-LP,137,15
2099,2025,12,1,ADULT,A-NEWBK-NF,180,21
2100,2025,12,1,ADULT,A-NF,1079,83
2101,2025,12,1,ADULT,A-OFFICE-M,1,0
2102,2025,12,1,ADULT,A-PARENT,1,0
2103,2025,12,1,ADULT,A-PBK,6,1
2104,2025,12,1,ADULT,A-PLAYAWAY,1,0
2105,2025,12,1,ADULT,A-SC,2,1
2106,2025,12,1,ADULT,A-SC-NF,1,0
2107,2025,12,1,ADULT,A-SCIFIC,1,2
2108,2025,12,1,ADULT,A-SFI-FAN,8,3
2109,2025,12,1,ADULT,A-SND-REC,1,0
2110,2025,12,1,ADULT,A-SPA,17,6
2111,2025,12,1,ADULT,A-STACKS,3,0
2112,2025,12,1,ADULT,A-VID,2,0
2113,2025,12,1,ADULT,A-VID-GAME,56,2
2114,2025,12,1,ADULT,A-VIS-MEDI,16,0
2115,2025,12,1,ADULT,ACQ,1,0
2116,2025,12,1,ADULT,J-AUD,71,1
2117,2025,12,1,ADULT,J-BEGINREA,2,8
2118,2025,12,1,ADULT,J-BIO,6,3
2119,2025,12,1,ADULT,J-BOARD-BK,14,1
2120,2025,12,1,ADULT,J-BRAILLE,1,0
2121,2025,12,1,ADULT,J-CALDECTT,47,5
2122,2025,12,1,ADULT,J-DVD,437,22
2123,2025,12,1,ADULT,J-EASY,20,45
2124,2025,12,1,ADULT,J-EASY-PIC,1,5
2125,2025,12,1,ADULT,J-FIC,568,42
2126,2025,12,1,ADULT,J-GRA,305,15
2127,2025,12,1,ADULT,J-GRA-COM,2,0
2128,2025,12,1,ADULT,J-HOLIDAY,4,0
2129,2025,12,1,ADULT,J-KIT,10,1
2130,2025,12,1,ADULT,J-NEWBERY,23,1
2131,2025,12,1,ADULT,J-NF,912,45
2132,2025,12,1,ADULT,J-PBK,137,17
2133,2025,12,1,ADULT,J-PIC-BOOK,2238,74
2134,2025,12,1,ADULT,J-SEASONAL,1,0
2135,2025,12,1,ADULT,J-SPA,34,3
2136,2025,12,1,ADULT,J-TEACH,1,0
2137,2025,12,1,ADULT,J-VID-GAME,1,0
2138,2025,12,1,ADULT,YA,178,8
2139,2025,12,1,ADULT,YA-DVD,47,0
2140,2025,12,1,ADULT,YA-FIC,36,9
2141,2025,12,1,ADULT,YA-GRA,102,2
2142,2025,12,1,ADULT,YA-NF,4,0
2143,2025,12,1,ADULT,YA-PBK,8,0
2144,2025,12,1,ADULT,YA-VID-GAM,16,0
2145,2025,12,1,ADULT,YA-VIDEO,1,0
2146,2025,12,1,COLLEGE,A-GRA,4,0
2147,2025,12,1,COLLEGE,A-NEWBK-FI,1,0
2148,2025,12,1,COLLEGE,YA-GRA,1,0
2149,2025,12,1,DAMAGED,J-PIC-BOOK,1,0
2150,2025,12,1,INST-TEACH,J-DVD,3,0
2151,2025,12,1,INST-TEACH,J-EASY,1,1
2152,2025,12,1,INST-TEACH,J-NEWBERY,1,0
2153,2025,12,1,INST-TEACH,J-PBK,1,0
2154,2025,12,1,J-INTERNET,A-AUD-CD,1,0
2155,2025,12,1,J-INTERNET,A-CHILDHOO,1,0
2156,2025,12,1,J-INTERNET,A-DVD,2,0
2157,2025,12,1,J-INTERNET,A-FIC,15,1
2158,2025,12,1,J-INTERNET,A-GRA,8,0
2159,2025,12,1,J-INTERNET,A-HOMESCH,1,1
2160,2025,12,1,J-INTERNET,A-LEASE-NF,1,0
2161,2025,12,1,J-INTERNET,A-LP-FIC,1,0
2162,2025,12,1,J-INTERNET,A-NEWBK-NF,1,0
2163,2025,12,1,J-INTERNET,A-NF,25,1
2164,2025,12,1,J-INTERNET,A-SPA,3,0
2165,2025,12,1,J-INTERNET,A-VID-GAME,5,3
2166,2025,12,1,J-INTERNET,J-AUD,10,0
2167,2025,12,1,J-INTERNET,J-CALDECTT,1,0
2168,2025,12,1,J-INTERNET,J-DVD,49,0
2169,2025,12,1,J-INTERNET,J-EASY,5,15
2170,2025,12,1,J-INTERNET,J-EASY-PIC,1,0
2171,2025,12,1,J-INTERNET,J-FIC,149,10
2172,2025,12,1,J-INTERNET,J-GRA,60,4
2173,2025,12,1,J-INTERNET,J-NEWBERY,7,0
2174,2025,12,1,J-INTERNET,J-NF,177,17
2175,2025,12,1,J-INTERNET,J-PBK,36,1
2176,2025,12,1,J-INTERNET,J-PIC-BOOK,371,32
2177,2025,12,1,J-INTERNET,J-VID-GAME,1,0
2178,2025,12,1,J-INTERNET,YA,52,0
2179,2025,12,1,J-INTERNET,YA-FIC,5,1
2180,2025,12,1,J-INTERNET,YA-GRA,45,0
2181,2025,12,1,J-INTERNET,YA-PBK,7,0
2182,2025,12,1,J-INTERNET,YA-PLAYAWY,1,0
2183,2025,12,1,J-INTERNET,YA-VID-GAM,1,0
2184,2025,12,1,JUVENILE,A-DVD,9,0
2185,2025,12,1,JUVENILE,A-FIC,20,0
2186,2025,12,1,JUVENILE,A-GRA,1,0
2187,2025,12,1,JUVENILE,A-HOMESCH,3,0
2188,2025,12,1,JUVENILE,A-LEASE-FI,3,0
2189,2025,12,1,JUVENILE,A-LP-FIC,1,0
2190,2025,12,1,JUVENILE,A-NEWBK-FI,8,0
2191,2025,12,1,JUVENILE,A-NEWBK-NF,4,0
2192,2025,12,1,JUVENILE,A-NF,31,0
2193,2025,12,1,JUVENILE,A-SCIFIC,1,0
2194,2025,12,1,JUVENILE,A-VID-GAME,7,2
2195,2025,12,1,JUVENILE,A-VIS-MEDI,2,0
2196,2025,12,1,JUVENILE,J-AUD,13,0
2197,2025,12,1,JUVENILE,J-BEGINREA,5,0
2198,2025,12,1,JUVENILE,J-BIO,1,0
2199,2025,12,1,JUVENILE,J-CALDECTT,11,0
2200,2025,12,1,JUVENILE,J-DVD,116,8
2201,2025,12,1,JUVENILE,J-EASY,10,1
2202,2025,12,1,JUVENILE,J-FIC,173,12
2203,2025,12,1,JUVENILE,J-GRA,88,31
2204,2025,12,1,JUVENILE,J-GRA-COM,1,0
2205,2025,12,1,JUVENILE,J-NEWBERY,16,0
2206,2025,12,1,JUVENILE,J-NF,125,0
2207,2025,12,1,JUVENILE,J-PBK,43,0
2208,2025,12,1,JUVENILE,J-PIC-BOOK,296,2
2209,2025,12,1,JUVENILE,J-SERIES,1,0
2210,2025,12,1,JUVENILE,J-SPA,1,0
2211,2025,12,1,JUVENILE,J-VID-GAME,2,0
2212,2025,12,1,JUVENILE,YA,62,1
2213,2025,12,1,JUVENILE,YA-DVD,8,0
2214,2025,12,1,JUVENILE,YA-FIC,7,3
2215,2025,12,1,JUVENILE,YA-GRA,57,17
2216,2025,12,1,JUVENILE,YA-PBK,6,0
2217,2025,12,1,JUVENILE,YA-VID-GAM,4,0
2218,2025,12,1,PRGMNG,A-NF,1,0
2219,2025,12,1,PRGMNG,J-BOARD-BK,9,0
2220,2025,12,1,PRGMNG,J-DVD,4,0
2221,2025,12,1,PRGMNG,J-EASY-PIC,1,0
2222,2025,12,1,PRGMNG,J-PIC-BOOK,10,0
2223,2025,12,1,STAFF-PERS,A-DVD,22,0
2224,2025,12,1,STAFF-PERS,A-FIC,27,0
2225,2025,12,1,STAFF-PERS,A-GRA,12,0
2226,2025,12,1,STAFF-PERS,A-KIT-HOBB,2,0
2227,2025,12,1,STAFF-PERS,A-LP,4,0
2228,2025,12,1,STAFF-PERS,A-LP-FIC,4,0
2229,2025,12,1,STAFF-PERS,A-LP-MYS,1,0
2230,2025,12,1,STAFF-PERS,A-MUSIC-CD,1,0
2231,2025,12,1,STAFF-PERS,A-NEWBK,1,0
2232,2025,12,1,STAFF-PERS,A-NEWBK-FI,6,0
2233,2025,12,1,STAFF-PERS,A-NEWBK-LP,1,0
2234,2025,12,1,STAFF-PERS,A-NEWBK-NF,11,0
2235,2025,12,1,STAFF-PERS,A-NF,44,3
2236,2025,12,1,STAFF-PERS,A-SC,1,0
2237,2025,12,1,STAFF-PERS,A-STACKS,2,0
2238,2025,12,1,STAFF-PERS,A-VID-GAME,4,0
2239,2025,12,1,STAFF-PERS,J-DVD,2,0
2240,2025,12,1,STAFF-PERS,J-FIC,5,0
2241,2025,12,1,STAFF-PERS,J-GRA,9,0
2242,2025,12,1,STAFF-PERS,J-NF,4,0
2243,2025,12,1,STAFF-PERS,J-PBK,2,0
2244,2025,12,1,STAFF-PERS,J-PIC-BOOK,10,0
2245,2025,12,1,STAFF-PERS,J-VIS-MEDI,1,0
2246,2025,12,1,STAFF-PERS,YA,6,0
2247,2025,12,1,STAFF-PERS,YA-DVD,3,0
2248,2025,12,1,STAFF-PERS,YA-FIC,2,0
2249,2025,12,1,STAFF-PERS,YA-GRA,7,0
2250,2025,12,1,STAFF-PERS,YA-NF,1,0
2251,2025,12,1,STAFF-PERS,YA-VID-GAM,1,0
2252,2025,12,1,TEEN,A-NF,2,0
2253,2025,12,1,TEEN,J-FIC,2,0
2254,2025,12,1,TEEN,YA,1,0
2255,2025,12,1,,A-FIC,1,0
2256,2025,12,1,,A-NEWBK-NF,4,0
2257,2025,12,1,,J-BRAILLE,1,0
2258,2025,12,1,,J-PIC-BOOK,1,0
2259,2025,12,1,,YA,2,0
2260,2025,12,1,,YA-PBK,1,0
2261,2025,12,16,ADULT,A-BLU-RAY,1,0
2262,2025,12,16,ADULT,A-DVD,13,0
2263,2025,12,16,ADULT,A-FIC,1,0
2264,2025,12,16,ADULT,A-LEASE-FI,1,0
2265,2025,12,16,ADULT,A-LEASE-LP,1,0
2266,2025,12,16,ADULT,A-NEWBK-FI,3,0
2267,2025,12,16,ADULT,A-NF,1,0
2268,2025,12,16,ADULT,J-NEWBERY,1,0
2269,2025,12,16,ADULT,J-PIC-BOOK,3,0
2270,2025,12,5,ADULT,A-AUD,1,5
2271,2025,12,5,ADULT,A-AUD-CD,10,3
2272,2025,12,5,ADULT,A-BIO,3,0
2273,2025,12,5,ADULT,A-CHILDHOO,1,0
2274,2025,12,5,ADULT,A-DVD,55,45
2275,2025,12,5,ADULT,A-DVD-FIC,1,0
2276,2025,12,5,ADULT,A-FIC,120,173
2277,2025,12,5,ADULT,A-GRA,2,0
2278,2025,12,5,ADULT,A-HOMESCH,3,9
2279,2025,12,5,ADULT,A-LEASE-FI,1,9
2280,2025,12,5,ADULT,A-LP,23,43
2281,2025,12,5,ADULT,A-LP-FIC,3,10
2282,2025,12,5,ADULT,A-MYSTERY,2,1
2283,2025,12,5,ADULT,A-NEWBK-FI,65,62
2284,2025,12,5,ADULT,A-NEWBK-LP,16,22
2285,2025,12,5,ADULT,A-NEWBK-NF,11,10
2286,2025,12,5,ADULT,A-NF,81,99
2287,2025,12,5,ADULT,A-PARNT-ED,1,0
2288,2025,12,5,ADULT,A-PBK,1,1
2289,2025,12,5,ADULT,A-STACKS,2,1
2290,2025,12,5,ADULT,A-VID-GAME,2,3
2291,2025,12,5,ADULT,A-VIS-MEDI,1,8
2292,2025,12,5,ADULT,A-WESTERN,1,0
2293,2025,12,5,ADULT,J-CALDECTT,6,1
2294,2025,12,5,ADULT,J-DVD,39,24
2295,2025,12,5,ADULT,J-EASY,8,53
2296,2025,12,5,ADULT,J-FIC,55,47
2297,2025,12,5,ADULT,J-GRA,10,12
2298,2025,12,5,ADULT,J-NF,117,87
2299,2025,12,5,ADULT,J-PBK,17,6
2300,2025,12,5,ADULT,J-PIC-BOOK,163,133
2301,2025,12,5,ADULT,J-SPA,2,6
2302,2025,12,5,ADULT,YA,15,2
2303,2025,12,5,ADULT,YA-DVD,5,0
2304,2025,12,5,ADULT,YA-FIC,3,2
2305,2025,12,5,ADULT,YA-GRA,1,0
2306,2025,12,5,ADULT,YA-PBK,2,1
2307,2025,12,5,DISCARD,UNKNOWN,1,0
2308,2025,12,5,J-INTERNET,A-FIC,4,8
2309,2025,12,5,J-INTERNET,A-NF,1,14
2310,2025,12,5,J-INTERNET,A-VID-GAME,1,0
2311,2025,12,5,J-INTERNET,J-DVD,7,0
2312,2025,12,5,J-INTERNET,J-FIC,37,26
2313,2025,12,5,J-INTERNET,J-GRA,6,5
2314,2025,12,5,J-INTERNET,J-NF,15,6
2315,2025,12,5,J-INTERNET,J-PBK,7,18
2316,2025,12,5,J-INTERNET,J-PIC-BOOK,6,30
2317,2025,12,5,J-INTERNET,YA,10,2
2318,2025,12,5,J-INTERNET,YA-FIC,1,1
2319,2025,12,5,J-INTERNET,YA-PBK,2,1
2320,2025,12,5,J-INTERNET,YA-VID-GAM,1,0
2321,2025,12,5,JUVENILE,A-NF,1,0
2322,2025,12,5,JUVENILE,J-BOARD-BK,1,0
2323,2025,12,5,JUVENILE,J-DVD,1,9
2324,2025,12,5,JUVENILE,J-FIC,6,54
2325,2025,12,5,JUVENILE,J-GRA,1,13
2326,2025,12,5,JUVENILE,J-NEWBERY,1,0
2327,2025,12,5,JUVENILE,J-NF,2,15
2328,2025,12,5,PRGMNG,A-LP,1,0
2329,2025,12,5,PRGMNG,A-LP-FIC,1,1
2330,2025,12,5,STAFF-PERS,A-DVD,14,2
2331,2025,12,5,STAFF-PERS,A-FIC,7,10
2332,2025,12,5,STAFF-PERS,A-HOMESCH,3,0
2333,2025,12,5,STAFF-PERS,A-MYSTERY,1,0
2334,2025,12,5,STAFF-PERS,A-NF,14,6
2335,2025,12,5,STAFF-PERS,J-NF,2,0
2336,2025,12,5,STAFF-PERS,J-PIC-BOOK,1,0
2337,2025,12,5,STAFF-PERS,YA,1,0
2338,2025,12,6,ADULT,A-AUD-MP3,0,2
2339,2025,12,6,ADULT,A-GRA,0,1
2340,2025,12,6,ADULT,A-KIT,0,2
2341,2025,12,6,ADULT,A-LEASE-BK,0,2
2342,2025,12,6,ADULT,A-LEASE-FI,0,13
2343,2025,12,6,ADULT,A-LEASE-NF,0,11
2344,2025,12,6,ADULT,A-SCDOC-ME,0,2
2345,2025,12,6,ADULT,J-BIO,0,3
2346,2025,12,6,ADULT,YA-BIO,0,1
2347,2025,12,6,HOMEBOUND,A-AUD,0,2
2348,2025,12,6,HOMEBOUND,A-LEASE-FI,0,3
2349,2025,12,6,HOMEBOUND,A-LEASE-LP,0,3
2350,2025,12,6,HOMEBOUND,A-PLAYAWAY,0,8
2351,2025,12,6,HOMEBOUND,BASMNT,0,1
2352,2025,12,6,HOMEBOUND,J-NF,0,2
2353,2025,12,6,INST-TEACH,J-CALDECTT,0,1
2354,2025,12,6,INST-TEACH,J-EASY,0,11
2355,2025,12,6,INST-TEACH,J-PIC-BOOK,0,3
2356,2025,12,6,J-INTERNET,A-GRA,0,1
2357,2025,12,6,J-INTERNET,J-EASY,0,3
2358,2025,12,6,J-INTERNET,J-GRA,0,14
2359,2025,12,6,J-INTERNET,YA,0,1
2360,2025,12,6,J-INTERNET,YA-GRA,0,1
2361,2025,12,6,JUVENILE,A-LEASE-FI,0,2
2362,2025,12,6,JUVENILE,A-LEASE-LP,0,1
2363,2025,12,6,JUVENILE,J-CHRISTMS,0,1
2364,2025,12,6,STAFF-PERS,A-NEWBK-NF,0,1
2365,2025,12,6,STAFF-PERS,J-NF,0,1
2366,2025,12,2,ADULT,A-BIO,0,4
2367,2025,12,2,ADULT,A-DVD-FIC,0,2
2368,2025,12,2,ADULT,A-HOTSPOT,0,1
2369,2025,12,2,ADULT,A-LEASE-FI,0,1
2370,2025,12,2,ADULT,A-LEASE-NF,0,1
2371,2025,12,2,ADULT,A-LP-MYS,0,1
2372,2025,12,2,ADULT,A-SC-NF,0,1
2373,2025,12,2,ADULT,A-SCIFIC,0,1
2374,2025,12,2,ADULT,J-EASY-PIC,0,1
2375,2025,12,2,ADULT,J-KIT,0,3
2376,2025,12,2,ADULT,J-SERIES,0,1
2377,2025,12,2,J-INTERNET,A-FIC,0,1
2378,2025,12,2,JUVENILE,A-GRA,0,7
2379,2025,12,2,JUVENILE,A-SPA,0,1
2380,2025,12,2,JUVENILE,A-VID-GAME,0,1
2381,2025,12,2,JUVENILE,J-SERIES,0,1
2382,2025,12,2,JUVENILE,YA-MANGA,0,1
2383,2025,12,2,PRGMNG,J-EASY,0,2
2384,2025,12,2,PRGMNG,J-PIC-BOOK,0,5
2385,2025,12,2,STAFF-PERS,A-BIO,0,1
2386,2025,12,2,STAFF-PERS,A-NEWBK-NF,0,3
2387,2025,12,2,STAFF-PERS,J-EASY,0,1
2388,2025,12,2,STAFF-PERS,J-FIC,0,1
2389,2025,12,12,ADULT,J-FIC,0,4
2390,2025,12,12,ADULT,J-GRA,0,1
2391,2025,12,12,ADULT,J-PIC-BOOK,0,2
2392,2025,12,12,ADULT,J-SEASONAL,0,1
2393,2025,12,3,A-NONRES,A-HOMESCH,0,1
2394,2025,12,3,A-NONRES,J-SPECIAL,0,1
2395,2025,12,3,ADULT,A-AFR-AMER,0,2
2396,2025,12,3,ADULT,A-DVD-NF,0,5
2397,2025,12,3,ADULT,A-HOTSPOT,0,5
2398,2025,12,3,ADULT,A-INCL-C,0,4
2399,2025,12,3,ADULT,A-LEASE-BK,0,4
2400,2025,12,3,ADULT,A-LEASE-LP,0,6
2401,2025,12,3,ADULT,A-LEASE-NF,0,3
2402,2025,12,3,ADULT,A-LOCAUTH,0,1
2403,2025,12,3,ADULT,A-OVERSIZE,0,2
2404,2025,12,3,ADULT,A-SC-FIC,0,1
2405,2025,12,3,ADULT,A-SND-REC,0,1
2406,2025,12,3,ADULT,J-CHRISTMS,0,1
2407,2025,12,3,ADULT,J-GRA-NF,0,2
2408,2025,12,3,ADULT,J-KIT,0,5
2409,2025,12,3,ADULT,J-SC,0,1
2410,2025,12,3,ADULT,J-SEASONAL,0,2
2411,2025,12,3,ADULT,J-TEACH,0,2
2412,2025,12,3,ADULT,T-FIC,0,4
2413,2025,12,3,ADULT,YA-GRA-NF,0,1
2414,2025,12,3,ADULT,YA-SCIFIC,0,1
2415,2025,12,3,INST-TEACH,J-EASY,0,1
2416,2025,12,3,J-INTERNET,A-GRA,0,1
2417,2025,12,3,J-INTERNET,A-HOMESCH,0,4
2418,2025,12,3,J-INTERNET,A-LOCHIST,0,2
2419,2025,12,3,J-INTERNET,A-LP,0,4
2420,2025,12,3,J-INTERNET,A-VID-GAME,0,5
2421,2025,12,3,J-INTERNET,J-EASY,0,40
2422,2025,12,3,J-INTERNET,J-EASY-F,0,1
2423,2025,12,3,J-INTERNET,J-EASY-PIC,0,1
2424,2025,12,3,J-INTERNET,J-F-LANG-F,0,1
2425,2025,12,3,J-INTERNET,YA-FIC,0,9
2426,2025,12,3,J-INTERNET,YA-MANGA,0,1
2427,2025,12,3,JUVENILE,A-AUD-CD,0,1
2428,2025,12,3,JUVENILE,A-GRA,0,13
2429,2025,12,3,JUVENILE,A-LP-FIC,0,1
2430,2025,12,3,JUVENILE,A-NEWBK-LP,0,3
2431,2025,12,3,JUVENILE,A-VID-GAME,0,2
2432,2025,12,3,JUVENILE,J-BOARD-BK,0,1
2433,2025,12,3,JUVENILE,J-EASY-F,0,1
2434,2025,12,3,JUVENILE,J-GRA-COM,0,4
2435,2025,12,3,JUVENILE,J-GRA-NF,0,1
2436,2025,12,3,JUVENILE,J-HOLIDAY,0,2
2437,2025,12,3,JUVENILE,J-VIS-MEDI,0,2
2438,2025,12,3,JUVENILE,YA-ROOM,0,1
2439,2025,12,3,PRGMNG,A-BK-CLUB,0,2
2440,2025,12,3,PRGMNG,A-FIC,0,7
2441,2025,12,3,PRGMNG,A-LP,0,1
2442,2025,12,3,PRGMNG,A-NEWBK-NF,0,1
2443,2025,12,3,PRGMNG,A-NF,0,8
2444,2025,12,3,PRGMNG,J-CALDECTT,0,2
2445,2025,12,3,PRGMNG,J-DVD,0,2
2446,2025,12,3,PRGMNG,J-EASY,0,8
2447,2025,12,3,PRGMNG,J-FIC,0,6
2448,2025,12,3,PRGMNG,J-GRA,0,15
2449,2025,12,3,PRGMNG,J-NEWBERY,0,1
2450,2025,12,3,PRGMNG,J-NF,0,5
2451,2025,12,3,PRGMNG,J-PIC-BOOK,0,23
2452,2025,12,3,PRGMNG,YA,0,1
2453,2025,12,3,PRGMNG,YA-GRA,0,1
2454,2025,12,3,STAFF-PERS,A-AUD,0,1
2455,2025,12,3,STAFF-PERS,A-BIO,0,2
2456,2025,12,3,STAFF-PERS,A-DVD-TV,0,2
2457,2025,12,3,STAFF-PERS,A-LEASE-FI,0,2
2458,2025,12,3,STAFF-PERS,A-MYSTERY,0,2
2459,2025,12,3,STAFF-PERS,A-NEWBK-FI,0,11
2460,2025,12,3,STAFF-PERS,A-SCIFIC,0,2
2461,2025,12,3,STAFF-PERS,A-VIS-MEDI,0,4
2462,2025,12,3,STAFF-PERS,J-BEGINREA,0,2
2463,2025,12,3,STAFF-PERS,J-DVD,0,3
2464,2025,12,3,STAFF-PERS,J-EASY,0,12
2465,2025,12,3,STAFF-PERS,J-EASY-F,0,2
2466,2025,12,3,STAFF-PERS,J-NEWBERY,0,2
2467,2025,12,3,STAFF-PERS,YA-FIC,0,9
2468,2025,12,3,STAFF-PERS,YA-NF,0,1
2469,2025,12,3,STAFF-PERS,YA-SCIFIC,0,1
2470,2025,12,3,TEEN,A-SCIFIC,0,1
2471,2025,12,3,TEEN,J-EASY,0,1
2472,2025,12,3,TEEN,J-GRA,0,2
2473,2025,12,3,,J-EASY,0,3
2474,2025,12,3,,J-PIC-BOOK,0,2
2475,2025,12,13,ADULT,A-HOMESCH,0,1
2476,2025,12,13,ADULT,A-LEASE-FI,0,2
2477,2025,12,13,ADULT,A-LP-FIC,0,3
2478,2025,12,13,ADULT,A-MYSTERY,0,2
2479,2025,12,13,ADULT,A-VID-GAME,0,1
2480,2025,12,13,ADULT,J-AUD-F,0,2
2481,2025,12,13,ADULT,J-BEGINREA,0,1
2482,2025,12,13,ADULT,J-BIO,0,1
2483,2025,12,13,ADULT,J-BOARD-BK,0,1
2484,2025,12,13,ADULT,J-CALDECTT,0,3
2485,2025,12,13,ADULT,J-EASY,0,3
2486,2025,12,13,ADULT,J-EASY-F,0,2
2487,2025,12,13,ADULT,J-F-LANG,0,1
2488,2025,12,13,ADULT,J-GRA,0,4
2489,2025,12,13,ADULT,J-HOLIDAY,0,1
2490,2025,12,13,ADULT,J-NEWBERY,0,3
2491,2025,12,13,ADULT,J-ROOM,0,1
2492,2025,12,13,ADULT,T-FIC,0,3
2493,2025,12,13,ADULT,YA-GRA,0,1
2494,2025,12,13,ADULT,YA-PBK,0,4
2495,2025,12,13,J-INTERNET,J-FIC,0,6
2496,2025,12,13,J-INTERNET,J-GRA,0,1
2497,2025,12,13,J-INTERNET,J-NF,0,4
2498,2025,12,13,J-INTERNET,J-PBK,0,6
2499,2025,12,13,J-INTERNET,J-PIC-BOOK,0,3
2500,2025,12,13,J-INTERNET,J-VIS-MEDI,0,2
2501,2025,12,13,J-INTERNET,YA,0,2
2502,2025,12,13,J-INTERNET,YA-FIC,0,3
2503,2025,12,13,JUVENILE,A-VID,0,1
2504,2025,12,13,JUVENILE,J-EASY-F,0,1
2505,2025,12,13,JUVENILE,J-EASY-PIC,0,1
2506,2025,12,13,JUVENILE,J-GRA,0,1
2507,2025,12,13,JUVENILE,J-NF,0,3
2508,2025,12,13,JUVENILE,J-PIC-BOOK,0,2
2509,2025,12,13,JUVENILE,YA,0,1
2510,2025,12,13,JUVENILE,YA-PBK,0,1
2511,2025,12,13,STAFF-PERS,A-DVD-FIC,0,2
2512,2025,12,4,A-NONRES,J-PBK,0,4
2513,2025,12,4,ADULT,A-BK-CLUB,0,1
2514,2025,12,4,ADULT,A-FIC-PBK,0,1
2515,2025,12,4,ADULT,A-GRA,0,4
2516,2025,12,4,ADULT,A-HOMESCH,0,3
2517,2025,12,4,ADULT,A-INCL-C,0,1
2518,2025,12,4,ADULT,A-LEASE-LP,0,1
2519,2025,12,4,ADULT,A-LP-BIO,0,1
2520,2025,12,4,ADULT,A-LP-NF,0,1
2521,2025,12,4,ADULT,A-SC,0,4
2522,2025,12,4,ADULT,A-STACKS,0,1
2523,2025,12,4,ADULT,A-VID-GAME,0,3
2524,2025,12,4,ADULT,J-KIT,0,2
2525,2025,12,4,ADULT,J-ROOM,0,1
2526,2025,12,4,ADULT,J-SERIES,0,2
2527,2025,12,4,ADULT,T-BIO,0,1
2528,2025,12,4,ADULT,T-FIC,0,2
2529,2025,12,4,ADULT,YA-GRA-COM,0,2
2530,2025,12,4,ADULT,YA-MANGA,0,1
2531,2025,12,4,INST-TEACH,J-DVD,0,2
2532,2025,12,4,INST-TEACH,J-NF,0,1
2533,2025,12,4,J-INTERNET,J-EASY,0,3
2534,2025,12,4,JUVENILE,A-LEASE-FI,0,1
2535,2025,12,4,JUVENILE,A-NEWBK-FI,0,1
2536,2025,12,4,JUVENILE,A-NEWBK-LP,0,1
2537,2025,12,4,JUVENILE,A-VID-GAME,0,1
2538,2025,12,4,PRGMNG,A-KIT-HOBB,0,1
2539,2025,12,4,PRGMNG,A-NF,0,1
2540,2025,12,4,PRGMNG,J-BOARD-BK,0,1
2541,2025,12,4,PRGMNG,J-PIC-BOOK,0,5
2542,2025,12,4,STAFF-PERS,A-LP,0,1
2543,2025,12,4,STAFF-PERS,A-LP-FIC,0,2
2544,2025,12,4,STAFF-PERS,A-MYSTERY,0,1
2545,2025,12,4,STAFF-PERS,A-VID-GAME,0,2
2546,2025,12,4,STAFF-PERS,J-BOARD-BK,0,1
2547,2025,12,4,STAFF-PERS,J-EASY,0,1
2548,2025,12,4,STAFF-PERS,J-FIC,0,1
2549,2025,12,4,TEEN,A-GRA,0,1
2550,2025,12,4,TEEN,J-GRA,0,4
2551,2025,12,4,TEEN,YA-FIC,0,5
2552,2025,12,4,TEEN,YA-GRA,0,10
2553,2025,12,14,ADULT,A-BIO,0,1
2554,2025,12,14,ADULT,A-LP,0,10
2555,2025,12,14,ADULT,A-LP-FIC,0,5
2556,2025,12,14,ADULT,A-NEWBK-LP,0,1
2557,2025,12,14,ADULT,A-PBK,0,1
2558,2025,12,14,ADULT,A-VID-GAME,0,2
2559,2025,12,14,ADULT,J-BEGINREA,0,1
2560,2025,12,14,ADULT,J-BOARD-BK,0,1
2561,2025,12,14,ADULT,J-DVD,0,1
2562,2025,12,14,ADULT,J-EASY,0,2
2563,2025,12,14,ADULT,J-NF,0,8
2564,2025,12,14,ADULT,J-PBK,0,1
2565,2025,12,14,ADULT,J-PIC-BOOK,0,7
2566,2025,12,14,JUVENILE,J-DVD,0,2
2567,2025,12,14,STAFF-PERS,A-FIC,0,2
2568,2025,12,14,STAFF-PERS,A-LP,0,2
2569,2025,12,1,ADULT,A-SC-DOC,0,1
2570,2025,12,1,ADULT,A-SPA-FIC,0,1
2571,2025,12,1,ADULT,J-ROOM,0,1
2572,2025,12,1,ADULT,J-SC,0,2
2573,2025,12,1,ADULT,J-SERIES,0,2
2574,2025,12,1,ADULT,STACKS,0,1
2575,2025,12,1,J-INTERNET,J-BOARD-BK,0,2
2576,2025,12,1,JUVENILE,A-SC-FIC,0,1
2577,2025,12,1,PRGMNG,A-BK-CLUB,0,20
2578,2025,12,1,STAFF-PERS,A-DVD-TV,0,2
2579,2025,12,1,STAFF-PERS,A-VIS-MEDI,0,2
2580,2025,12,5,ADULT,A-DVD-TV,0,11
2581,2025,12,5,ADULT,A-NEWBK,0,2
2582,2025,12,5,ADULT,A-SC,0,3
2583,2025,12,5,ADULT,J-BIO,0,4
2584,2025,12,5,ADULT,J-BOARD-BK,0,3
2585,2025,12,5,ADULT,J-EASY-F,0,2
2586,2025,12,5,ADULT,J-HOLIDAY,0,1
2587,2025,12,5,ADULT,J-NEWBERY,0,2
2588,2025,12,5,ADULT,J-ROOM,0,3
2589,2025,12,5,ADULT,SC-FIC,0,1
2590,2025,12,5,ADULT,T-FIC,0,1
2591,2025,12,5,ADULT,YA-NF,0,1
2592,2025,12,5,ADULT,YA-VID-GAM,0,1
2593,2025,12,5,J-INTERNET,A-AUD-MP3,0,1
2594,2025,12,5,J-INTERNET,A-NEWBK-NF,0,1
2595,2025,12,5,J-INTERNET,J-EASY,0,14
2596,2025,12,5,J-INTERNET,J-ROOM,0,2
2597,2025,12,5,J-INTERNET,YA-GRA,0,10
2598,2025,12,5,J-INTERNET,YA-NF,0,1
2599,2025,12,5,JUVENILE,A-DVD,0,2
2600,2025,12,5,JUVENILE,A-VID-GAME,0,4
2601,2025,12,5,JUVENILE,J-AUD,0,2
2602,2025,12,5,JUVENILE,J-BEGINREA,0,2
2603,2025,12,5,JUVENILE,J-EASY,0,10
2604,2025,12,5,JUVENILE,J-PBK,0,11
2605,2025,12,5,JUVENILE,J-PIC-BOOK,0,21
2606,2025,12,5,JUVENILE,J-ROOM,0,1
2607,2025,12,5,JUVENILE,J-SERIES,0,1
2608,2025,12,5,JUVENILE,YA,0,1
2609,2025,12,5,PRGMNG,A-FIC,0,2
2610,2025,12,5,PRGMNG,A-NF,0,1
2611,2025,12,5,PRGMNG,J-EASY,0,1
2612,2025,12,5,STAFF-PERS,A-AUD-CD,0,2
2613,2025,12,5,STAFF-PERS,A-LP-FIC,0,1
2614,2025,12,5,STAFF-PERS,A-NEWBK-FI,0,2
2615,2025,12,5,STAFF-PERS,A-VID-GAME,0,3
2616,2025,12,5,STAFF-PERS,J-DVD,0,2
2617,2025,12,5,STAFF-PERS,J-EASY,0,1
2618,2025,12,5,STAFF-PERS,J-FIC,0,2
2619,2025,12,5,STAFF-PERS,T-DVD,0,1
2620,2025,12,5,STAFF-PERS,YA-GRA,0,1
2621,2026,2,6,ADULT,A-AUD,3,3
2622,2026,2,6,ADULT,A-AUD-CD,1,5
2623,2026,2,6,ADULT,A-AUD-MP3,8,1
2624,2026,2,6,ADULT,A-BIO,1,0
2625,2026,2,6,ADULT,A-DEMENTIA,2,11
2626,2026,2,6,ADULT,A-DVD,3,8
2627,2026,2,6,ADULT,A-FIC,25,22
2628,2026,2,6,ADULT,A-KIT,1,4
2629,2026,2,6,ADULT,A-KIT-HOBB,2,5
2630,2026,2,6,ADULT,A-LEASE-FI,8,12
2631,2026,2,6,ADULT,A-LEASE-LP,69,119
2632,2026,2,6,ADULT,A-LEASE-NF,10,10
2633,2026,2,6,ADULT,A-LP,28,4
2634,2026,2,6,ADULT,A-LP-FIC,25,8
2635,2026,2,6,ADULT,A-LP-MYS,1,0
2636,2026,2,6,ADULT,A-LP-NF,1,0
2637,2026,2,6,ADULT,A-MYSTERY,3,0
2638,2026,2,6,ADULT,A-NEWBK,2,0
2639,2026,2,6,ADULT,A-NEWBK-FI,10,9
2640,2026,2,6,ADULT,A-NEWBK-LP,12,13
2641,2026,2,6,ADULT,A-NEWBK-NF,5,6
2642,2026,2,6,ADULT,A-NF,30,26
2643,2026,2,6,ADULT,A-PBK,4,1
2644,2026,2,6,ADULT,A-PLAYAWAY,11,22
2645,2026,2,6,ADULT,A-SPA-FIC,1,0
2646,2026,2,6,ADULT,A-WESTERN,6,1
2647,2026,2,6,ADULT,ILL,4,0
2648,2026,2,6,ADULT,J-AUD,3,0
2649,2026,2,6,ADULT,J-AUD-CD,1,0
2650,2026,2,6,ADULT,J-CALDECTT,4,0
2651,2026,2,6,ADULT,J-DVD,2,7
2652,2026,2,6,ADULT,J-EASY,62,32
2653,2026,2,6,ADULT,J-FIC,21,16
2654,2026,2,6,ADULT,J-GRA,28,20
2655,2026,2,6,ADULT,J-NEWBERY,2,0
2656,2026,2,6,ADULT,J-NF,91,40
2657,2026,2,6,ADULT,J-PBK,3,1
2658,2026,2,6,ADULT,J-PIC-BOOK,83,54
2659,2026,2,6,ADULT,J-SPA,1,0
2660,2026,2,6,ADULT,STACKS,2,3
2661,2026,2,6,ADULT,T-BIO,1,0
2662,2026,2,6,ADULT,T-FIC,1,1
2663,2026,2,6,ADULT,YA,2,0
2664,2026,2,6,ADULT,YA-FIC,13,2
2665,2026,2,6,ADULT,YA-GRA,7,0
2666,2026,2,6,ADULT,YA-NF,1,0
2667,2026,2,6,ADULT,YA-PBK,1,0
2668,2026,2,6,DAMAGED,A-NEWBK-LP,1,0
2669,2026,2,6,DISCARD,A-PLAYAWAY,3,0
2670,2026,2,6,DISCARD,J-EASY,1,0
2671,2026,2,6,DISCARD,J-GRA,2,0
2672,2026,2,6,DISCARD,J-NF,1,0
2673,2026,2,6,DISCARD,J-PIC-BOOK,1,0
2674,2026,2,6,DISCARD,YA-GRA,1,0
2675,2026,2,6,HOMEBOUND,A-AUD,3,4
2676,2026,2,6,HOMEBOUND,A-AUD-CD,2,0
2677,2026,2,6,HOMEBOUND,A-AUD-F,2,0
2678,2026,2,6,HOMEBOUND,A-DVD,10,9
2679,2026,2,6,HOMEBOUND,A-DVD-TV,1,0
2680,2026,2,6,HOMEBOUND,A-FIC,3,0
2681,2026,2,6,HOMEBOUND,A-LEASE-FI,2,0
2682,2026,2,6,HOMEBOUND,A-LEASE-LP,20,5
2683,2026,2,6,HOMEBOUND,A-LEASE-NF,5,0
2684,2026,2,6,HOMEBOUND,A-LP,5,3
2685,2026,2,6,HOMEBOUND,A-LP-FIC,4,2
2686,2026,2,6,HOMEBOUND,A-NEWBK-LP,4,1
2687,2026,2,6,HOMEBOUND,A-NF,6,0
2688,2026,2,6,HOMEBOUND,A-PLAYAWAY,11,0
2689,2026,2,6,HOMEBOUND,AVAIL_SOON,1,0
2690,2026,2,6,HOMEBOUND,J-DVD,4,8
2691,2026,2,6,HOMEBOUND,J-NF,2,0
2692,2026,2,6,HOMEBOUND,YA,1,0
2693,2026,2,6,INST-TEACH,A-DVD,7,7
2694,2026,2,6,INST-TEACH,J-AUD,4,0
2695,2026,2,6,INST-TEACH,J-AUD-CD,1,0
2696,2026,2,6,INST-TEACH,J-BOARD-BK,3,0
2697,2026,2,6,INST-TEACH,J-BOARD-NF,1,0
2698,2026,2,6,INST-TEACH,J-CALDECTT,10,0
2699,2026,2,6,INST-TEACH,J-DVD,3,3
2700,2026,2,6,INST-TEACH,J-EASY,129,4
2701,2026,2,6,INST-TEACH,J-EASY-PIC,2,0
2702,2026,2,6,INST-TEACH,J-FIC,2,0
2703,2026,2,6,INST-TEACH,J-KINDERBO,14,0
2704,2026,2,6,INST-TEACH,J-NF,52,0
2705,2026,2,6,INST-TEACH,J-PIC-BOOK,294,0
2706,2026,2,6,INST-TEACH,J-SPA,4,1
2707,2026,2,6,INST-TEACH,STACKS,1,0
2708,2026,2,6,INST-TEACH,YA-VID-GAM,1,0
2709,2026,2,6,J-INTERNET,J-EASY,8,10
2710,2026,2,6,J-INTERNET,J-FIC,2,9
2711,2026,2,6,J-INTERNET,J-GRA,7,17
2712,2026,2,6,J-INTERNET,J-NF,4,8
2713,2026,2,6,J-INTERNET,J-PIC-BOOK,5,10
2714,2026,2,6,J-INTERNET,YA,2,0
2715,2026,2,6,J-INTERNET,YA-FIC,1,0
2716,2026,2,6,JUVENILE,A-FIC,1,0
2717,2026,2,6,JUVENILE,A-NF,2,1
2718,2026,2,6,JUVENILE,J-CALDECTT,2,0
2719,2026,2,6,JUVENILE,J-EASY,26,28
2720,2026,2,6,JUVENILE,J-FIC,17,23
2721,2026,2,6,JUVENILE,J-GRA,21,27
2722,2026,2,6,JUVENILE,J-NF,26,49
2723,2026,2,6,JUVENILE,J-PBK,1,0
2724,2026,2,6,JUVENILE,J-PIC-BOOK,46,43
2725,2026,2,6,JUVENILE,J-SPA,1,2
2726,2026,2,6,JUVENILE,STACKS,1,1
2727,2026,2,6,JUVENILE,YA,4,9
2728,2026,2,6,JUVENILE,YA-FIC,5,17
2729,2026,2,6,JUVENILE,YA-GRA,13,21
2730,2026,2,6,JUVENILE,YA-NF,1,4
2731,2026,2,6,JUVENILE,YA-PBK,2,0
2732,2026,2,6,JUVENILE,YA-VID-GAM,3,4
2733,2026,2,6,STAFF-PERS,A-FIC,1,8
2734,2026,2,6,STAFF-PERS,A-NF,1,1
2735,2026,2,6,,J-FIC,1,0
2736,2026,2,6,,YA,1,0
2737,2026,2,2,ADULT,A-AUD,3,1
2738,2026,2,2,ADULT,A-AUD-CD,1,2
2739,2026,2,2,ADULT,A-BIO,5,4
2740,2026,2,2,ADULT,A-BK-CLUB,5,1
2741,2026,2,2,ADULT,A-DVD,70,92
2742,2026,2,2,ADULT,A-DVD-FIC,3,3
2743,2026,2,2,ADULT,A-FIC,281,201
2744,2026,2,2,ADULT,A-GRA,2,1
2745,2026,2,2,ADULT,A-HOMESCH,4,0
2746,2026,2,2,ADULT,A-HOTSPOT,58,2
2747,2026,2,2,ADULT,A-KIT-HOBB,2,0
2748,2026,2,2,ADULT,A-LEAS-BIO,1,0
2749,2026,2,2,ADULT,A-LEASE-FI,5,2
2750,2026,2,2,ADULT,A-LEASE-LP,1,7
2751,2026,2,2,ADULT,A-LEASE-NF,1,1
2752,2026,2,2,ADULT,A-LP,40,23
2753,2026,2,2,ADULT,A-LP-FIC,27,8
2754,2026,2,2,ADULT,A-LP-MYS,1,0
2755,2026,2,2,ADULT,A-LP-NF,2,0
2756,2026,2,2,ADULT,A-LP-WEST,2,0
2757,2026,2,2,ADULT,A-MYSTERY,1,2
2758,2026,2,2,ADULT,A-NEWBK,6,0
2759,2026,2,2,ADULT,A-NEWBK-FI,91,92
2760,2026,2,2,ADULT,A-NEWBK-LP,7,19
2761,2026,2,2,ADULT,A-NEWBK-NF,21,26
2762,2026,2,2,ADULT,A-NF,169,145
2763,2026,2,2,ADULT,A-PBK,2,4
2764,2026,2,2,ADULT,A-SCIFIC,1,4
2765,2026,2,2,ADULT,A-VID-GAME,1,4
2766,2026,2,2,ADULT,ILL,19,0
2767,2026,2,2,ADULT,J-BEGINREA,1,0
2768,2026,2,2,ADULT,J-BIO,4,1
2769,2026,2,2,ADULT,J-BOARD-BK,6,8
2770,2026,2,2,ADULT,J-BRAILLE,1,0
2771,2026,2,2,ADULT,J-CALDECTT,11,7
2772,2026,2,2,ADULT,J-DVD,86,95
2773,2026,2,2,ADULT,J-EASY,206,93
2774,2026,2,2,ADULT,J-EASY-F,3,2
2775,2026,2,2,ADULT,J-EASY-PIC,1,1
2776,2026,2,2,ADULT,J-FIC,133,101
2777,2026,2,2,ADULT,J-GRA,145,77
2778,2026,2,2,ADULT,J-GRA-COM,1,1
2779,2026,2,2,ADULT,J-KIT,2,4
2780,2026,2,2,ADULT,J-NEWBERY,7,3
2781,2026,2,2,ADULT,J-NF,216,228
2782,2026,2,2,ADULT,J-PBK,36,28
2783,2026,2,2,ADULT,J-PIC-BOOK,414,222
2784,2026,2,2,ADULT,J-ROOM,2,1
2785,2026,2,2,ADULT,J-SPA,4,6
2786,2026,2,2,ADULT,UNKNOWN,1,0
2787,2026,2,2,ADULT,YA,11,22
2788,2026,2,2,ADULT,YA-FIC,13,11
2789,2026,2,2,ADULT,YA-GRA,29,20
2790,2026,2,2,ADULT,YA-MANGA,1,0
2791,2026,2,2,ADULT,YA-NF,1,1
2792,2026,2,2,ADULT,YA-PBK,2,2
2793,2026,2,2,DAMAGED,A-DVD,1,0
2794,2026,2,2,DAMAGED,A-FIC,3,0
2795,2026,2,2,DAMAGED,A-HOTSPOT,1,0
2796,2026,2,2,DAMAGED,A-LP,2,0
2797,2026,2,2,DAMAGED,A-NEWBK-FI,1,0
2798,2026,2,2,DAMAGED,J-GRA,1,0
2799,2026,2,2,DISCARD,A-FIC,3,0
2800,2026,2,2,DISCARD,A-LP-FIC,1,0
2801,2026,2,2,DISCARD,A-NF,231,0
2802,2026,2,2,DISCARD,J-EASY,23,0
2803,2026,2,2,DISCARD,J-NF,58,0
2804,2026,2,2,DISCARD,YA,32,0
2805,2026,2,2,DISCARD,YA-PBK,2,0
2806,2026,2,2,INST-TEACH,A-BK-CLUB,1,0
2807,2026,2,2,INST-TEACH,A-FIC,4,0
2808,2026,2,2,INST-TEACH,A-NF,1,0
2809,2026,2,2,J-INTERNET,A-DVD,3,5
2810,2026,2,2,J-INTERNET,A-FIC,1,2
2811,2026,2,2,J-INTERNET,A-NF,2,1
2812,2026,2,2,J-INTERNET,J-DVD,4,8
2813,2026,2,2,J-INTERNET,J-FIC,6,4
2814,2026,2,2,J-INTERNET,J-GRA,10,0
2815,2026,2,2,J-INTERNET,J-NF,10,10
2816,2026,2,2,J-INTERNET,J-PBK,1,0
2817,2026,2,2,J-INTERNET,J-PIC-BOOK,5,0
2818,2026,2,2,J-INTERNET,YA-GRA,2,4
2819,2026,2,2,JUVENILE,A-DVD,6,19
2820,2026,2,2,JUVENILE,A-FIC,9,3
2821,2026,2,2,JUVENILE,A-GRA,3,5
2822,2026,2,2,JUVENILE,A-NEWBK-FI,1,1
2823,2026,2,2,JUVENILE,A-NEWBK-NF,1,1
2824,2026,2,2,JUVENILE,A-NF,18,18
2825,2026,2,2,JUVENILE,A-VID-GAME,5,6
2826,2026,2,2,JUVENILE,J-DVD,3,5
2827,2026,2,2,JUVENILE,J-EASY,37,35
2828,2026,2,2,JUVENILE,J-FIC,48,40
2829,2026,2,2,JUVENILE,J-GRA,77,50
2830,2026,2,2,JUVENILE,J-NF,48,33
2831,2026,2,2,JUVENILE,J-PBK,8,9
2832,2026,2,2,JUVENILE,J-PIC-BOOK,67,68
2833,2026,2,2,JUVENILE,J-SPA,3,2
2834,2026,2,2,JUVENILE,YA,13,7
2835,2026,2,2,JUVENILE,YA-FIC,4,3
2836,2026,2,2,JUVENILE,YA-GRA,12,8
2837,2026,2,2,JUVENILE,YA-PBK,1,1
2838,2026,2,2,MISSING,A-NF,3,0
2839,2026,2,2,MISSING,J-NF,1,0
2840,2026,2,2,MISSING,J-PIC-BOOK,2,0
2841,2026,2,2,PRGMNG,J-PIC-BOOK,1,2
2842,2026,2,2,STAFF-PERS,A-BIO,1,0
2843,2026,2,2,STAFF-PERS,A-DVD,2,1
2844,2026,2,2,STAFF-PERS,A-FIC,2,7
2845,2026,2,2,STAFF-PERS,A-GRA,6,0
2846,2026,2,2,STAFF-PERS,A-HOMESCH,1,0
2847,2026,2,2,STAFF-PERS,A-NEWBK-FI,3,8
2848,2026,2,2,STAFF-PERS,A-NEWBK-NF,1,6
2849,2026,2,2,STAFF-PERS,A-NF,19,18
2850,2026,2,2,STAFF-PERS,A-PBK,2,0
2851,2026,2,2,STAFF-PERS,ILL,1,0
2852,2026,2,2,STAFF-PERS,J-EASY,11,3
2853,2026,2,2,STAFF-PERS,J-FIC,2,6
2854,2026,2,2,STAFF-PERS,J-GRA-COM,1,1
2855,2026,2,2,STAFF-PERS,J-PIC-BOOK,8,3
2856,2026,2,2,STAFF-PERS,YA,1,0
2857,2026,2,2,STAFF-PERS,YA-FIC,1,1
2858,2026,2,2,STAFF-PERS,YA-GRA,3,0
2859,2026,2,2,TEEN,A-FIC,2,1
2860,2026,2,2,TEEN,A-NEWBK-FI,1,0
2861,2026,2,2,TEEN,YA-FIC,6,0
2862,2026,2,12,ADULT,A-FIC,11,13
2863,2026,2,12,ADULT,A-LEASE-FI,1,0
2864,2026,2,12,ADULT,A-LP,1,2
2865,2026,2,12,ADULT,A-NEWBK-FI,1,0
2866,2026,2,12,ADULT,A-NEWBK-LP,1,0
2867,2026,2,12,ADULT,A-NEWBK-NF,4,0
2868,2026,2,12,ADULT,A-NF,6,4
2869,2026,2,12,ADULT,A-VID-GAME,1,0
2870,2026,2,12,ADULT,J-CALDECTT,1,0
2871,2026,2,12,ADULT,J-EASY,3,0
2872,2026,2,12,ADULT,J-FIC,15,12
2873,2026,2,12,ADULT,J-GRA,1,0
2874,2026,2,12,ADULT,J-NF,11,5
2875,2026,2,12,ADULT,J-PIC-BOOK,4,1
2876,2026,2,12,ADULT,J-SERIES,1,0
2877,2026,2,12,ADULT,YA-GRA,2,0
2878,2026,2,12,JUVENILE,J-GRA,1,0
2879,2026,2,12,JUVENILE,J-NF,3,0
2880,2026,2,3,A-NONRES,A-AUD-CD,2,2
2881,2026,2,3,A-NONRES,A-DVD,1,3
2882,2026,2,3,A-NONRES,A-FIC,23,9
2883,2026,2,3,A-NONRES,A-HOMESCH,1,1
2884,2026,2,3,A-NONRES,A-KIT,2,0
2885,2026,2,3,A-NONRES,A-NEWBK-FI,1,3
2886,2026,2,3,A-NONRES,A-NF,11,4
2887,2026,2,3,A-NONRES,J-DVD,3,6
2888,2026,2,3,A-NONRES,J-EASY,14,4
2889,2026,2,3,A-NONRES,J-GRA-NF,1,0
2890,2026,2,3,A-NONRES,J-NF,16,11
2891,2026,2,3,A-NONRES,J-PBK,5,2
2892,2026,2,3,A-NONRES,J-PIC-BOOK,47,13
2893,2026,2,3,A-NONRES,YA,1,0
2894,2026,2,3,A-NONRES,YA-FIC,2,0
2895,2026,2,3,A-NONRES,YA-GRA,1,0
2896,2026,2,3,ADULT,A-AUD,71,33
2897,2026,2,3,ADULT,A-AUD-CD,152,81
2898,2026,2,3,ADULT,A-AUD-F,1,0
2899,2026,2,3,ADULT,A-AUD-NF,1,2
2900,2026,2,3,ADULT,A-BIO,33,19
2901,2026,2,3,ADULT,A-BK-CLUB,4,1
2902,2026,2,3,ADULT,A-BLU-RAY,2,4
2903,2026,2,3,ADULT,A-CAROL-NF,1,1
2904,2026,2,3,ADULT,A-CHRISTIA,3,0
2905,2026,2,3,ADULT,A-COOKING,1,0
2906,2026,2,3,ADULT,A-DVD,435,574
2907,2026,2,3,ADULT,A-DVD-FIC,17,16
2908,2026,2,3,ADULT,A-DVD-NEW,1,1
2909,2026,2,3,ADULT,A-DVD-NF,2,2
2910,2026,2,3,ADULT,A-DVD-TV,15,16
2911,2026,2,3,ADULT,A-FIC,2308,1705
2912,2026,2,3,ADULT,A-FIC-CHRI,1,0
2913,2026,2,3,ADULT,A-GRA,59,24
2914,2026,2,3,ADULT,A-HOMESCH,44,32
2915,2026,2,3,ADULT,A-HOTSPOT,64,1
2916,2026,2,3,ADULT,A-KIT,94,0
2917,2026,2,3,ADULT,A-KIT-HOBB,5,4
2918,2026,2,3,ADULT,A-LEAS-BIO,1,0
2919,2026,2,3,ADULT,A-LEASE-BK,1,0
2920,2026,2,3,ADULT,A-LEASE-FI,90,40
2921,2026,2,3,ADULT,A-LEASE-LP,29,7
2922,2026,2,3,ADULT,A-LEASE-NF,4,4
2923,2026,2,3,ADULT,A-LOCHIST,1,1
2924,2026,2,3,ADULT,A-LP,347,199
2925,2026,2,3,ADULT,A-LP-FIC,82,49
2926,2026,2,3,ADULT,A-LP-MYS,2,1
2927,2026,2,3,ADULT,A-LP-NF,5,2
2928,2026,2,3,ADULT,A-MUSIC-CD,23,1
2929,2026,2,3,ADULT,A-MYSTERY,15,13
2930,2026,2,3,ADULT,A-NEWBK,41,18
2931,2026,2,3,ADULT,A-NEWBK-FI,648,432
2932,2026,2,3,ADULT,A-NEWBK-LP,92,60
2933,2026,2,3,ADULT,A-NEWBK-NF,226,192
2934,2026,2,3,ADULT,A-NF,1530,1400
2935,2026,2,3,ADULT,A-PARENT,1,0
2936,2026,2,3,ADULT,A-PBK,10,16
2937,2026,2,3,ADULT,A-PLAYAWAY,1,0
2938,2026,2,3,ADULT,A-SC,4,8
2939,2026,2,3,ADULT,A-SC-FIC,1,1
2940,2026,2,3,ADULT,A-SCIFIC,8,0
2941,2026,2,3,ADULT,A-SFI-FAN,10,3
2942,2026,2,3,ADULT,A-SND-REC,2,1
2943,2026,2,3,ADULT,A-SPA,3,5
2944,2026,2,3,ADULT,A-SPA-FIC,1,1
2945,2026,2,3,ADULT,A-SPA-NF,1,0
2946,2026,2,3,ADULT,A-STACKS,4,4
2947,2026,2,3,ADULT,A-VID-GAME,13,13
2948,2026,2,3,ADULT,A-VIS-MEDI,12,6
2949,2026,2,3,ADULT,BASMNT,2,2
2950,2026,2,3,ADULT,DAMAGED,1,0
2951,2026,2,3,ADULT,DDRC,1,1
2952,2026,2,3,ADULT,ILL,22,0
2953,2026,2,3,ADULT,J-AUD,40,7
2954,2026,2,3,ADULT,J-AUD-CD,1,2
2955,2026,2,3,ADULT,J-BEGINREA,28,10
2956,2026,2,3,ADULT,J-BIO,15,16
2957,2026,2,3,ADULT,J-BOARD-BK,45,35
2958,2026,2,3,ADULT,J-BRAILLE,1,0
2959,2026,2,3,ADULT,J-CALDECTT,127,72
2960,2026,2,3,ADULT,J-DVD,333,464
2961,2026,2,3,ADULT,J-DVD-F,1,1
2962,2026,2,3,ADULT,J-EASY,1360,958
2963,2026,2,3,ADULT,J-EASY-F,26,15
2964,2026,2,3,ADULT,J-EASY-PIC,14,26
2965,2026,2,3,ADULT,J-F-LANG,1,0
2966,2026,2,3,ADULT,J-FIC,1233,1133
2967,2026,2,3,ADULT,J-GRA,859,619
2968,2026,2,3,ADULT,J-GRA-BIO,2,0
2969,2026,2,3,ADULT,J-GRA-COM,14,6
2970,2026,2,3,ADULT,J-GRA-NF,1,0
2971,2026,2,3,ADULT,J-HOLIDAY,5,4
2972,2026,2,3,ADULT,J-KIT,5,10
2973,2026,2,3,ADULT,J-NEW,4,1
2974,2026,2,3,ADULT,J-NEWBERY,61,63
2975,2026,2,3,ADULT,J-NF,2044,1540
2976,2026,2,3,ADULT,J-PBK,260,250
2977,2026,2,3,ADULT,J-PIC-BOOK,3956,2735
2978,2026,2,3,ADULT,J-PLAYAWAY,1,0
2979,2026,2,3,ADULT,J-ROOM,6,5
2980,2026,2,3,ADULT,J-SC,1,1
2981,2026,2,3,ADULT,J-SEASONAL,2,2
2982,2026,2,3,ADULT,J-SERIES,5,5
2983,2026,2,3,ADULT,J-SPA,35,31
2984,2026,2,3,ADULT,J-SPA-EAS,1,0
2985,2026,2,3,ADULT,J-STORYTIM,1,2
2986,2026,2,3,ADULT,J-VIS-MEDI,1,0
2987,2026,2,3,ADULT,T-FIC,20,20
2988,2026,2,3,ADULT,T-GRA,11,5
2989,2026,2,3,ADULT,T-PBK,1,0
2990,2026,2,3,ADULT,YA,177,204
2991,2026,2,3,ADULT,YA-AUD,1,0
2992,2026,2,3,ADULT,YA-DVD,1,2
2993,2026,2,3,ADULT,YA-FIC,107,102
2994,2026,2,3,ADULT,YA-GRA,181,175
2995,2026,2,3,ADULT,YA-GRA-COM,4,2
2996,2026,2,3,ADULT,YA-MANGA,6,3
2997,2026,2,3,ADULT,YA-NF,15,14
2998,2026,2,3,ADULT,YA-PBK,26,17
2999,2026,2,3,ADULT,YA-SCIFIC,1,0
3000,2026,2,3,ADULT,YA-VID-GAM,2,0
3001,2026,2,3,DAMAGED,A-AUD,1,0
3002,2026,2,3,DAMAGED,A-DVD,1,0
3003,2026,2,3,DAMAGED,A-FIC,3,0
3004,2026,2,3,DAMAGED,A-HOTSPOT,13,0
3005,2026,2,3,DAMAGED,A-LEASE-NF,1,0
3006,2026,2,3,DAMAGED,A-MUSIC-CD,1,0
3007,2026,2,3,DAMAGED,A-NF,2,0
3008,2026,2,3,DAMAGED,J-FIC,1,0
3009,2026,2,3,DAMAGED,J-GRA,1,0
3010,2026,2,3,DAMAGED,J-NF,1,0
3011,2026,2,3,DAMAGED,J-PBK,1,0
3012,2026,2,3,DAMAGED,J-PIC-BOOK,3,0
3013,2026,2,3,DISCARD,A-AUD,1,0
3014,2026,2,3,DISCARD,A-DVD,40,4
3015,2026,2,3,DISCARD,A-FIC,3,0
3016,2026,2,3,DISCARD,A-KIT,5,0
3017,2026,2,3,DISCARD,A-LP,1,0
3018,2026,2,3,DISCARD,A-NF,86,0
3019,2026,2,3,DISCARD,J-CALDECTT,1,0
3020,2026,2,3,DISCARD,J-DVD,4,0
3021,2026,2,3,DISCARD,J-EASY,2,0
3022,2026,2,3,DISCARD,J-FIC,2,0
3023,2026,2,3,DISCARD,J-GRA,2,0
3024,2026,2,3,DISCARD,J-NF,2,0
3025,2026,2,3,DISCARD,J-PBK,4,0
3026,2026,2,3,DISCARD,J-PIC-BOOK,13,0
3027,2026,2,3,DISCARD,UNKNOWN,1,0
3028,2026,2,3,INST-TEACH,A-FIC,2,0
3029,2026,2,3,INST-TEACH,A-NF,14,0
3030,2026,2,3,INST-TEACH,J-BEGINREA,1,0
3031,2026,2,3,INST-TEACH,J-BOARD-BK,6,0
3032,2026,2,3,INST-TEACH,J-CALDECTT,1,0
3033,2026,2,3,INST-TEACH,J-DVD,3,2
3034,2026,2,3,INST-TEACH,J-EASY,11,0
3035,2026,2,3,INST-TEACH,J-EASY-F,2,0
3036,2026,2,3,INST-TEACH,J-FIC,3,0
3037,2026,2,3,INST-TEACH,J-GRA,1,0
3038,2026,2,3,INST-TEACH,J-NF,41,0
3039,2026,2,3,INST-TEACH,J-PIC-BOOK,23,0
3040,2026,2,3,INST-TEACH,T-FIC,2,0
3041,2026,2,3,INST-TEACH,YA,4,0
3042,2026,2,3,INST-TEACH,YA-FIC,3,0
3043,2026,2,3,J-INTERNET,A-AUD-CD,1,0
3044,2026,2,3,J-INTERNET,A-BIO,3,0
3045,2026,2,3,J-INTERNET,A-DVD,26,24
3046,2026,2,3,J-INTERNET,A-FIC,24,31
3047,2026,2,3,J-INTERNET,A-GRA,9,3
3048,2026,2,3,J-INTERNET,A-KIT,4,0
3049,2026,2,3,J-INTERNET,A-LP,1,2
3050,2026,2,3,J-INTERNET,A-NEWBK-FI,1,2
3051,2026,2,3,J-INTERNET,A-NEWBK-LP,1,0
3052,2026,2,3,J-INTERNET,A-NEWBK-NF,3,4
3053,2026,2,3,J-INTERNET,A-NF,53,41
3054,2026,2,3,J-INTERNET,A-SC,1,0
3055,2026,2,3,J-INTERNET,A-VID-GAME,2,6
3056,2026,2,3,J-INTERNET,A-VIS-MEDI,2,2
3057,2026,2,3,J-INTERNET,J-AUD,1,1
3058,2026,2,3,J-INTERNET,J-BEGINREA,2,0
3059,2026,2,3,J-INTERNET,J-BIO,8,3
3060,2026,2,3,J-INTERNET,J-BOARD-BK,3,0
3061,2026,2,3,J-INTERNET,J-CALDECTT,10,6
3062,2026,2,3,J-INTERNET,J-DVD,51,73
3063,2026,2,3,J-INTERNET,J-EASY,95,59
3064,2026,2,3,J-INTERNET,J-EASY-F,6,0
3065,2026,2,3,J-INTERNET,J-EASY-PIC,2,3
3066,2026,2,3,J-INTERNET,J-FIC,121,119
3067,2026,2,3,J-INTERNET,J-GRA,131,59
3068,2026,2,3,J-INTERNET,J-GRA-COM,5,1
3069,2026,2,3,J-INTERNET,J-GRA-NF,1,0
3070,2026,2,3,J-INTERNET,J-MUSIC-CD,1,0
3071,2026,2,3,J-INTERNET,J-NEW,1,1
3072,2026,2,3,J-INTERNET,J-NEWBERY,4,7
3073,2026,2,3,J-INTERNET,J-NF,230,131
3074,2026,2,3,J-INTERNET,J-PBK,41,39
3075,2026,2,3,J-INTERNET,J-PIC-BOOK,328,228
3076,2026,2,3,J-INTERNET,J-SC,2,2
3077,2026,2,3,J-INTERNET,T-FIC,2,1
3078,2026,2,3,J-INTERNET,T-GRA,7,0
3079,2026,2,3,J-INTERNET,T-MANGA,2,0
3080,2026,2,3,J-INTERNET,YA,45,15
3081,2026,2,3,J-INTERNET,YA-FIC,17,14
3082,2026,2,3,J-INTERNET,YA-GRA,70,57
3083,2026,2,3,J-INTERNET,YA-GRA-COM,1,0
3084,2026,2,3,J-INTERNET,YA-NF,2,0
3085,2026,2,3,J-INTERNET,YA-PBK,3,1
3086,2026,2,3,J-INTERNET,YA-ROOM,1,0
3087,2026,2,3,JUVENILE,A-DVD,2,6
3088,2026,2,3,JUVENILE,A-FIC,29,31
3089,2026,2,3,JUVENILE,A-GRA,8,6
3090,2026,2,3,JUVENILE,A-LEASE-FI,2,1
3091,2026,2,3,JUVENILE,A-LP,2,0
3092,2026,2,3,JUVENILE,A-LP-FIC,2,0
3093,2026,2,3,JUVENILE,A-NEWBK-FI,8,4
3094,2026,2,3,JUVENILE,A-NEWBK-NF,7,2
3095,2026,2,3,JUVENILE,A-NF,56,66
3096,2026,2,3,JUVENILE,A-SFI-FAN,1,0
3097,2026,2,3,JUVENILE,A-SPA,1,0
3098,2026,2,3,JUVENILE,J-AUD,3,3
3099,2026,2,3,JUVENILE,J-BEGINREA,9,5
3100,2026,2,3,JUVENILE,J-BIO,4,1
3101,2026,2,3,JUVENILE,J-BOARD-BK,4,2
3102,2026,2,3,JUVENILE,J-CALDECTT,17,14
3103,2026,2,3,JUVENILE,J-DVD,101,122
3104,2026,2,3,JUVENILE,J-EASY,138,106
3105,2026,2,3,JUVENILE,J-EASY-F,6,9
3106,2026,2,3,JUVENILE,J-EASY-PBK,1,1
3107,2026,2,3,JUVENILE,J-EASY-PIC,2,1
3108,2026,2,3,JUVENILE,J-FIC,318,227
3109,2026,2,3,JUVENILE,J-GRA,184,138
3110,2026,2,3,JUVENILE,J-GRA-COM,4,1
3111,2026,2,3,JUVENILE,J-GRC,1,0
3112,2026,2,3,JUVENILE,J-HOLIDAY,2,1
3113,2026,2,3,JUVENILE,J-NEW,1,0
3114,2026,2,3,JUVENILE,J-NEWBERY,12,11
3115,2026,2,3,JUVENILE,J-NF,263,218
3116,2026,2,3,JUVENILE,J-PBK,46,43
3117,2026,2,3,JUVENILE,J-PIC-BOOK,428,317
3118,2026,2,3,JUVENILE,J-ROOM,3,1
3119,2026,2,3,JUVENILE,J-SPA,2,2
3120,2026,2,3,JUVENILE,T-FIC,4,5
3121,2026,2,3,JUVENILE,T-GRA,5,1
3122,2026,2,3,JUVENILE,YA,34,38
3123,2026,2,3,JUVENILE,YA-FIC,20,24
3124,2026,2,3,JUVENILE,YA-GRA,58,51
3125,2026,2,3,JUVENILE,YA-MANGA,2,0
3126,2026,2,3,JUVENILE,YA-NF,1,2
3127,2026,2,3,JUVENILE,YA-PBK,7,3
3128,2026,2,3,MISSING,A-BIO,2,0
3129,2026,2,3,MISSING,A-DVD,1,0
3130,2026,2,3,MISSING,A-FIC,16,0
3131,2026,2,3,MISSING,A-GRA,1,0
3132,2026,2,3,MISSING,A-HOTSPOT,1,0
3133,2026,2,3,MISSING,A-LEASE-FI,4,0
3134,2026,2,3,MISSING,A-LP,1,0
3135,2026,2,3,MISSING,A-NEWBK-NF,1,0
3136,2026,2,3,MISSING,A-NF,4,0
3137,2026,2,3,MISSING,A-VID-GAME,1,0
3138,2026,2,3,MISSING,J-DVD,1,0
3139,2026,2,3,MISSING,J-EASY,3,0
3140,2026,2,3,MISSING,J-EASY-PIC,1,0
3141,2026,2,3,MISSING,J-FIC,4,0
3142,2026,2,3,MISSING,J-GRA,3,0
3143,2026,2,3,MISSING,J-NEWBERY,1,0
3144,2026,2,3,MISSING,J-NF,6,0
3145,2026,2,3,MISSING,J-PBK,5,0
3146,2026,2,3,MISSING,J-PIC-BOOK,12,0
3147,2026,2,3,MISSING,YA-FIC,3,0
3148,2026,2,3,MISSING,YA-GRA,2,0
3149,2026,2,3,PRGMNG,A-AUD,1,0
3150,2026,2,3,PRGMNG,A-BIO,10,0
3151,2026,2,3,PRGMNG,A-BK-CLUB,2,1
3152,2026,2,3,PRGMNG,A-CHRISTIA,1,0
3153,2026,2,3,PRGMNG,A-DVD,1,0
3154,2026,2,3,PRGMNG,A-FIC,94,3
3155,2026,2,3,PRGMNG,A-HOMESCH,1,0
3156,2026,2,3,PRGMNG,A-KIT,1,0
3157,2026,2,3,PRGMNG,A-LEASE-FI,1,0
3158,2026,2,3,PRGMNG,A-LEASE-LP,1,0
3159,2026,2,3,PRGMNG,A-LEASE-NF,2,0
3160,2026,2,3,PRGMNG,A-LP,2,0
3161,2026,2,3,PRGMNG,A-LP-FIC,2,0
3162,2026,2,3,PRGMNG,A-LP-NF,1,0
3163,2026,2,3,PRGMNG,A-NEWBIO,1,0
3164,2026,2,3,PRGMNG,A-NEWBK,2,0
3165,2026,2,3,PRGMNG,A-NEWBK-FI,7,0
3166,2026,2,3,PRGMNG,A-NEWBK-NF,5,1
3167,2026,2,3,PRGMNG,A-NF,51,5
3168,2026,2,3,PRGMNG,J-BEGINREA,1,0
3169,2026,2,3,PRGMNG,J-BOARD-BK,41,0
3170,2026,2,3,PRGMNG,J-CALDECTT,13,0
3171,2026,2,3,PRGMNG,J-DVD,1,0
3172,2026,2,3,PRGMNG,J-EASY,147,1
3173,2026,2,3,PRGMNG,J-EASY-F,9,0
3174,2026,2,3,PRGMNG,J-EASY-PIC,5,0
3175,2026,2,3,PRGMNG,J-FIC,22,4
3176,2026,2,3,PRGMNG,J-GRA,8,2
3177,2026,2,3,PRGMNG,J-HOLIDAY,6,0
3178,2026,2,3,PRGMNG,J-NF,27,0
3179,2026,2,3,PRGMNG,J-PBK,2,0
3180,2026,2,3,PRGMNG,J-PIC-BOOK,723,7
3181,2026,2,3,PRGMNG,J-SPA,1,0
3182,2026,2,3,PRGMNG,YA,6,0
3183,2026,2,3,PRGMNG,YA-FIC,1,0
3184,2026,2,3,PRGMNG,YA-GRA,1,2
3185,2026,2,3,REPAIR,J-PIC-BOOK,1,0
3186,2026,2,3,STAFF-PERS,A-AUD,2,1
3187,2026,2,3,STAFF-PERS,A-AUD-CD,1,0
3188,2026,2,3,STAFF-PERS,A-BIO,3,0
3189,2026,2,3,STAFF-PERS,A-DVD,3,6
3190,2026,2,3,STAFF-PERS,A-FIC,22,18
3191,2026,2,3,STAFF-PERS,A-HOMESCH,6,0
3192,2026,2,3,STAFF-PERS,A-KIT,1,0
3193,2026,2,3,STAFF-PERS,A-LEASE-FI,1,0
3194,2026,2,3,STAFF-PERS,A-LEASE-LP,1,0
3195,2026,2,3,STAFF-PERS,A-LP-FIC,1,0
3196,2026,2,3,STAFF-PERS,A-NEWBK-FI,8,6
3197,2026,2,3,STAFF-PERS,A-NEWBK-NF,6,3
3198,2026,2,3,STAFF-PERS,A-NF,17,16
3199,2026,2,3,STAFF-PERS,ILL,3,0
3200,2026,2,3,STAFF-PERS,J-BIO,1,8
3201,2026,2,3,STAFF-PERS,J-DVD,10,1
3202,2026,2,3,STAFF-PERS,J-EASY,8,11
3203,2026,2,3,STAFF-PERS,J-FIC,3,2
3204,2026,2,3,STAFF-PERS,J-GRA,3,2
3205,2026,2,3,STAFF-PERS,J-NF,6,19
3206,2026,2,3,STAFF-PERS,J-PBK,3,4
3207,2026,2,3,STAFF-PERS,J-PIC-BOOK,17,25
3208,2026,2,3,STAFF-PERS,T-FIC,3,0
3209,2026,2,3,STAFF-PERS,YA,4,1
3210,2026,2,3,STAFF-PERS,YA-FIC,2,15
3211,2026,2,3,STAFF-PERS,YA-GRA,1,0
3212,2026,2,3,STAFF-PERS,YA-PBK,2,2
3213,2026,2,3,TEEN,A-FIC,3,13
3214,2026,2,3,TEEN,A-NEWBIO,1,0
3215,2026,2,3,TEEN,A-NF,9,5
3216,2026,2,3,TEEN,J-FIC,2,1
3217,2026,2,3,TEEN,J-PBK,2,2
3218,2026,2,3,TEEN,T-FIC,2,0
3219,2026,2,3,TEEN,YA,1,3
3220,2026,2,3,TEEN,YA-FIC,9,3
3221,2026,2,3,TEEN,YA-GRA,3,0
3222,2026,2,3,TEEN,YA-PBK,1,0
3223,2026,2,3,,A-FIC,3,0
3224,2026,2,3,,A-NF,1,0
3225,2026,2,13,ADULT,A-DVD,1,1
3226,2026,2,13,ADULT,A-FIC,32,43
3227,2026,2,13,ADULT,A-LEASE-FI,1,2
3228,2026,2,13,ADULT,A-LP,2,2
3229,2026,2,13,ADULT,A-NEWBK,2,2
3230,2026,2,13,ADULT,A-NEWBK-FI,7,3
3231,2026,2,13,ADULT,A-NEWBK-LP,1,0
3232,2026,2,13,ADULT,A-NEWBK-NF,3,4
3233,2026,2,13,ADULT,A-NF,17,30
3234,2026,2,13,ADULT,A-VID-GAME,1,1
3235,2026,2,13,ADULT,J-BEGINREA,1,4
3236,2026,2,13,ADULT,J-BIO,1,3
3237,2026,2,13,ADULT,J-BOARD-BK,1,0
3238,2026,2,13,ADULT,J-EASY,3,8
3239,2026,2,13,ADULT,J-EASY-F,1,0
3240,2026,2,13,ADULT,J-FIC,13,19
3241,2026,2,13,ADULT,J-GRA,4,11
3242,2026,2,13,ADULT,J-NF,3,14
3243,2026,2,13,ADULT,J-PBK,1,8
3244,2026,2,13,ADULT,J-PIC-BOOK,1,12
3245,2026,2,13,ADULT,T-FIC,1,3
3246,2026,2,13,ADULT,YA,1,0
3247,2026,2,13,ADULT,YA-FIC,2,1
3248,2026,2,13,ADULT,YA-GRA,1,0
3249,2026,2,13,ADULT,YA-NF,1,0
3250,2026,2,13,INST-TEACH,A-DVD,1,0
3251,2026,2,13,INST-TEACH,A-NF,1,0
3252,2026,2,13,INST-TEACH,J-NF,2,0
3253,2026,2,13,INST-TEACH,J-PIC-BOOK,1,0
3254,2026,2,13,J-INTERNET,J-FIC,1,1
3255,2026,2,13,J-INTERNET,J-NF,2,4
3256,2026,2,13,J-INTERNET,J-PBK,4,0
3257,2026,2,13,J-INTERNET,YA-GRA,1,0
3258,2026,2,13,JUVENILE,A-FIC,1,1
3259,2026,2,13,JUVENILE,J-FIC,6,14
3260,2026,2,13,JUVENILE,YA-FIC,1,0
3261,2026,2,13,PRGMNG,J-GRA,1,0
3262,2026,2,13,PRGMNG,J-PIC-BOOK,1,0
3263,2026,2,13,STAFF-PERS,J-EASY,1,0
3264,2026,2,4,A-NONRES,A-FIC,1,1
3265,2026,2,4,A-NONRES,A-HOTSPOT,2,0
3266,2026,2,4,A-NONRES,J-EASY,8,2
3267,2026,2,4,A-NONRES,J-FIC,3,8
3268,2026,2,4,A-NONRES,J-GRA,2,0
3269,2026,2,4,A-NONRES,J-NF,2,1
3270,2026,2,4,A-NONRES,J-PBK,4,1
3271,2026,2,4,A-NONRES,J-PIC-BOOK,14,23
3272,2026,2,4,ADULT,A-AUD,47,17
3273,2026,2,4,ADULT,A-AUD-CD,40,21
3274,2026,2,4,ADULT,A-AUD-F,1,1
3275,2026,2,4,ADULT,A-BIO,8,2
3276,2026,2,4,ADULT,A-BK-CLUB,1,0
3277,2026,2,4,ADULT,A-DVD,161,88
3278,2026,2,4,ADULT,A-DVD-FIC,3,0
3279,2026,2,4,ADULT,A-DVD-TV,2,1
3280,2026,2,4,ADULT,A-FIC,562,397
3281,2026,2,4,ADULT,A-GRA,1,0
3282,2026,2,4,ADULT,A-HOTSPOT,21,5
3283,2026,2,4,ADULT,A-KIT-HOBB,1,1
3284,2026,2,4,ADULT,A-LEASE-FI,20,6
3285,2026,2,4,ADULT,A-LEASE-LP,3,1
3286,2026,2,4,ADULT,A-LEASE-NF,1,0
3287,2026,2,4,ADULT,A-LP,74,51
3288,2026,2,4,ADULT,A-LP-FIC,20,5
3289,2026,2,4,ADULT,A-LP-MYS,3,0
3290,2026,2,4,ADULT,A-LP-NF,1,2
3291,2026,2,4,ADULT,A-MYSTERY,4,3
3292,2026,2,4,ADULT,A-NEWBK,3,1
3293,2026,2,4,ADULT,A-NEWBK-FI,172,94
3294,2026,2,4,ADULT,A-NEWBK-LP,24,13
3295,2026,2,4,ADULT,A-NEWBK-NF,71,86
3296,2026,2,4,ADULT,A-NF,210,188
3297,2026,2,4,ADULT,A-PBK,1,0
3298,2026,2,4,ADULT,A-PULLED,1,0
3299,2026,2,4,ADULT,A-SCIFIC,1,0
3300,2026,2,4,ADULT,A-SFI-FAN,1,2
3301,2026,2,4,ADULT,A-SPA,1,0
3302,2026,2,4,ADULT,A-SPA-FIC,1,0
3303,2026,2,4,ADULT,A-VID-GAME,7,13
3304,2026,2,4,ADULT,A-VIS-MEDI,1,1
3305,2026,2,4,ADULT,ILL,8,0
3306,2026,2,4,ADULT,J-BIO,1,1
3307,2026,2,4,ADULT,J-BOARD-BK,6,0
3308,2026,2,4,ADULT,J-CALDECTT,8,10
3309,2026,2,4,ADULT,J-DVD,40,40
3310,2026,2,4,ADULT,J-EASY,253,214
3311,2026,2,4,ADULT,J-EASY-F,1,0
3312,2026,2,4,ADULT,J-EASY-PIC,1,0
3313,2026,2,4,ADULT,J-FIC,170,205
3314,2026,2,4,ADULT,J-GRA,110,123
3315,2026,2,4,ADULT,J-HOLIDAY,1,0
3316,2026,2,4,ADULT,J-KIT,7,7
3317,2026,2,4,ADULT,J-NEWBERY,4,11
3318,2026,2,4,ADULT,J-NF,234,193
3319,2026,2,4,ADULT,J-PBK,62,52
3320,2026,2,4,ADULT,J-PIC-BOOK,601,503
3321,2026,2,4,ADULT,J-ROOM,1,1
3322,2026,2,4,ADULT,J-SPA,5,11
3323,2026,2,4,ADULT,T-FIC,2,2
3324,2026,2,4,ADULT,T-MANGA,1,0
3325,2026,2,4,ADULT,YA,18,35
3326,2026,2,4,ADULT,YA-BIO,1,0
3327,2026,2,4,ADULT,YA-FIC,15,11
3328,2026,2,4,ADULT,YA-GRA,41,15
3329,2026,2,4,ADULT,YA-GRA-BIO,1,0
3330,2026,2,4,ADULT,YA-PBK,7,5
3331,2026,2,4,DAMAGED,A-DVD,2,0
3332,2026,2,4,DAMAGED,DAMAGED,1,0
3333,2026,2,4,DAMAGED,YA-FIC,1,0
3334,2026,2,4,DAMAGED,YA-GRA,1,0
3335,2026,2,4,DISCARD,A-FIC,4,0
3336,2026,2,4,DISCARD,A-LP,1,0
3337,2026,2,4,DISCARD,A-NF,6,0
3338,2026,2,4,DISCARD,DAMAGED,2,0
3339,2026,2,4,DISCARD,J-CALDECTT,1,0
3340,2026,2,4,DISCARD,J-EASY,1,0
3341,2026,2,4,DISCARD,J-FIC,1,0
3342,2026,2,4,DISCARD,J-GRA,4,0
3343,2026,2,4,DISCARD,J-NF,2,0
3344,2026,2,4,DISCARD,J-PBK,1,0
3345,2026,2,4,DISCARD,J-PIC-BOOK,2,0
3346,2026,2,4,DISCARD,YA,1,0
3347,2026,2,4,DISCARD,YA-GRA,1,0
3348,2026,2,4,INST-TEACH,J-CALDECTT,1,0
3349,2026,2,4,INST-TEACH,J-EASY,3,0
3350,2026,2,4,INST-TEACH,J-NF,1,0
3351,2026,2,4,INST-TEACH,J-PIC-BOOK,4,0
3352,2026,2,4,J-INTERNET,A-BIO,1,2
3353,2026,2,4,J-INTERNET,A-FIC,5,6
3354,2026,2,4,J-INTERNET,A-NEWBK-NF,1,0
3355,2026,2,4,J-INTERNET,J-CALDECTT,1,0
3356,2026,2,4,J-INTERNET,J-DVD,6,4
3357,2026,2,4,J-INTERNET,J-EASY,8,4
3358,2026,2,4,J-INTERNET,J-FIC,13,9
3359,2026,2,4,J-INTERNET,J-GRA,10,4
3360,2026,2,4,J-INTERNET,J-NF,21,12
3361,2026,2,4,J-INTERNET,J-PBK,7,3
3362,2026,2,4,J-INTERNET,J-PIC-BOOK,13,8
3363,2026,2,4,JR-NONRES,J-EASY,4,0
3364,2026,2,4,JR-NONRES,J-PIC-BOOK,5,0
3365,2026,2,4,JUVENILE,A-BIO,1,1
3366,2026,2,4,JUVENILE,A-DVD,1,4
3367,2026,2,4,JUVENILE,A-FIC,4,5
3368,2026,2,4,JUVENILE,A-LP,3,4
3369,2026,2,4,JUVENILE,A-NF,14,16
3370,2026,2,4,JUVENILE,A-VID-GAME,1,0
3371,2026,2,4,JUVENILE,J-BIO,1,1
3372,2026,2,4,JUVENILE,J-BOARD-BK,4,0
3373,2026,2,4,JUVENILE,J-CALDECTT,1,2
3374,2026,2,4,JUVENILE,J-DVD,8,23
3375,2026,2,4,JUVENILE,J-EASY,64,42
3376,2026,2,4,JUVENILE,J-FIC,69,74
3377,2026,2,4,JUVENILE,J-GRA,32,107
3378,2026,2,4,JUVENILE,J-NEWBERY,1,3
3379,2026,2,4,JUVENILE,J-NF,48,76
3380,2026,2,4,JUVENILE,J-PBK,22,32
3381,2026,2,4,JUVENILE,J-PIC-BOOK,146,116
3382,2026,2,4,JUVENILE,YA,13,6
3383,2026,2,4,JUVENILE,YA-FIC,6,3
3384,2026,2,4,JUVENILE,YA-GRA,4,41
3385,2026,2,4,JUVENILE,YA-MANGA,1,1
3386,2026,2,4,JUVENILE,YA-PBK,4,3
3387,2026,2,4,MISSING,A-FIC,1,0
3388,2026,2,4,MISSING,A-HOTSPOT,6,0
3389,2026,2,4,MISSING,A-LP,2,0
3390,2026,2,4,MISSING,A-NF,1,0
3391,2026,2,4,MISSING,J-AUD,1,0
3392,2026,2,4,MISSING,J-EASY,1,0
3393,2026,2,4,MISSING,J-FIC,2,0
3394,2026,2,4,MISSING,J-NF,2,0
3395,2026,2,4,MISSING,J-PIC-BOOK,5,0
3396,2026,2,4,MISSING,YA-GRA,1,0
3397,2026,2,4,PRGMNG,A-AUD,1,0
3398,2026,2,4,PRGMNG,A-AUD-CD,1,0
3399,2026,2,4,PRGMNG,A-DISPLAY,1,0
3400,2026,2,4,PRGMNG,A-DVD,6,2
3401,2026,2,4,PRGMNG,A-FIC,22,0
3402,2026,2,4,PRGMNG,A-LP,5,0
3403,2026,2,4,PRGMNG,A-NEWBK-NF,2,0
3404,2026,2,4,PRGMNG,A-NF,39,1
3405,2026,2,4,PRGMNG,J-BIO,1,0
3406,2026,2,4,PRGMNG,J-BOARD-BK,2,0
3407,2026,2,4,PRGMNG,J-DVD,2,3
3408,2026,2,4,PRGMNG,J-EASY,13,0
3409,2026,2,4,PRGMNG,J-FIC,1,0
3410,2026,2,4,PRGMNG,J-GRA,1,0
3411,2026,2,4,PRGMNG,J-GRA-COM,1,0
3412,2026,2,4,PRGMNG,J-NF,30,1
3413,2026,2,4,PRGMNG,J-PIC-BOOK,61,3
3414,2026,2,4,PRGMNG,YA,1,0
3415,2026,2,4,PRGMNG,YA-GRA,1,0
3416,2026,2,4,STAFF-PERS,A-BIO,1,1
3417,2026,2,4,STAFF-PERS,A-DVD,8,7
3418,2026,2,4,STAFF-PERS,A-DVD-FIC,1,0
3419,2026,2,4,STAFF-PERS,A-FIC,22,9
3420,2026,2,4,STAFF-PERS,A-GRA,9,0
3421,2026,2,4,STAFF-PERS,A-LP,2,4
3422,2026,2,4,STAFF-PERS,A-LP-FIC,7,1
3423,2026,2,4,STAFF-PERS,A-MYSTERY,5,4
3424,2026,2,4,STAFF-PERS,A-NEWBK,1,0
3425,2026,2,4,STAFF-PERS,A-NEWBK-FI,7,2
3426,2026,2,4,STAFF-PERS,A-NEWBK-NF,5,2
3427,2026,2,4,STAFF-PERS,A-NF,14,2
3428,2026,2,4,STAFF-PERS,A-SC,2,0
3429,2026,2,4,STAFF-PERS,A-SCIFIC,2,0
3430,2026,2,4,STAFF-PERS,J-BIO,1,0
3431,2026,2,4,STAFF-PERS,J-DVD,6,0
3432,2026,2,4,STAFF-PERS,J-EASY,8,0
3433,2026,2,4,STAFF-PERS,J-FIC,1,0
3434,2026,2,4,STAFF-PERS,J-GRA,1,0
3435,2026,2,4,STAFF-PERS,J-NF,6,1
3436,2026,2,4,STAFF-PERS,J-PIC-BOOK,2,0
3437,2026,2,4,STAFF-PERS,YA-FIC,2,0
3438,2026,2,4,STAFF-PERS,YA-GRA,10,3
3439,2026,2,4,STAFF-PERS,YA-MANGA,2,0
3440,2026,2,4,TEEN,A-NEWBK-NF,2,0
3441,2026,2,4,TEEN,A-NF,4,0
3442,2026,2,4,TEEN,J-FIC,1,0
3443,2026,2,4,TEEN,YA,2,10
3444,2026,2,4,TEEN,YA-PBK,1,1
3445,2026,2,4,YCLCIRC,A-FIC,1,0
3446,2026,2,4,YCLCIRC,A-NEWBK-FI,1,0
3447,2026,2,4,YCLCIRC,A-NF,2,0
3448,2026,2,4,YCLCIRCSUP,A-AUD,1,0
3449,2026,2,4,YCLCIRCSUP,A-AUD-CD,2,0
3450,2026,2,14,ADULT,A-AUD,1,0
3451,2026,2,14,ADULT,A-DVD,2,3
3452,2026,2,14,ADULT,A-FIC,38,33
3453,2026,2,14,ADULT,A-HOMESCH,1,0
3454,2026,2,14,ADULT,A-LEASE-FI,2,0
3455,2026,2,14,ADULT,A-LP,7,2
3456,2026,2,14,ADULT,A-NEWBK,2,3
3457,2026,2,14,ADULT,A-NEWBK-FI,10,0
3458,2026,2,14,ADULT,A-NEWBK-LP,3,1
3459,2026,2,14,ADULT,A-NF,25,24
3460,2026,2,14,ADULT,A-PBK,1,0
3461,2026,2,14,ADULT,A-SCIFIC,1,1
3462,2026,2,14,ADULT,DDRC,1,0
3463,2026,2,14,ADULT,J-BEGINREA,2,3
3464,2026,2,14,ADULT,J-BOARD-BK,2,1
3465,2026,2,14,ADULT,J-CALDECTT,1,2
3466,2026,2,14,ADULT,J-EASY,1,2
3467,2026,2,14,ADULT,J-EASY-F,1,4
3468,2026,2,14,ADULT,J-FIC,11,7
3469,2026,2,14,ADULT,J-GRA,5,2
3470,2026,2,14,ADULT,J-NEWBERY,2,1
3471,2026,2,14,ADULT,J-NF,9,11
3472,2026,2,14,ADULT,J-PBK,3,1
3473,2026,2,14,ADULT,J-PIC-BOOK,9,2
3474,2026,2,14,ADULT,YA,1,2
3475,2026,2,14,ADULT,YA-FIC,1,2
3476,2026,2,14,ADULT,YA-PBK,1,0
3477,2026,2,14,JUVENILE,J-CALDECTT,1,0
3478,2026,2,14,JUVENILE,J-EASY,2,0
3479,2026,2,14,JUVENILE,J-GRA,1,0
3480,2026,2,14,JUVENILE,J-PBK,1,0
3481,2026,2,14,JUVENILE,J-PIC-BOOK,1,0
3482,2026,2,14,JUVENILE,YA-FIC,1,0
3483,2026,2,14,PRGMNG,A-LP,1,0
3484,2026,2,1,ADULT,A-AUD,2,7
3485,2026,2,1,ADULT,A-DVD,3,25
3486,2026,2,1,ADULT,A-FIC,7,117
3487,2026,2,1,ADULT,A-NF,8,75
3488,2026,2,1,ADULT,J-DVD,1,7
3489,2026,2,1,ADULT,J-EASY,3,62
3490,2026,2,1,ADULT,J-FIC,2,55
3491,2026,2,1,ADULT,J-NF,2,96
3492,2026,2,1,ADULT,J-PIC-BOOK,4,99
3493,2026,2,1,ADULT,J-SPA,1,6
3494,2026,2,1,ADULT,YA-PBK,1,1
3495,2026,2,1,DAMAGED,A-DVD,1,0
3496,2026,2,1,DAMAGED,A-FIC,1,0
3497,2026,2,1,DAMAGED,J-PIC-BOOK,1,0
3498,2026,2,1,DISCARD,A-DVD,1,0
3499,2026,2,1,DISCARD,A-FIC,1,0
3500,2026,2,1,DISCARD,A-KIT,1,0
3501,2026,2,1,DISCARD,A-NF,9,0
3502,2026,2,1,DISCARD,J-CALDECTT,1,0
3503,2026,2,1,DISCARD,J-DVD,3,0
3504,2026,2,1,DISCARD,J-FIC,4,0
3505,2026,2,1,DISCARD,J-GRA,2,0
3506,2026,2,1,DISCARD,J-NF,5,0
3507,2026,2,1,DISCARD,J-PBK,3,0
3508,2026,2,1,DISCARD,J-PIC-BOOK,7,0
3509,2026,2,1,DISCARD,STACKS,1,0
3510,2026,2,1,DISCARD,UNKNOWN,10,0
3511,2026,2,1,DISCARD,YA,2,0
3512,2026,2,1,DISCARD,YA-FIC,1,0
3513,2026,2,1,DISCARD,YA-GRA,1,0
3514,2026,2,1,DISCARD,YA-PBK,1,0
3515,2026,2,1,J-INTERNET,A-FIC,1,3
3516,2026,2,1,J-INTERNET,A-NF,2,0
3517,2026,2,1,JUVENILE,J-FIC,1,0
3518,2026,2,1,PRGMNG,J-GRA,1,0
3519,2026,2,1,STAFF-PERS,A-AUD-CD,1,0
3520,2026,2,1,STAFF-PERS,A-FIC,3,0
3521,2026,2,1,STAFF-PERS,A-LP,1,0
3522,2026,2,1,STAFF-PERS,A-NF,2,1
3523,2026,2,5,ADULT,A-AUD,30,10
3524,2026,2,5,ADULT,A-AUD-CD,41,5
3525,2026,2,5,ADULT,A-AUD-F,1,0
3526,2026,2,5,ADULT,A-BIO,8,1
3527,2026,2,5,ADULT,A-BK-CLUB,4,0
3528,2026,2,5,ADULT,A-CAROL-NF,1,1
3529,2026,2,5,ADULT,A-DVD,156,45
3530,2026,2,5,ADULT,A-DVD-FIC,5,0
3531,2026,2,5,ADULT,A-DVD-TV,9,3
3532,2026,2,5,ADULT,A-FIC,782,235
3533,2026,2,5,ADULT,A-GRA,2,1
3534,2026,2,5,ADULT,A-HOMESCH,20,8
3535,2026,2,5,ADULT,A-HOTSPOT,110,4
3536,2026,2,5,ADULT,A-KIT-HOBB,3,0
3537,2026,2,5,ADULT,A-LEAS-BIO,2,0
3538,2026,2,5,ADULT,A-LEASE-BK,3,0
4107,2026,1,2,DISCARD,A-NF,54,0
3539,2026,2,5,ADULT,A-LEASE-FI,30,7
3540,2026,2,5,ADULT,A-LEASE-LP,10,1
3541,2026,2,5,ADULT,A-LEASE-NF,1,1
3542,2026,2,5,ADULT,A-LITERACY,1,0
3543,2026,2,5,ADULT,A-LP,188,33
3544,2026,2,5,ADULT,A-LP-BIO,1,0
3545,2026,2,5,ADULT,A-LP-FIC,42,6
3546,2026,2,5,ADULT,A-LP-MYS,2,1
3547,2026,2,5,ADULT,A-LP-NF,5,0
3548,2026,2,5,ADULT,A-LP-WEST,4,0
3549,2026,2,5,ADULT,A-MUSIC-CD,1,0
3550,2026,2,5,ADULT,A-MYSTERY,4,2
3551,2026,2,5,ADULT,A-NEWBK,5,1
3552,2026,2,5,ADULT,A-NEWBK-FI,179,36
3553,2026,2,5,ADULT,A-NEWBK-LP,44,6
3554,2026,2,5,ADULT,A-NEWBK-NF,64,22
3555,2026,2,5,ADULT,A-NF,267,118
3556,2026,2,5,ADULT,A-PBK,2,0
3557,2026,2,5,ADULT,A-SC,2,0
3558,2026,2,5,ADULT,A-SFI-FAN,1,0
3559,2026,2,5,ADULT,A-STACKS,1,1
3560,2026,2,5,ADULT,A-VID-GAME,5,1
3561,2026,2,5,ADULT,A-VIS-MEDI,7,3
3562,2026,2,5,ADULT,A-WESTERN,1,0
3563,2026,2,5,ADULT,ILL,15,0
3564,2026,2,5,ADULT,J-AUD,5,0
3565,2026,2,5,ADULT,J-BEGINREA,5,3
3566,2026,2,5,ADULT,J-BIO,6,2
3567,2026,2,5,ADULT,J-BOARD-NF,1,0
3568,2026,2,5,ADULT,J-CALDECTT,21,3
3569,2026,2,5,ADULT,J-CD-BK,1,0
3570,2026,2,5,ADULT,J-DVD,127,63
3571,2026,2,5,ADULT,J-EASY,391,38
3572,2026,2,5,ADULT,J-EASY-F,2,4
3573,2026,2,5,ADULT,J-FIC,244,78
3574,2026,2,5,ADULT,J-GRA,195,21
3575,2026,2,5,ADULT,J-INVESTIN,1,0
3576,2026,2,5,ADULT,J-KIT,4,0
3577,2026,2,5,ADULT,J-NEWBERY,11,4
3578,2026,2,5,ADULT,J-NF,461,103
3579,2026,2,5,ADULT,J-PBK,64,21
3580,2026,2,5,ADULT,J-PIC-BOOK,849,72
3581,2026,2,5,ADULT,J-ROOM,2,1
3582,2026,2,5,ADULT,J-SPA,4,0
3583,2026,2,5,ADULT,J-VIS-MEDI,1,0
3584,2026,2,5,ADULT,T-FIC,3,0
3585,2026,2,5,ADULT,YA,32,4
3586,2026,2,5,ADULT,YA-BLU-RAY,1,0
3587,2026,2,5,ADULT,YA-DVD,1,0
3588,2026,2,5,ADULT,YA-FIC,14,6
3589,2026,2,5,ADULT,YA-GRA,22,2
3590,2026,2,5,ADULT,YA-MANGA,1,0
3591,2026,2,5,ADULT,YA-NF,3,0
3592,2026,2,5,ADULT,YA-PBK,3,0
3593,2026,2,5,ADULT,YA-SCIFIC,1,0
3594,2026,2,5,ADULT,YA-VID-GAM,1,0
3595,2026,2,5,DAMAGED,A-HOTSPOT,11,0
3596,2026,2,5,DAMAGED,A-LP-FIC,1,0
3597,2026,2,5,DAMAGED,A-VID-GAME,1,0
3598,2026,2,5,DAMAGED,J-DVD,1,0
3599,2026,2,5,DAMAGED,J-EASY,1,0
3600,2026,2,5,DAMAGED,J-KIT,1,0
3601,2026,2,5,DAMAGED,J-PIC-BOOK,1,0
3602,2026,2,5,DAMAGED,YA-FIC,1,0
3603,2026,2,5,DISCARD,A-DVD,1,0
3604,2026,2,5,DISCARD,A-FIC,4,0
3605,2026,2,5,DISCARD,A-NF,200,0
3606,2026,2,5,DISCARD,ILL,86,0
3607,2026,2,5,DISCARD,J-DVD,1,0
3608,2026,2,5,DISCARD,J-EASY,1,0
3609,2026,2,5,DISCARD,J-FIC,187,0
3610,2026,2,5,DISCARD,J-GRA,4,0
3611,2026,2,5,DISCARD,J-NF,68,0
3612,2026,2,5,DISCARD,J-PBK,2,0
3613,2026,2,5,DISCARD,J-PIC-BOOK,4,0
3614,2026,2,5,DISCARD,J-REF,72,0
3615,2026,2,5,DISCARD,YA,199,0
3616,2026,2,5,DISCARD,YA-FIC,1,0
3617,2026,2,5,DISCARD,YA-GRA,1,0
3618,2026,2,5,DISCARD,YA-PBK,2,0
3619,2026,2,5,ILL,A-FIC,1,0
3620,2026,2,5,ILL,A-NF,2,0
3621,2026,2,5,ILL,J-NF,1,0
3622,2026,2,5,INST-TEACH,A-NF,1,0
3623,2026,2,5,INST-TEACH,J-DVD,7,0
3624,2026,2,5,INST-TEACH,J-FIC,2,0
3625,2026,2,5,INST-TEACH,J-GRA,2,0
3626,2026,2,5,INST-TEACH,J-KIT,1,0
3627,2026,2,5,INST-TEACH,J-NF,1,0
3628,2026,2,5,INST-TEACH,J-PIC-BOOK,1,0
3629,2026,2,5,J-INTERNET,A-DVD,1,0
3630,2026,2,5,J-INTERNET,A-FIC,8,0
3631,2026,2,5,J-INTERNET,A-GRA,3,0
3632,2026,2,5,J-INTERNET,A-KIT-HOBB,1,0
3633,2026,2,5,J-INTERNET,A-LEASE-FI,1,0
3634,2026,2,5,J-INTERNET,A-LP-FIC,1,0
3635,2026,2,5,J-INTERNET,A-NEWBK-FI,3,0
3636,2026,2,5,J-INTERNET,A-NEWBK-LP,1,0
3637,2026,2,5,J-INTERNET,A-NEWBK-NF,1,1
3638,2026,2,5,J-INTERNET,A-NF,10,13
3639,2026,2,5,J-INTERNET,J-BEGINREA,1,0
3640,2026,2,5,J-INTERNET,J-CALDECTT,1,0
3641,2026,2,5,J-INTERNET,J-DVD,27,3
3642,2026,2,5,J-INTERNET,J-EASY,56,6
3643,2026,2,5,J-INTERNET,J-EASY-F,1,0
3644,2026,2,5,J-INTERNET,J-FIC,71,8
3645,2026,2,5,J-INTERNET,J-GRA,107,2
3646,2026,2,5,J-INTERNET,J-NEWBERY,1,1
3647,2026,2,5,J-INTERNET,J-NF,52,14
3648,2026,2,5,J-INTERNET,J-PBK,18,3
3649,2026,2,5,J-INTERNET,J-PIC-BOOK,85,9
3650,2026,2,5,J-INTERNET,YA,2,1
3651,2026,2,5,J-INTERNET,YA-FIC,5,3
3652,2026,2,5,J-INTERNET,YA-GRA,50,4
3653,2026,2,5,J-INTERNET,YA-GRA-COM,2,0
3654,2026,2,5,J-INTERNET,YA-MANGA,2,0
3655,2026,2,5,J-INTERNET,YA-PBK,1,0
3656,2026,2,5,JUVENILE,A-DVD,2,0
3657,2026,2,5,JUVENILE,A-FIC,10,0
3658,2026,2,5,JUVENILE,A-HOMESCH,1,1
3659,2026,2,5,JUVENILE,A-NEWBK-FI,1,0
3660,2026,2,5,JUVENILE,A-NEWBK-LP,1,0
3661,2026,2,5,JUVENILE,A-NF,10,3
3662,2026,2,5,JUVENILE,A-VID-GAME,2,1
3663,2026,2,5,JUVENILE,J-AUD,2,0
3664,2026,2,5,JUVENILE,J-BEGINREA,6,0
3665,2026,2,5,JUVENILE,J-BIO,1,2
3666,2026,2,5,JUVENILE,J-CALDECTT,1,1
3667,2026,2,5,JUVENILE,J-DVD,29,11
3668,2026,2,5,JUVENILE,J-EASY,61,12
3669,2026,2,5,JUVENILE,J-EASY-F,3,1
3670,2026,2,5,JUVENILE,J-EASY-PIC,1,0
3671,2026,2,5,JUVENILE,J-FIC,128,15
3672,2026,2,5,JUVENILE,J-GRA,96,13
3673,2026,2,5,JUVENILE,J-NEWBERY,4,1
3674,2026,2,5,JUVENILE,J-NF,67,12
3675,2026,2,5,JUVENILE,J-PBK,19,3
3676,2026,2,5,JUVENILE,J-PIC-BOOK,109,10
3677,2026,2,5,JUVENILE,YA,5,0
3678,2026,2,5,JUVENILE,YA-FIC,5,0
3679,2026,2,5,JUVENILE,YA-VID-GAM,1,0
3680,2026,2,5,MISSING,A-AUD-CD,1,0
3681,2026,2,5,MISSING,A-NF,4,0
3682,2026,2,5,MISSING,J-AUD,1,0
3683,2026,2,5,MISSING,J-CALDECTT,1,0
3684,2026,2,5,MISSING,J-EASY,2,0
3685,2026,2,5,MISSING,J-GRA,1,0
3686,2026,2,5,MISSING,J-PIC-BOOK,7,0
3687,2026,2,5,MISSING,YA,1,0
3688,2026,2,5,PRGMNG,A-AUD-CD,2,0
3689,2026,2,5,PRGMNG,A-BIO,1,0
3690,2026,2,5,PRGMNG,A-BK-CLUB,1,0
3691,2026,2,5,PRGMNG,A-FIC,44,2
3692,2026,2,5,PRGMNG,A-LEASE-FI,2,0
3693,2026,2,5,PRGMNG,A-LP,5,0
3694,2026,2,5,PRGMNG,A-LP-FIC,3,0
3695,2026,2,5,PRGMNG,A-MYSTERY,2,0
3696,2026,2,5,PRGMNG,A-NEWBK,1,0
3697,2026,2,5,PRGMNG,A-NEWBK-FI,16,1
3698,2026,2,5,PRGMNG,A-NEWBK-LP,2,0
3699,2026,2,5,PRGMNG,A-NF,14,0
3700,2026,2,5,PRGMNG,J-EASY,1,0
3701,2026,2,5,PRGMNG,J-FIC,23,0
3702,2026,2,5,PRGMNG,J-GRA,15,0
3703,2026,2,5,PRGMNG,J-NF,1,0
3704,2026,2,5,STAFF-PERS,A-FIC,11,0
3705,2026,2,5,STAFF-PERS,A-NEWBK,1,0
3706,2026,2,5,STAFF-PERS,A-NEWBK-FI,5,1
3707,2026,2,5,STAFF-PERS,A-NEWBK-NF,1,2
3708,2026,2,5,STAFF-PERS,A-NF,6,3
3709,2026,2,5,STAFF-PERS,A-SFI-FAN,1,0
3710,2026,2,5,STAFF-PERS,A-VID-GAME,1,3
3711,2026,2,5,STAFF-PERS,ILL,2,0
3712,2026,2,5,STAFF-PERS,J-EASY,10,0
3713,2026,2,5,STAFF-PERS,J-PIC-BOOK,7,0
3714,2026,2,5,,A-NEWBK-FI,1,0
3715,2026,2,5,,J-DVD,1,0
3716,2026,2,5,,J-EASY,1,0
3717,2026,2,5,,J-PIC-BOOK,2,0
3718,2026,2,15,ADULT,A-BIO,2,0
3719,2026,2,15,ADULT,A-BLU-RAY,2,0
3720,2026,2,15,ADULT,A-DVD,9,0
3721,2026,2,15,ADULT,A-DVD-TV,1,0
3722,2026,2,15,ADULT,A-FIC,35,0
3723,2026,2,15,ADULT,A-LEASE-FI,2,0
3724,2026,2,15,ADULT,A-LP,4,0
3725,2026,2,15,ADULT,A-LP-FIC,5,0
3726,2026,2,15,ADULT,A-NEWBK-FI,6,0
3727,2026,2,15,ADULT,A-NEWBK-LP,1,0
3728,2026,2,15,ADULT,A-NF,7,0
3729,2026,2,15,ADULT,A-VIS-MEDI,2,0
3730,2026,2,15,ADULT,J-BOARD-BK,1,0
3731,2026,2,15,ADULT,J-EASY-F,1,0
3732,2026,2,15,ADULT,J-NF,8,0
3733,2026,2,15,ADULT,J-PIC-BOOK,7,0
3734,2026,2,15,ADULT,J-SPA,1,0
3735,2026,2,15,INST-TEACH,A-LEASE-FI,1,0
3736,2026,2,15,J-INTERNET,J-FIC,1,0
3737,2026,2,15,J-INTERNET,J-GRA,1,0
3738,2026,2,15,JUVENILE,J-BEGINREA,1,0
3739,2026,2,15,JUVENILE,J-NF,8,4
3740,2026,2,6,ADULT,A-AUD-F,0,1
3741,2026,2,6,ADULT,A-GRA,0,2
3742,2026,2,6,ADULT,A-INCL-C,0,2
3743,2026,2,6,ADULT,A-LEASE-BK,0,1
3744,2026,2,6,HOMEBOUND,A-DVD-FIC,0,3
3745,2026,2,6,HOMEBOUND,A-LEASE-BK,0,1
3746,2026,2,6,HOMEBOUND,J-AUD,0,1
3747,2026,2,6,HOMEBOUND,J-VIS-MEDI,0,1
3748,2026,2,6,HOMEBOUND,YA-AUD,0,2
3749,2026,2,6,J-INTERNET,J-SPA,0,1
3750,2026,2,6,J-INTERNET,YA-GRA,0,1
3751,2026,2,6,J-INTERNET,YA-NF,0,1
3752,2026,2,6,JUVENILE,A-GRA,0,2
3753,2026,2,6,JUVENILE,A-LEASE-LP,0,2
3754,2026,2,6,JUVENILE,A-LEASE-NF,0,2
3755,2026,2,6,JUVENILE,A-NEWBK-NF,0,1
3756,2026,2,6,JUVENILE,A-PLAYAWAY,0,2
3757,2026,2,6,STAFF-PERS,YA-VID-GAM,0,1
3758,2026,2,2,A-NONRES,J-EASY,0,1
3759,2026,2,2,A-NONRES,J-PIC-BOOK,0,3
3760,2026,2,2,ADULT,A-SPA,0,1
3761,2026,2,2,ADULT,AVAIL_SOON,0,1
3762,2026,2,2,ADULT,J-AUD,0,1
3763,2026,2,2,ADULT,J-SERIES,0,3
3764,2026,2,2,J-INTERNET,J-EASY,0,2
3765,2026,2,2,J-INTERNET,YA,0,2
3766,2026,2,2,J-INTERNET,YA-FIC,0,2
3767,2026,2,2,PRGMNG,J-EASY,0,2
3768,2026,2,2,STAFF-PERS,J-GRA,0,3
3769,2026,2,2,TEEN,A-NF,0,5
3770,2026,2,2,TEEN,YA,0,1
3771,2026,2,2,TEEN,YA-GRA,0,1
3772,2026,2,12,ADULT,A-AUD,0,1
3773,2026,2,12,ADULT,A-NEWBK,0,1
3774,2026,2,12,ADULT,J-NEWBERY,0,1
3775,2026,2,12,ADULT,J-PBK,0,4
3776,2026,2,12,ADULT,YA-FIC,0,1
3777,2026,2,12,ADULT,YA-PBK,0,2
3778,2026,2,12,ADULT,YA-ROOM,0,1
3779,2026,2,12,JUVENILE,A-NEWBK-FI,0,4
3780,2026,2,12,JUVENILE,J-EASY,0,5
3781,2026,2,12,JUVENILE,J-PIC-BOOK,0,12
3782,2026,2,12,STAFF-PERS,A-FIC,0,1
3783,2026,2,3,A-NONRES,A-LP,0,1
3784,2026,2,3,A-NONRES,A-VIS-MEDI,0,2
3785,2026,2,3,A-NONRES,J-FIC,0,2
3786,2026,2,3,A-NONRES,J-GRA,0,1
3787,2026,2,3,A-NONRES,J-KIT,0,2
3788,2026,2,3,A-NONRES,J-SPA,0,3
3789,2026,2,3,ADULT,A-AFRAM-FI,0,2
3790,2026,2,3,ADULT,A-DEMENTIA,0,5
3791,2026,2,3,ADULT,A-SC-NF,0,2
3792,2026,2,3,ADULT,J-CD-BK,0,1
3793,2026,2,3,ADULT,J-CHRISTMS,0,2
3794,2026,2,3,ADULT,J-F-LANG-F,0,2
3795,2026,2,3,ADULT,PARENTING,0,2
3796,2026,2,3,ADULT,YA-ROOM,0,3
3797,2026,2,3,INST-TEACH,J-SPA,0,1
3798,2026,2,3,J-INTERNET,A-LEASE-FI,0,1
3799,2026,2,3,J-INTERNET,DDRC,0,1
3800,2026,2,3,J-INTERNET,YA-MANGA,0,2
3801,2026,2,3,J-INTERNET,YA-VID-GAM,0,1
3802,2026,2,3,JUVENILE,A-BIO,0,2
3803,2026,2,3,JUVENILE,A-HOMESCH,0,4
3804,2026,2,3,JUVENILE,A-SND-REC,0,1
3805,2026,2,3,JUVENILE,BASMNT,0,1
3806,2026,2,3,JUVENILE,J-SERIES,0,1
3807,2026,2,3,JUVENILE,J-SPA-PIC,0,1
3808,2026,2,3,JUVENILE,T-MANGA,0,2
3809,2026,2,3,JUVENILE,YA-SCIFIC,0,1
3810,2026,2,3,STAFF-PERS,A-GRA,0,3
3811,2026,2,3,STAFF-PERS,A-NEWBK,0,2
3812,2026,2,3,STAFF-PERS,YA-ROOM,0,1
3813,2026,2,3,TEEN,J-EASY,0,1
3814,2026,2,13,ADULT,A-BIO,0,4
3815,2026,2,13,ADULT,A-LP-FIC,0,1
3816,2026,2,13,ADULT,A-MYSTERY,0,1
3817,2026,2,13,ADULT,A-SFI-FAN,0,1
3818,2026,2,13,ADULT,J-AUD,0,1
3819,2026,2,13,ADULT,J-CALDECTT,0,2
3820,2026,2,13,ADULT,J-NEWBERY,0,1
3821,2026,2,13,ADULT,YA-PBK,0,2
3822,2026,2,13,J-INTERNET,A-NF,0,2
3823,2026,2,13,J-INTERNET,J-EASY,0,1
3824,2026,2,13,J-INTERNET,T-FIC,0,1
3825,2026,2,13,J-INTERNET,YA-FIC,0,1
3826,2026,2,13,JUVENILE,A-DVD,0,2
3827,2026,2,13,JUVENILE,A-LP-NF,0,2
3828,2026,2,13,JUVENILE,A-NEWBK-NF,0,2
3829,2026,2,13,JUVENILE,A-NF,0,15
3830,2026,2,13,JUVENILE,J-NF,0,2
3831,2026,2,13,STAFF-PERS,YA-FIC,0,3
3832,2026,2,4,A-NONRES,A-NEWBK-FI,0,1
3833,2026,2,4,A-NONRES,A-PARENT,0,1
3834,2026,2,4,A-NONRES,J-NEWBERY,0,1
3835,2026,2,4,A-NONRES,YA-PBK,0,1
3836,2026,2,4,ADULT,A-AFR-AMER,0,1
3837,2026,2,4,ADULT,A-FIC-PBK,0,1
3838,2026,2,4,ADULT,A-SC,0,1
3839,2026,2,4,ADULT,A-STACKS,0,2
3840,2026,2,4,ADULT,J-AUD,0,1
3841,2026,2,4,ADULT,J-BEGINREA,0,2
3842,2026,2,4,ADULT,YA-NF,0,1
3843,2026,2,4,ADULT,YA-ROOM,0,1
3844,2026,2,4,J-INTERNET,A-NF,0,1
3845,2026,2,4,J-INTERNET,J-NEWBERY,0,1
3846,2026,2,4,J-INTERNET,YA,0,8
3847,2026,2,4,J-INTERNET,YA-FIC,0,1
3848,2026,2,4,JUVENILE,A-LP-FIC,0,1
3849,2026,2,4,JUVENILE,A-NEWBK-FI,0,1
3850,2026,2,4,STAFF-PERS,J-NEWBERY,0,2
3851,2026,2,4,TEEN,YA-FIC,0,1
3852,2026,2,14,ADULT,A-LP-FIC,0,1
3853,2026,2,14,ADULT,A-SFI-FAN,0,1
3854,2026,2,14,ADULT,A-VID-GAME,0,1
3855,2026,2,14,ADULT,A-WESTERN,0,1
3856,2026,2,14,ADULT,J-AUD,0,2
3857,2026,2,14,ADULT,J-GRA-COM,0,1
3858,2026,2,14,ADULT,J-HOLIDAY,0,1
3859,2026,2,14,ADULT,YA-ROOM,0,1
3860,2026,2,14,JUVENILE,J-NF,0,2
3861,2026,2,1,ADULT,A-AUD-CD,0,15
3862,2026,2,1,ADULT,A-BIO,0,5
3863,2026,2,1,ADULT,A-CHRISTIA,0,1
3864,2026,2,1,ADULT,A-DVD-TV,0,1
3865,2026,2,1,ADULT,A-HOMESCH,0,2
3866,2026,2,1,ADULT,A-LEASE-FI,0,8
3867,2026,2,1,ADULT,A-LP,0,35
3868,2026,2,1,ADULT,A-LP-FIC,0,3
3869,2026,2,1,ADULT,A-LP-NF,0,1
3870,2026,2,1,ADULT,A-MYSTERY,0,2
3871,2026,2,1,ADULT,A-NEWBK,0,2
3872,2026,2,1,ADULT,A-NEWBK-FI,0,37
3873,2026,2,1,ADULT,A-NEWBK-LP,0,3
3874,2026,2,1,ADULT,A-NEWBK-NF,0,16
3875,2026,2,1,ADULT,A-PARENT,0,2
3876,2026,2,1,ADULT,A-STACKS,0,1
3877,2026,2,1,ADULT,A-VID-GAME,0,1
3878,2026,2,1,ADULT,J-BEGINREA,0,15
3879,2026,2,1,ADULT,J-BIO,0,1
3880,2026,2,1,ADULT,J-CALDECTT,0,13
3881,2026,2,1,ADULT,J-EASY-PIC,0,4
3882,2026,2,1,ADULT,J-GRA,0,33
3883,2026,2,1,ADULT,J-NEWBERY,0,3
3884,2026,2,1,ADULT,J-PBK,0,14
3885,2026,2,1,ADULT,T-FIC,0,1
3886,2026,2,1,ADULT,YA,0,6
3887,2026,2,1,ADULT,YA-DVD,0,2
3888,2026,2,1,ADULT,YA-FIC,0,3
3889,2026,2,1,ADULT,YA-GRA,0,1
3890,2026,2,1,J-INTERNET,A-VID-GAME,0,2
3891,2026,2,1,J-INTERNET,J-DVD,0,1
3892,2026,2,1,J-INTERNET,J-EASY,0,3
3893,2026,2,1,J-INTERNET,J-FIC,0,15
3894,2026,2,1,J-INTERNET,J-GRA,0,3
3895,2026,2,1,J-INTERNET,J-NEWBERY,0,2
3896,2026,2,1,J-INTERNET,J-NF,0,8
3897,2026,2,1,J-INTERNET,J-PBK,0,1
3898,2026,2,1,J-INTERNET,J-PIC-BOOK,0,6
3899,2026,2,1,J-INTERNET,J-ROOM,0,2
3900,2026,2,1,J-INTERNET,YA-FIC,0,1
3901,2026,2,1,JUVENILE,A-FIC,0,3
3902,2026,2,5,ADULT,A-BLU-RAY,0,1
3903,2026,2,5,ADULT,A-LUCKYDAY,0,1
3904,2026,2,5,ADULT,A-NEWBIO,0,1
3905,2026,2,5,ADULT,A-PLAYAWAY,0,2
3906,2026,2,5,ADULT,A-SCIFIC,0,1
3907,2026,2,5,ADULT,T-GRA,0,1
3908,2026,2,5,ADULT,YA-ROOM,0,1
3909,2026,2,5,J-INTERNET,J-BIO,0,1
3910,2026,2,5,J-INTERNET,J-ROOM,0,1
3911,2026,2,5,JUVENILE,YA-GRA,0,5
3912,2026,2,5,JUVENILE,YA-PBK,0,2
3913,2026,2,5,STAFF-PERS,A-DVD,0,3
3914,2026,2,5,STAFF-PERS,J-DVD,0,4
3915,2026,2,5,STAFF-PERS,J-FIC,0,2
3916,2026,2,5,STAFF-PERS,YA-GRA,0,1
3917,2026,1,6,ADULT,A-AUD,9,7
3918,2026,1,6,ADULT,A-AUD-CD,1,1
3919,2026,1,6,ADULT,A-AUD-MP3,2,1
3920,2026,1,6,ADULT,A-DEMENTIA,6,12
3921,2026,1,6,ADULT,A-DVD,13,20
3922,2026,1,6,ADULT,A-FIC,29,20
3923,2026,1,6,ADULT,A-HOTSPOT,1,0
3924,2026,1,6,ADULT,A-INCL-C,2,2
3925,2026,1,6,ADULT,A-KIT,2,10
3926,2026,1,6,ADULT,A-KIT-HOBB,2,0
3927,2026,1,6,ADULT,A-LEASE-FI,10,14
3928,2026,1,6,ADULT,A-LEASE-LP,88,86
3929,2026,1,6,ADULT,A-LEASE-NF,16,14
3930,2026,1,6,ADULT,A-LP,17,20
3931,2026,1,6,ADULT,A-LP-FIC,28,9
3932,2026,1,6,ADULT,A-LP-MYS,1,0
3933,2026,1,6,ADULT,A-LP-WEST,1,0
3934,2026,1,6,ADULT,A-NEWBK,2,0
3935,2026,1,6,ADULT,A-NEWBK-FI,15,11
3936,2026,1,6,ADULT,A-NEWBK-LP,17,13
3937,2026,1,6,ADULT,A-NEWBK-NF,14,14
3938,2026,1,6,ADULT,A-NF,29,20
3939,2026,1,6,ADULT,A-PBK,1,0
3940,2026,1,6,ADULT,A-PLAYAWAY,25,28
3941,2026,1,6,ADULT,ILL,2,0
3942,2026,1,6,ADULT,J-CALDECTT,2,1
3943,2026,1,6,ADULT,J-DVD,10,17
3944,2026,1,6,ADULT,J-EASY,57,19
3945,2026,1,6,ADULT,J-FIC,12,16
3946,2026,1,6,ADULT,J-GRA,15,27
3947,2026,1,6,ADULT,J-NEWBERY,1,0
3948,2026,1,6,ADULT,J-NF,33,42
3949,2026,1,6,ADULT,J-PBK,2,0
3950,2026,1,6,ADULT,J-PIC-BOOK,68,41
3951,2026,1,6,ADULT,T-FIC,1,0
3952,2026,1,6,ADULT,YA-FIC,3,5
3953,2026,1,6,ADULT,YA-GRA,1,6
3954,2026,1,6,ADULT,YA-NF,1,3
3955,2026,1,6,DISCARD,A-LP-FIC,1,0
3956,2026,1,6,DISCARD,A-NEWBK-LP,1,0
3957,2026,1,6,DISCARD,J-EASY,1,0
3958,2026,1,6,DISCARD,J-NF,1,0
3959,2026,1,6,DISCARD,J-PIC-BOOK,2,0
3960,2026,1,6,DISCARD,YA,1,0
3961,2026,1,6,DISCARD,YA-FIC,1,0
3962,2026,1,6,DISCARD,YA-GRA,1,0
3963,2026,1,6,HOMEBOUND,A-AUD,9,0
3964,2026,1,6,HOMEBOUND,A-AUD-CD,1,0
3965,2026,1,6,HOMEBOUND,A-AUD-MP3,7,1
3966,2026,1,6,HOMEBOUND,A-BIO,1,0
3967,2026,1,6,HOMEBOUND,A-DVD,12,0
3968,2026,1,6,HOMEBOUND,A-DVD-FIC,3,0
3969,2026,1,6,HOMEBOUND,A-FIC,2,0
3970,2026,1,6,HOMEBOUND,A-FIC-CHRI,1,0
3971,2026,1,6,HOMEBOUND,A-FIC-URBN,1,0
3972,2026,1,6,HOMEBOUND,A-INCL-C,2,0
3973,2026,1,6,HOMEBOUND,A-LEASE-BK,1,0
3974,2026,1,6,HOMEBOUND,A-LEASE-FI,2,0
3975,2026,1,6,HOMEBOUND,A-LEASE-LP,16,1
3976,2026,1,6,HOMEBOUND,A-LEASE-NF,3,0
3977,2026,1,6,HOMEBOUND,A-LP,5,2
3978,2026,1,6,HOMEBOUND,A-LP-FIC,5,0
3979,2026,1,6,HOMEBOUND,A-LP-WEST,1,0
3980,2026,1,6,HOMEBOUND,A-MYSTERY,3,0
3981,2026,1,6,HOMEBOUND,A-NEWBK-LP,4,0
3982,2026,1,6,HOMEBOUND,A-NF,14,3
3983,2026,1,6,HOMEBOUND,A-PBK,1,0
3984,2026,1,6,HOMEBOUND,A-PLAYAWAY,2,1
3985,2026,1,6,HOMEBOUND,J-AUD,1,0
3986,2026,1,6,HOMEBOUND,J-DVD,9,0
3987,2026,1,6,HOMEBOUND,J-NF,3,0
3988,2026,1,6,HOMEBOUND,J-VIS-MEDI,1,0
3989,2026,1,6,HOMEBOUND,YA-AUD,2,0
3990,2026,1,6,HOMEBOUND,YA-NF,1,0
3991,2026,1,6,INST-TEACH,A-DEMENTIA,2,0
3992,2026,1,6,INST-TEACH,J-CALDECTT,12,4
3993,2026,1,6,INST-TEACH,J-EASY,92,33
3994,2026,1,6,INST-TEACH,J-EASY-PIC,2,1
3995,2026,1,6,INST-TEACH,J-FIC,5,0
3996,2026,1,6,INST-TEACH,J-GRA,5,0
3997,2026,1,6,INST-TEACH,J-KINDERBO,14,11
3998,2026,1,6,INST-TEACH,J-NF,59,1
3999,2026,1,6,INST-TEACH,J-PIC-BOOK,265,72
4000,2026,1,6,INST-TEACH,J-SPA,1,0
4001,2026,1,6,J-INTERNET,A-LEASE-FI,1,1
4002,2026,1,6,J-INTERNET,J-EASY,10,4
4003,2026,1,6,J-INTERNET,J-FIC,7,0
4004,2026,1,6,J-INTERNET,J-GRA,15,10
4005,2026,1,6,J-INTERNET,J-NF,10,6
4006,2026,1,6,J-INTERNET,J-PIC-BOOK,14,7
4007,2026,1,6,J-INTERNET,J-SPA,1,0
4008,2026,1,6,J-INTERNET,YA-FIC,1,0
4009,2026,1,6,J-INTERNET,YA-GRA,1,1
4010,2026,1,6,J-INTERNET,YA-NF,1,1
4011,2026,1,6,JUVENILE,A-GRA,2,1
4012,2026,1,6,JUVENILE,A-LEASE-LP,1,1
4013,2026,1,6,JUVENILE,A-LEASE-NF,1,0
4014,2026,1,6,JUVENILE,A-NEWBK-NF,1,0
4015,2026,1,6,JUVENILE,A-NF,1,3
4016,2026,1,6,JUVENILE,A-PLAYAWAY,2,0
4017,2026,1,6,JUVENILE,J-EASY,29,38
4018,2026,1,6,JUVENILE,J-FIC,23,12
4019,2026,1,6,JUVENILE,J-GRA,30,26
4020,2026,1,6,JUVENILE,J-KIT,1,2
4021,2026,1,6,JUVENILE,J-NF,50,30
4022,2026,1,6,JUVENILE,J-PIC-BOOK,45,38
4023,2026,1,6,JUVENILE,J-SPA,2,2
4024,2026,1,6,JUVENILE,STACKS,1,1
4025,2026,1,6,JUVENILE,YA,7,10
4026,2026,1,6,JUVENILE,YA-FIC,18,10
4027,2026,1,6,JUVENILE,YA-GRA,21,24
4028,2026,1,6,JUVENILE,YA-NF,4,3
4029,2026,1,6,STAFF-PERS,A-FIC,1,0
4030,2026,1,6,STAFF-PERS,A-NF,1,1
4031,2026,1,6,STAFF-PERS,J-FIC,3,0
4032,2026,1,6,STAFF-PERS,J-PIC-BOOK,1,0
4033,2026,1,6,STAFF-PERS,YA-VID-GAM,2,1
4034,2026,1,6,,J-EASY,1,0
4035,2026,1,6,,YA,1,0
4036,2026,1,2,A-NONRES,J-EASY,1,0
4037,2026,1,2,A-NONRES,J-PIC-BOOK,3,0
4038,2026,1,2,ADULT,A-AFR-AMER,1,0
4039,2026,1,2,ADULT,A-AUD,4,1
4040,2026,1,2,ADULT,A-AUD-CD,3,1
4041,2026,1,2,ADULT,A-BIO,5,1
4042,2026,1,2,ADULT,A-BK-CLUB,8,0
4043,2026,1,2,ADULT,A-DVD,114,109
4044,2026,1,2,ADULT,A-DVD-TV,2,3
4045,2026,1,2,ADULT,A-FIC,343,164
4046,2026,1,2,ADULT,A-HOMESCH,2,2
4047,2026,1,2,ADULT,A-HOTSPOT,64,0
4048,2026,1,2,ADULT,A-LEASE-BK,1,0
4049,2026,1,2,ADULT,A-LEASE-FI,6,0
4050,2026,1,2,ADULT,A-LEASE-LP,5,0
4051,2026,1,2,ADULT,A-LEASE-NF,1,1
4052,2026,1,2,ADULT,A-LP,60,27
4053,2026,1,2,ADULT,A-LP-FIC,18,4
4054,2026,1,2,ADULT,A-MYSTERY,5,5
4055,2026,1,2,ADULT,A-NEWBK,2,0
4056,2026,1,2,ADULT,A-NEWBK-FI,131,64
4057,2026,1,2,ADULT,A-NEWBK-LP,26,11
4058,2026,1,2,ADULT,A-NEWBK-NF,35,45
4059,2026,1,2,ADULT,A-NF,181,151
4060,2026,1,2,ADULT,A-PBK,5,4
4061,2026,1,2,ADULT,A-SC,1,0
4062,2026,1,2,ADULT,A-SCDOC-ME,2,2
4063,2026,1,2,ADULT,A-SCIFIC,2,2
4064,2026,1,2,ADULT,A-SPA,1,0
4065,2026,1,2,ADULT,A-STACKS,1,0
4066,2026,1,2,ADULT,A-VID-GAME,3,0
4067,2026,1,2,ADULT,A-VIS-MEDI,1,1
4068,2026,1,2,ADULT,AVAIL_SOON,1,0
4069,2026,1,2,ADULT,ILL,11,0
4070,2026,1,2,ADULT,J-AUD,1,0
4071,2026,1,2,ADULT,J-BEGINREA,1,0
4072,2026,1,2,ADULT,J-BOARD-BK,11,10
4073,2026,1,2,ADULT,J-CALDECTT,14,19
4074,2026,1,2,ADULT,J-DVD,77,82
4075,2026,1,2,ADULT,J-EASY,189,75
4076,2026,1,2,ADULT,J-EASY-F,4,4
4077,2026,1,2,ADULT,J-EASY-PIC,2,2
4078,2026,1,2,ADULT,J-FIC,140,104
4079,2026,1,2,ADULT,J-GRA,158,72
4080,2026,1,2,ADULT,J-GRA-COM,1,0
4081,2026,1,2,ADULT,J-KIT,1,3
4082,2026,1,2,ADULT,J-NEWBERY,10,3
4083,2026,1,2,ADULT,J-NF,238,112
4084,2026,1,2,ADULT,J-PBK,28,22
4085,2026,1,2,ADULT,J-PIC-BOOK,366,189
4086,2026,1,2,ADULT,J-ROOM,1,2
4087,2026,1,2,ADULT,J-SERIES,2,2
4088,2026,1,2,ADULT,J-SPA,6,2
4089,2026,1,2,ADULT,T-FIC,1,0
4090,2026,1,2,ADULT,YA,31,14
4091,2026,1,2,ADULT,YA-FIC,10,17
4092,2026,1,2,ADULT,YA-GRA,22,10
4093,2026,1,2,ADULT,YA-PBK,5,5
4094,2026,1,2,DAMAGED,A-AUD-CD,1,0
4095,2026,1,2,DAMAGED,A-DVD,2,0
4096,2026,1,2,DAMAGED,A-FIC,1,0
4097,2026,1,2,DAMAGED,A-HOTSPOT,44,0
4098,2026,1,2,DAMAGED,A-NF,1,0
4099,2026,1,2,DAMAGED,J-DVD,1,0
4100,2026,1,2,DAMAGED,J-EASY,1,0
4101,2026,1,2,DAMAGED,J-NF,2,0
4102,2026,1,2,DAMAGED,J-PIC-BOOK,1,0
4103,2026,1,2,DAMAGED,YA,1,0
4104,2026,1,2,DISCARD,A-AUD-CD,1,0
4105,2026,1,2,DISCARD,A-FIC,3,0
4106,2026,1,2,DISCARD,A-LP,1,0
4108,2026,1,2,DISCARD,J-EASY,39,0
4109,2026,1,2,DISCARD,J-FIC,2,0
4110,2026,1,2,DISCARD,J-GRA,2,0
4111,2026,1,2,DISCARD,J-NF,14,0
4112,2026,1,2,DISCARD,J-PBK,3,0
4113,2026,1,2,DISCARD,J-PIC-BOOK,2,0
4114,2026,1,2,DISCARD,YA,1,0
4115,2026,1,2,INST-TEACH,A-NF,2,0
4116,2026,1,2,INST-TEACH,J-DVD,1,1
4117,2026,1,2,J-INTERNET,A-DVD,3,3
4118,2026,1,2,J-INTERNET,A-FIC,2,0
4119,2026,1,2,J-INTERNET,A-NF,1,2
4120,2026,1,2,J-INTERNET,J-DVD,1,8
4121,2026,1,2,J-INTERNET,J-EASY,3,3
4122,2026,1,2,J-INTERNET,J-FIC,5,6
4123,2026,1,2,J-INTERNET,J-GRA,1,4
4124,2026,1,2,J-INTERNET,J-NF,10,8
4125,2026,1,2,J-INTERNET,J-PBK,1,4
4126,2026,1,2,J-INTERNET,J-PIC-BOOK,1,8
4127,2026,1,2,J-INTERNET,YA,3,0
4128,2026,1,2,J-INTERNET,YA-FIC,2,1
4129,2026,1,2,J-INTERNET,YA-GRA,12,0
4130,2026,1,2,JUVENILE,A-DVD,21,31
4131,2026,1,2,JUVENILE,A-DVD-TV,1,2
4132,2026,1,2,JUVENILE,A-FIC,17,7
4133,2026,1,2,JUVENILE,A-GRA,4,5
4134,2026,1,2,JUVENILE,A-NEWBK-FI,2,1
4135,2026,1,2,JUVENILE,A-NEWBK-LP,2,1
4136,2026,1,2,JUVENILE,A-NEWBK-NF,1,1
4137,2026,1,2,JUVENILE,A-NF,14,8
4138,2026,1,2,JUVENILE,A-VID-GAME,8,2
4139,2026,1,2,JUVENILE,J-EASY,42,23
4140,2026,1,2,JUVENILE,J-FIC,35,58
4141,2026,1,2,JUVENILE,J-GRA,63,41
4142,2026,1,2,JUVENILE,J-NEWBERY,2,0
4143,2026,1,2,JUVENILE,J-NF,28,16
4144,2026,1,2,JUVENILE,J-PBK,11,4
4145,2026,1,2,JUVENILE,J-PIC-BOOK,67,68
4146,2026,1,2,JUVENILE,J-SPA,5,3
4147,2026,1,2,JUVENILE,YA,10,7
4148,2026,1,2,JUVENILE,YA-FIC,3,3
4149,2026,1,2,JUVENILE,YA-GRA,6,3
4150,2026,1,2,JUVENILE,YA-PBK,1,1
4151,2026,1,2,MISSING,A-AUD,1,0
4152,2026,1,2,MISSING,A-FIC,3,0
4153,2026,1,2,MISSING,A-LP,1,0
4154,2026,1,2,MISSING,A-NF,4,0
4155,2026,1,2,MISSING,J-DVD,1,0
4156,2026,1,2,MISSING,J-EASY,3,0
4157,2026,1,2,MISSING,J-FIC,4,0
4158,2026,1,2,MISSING,J-GRA,1,0
4159,2026,1,2,MISSING,J-NF,4,0
4160,2026,1,2,MISSING,J-PIC-BOOK,3,0
4161,2026,1,2,PRGMNG,A-NF,7,0
4162,2026,1,2,PRGMNG,J-BOARD-BK,1,0
4163,2026,1,2,PRGMNG,J-EASY,5,0
4164,2026,1,2,PRGMNG,J-EASY-PIC,2,0
4165,2026,1,2,PRGMNG,J-NF,12,1
4166,2026,1,2,PRGMNG,J-PBK,1,0
4167,2026,1,2,PRGMNG,J-PIC-BOOK,33,7
4168,2026,1,2,PRGMNG,YA,3,0
4169,2026,1,2,PRGMNG,YA-FIC,4,0
4170,2026,1,2,STAFF-PERS,A-FIC,7,4
4171,2026,1,2,STAFF-PERS,A-GRA,3,0
4172,2026,1,2,STAFF-PERS,A-NEWBK-FI,7,4
4173,2026,1,2,STAFF-PERS,A-NEWBK-NF,4,1
4174,2026,1,2,STAFF-PERS,A-NF,16,12
4175,2026,1,2,STAFF-PERS,J-EASY,9,0
4176,2026,1,2,STAFF-PERS,J-FIC,8,1
4177,2026,1,2,STAFF-PERS,J-GRA,2,0
4178,2026,1,2,STAFF-PERS,J-GRA-COM,2,0
4179,2026,1,2,STAFF-PERS,J-NF,2,3
4180,2026,1,2,STAFF-PERS,J-PBK,2,0
4181,2026,1,2,STAFF-PERS,J-PIC-BOOK,8,0
4182,2026,1,2,STAFF-PERS,YA-GRA,2,0
4183,2026,1,2,TEEN,A-FIC,1,2
4184,2026,1,2,TEEN,A-NF,12,12
4185,2026,1,2,TEEN,J-EASY,1,1
4186,2026,1,2,TEEN,J-GRA,11,11
4187,2026,1,2,TEEN,J-PIC-BOOK,2,2
4188,2026,1,2,TEEN,YA,1,0
4189,2026,1,2,TEEN,YA-FIC,1,1
4190,2026,1,2,TEEN,YA-GRA,3,3
4191,2026,1,2,YCLCIRC,A-HOTSPOT,1,0
4192,2026,1,2,,A-NF,1,0
4193,2026,1,2,,J-EASY,3,0
4194,2026,1,2,,J-FIC,2,0
4195,2026,1,2,,J-GRA,2,0
4196,2026,1,2,,J-NF,7,0
4197,2026,1,2,,J-PBK,1,0
4198,2026,1,2,,J-PIC-BOOK,6,0
4199,2026,1,12,ADULT,A-AUD,1,0
4200,2026,1,12,ADULT,A-DVD,3,1
4201,2026,1,12,ADULT,A-FIC,17,5
4202,2026,1,12,ADULT,A-LP,2,2
4203,2026,1,12,ADULT,A-NEWBK,2,0
4204,2026,1,12,ADULT,A-NEWBK-FI,1,0
4205,2026,1,12,ADULT,A-NF,12,6
4206,2026,1,12,ADULT,J-EASY-PIC,1,0
4207,2026,1,12,ADULT,J-FIC,10,1
4208,2026,1,12,ADULT,J-NEWBERY,2,0
4209,2026,1,12,ADULT,J-NF,5,0
4210,2026,1,12,ADULT,J-PBK,4,0
4211,2026,1,12,ADULT,J-PIC-BOOK,4,2
4212,2026,1,12,ADULT,YA-FIC,1,1
4213,2026,1,12,ADULT,YA-PBK,1,1
4214,2026,1,12,ADULT,YA-ROOM,1,0
4215,2026,1,12,DAMAGED,A-HOTSPOT,1,0
4216,2026,1,12,JUVENILE,A-NEWBK-FI,2,0
4217,2026,1,12,JUVENILE,A-NF,1,1
4218,2026,1,12,JUVENILE,J-FIC,1,1
4219,2026,1,12,JUVENILE,J-GRA,11,1
4220,2026,1,12,JUVENILE,J-NEWBERY,3,1
4221,2026,1,12,JUVENILE,J-NF,1,1
4222,2026,1,3,A-NONRES,A-AUD-CD,1,2
4223,2026,1,3,A-NONRES,A-DVD,5,6
4224,2026,1,3,A-NONRES,A-FIC,12,6
4225,2026,1,3,A-NONRES,A-HOMESCH,3,2
4226,2026,1,3,A-NONRES,A-KIT,5,0
4227,2026,1,3,A-NONRES,A-LP,3,1
4228,2026,1,3,A-NONRES,A-NEWBK-FI,4,2
4229,2026,1,3,A-NONRES,A-NEWBK-LP,1,0
4230,2026,1,3,A-NONRES,A-NEWBK-NF,1,0
4231,2026,1,3,A-NONRES,A-NF,8,13
4232,2026,1,3,A-NONRES,A-VIS-MEDI,1,0
4233,2026,1,3,A-NONRES,ILL,2,0
4234,2026,1,3,A-NONRES,J-EASY,12,9
4235,2026,1,3,A-NONRES,J-FIC,3,5
4236,2026,1,3,A-NONRES,J-GRA,1,0
4237,2026,1,3,A-NONRES,J-KIT,1,2
4238,2026,1,3,A-NONRES,J-NF,9,11
4239,2026,1,3,A-NONRES,J-PBK,3,3
4240,2026,1,3,A-NONRES,J-PIC-BOOK,20,26
4241,2026,1,3,A-NONRES,UNKNOWN,1,0
4242,2026,1,3,A-NONRES,YA-GRA,1,0
4243,2026,1,3,ADULT,A-AFRAM-FI,1,0
4244,2026,1,3,ADULT,A-AUD,74,18
4245,2026,1,3,ADULT,A-AUD-CD,149,80
4246,2026,1,3,ADULT,A-AUD-F,2,1
4247,2026,1,3,ADULT,A-AUD-NF,1,0
4248,2026,1,3,ADULT,A-BIO,35,20
4249,2026,1,3,ADULT,A-BK-CLUB,10,0
4250,2026,1,3,ADULT,A-BLU-RAY,2,3
4251,2026,1,3,ADULT,A-CAROL-NF,2,1
4252,2026,1,3,ADULT,A-DEMENTIA,5,5
4253,2026,1,3,ADULT,A-DVD,501,557
4254,2026,1,3,ADULT,A-DVD-FIC,10,12
4255,2026,1,3,ADULT,A-DVD-NF,1,1
4256,2026,1,3,ADULT,A-DVD-TV,7,7
4257,2026,1,3,ADULT,A-FIC,2820,1577
4258,2026,1,3,ADULT,A-GRA,55,24
4259,2026,1,3,ADULT,A-HOMESCH,41,31
4260,2026,1,3,ADULT,A-HOTSPOT,69,2
4261,2026,1,3,ADULT,A-INCL-C,2,0
4262,2026,1,3,ADULT,A-KIT,133,1
4263,2026,1,3,ADULT,A-KIT-HOBB,1,2
4264,2026,1,3,ADULT,A-LEASE-BK,2,3
4265,2026,1,3,ADULT,A-LEASE-FI,89,27
4266,2026,1,3,ADULT,A-LEASE-LP,20,4
4267,2026,1,3,ADULT,A-LEASE-NF,9,4
4268,2026,1,3,ADULT,A-LP,459,215
4269,2026,1,3,ADULT,A-LP-FIC,84,37
4270,2026,1,3,ADULT,A-LP-MYS,6,2
4271,2026,1,3,ADULT,A-LP-NF,6,1
4272,2026,1,3,ADULT,A-MUSIC-CD,14,1
4273,2026,1,3,ADULT,A-MYSTERY,18,10
4274,2026,1,3,ADULT,A-NEWBK,52,7
4275,2026,1,3,ADULT,A-NEWBK-FI,719,429
4276,2026,1,3,ADULT,A-NEWBK-LP,113,61
4277,2026,1,3,ADULT,A-NEWBK-NF,246,215
4278,2026,1,3,ADULT,A-NF,1582,1393
4279,2026,1,3,ADULT,A-OVERSIZE,1,0
4280,2026,1,3,ADULT,A-PARENT,2,1
4281,2026,1,3,ADULT,A-PBK,30,10
4282,2026,1,3,ADULT,A-PLAYAWAY,3,0
4283,2026,1,3,ADULT,A-PROF-COL,1,0
4284,2026,1,3,ADULT,A-SC,9,3
4285,2026,1,3,ADULT,A-SC-FIC,1,2
4286,2026,1,3,ADULT,A-SC-NF,2,0
4287,2026,1,3,ADULT,A-SCIFIC,2,2
4288,2026,1,3,ADULT,A-SFI-FAN,5,4
4289,2026,1,3,ADULT,A-SND-REC,2,1
4290,2026,1,3,ADULT,A-SPA,6,6
4291,2026,1,3,ADULT,A-SPA-FIC,2,4
4292,2026,1,3,ADULT,A-STACKS,3,0
4293,2026,1,3,ADULT,A-VID-GAME,14,8
4294,2026,1,3,ADULT,A-VIS-MEDI,7,3
4295,2026,1,3,ADULT,BASMNT,2,0
4296,2026,1,3,ADULT,ILL,36,0
4297,2026,1,3,ADULT,J-AUD,19,30
4298,2026,1,3,ADULT,J-AUD-CD,2,0
4299,2026,1,3,ADULT,J-BEGINREA,14,14
4300,2026,1,3,ADULT,J-BIO,21,12
4301,2026,1,3,ADULT,J-BOARD-BK,47,37
4302,2026,1,3,ADULT,J-CALDECTT,123,56
4303,2026,1,3,ADULT,J-CD-BK,1,2
4304,2026,1,3,ADULT,J-CHRISTMS,2,5
4305,2026,1,3,ADULT,J-DVD,423,579
4306,2026,1,3,ADULT,J-EASY,1395,941
4307,2026,1,3,ADULT,J-EASY-F,28,17
4308,2026,1,3,ADULT,J-EASY-PIC,16,8
4309,2026,1,3,ADULT,J-F-LANG,10,0
4310,2026,1,3,ADULT,J-F-LANG-F,1,0
4311,2026,1,3,ADULT,J-FIC,1361,1187
4312,2026,1,3,ADULT,J-GRA,994,622
4313,2026,1,3,ADULT,J-GRA-COM,7,7
4314,2026,1,3,ADULT,J-GRA-NF,2,0
4315,2026,1,3,ADULT,J-HOLIDAY,4,1
4316,2026,1,3,ADULT,J-KIT,4,7
4317,2026,1,3,ADULT,J-MUSIC-CD,1,0
4318,2026,1,3,ADULT,J-NEW,2,0
4319,2026,1,3,ADULT,J-NEWBERY,75,62
4320,2026,1,3,ADULT,J-NF,2250,1509
4321,2026,1,3,ADULT,J-OVERSIZE,1,0
4322,2026,1,3,ADULT,J-PBK,293,195
4323,2026,1,3,ADULT,J-PIC-BOOK,4242,2559
4324,2026,1,3,ADULT,J-ROOM,2,2
4325,2026,1,3,ADULT,J-SC,1,1
4326,2026,1,3,ADULT,J-SEASONAL,3,4
4327,2026,1,3,ADULT,J-SERIES,8,4
4328,2026,1,3,ADULT,J-SPA,52,28
4329,2026,1,3,ADULT,PARENTING,3,1
4330,2026,1,3,ADULT,T-FIC,27,11
4331,2026,1,3,ADULT,T-GRA,7,2
4332,2026,1,3,ADULT,UNKNOWN,2,1
4333,2026,1,3,ADULT,YA,185,179
4334,2026,1,3,ADULT,YA-AUD,1,0
4335,2026,1,3,ADULT,YA-DVD,3,6
4336,2026,1,3,ADULT,YA-FIC,108,77
4337,2026,1,3,ADULT,YA-GRA,212,128
4338,2026,1,3,ADULT,YA-GRA-COM,7,0
4339,2026,1,3,ADULT,YA-MANGA,14,1
4340,2026,1,3,ADULT,YA-NF,11,13
4341,2026,1,3,ADULT,YA-PBK,22,20
4342,2026,1,3,ADULT,YA-ROOM,2,4
4343,2026,1,3,ADULT,YA-SCIFIC,1,1
4344,2026,1,3,ADULT,YA-VID-GAM,1,0
4345,2026,1,3,DAMAGED,A-AUD,1,0
4346,2026,1,3,DAMAGED,A-AUD-CD,5,0
4347,2026,1,3,DAMAGED,A-DVD,1,0
4348,2026,1,3,DAMAGED,A-FIC,2,0
4349,2026,1,3,DAMAGED,A-HOTSPOT,25,0
4350,2026,1,3,DAMAGED,A-NEWBK-FI,1,0
4351,2026,1,3,DAMAGED,A-NF,2,0
4352,2026,1,3,DAMAGED,A-REF-REDY,1,0
4353,2026,1,3,DAMAGED,J-DVD,7,0
4354,2026,1,3,DAMAGED,J-EASY,2,0
4355,2026,1,3,DAMAGED,J-FIC,2,0
4356,2026,1,3,DAMAGED,J-GRA,1,0
4357,2026,1,3,DAMAGED,J-PBK,1,0
4358,2026,1,3,DAMAGED,J-PIC-BOOK,4,0
4359,2026,1,3,DISCARD,A-DVD,21,0
4360,2026,1,3,DISCARD,A-FIC,3,0
4361,2026,1,3,DISCARD,A-KIT,6,0
4362,2026,1,3,DISCARD,A-NF,2,0
4363,2026,1,3,DISCARD,ILL,2,0
4364,2026,1,3,DISCARD,J-DVD,1,0
4365,2026,1,3,DISCARD,J-EASY,3,0
4366,2026,1,3,DISCARD,J-FIC,1,0
4367,2026,1,3,DISCARD,J-GRA,4,0
4368,2026,1,3,DISCARD,J-NEWBERY,1,0
4369,2026,1,3,DISCARD,J-NF,3,0
4370,2026,1,3,DISCARD,J-PBK,5,0
4371,2026,1,3,DISCARD,J-PIC-BOOK,13,0
4372,2026,1,3,DISCARD,UNKNOWN,2,0
4373,2026,1,3,DISCARD,YA-GRA,3,0
4374,2026,1,3,INST-TEACH,A-FIC,2,0
4375,2026,1,3,INST-TEACH,A-HOMESCH,1,0
4376,2026,1,3,INST-TEACH,A-KIT,1,0
4377,2026,1,3,INST-TEACH,A-NF,12,0
4378,2026,1,3,INST-TEACH,J-BOARD-BK,5,0
4379,2026,1,3,INST-TEACH,J-CALDECTT,2,0
4380,2026,1,3,INST-TEACH,J-DVD,1,1
4381,2026,1,3,INST-TEACH,J-EASY,28,0
4382,2026,1,3,INST-TEACH,J-EASY-F,1,0
4383,2026,1,3,INST-TEACH,J-FIC,3,0
4384,2026,1,3,INST-TEACH,J-NF,45,0
4385,2026,1,3,INST-TEACH,J-PIC-BOOK,72,0
4386,2026,1,3,INST-TEACH,J-SPA,6,0
4387,2026,1,3,INST-TEACH,T-FIC,1,0
4388,2026,1,3,INST-TEACH,YA,1,0
4389,2026,1,3,INST-TEACH,YA-FIC,1,0
4390,2026,1,3,INST-TEACH,YA-GRA,3,0
4391,2026,1,3,J-INTERNET,A-DVD,13,19
4392,2026,1,3,J-INTERNET,A-FIC,29,42
4393,2026,1,3,J-INTERNET,A-GRA,5,2
4394,2026,1,3,J-INTERNET,A-KIT,5,0
4395,2026,1,3,J-INTERNET,A-LP,3,2
4396,2026,1,3,J-INTERNET,A-NEWBK,1,0
4397,2026,1,3,J-INTERNET,A-NEWBK-FI,4,3
4398,2026,1,3,J-INTERNET,A-NEWBK-NF,2,2
4399,2026,1,3,J-INTERNET,A-NF,30,30
4400,2026,1,3,J-INTERNET,A-VID-GAME,6,6
4401,2026,1,3,J-INTERNET,DDRC,1,0
4402,2026,1,3,J-INTERNET,J-AUD,2,0
4403,2026,1,3,J-INTERNET,J-BEGINREA,3,0
4404,2026,1,3,J-INTERNET,J-BIO,1,0
4405,2026,1,3,J-INTERNET,J-BOARD-BK,2,0
4406,2026,1,3,J-INTERNET,J-CALDECTT,3,1
4407,2026,1,3,J-INTERNET,J-DVD,22,39
4408,2026,1,3,J-INTERNET,J-EASY,87,69
4409,2026,1,3,J-INTERNET,J-EASY-BIO,1,0
4410,2026,1,3,J-INTERNET,J-EASY-F,2,0
4411,2026,1,3,J-INTERNET,J-EASY-PIC,2,0
4412,2026,1,3,J-INTERNET,J-FIC,110,109
4413,2026,1,3,J-INTERNET,J-GRA,115,55
4414,2026,1,3,J-INTERNET,J-GRA-COM,4,5
4415,2026,1,3,J-INTERNET,J-HOLIDAY,1,0
4416,2026,1,3,J-INTERNET,J-NEW,1,0
4417,2026,1,3,J-INTERNET,J-NEWBERY,3,8
4418,2026,1,3,J-INTERNET,J-NF,202,158
4419,2026,1,3,J-INTERNET,J-PBK,29,20
4420,2026,1,3,J-INTERNET,J-PIC-BOOK,260,199
4421,2026,1,3,J-INTERNET,J-ROOM,1,0
4422,2026,1,3,J-INTERNET,J-VIS-MEDI,2,3
4423,2026,1,3,J-INTERNET,T-FIC,1,1
4424,2026,1,3,J-INTERNET,T-GRA,2,0
4425,2026,1,3,J-INTERNET,T-MANGA,1,0
4426,2026,1,3,J-INTERNET,YA,12,35
4427,2026,1,3,J-INTERNET,YA-FIC,13,9
4428,2026,1,3,J-INTERNET,YA-GRA,64,33
4429,2026,1,3,J-INTERNET,YA-MANGA,2,0
4430,2026,1,3,J-INTERNET,YA-VID-GAM,2,1
4431,2026,1,3,JUVENILE,A-BIO,2,0
4432,2026,1,3,JUVENILE,A-DVD,3,8
4433,2026,1,3,JUVENILE,A-FIC,30,29
4434,2026,1,3,JUVENILE,A-GRA,17,15
4435,2026,1,3,JUVENILE,A-HOMESCH,4,2
4436,2026,1,3,JUVENILE,A-KIT,4,0
4437,2026,1,3,JUVENILE,A-NEWBK-FI,4,3
4438,2026,1,3,JUVENILE,A-NEWBK-NF,1,0
4439,2026,1,3,JUVENILE,A-NF,54,51
4440,2026,1,3,JUVENILE,A-SND-REC,1,1
4441,2026,1,3,JUVENILE,BASMNT,1,0
4442,2026,1,3,JUVENILE,J-AUD,4,0
4443,2026,1,3,JUVENILE,J-BEGINREA,10,1
4444,2026,1,3,JUVENILE,J-BIO,4,2
4445,2026,1,3,JUVENILE,J-BOARD-BK,10,2
4446,2026,1,3,JUVENILE,J-CALDECTT,13,6
4447,2026,1,3,JUVENILE,J-DVD,80,105
4448,2026,1,3,JUVENILE,J-EASY,162,101
4449,2026,1,3,JUVENILE,J-EASY-F,6,1
4450,2026,1,3,JUVENILE,J-EASY-PBK,1,0
4451,2026,1,3,JUVENILE,J-EASY-PIC,2,1
4452,2026,1,3,JUVENILE,J-FIC,313,186
4453,2026,1,3,JUVENILE,J-GRA,252,138
4454,2026,1,3,JUVENILE,J-GRA-COM,4,2
4455,2026,1,3,JUVENILE,J-HOLIDAY,1,2
4456,2026,1,3,JUVENILE,J-NEW,1,0
4457,2026,1,3,JUVENILE,J-NEWBERY,11,9
4458,2026,1,3,JUVENILE,J-NF,344,216
4459,2026,1,3,JUVENILE,J-PBK,85,54
4460,2026,1,3,JUVENILE,J-PIC-BOOK,489,369
4461,2026,1,3,JUVENILE,J-PLAYAWAY,1,0
4462,2026,1,3,JUVENILE,J-ROOM,1,0
4463,2026,1,3,JUVENILE,J-SERIES,2,0
4464,2026,1,3,JUVENILE,J-SPA,3,2
4465,2026,1,3,JUVENILE,J-SPA-PIC,1,0
4466,2026,1,3,JUVENILE,T-FIC,4,0
4467,2026,1,3,JUVENILE,T-GRA,2,0
4468,2026,1,3,JUVENILE,T-MANGA,2,0
4469,2026,1,3,JUVENILE,YA,63,36
4470,2026,1,3,JUVENILE,YA-FIC,32,20
4471,2026,1,3,JUVENILE,YA-GRA,79,60
4472,2026,1,3,JUVENILE,YA-GRA-COM,1,0
4473,2026,1,3,JUVENILE,YA-MANGA,2,0
4474,2026,1,3,JUVENILE,YA-NF,4,1
4475,2026,1,3,JUVENILE,YA-PBK,8,8
4476,2026,1,3,JUVENILE,YA-SCIFIC,1,0
4477,2026,1,3,JUVENILE,YA-SERIES,1,0
4478,2026,1,3,LOSTCARD,J-FIC,3,0
4479,2026,1,3,LOSTCARD,J-NF,1,0
4480,2026,1,3,MISSING,A-AUD-CD,1,0
4481,2026,1,3,MISSING,A-DVD,3,0
4482,2026,1,3,MISSING,A-FIC,15,0
4483,2026,1,3,MISSING,A-GRA,1,0
4484,2026,1,3,MISSING,A-HOMESCH,1,0
4485,2026,1,3,MISSING,A-HOTSPOT,1,0
4486,2026,1,3,MISSING,A-LP,2,0
4487,2026,1,3,MISSING,A-NEWBK-FI,2,0
4488,2026,1,3,MISSING,A-NEWBK-NF,3,0
4489,2026,1,3,MISSING,A-NF,11,0
4490,2026,1,3,MISSING,J-CALDECTT,5,0
4491,2026,1,3,MISSING,J-DVD,2,0
4492,2026,1,3,MISSING,J-EASY,3,0
4493,2026,1,3,MISSING,J-EASY-F,1,0
4494,2026,1,3,MISSING,J-FIC,8,0
4495,2026,1,3,MISSING,J-NEWBERY,1,0
4496,2026,1,3,MISSING,J-NF,10,0
4497,2026,1,3,MISSING,J-PBK,4,0
4498,2026,1,3,MISSING,J-PIC-BOOK,14,0
4499,2026,1,3,MISSING,YA,3,0
4500,2026,1,3,MISSING,YA-FIC,1,0
4501,2026,1,3,MISSING,YA-GRA,1,0
4502,2026,1,3,PRGMNG,A-BIO,7,0
4503,2026,1,3,PRGMNG,A-BK-CLUB,1,1
4504,2026,1,3,PRGMNG,A-DVD,1,0
4505,2026,1,3,PRGMNG,A-FIC,87,2
4506,2026,1,3,PRGMNG,A-GRA,1,0
4507,2026,1,3,PRGMNG,A-LEAS-BIO,1,0
4508,2026,1,3,PRGMNG,A-LP,8,1
4509,2026,1,3,PRGMNG,A-LP-FIC,2,0
4510,2026,1,3,PRGMNG,A-MYSTERY,2,0
4511,2026,1,3,PRGMNG,A-NEWBK-FI,6,10
4512,2026,1,3,PRGMNG,A-NEWBK-LP,1,0
4513,2026,1,3,PRGMNG,A-NEWBK-NF,13,4
4514,2026,1,3,PRGMNG,A-NF,58,5
4515,2026,1,3,PRGMNG,A-PROF-COL,1,0
4516,2026,1,3,PRGMNG,A-SFI-FAN,1,0
4517,2026,1,3,PRGMNG,J-BOARD-BK,21,0
4518,2026,1,3,PRGMNG,J-CALDECTT,8,0
4519,2026,1,3,PRGMNG,J-DVD,1,2
4520,2026,1,3,PRGMNG,J-EASY,126,0
4521,2026,1,3,PRGMNG,J-EASY-F,9,0
4522,2026,1,3,PRGMNG,J-EASY-PIC,5,0
4523,2026,1,3,PRGMNG,J-FIC,20,4
4524,2026,1,3,PRGMNG,J-GRA,19,8
4525,2026,1,3,PRGMNG,J-HOLIDAY,1,0
4526,2026,1,3,PRGMNG,J-NF,49,4
4527,2026,1,3,PRGMNG,J-PBK,1,0
4528,2026,1,3,PRGMNG,J-PIC-BOOK,756,9
4529,2026,1,3,PRGMNG,UNKNOWN,1,0
4530,2026,1,3,PRGMNG,YA,3,0
4531,2026,1,3,PRGMNG,YA-FIC,6,0
4532,2026,1,3,PRGMNG,YA-GRA,3,0
4533,2026,1,3,REPAIR,J-FIC,1,0
4534,2026,1,3,STAFF-PERS,A-AUD,2,2
4535,2026,1,3,STAFF-PERS,A-DVD,2,1
4536,2026,1,3,STAFF-PERS,A-FIC,17,22
4537,2026,1,3,STAFF-PERS,A-GRA,3,2
4538,2026,1,3,STAFF-PERS,A-KIT-HOBB,1,1
4539,2026,1,3,STAFF-PERS,A-LEASE-FI,1,0
4540,2026,1,3,STAFF-PERS,A-NEWBK,1,0
4541,2026,1,3,STAFF-PERS,A-NEWBK-FI,16,9
4542,2026,1,3,STAFF-PERS,A-NEWBK-NF,6,5
4543,2026,1,3,STAFF-PERS,A-NF,29,29
4544,2026,1,3,STAFF-PERS,ILL,3,0
4545,2026,1,3,STAFF-PERS,J-BEGINREA,1,2
4546,2026,1,3,STAFF-PERS,J-BIO,9,0
4547,2026,1,3,STAFF-PERS,J-CALDECTT,2,0
4548,2026,1,3,STAFF-PERS,J-DVD,7,0
4549,2026,1,3,STAFF-PERS,J-EASY,13,24
4550,2026,1,3,STAFF-PERS,J-FIC,2,0
4551,2026,1,3,STAFF-PERS,J-GRA,1,0
4552,2026,1,3,STAFF-PERS,J-KIT,1,0
4553,2026,1,3,STAFF-PERS,J-NF,20,3
4554,2026,1,3,STAFF-PERS,J-PIC-BOOK,16,22
4555,2026,1,3,STAFF-PERS,YA,1,2
4556,2026,1,3,STAFF-PERS,YA-FIC,14,5
4557,2026,1,3,STAFF-PERS,YA-GRA,1,0
4558,2026,1,3,STAFF-PERS,YA-PBK,2,1
4559,2026,1,3,STAFF-PERS,YA-ROOM,1,1
4560,2026,1,3,TEEN,A-FIC,8,5
4561,2026,1,3,TEEN,J-EASY,1,3
4562,2026,1,3,TEEN,J-FIC,1,0
4563,2026,1,3,TEEN,J-PBK,1,0
4564,2026,1,3,TEEN,YA,1,3
4565,2026,1,3,TEEN,YA-FIC,1,8
4566,2026,1,3,,A-NF,3,1
4567,2026,1,3,,J-NF,2,0
4568,2026,1,3,,J-PIC-BOOK,2,0
4569,2026,1,13,ADULT,A-AUD,2,0
4570,2026,1,13,ADULT,A-BIO,5,2
4571,2026,1,13,ADULT,A-BLU-RAY,1,0
4572,2026,1,13,ADULT,A-DVD,1,2
4573,2026,1,13,ADULT,A-FIC,81,20
4574,2026,1,13,ADULT,A-GRA,1,0
4575,2026,1,13,ADULT,A-LEASE-FI,7,1
4576,2026,1,13,ADULT,A-LEASE-NF,4,0
4577,2026,1,13,ADULT,A-LP,5,0
4578,2026,1,13,ADULT,A-LP-FIC,6,1
4579,2026,1,13,ADULT,A-MYSTERY,1,0
4580,2026,1,13,ADULT,A-NEWBK,1,1
4581,2026,1,13,ADULT,A-NEWBK-FI,18,5
4582,2026,1,13,ADULT,A-NEWBK-LP,1,1
4583,2026,1,13,ADULT,A-NEWBK-NF,14,12
4584,2026,1,13,ADULT,A-NF,66,27
4585,2026,1,13,ADULT,A-PARENT,1,0
4586,2026,1,13,ADULT,A-PBK,1,0
4587,2026,1,13,ADULT,A-SFI-FAN,1,0
4588,2026,1,13,ADULT,A-VID-GAME,2,3
4589,2026,1,13,ADULT,J-AUD,2,0
4590,2026,1,13,ADULT,J-AUD-CD,1,0
4591,2026,1,13,ADULT,J-BEGINREA,4,0
4592,2026,1,13,ADULT,J-BIO,4,1
4593,2026,1,13,ADULT,J-BOARD-BK,1,1
4594,2026,1,13,ADULT,J-CALDECTT,5,7
4595,2026,1,13,ADULT,J-DVD,1,0
4596,2026,1,13,ADULT,J-EASY,16,1
4597,2026,1,13,ADULT,J-EASY-F,2,3
4598,2026,1,13,ADULT,J-FIC,30,22
4599,2026,1,13,ADULT,J-GRA,7,9
4600,2026,1,13,ADULT,J-NEWBERY,2,10
4601,2026,1,13,ADULT,J-NF,27,13
4602,2026,1,13,ADULT,J-PBK,6,3
4603,2026,1,13,ADULT,J-PIC-BOOK,26,3
4604,2026,1,13,ADULT,J-ROOM,3,0
4605,2026,1,13,ADULT,J-SPA,1,0
4606,2026,1,13,ADULT,T-FIC,1,1
4607,2026,1,13,ADULT,YA,1,0
4608,2026,1,13,ADULT,YA-FIC,4,3
4609,2026,1,13,ADULT,YA-GRA,3,0
4610,2026,1,13,ADULT,YA-PBK,1,0
4611,2026,1,13,ADULT,YA-VID-GAM,1,0
4612,2026,1,13,DISCARD,J-EASY,1,0
4613,2026,1,13,DISCARD,J-PIC-BOOK,2,0
4614,2026,1,13,INST-TEACH,A-SC-FIC,1,0
4615,2026,1,13,INST-TEACH,J-EASY,2,0
4616,2026,1,13,INST-TEACH,J-NF,4,0
4617,2026,1,13,INST-TEACH,J-PIC-BOOK,5,0
4618,2026,1,13,J-INTERNET,A-NF,2,0
4619,2026,1,13,J-INTERNET,A-VID-GAME,1,0
4620,2026,1,13,J-INTERNET,J-BEGINREA,1,0
4621,2026,1,13,J-INTERNET,J-EASY,2,0
4622,2026,1,13,J-INTERNET,J-FIC,1,11
4623,2026,1,13,J-INTERNET,J-NF,6,0
4624,2026,1,13,J-INTERNET,J-PBK,1,1
4625,2026,1,13,J-INTERNET,J-PIC-BOOK,1,1
4626,2026,1,13,J-INTERNET,J-ROOM,1,0
4627,2026,1,13,J-INTERNET,T-FIC,1,1
4628,2026,1,13,J-INTERNET,YA-FIC,1,0
4629,2026,1,13,JUVENILE,A-DVD,1,0
4630,2026,1,13,JUVENILE,A-LP-NF,1,0
4631,2026,1,13,JUVENILE,A-NEWBK-NF,1,0
4632,2026,1,13,JUVENILE,A-NF,9,2
4633,2026,1,13,JUVENILE,J-AUD,1,0
4634,2026,1,13,JUVENILE,J-FIC,7,5
4635,2026,1,13,JUVENILE,J-NF,6,2
4636,2026,1,13,JUVENILE,J-PIC-BOOK,1,1
4637,2026,1,13,JUVENILE,T-FIC,1,0
4638,2026,1,13,PRGMNG,J-BOARD-BK,1,0
4639,2026,1,13,PRGMNG,J-EASY,3,0
4640,2026,1,13,PRGMNG,J-HOLIDAY,1,0
4641,2026,1,13,PRGMNG,J-NF,1,0
4642,2026,1,13,PRGMNG,J-PIC-BOOK,18,0
4643,2026,1,13,STAFF-PERS,J-PIC-BOOK,1,0
4644,2026,1,13,STAFF-PERS,YA-FIC,3,0
4645,2026,1,4,A-NONRES,A-FIC,9,1
4646,2026,1,4,A-NONRES,A-HOTSPOT,3,0
4647,2026,1,4,A-NONRES,A-NEWBK-FI,1,1
4648,2026,1,4,A-NONRES,A-PARENT,1,0
4649,2026,1,4,A-NONRES,J-EASY,9,0
4650,2026,1,4,A-NONRES,J-FIC,6,1
4651,2026,1,4,A-NONRES,J-NEWBERY,1,1
4652,2026,1,4,A-NONRES,J-NF,1,0
4653,2026,1,4,A-NONRES,J-PBK,4,1
4654,2026,1,4,A-NONRES,J-PIC-BOOK,28,1
4655,2026,1,4,A-NONRES,YA-PBK,1,1
4656,2026,1,4,ADULT,A-AFR-AMER,1,0
4657,2026,1,4,ADULT,A-AUD,44,20
4658,2026,1,4,ADULT,A-AUD-CD,60,14
4659,2026,1,4,ADULT,A-AUD-F,5,1
4660,2026,1,4,ADULT,A-BIO,1,3
4661,2026,1,4,ADULT,A-BK-CLUB,2,1
4662,2026,1,4,ADULT,A-DVD,167,125
4663,2026,1,4,ADULT,A-DVD-FIC,1,0
4664,2026,1,4,ADULT,A-DVD-NF,1,1
4665,2026,1,4,ADULT,A-DVD-TV,3,6
4666,2026,1,4,ADULT,A-FIC,733,319
4667,2026,1,4,ADULT,A-FIC-PBK,1,0
4668,2026,1,4,ADULT,A-HOTSPOT,25,1
4669,2026,1,4,ADULT,A-KIT-HOBB,1,2
4670,2026,1,4,ADULT,A-LEASE-BK,1,0
4671,2026,1,4,ADULT,A-LEASE-FI,14,4
4672,2026,1,4,ADULT,A-LEASE-LP,3,1
4673,2026,1,4,ADULT,A-LEASE-NF,2,1
4674,2026,1,4,ADULT,A-LP,94,33
4675,2026,1,4,ADULT,A-LP-FIC,26,3
4676,2026,1,4,ADULT,A-LP-NF,1,0
4677,2026,1,4,ADULT,A-MYSTERY,5,1
4678,2026,1,4,ADULT,A-NEWBK,4,1
4679,2026,1,4,ADULT,A-NEWBK-FI,209,104
4680,2026,1,4,ADULT,A-NEWBK-LP,24,21
4681,2026,1,4,ADULT,A-NEWBK-NF,101,56
4682,2026,1,4,ADULT,A-NF,266,208
4683,2026,1,4,ADULT,A-SC,2,2
4684,2026,1,4,ADULT,A-SCIFIC,1,1
4685,2026,1,4,ADULT,A-SFI-FAN,2,0
4686,2026,1,4,ADULT,A-SPA,1,0
4687,2026,1,4,ADULT,A-STACKS,2,1
4688,2026,1,4,ADULT,A-VID-GAME,7,4
4689,2026,1,4,ADULT,A-VIS-MEDI,1,1
4690,2026,1,4,ADULT,A-WESTERN,1,1
4691,2026,1,4,ADULT,ILL,7,0
4692,2026,1,4,ADULT,J-AUD,3,0
4693,2026,1,4,ADULT,J-BEGINREA,2,0
4694,2026,1,4,ADULT,J-BIO,1,0
4695,2026,1,4,ADULT,J-BOARD-BK,4,1
4696,2026,1,4,ADULT,J-CALDECTT,15,16
4697,2026,1,4,ADULT,J-DVD,34,77
4698,2026,1,4,ADULT,J-EASY,348,206
4699,2026,1,4,ADULT,J-EASY-F,1,0
4700,2026,1,4,ADULT,J-FIC,268,233
4701,2026,1,4,ADULT,J-GRA,138,161
4702,2026,1,4,ADULT,J-KIT,6,4
4703,2026,1,4,ADULT,J-NEWBERY,9,8
4704,2026,1,4,ADULT,J-NF,272,253
4705,2026,1,4,ADULT,J-PBK,89,71
4706,2026,1,4,ADULT,J-PIC-BOOK,830,470
4707,2026,1,4,ADULT,J-SPA,17,14
4708,2026,1,4,ADULT,T-FIC,5,1
4709,2026,1,4,ADULT,YA,32,25
4710,2026,1,4,ADULT,YA-FIC,16,26
4711,2026,1,4,ADULT,YA-GRA,42,40
4712,2026,1,4,ADULT,YA-NF,3,1
4713,2026,1,4,ADULT,YA-PBK,4,4
4714,2026,1,4,DAMAGED,A-AUD,1,0
4715,2026,1,4,DAMAGED,A-HOTSPOT,9,0
4716,2026,1,4,DAMAGED,DAMAGED,4,0
4717,2026,1,4,DAMAGED,J-GRA,1,0
4718,2026,1,4,DISCARD,A-AUD-CD,87,0
4719,2026,1,4,DISCARD,A-DVD,95,0
4720,2026,1,4,DISCARD,A-FIC,188,0
4721,2026,1,4,DISCARD,A-NEWBK-FI,1,0
4722,2026,1,4,DISCARD,A-NF,2,0
4723,2026,1,4,DISCARD,DISCARD,27,2
4724,2026,1,4,DISCARD,J-EASY,1,0
4725,2026,1,4,DISCARD,J-FIC,4,0
4726,2026,1,4,DISCARD,J-GRA,1,0
4727,2026,1,4,DISCARD,J-NF,1,0
4728,2026,1,4,DISCARD,J-PBK,1,0
4729,2026,1,4,DISCARD,J-PIC-BOOK,1,0
4730,2026,1,4,DISCARD,YA,1,0
4731,2026,1,4,J-INTERNET,A-FIC,4,4
4732,2026,1,4,J-INTERNET,A-NF,9,3
4733,2026,1,4,J-INTERNET,J-EASY,6,9
4734,2026,1,4,J-INTERNET,J-FIC,10,11
4735,2026,1,4,J-INTERNET,J-GRA,4,3
4736,2026,1,4,J-INTERNET,J-NEWBERY,1,0
4737,2026,1,4,J-INTERNET,J-NF,22,10
4738,2026,1,4,J-INTERNET,J-PBK,3,2
4739,2026,1,4,J-INTERNET,J-PIC-BOOK,20,16
4740,2026,1,4,J-INTERNET,J-SPA,1,1
4741,2026,1,4,J-INTERNET,YA,7,6
4742,2026,1,4,J-INTERNET,YA-FIC,1,0
4743,2026,1,4,JR-NONRES,J-EASY,4,0
4744,2026,1,4,JR-NONRES,J-PIC-BOOK,4,0
4745,2026,1,4,JUVENILE,A-DVD,7,11
4746,2026,1,4,JUVENILE,A-FIC,6,6
4747,2026,1,4,JUVENILE,A-LP,3,0
4748,2026,1,4,JUVENILE,A-LP-FIC,1,1
4749,2026,1,4,JUVENILE,A-NEWBK-FI,3,1
4750,2026,1,4,JUVENILE,A-NF,12,24
4751,2026,1,4,JUVENILE,J-BOARD-BK,1,0
4752,2026,1,4,JUVENILE,J-CALDECTT,6,4
4753,2026,1,4,JUVENILE,J-DVD,10,9
4754,2026,1,4,JUVENILE,J-EASY,94,34
4755,2026,1,4,JUVENILE,J-EASY-F,1,0
4756,2026,1,4,JUVENILE,J-FIC,95,73
4757,2026,1,4,JUVENILE,J-GRA,133,53
4758,2026,1,4,JUVENILE,J-NEWBERY,3,3
4759,2026,1,4,JUVENILE,J-NF,86,45
4760,2026,1,4,JUVENILE,J-PBK,36,22
4761,2026,1,4,JUVENILE,J-PIC-BOOK,223,92
4762,2026,1,4,JUVENILE,J-SPA,1,0
4763,2026,1,4,JUVENILE,T-FIC,1,0
4764,2026,1,4,JUVENILE,T-GRA,1,0
4765,2026,1,4,JUVENILE,YA,10,12
4766,2026,1,4,JUVENILE,YA-FIC,3,2
4767,2026,1,4,JUVENILE,YA-GRA,26,2
4768,2026,1,4,JUVENILE,YA-PBK,2,1
4769,2026,1,4,MISSING,A-AUD-CD,1,0
4770,2026,1,4,MISSING,A-FIC,6,0
4771,2026,1,4,MISSING,A-HOTSPOT,1,0
4772,2026,1,4,MISSING,A-LP,2,0
4773,2026,1,4,MISSING,A-NF,3,0
4774,2026,1,4,MISSING,J-EASY,3,0
4775,2026,1,4,MISSING,J-FIC,1,0
4776,2026,1,4,MISSING,J-GRA,1,0
4777,2026,1,4,MISSING,J-NF,5,0
4778,2026,1,4,MISSING,J-PBK,1,0
4779,2026,1,4,MISSING,J-PIC-BOOK,4,0
4780,2026,1,4,MISSING,YA,1,0
4781,2026,1,4,PRGMNG,A-FIC,8,0
4782,2026,1,4,PRGMNG,A-LP,3,0
4783,2026,1,4,PRGMNG,A-NEWBK-FI,4,0
4784,2026,1,4,PRGMNG,A-NEWBK-NF,3,0
4785,2026,1,4,PRGMNG,A-NF,28,0
4786,2026,1,4,PRGMNG,J-BIO,2,0
4787,2026,1,4,PRGMNG,J-CALDECTT,1,0
4788,2026,1,4,PRGMNG,J-DVD,1,0
4789,2026,1,4,PRGMNG,J-EASY,22,0
4790,2026,1,4,PRGMNG,J-EASY-F,1,0
4791,2026,1,4,PRGMNG,J-EASY-PIC,1,0
4792,2026,1,4,PRGMNG,J-FIC,6,0
4793,2026,1,4,PRGMNG,J-HOLIDAY,1,0
4794,2026,1,4,PRGMNG,J-NF,5,0
4795,2026,1,4,PRGMNG,J-PIC-BOOK,58,0
4796,2026,1,4,PRGMNG,J-SPA,3,0
4797,2026,1,4,PRGMNG,YA-FIC,1,0
4798,2026,1,4,STAFF-PERS,A-AUD,1,0
4799,2026,1,4,STAFF-PERS,A-BIO,1,0
4800,2026,1,4,STAFF-PERS,A-DVD,4,8
4801,2026,1,4,STAFF-PERS,A-FIC,16,7
4802,2026,1,4,STAFF-PERS,A-GRA,1,0
4803,2026,1,4,STAFF-PERS,A-LEASE-FI,2,0
4804,2026,1,4,STAFF-PERS,A-LEASE-LP,1,0
4805,2026,1,4,STAFF-PERS,A-LP,2,3
4806,2026,1,4,STAFF-PERS,A-LP-FIC,3,2
4807,2026,1,4,STAFF-PERS,A-MYSTERY,4,2
4808,2026,1,4,STAFF-PERS,A-NEWBK,1,0
4809,2026,1,4,STAFF-PERS,A-NEWBK-FI,6,0
4810,2026,1,4,STAFF-PERS,A-NEWBK-NF,1,2
4811,2026,1,4,STAFF-PERS,A-NF,23,4
4812,2026,1,4,STAFF-PERS,A-PBK,1,0
4813,2026,1,4,STAFF-PERS,J-DVD,1,2
4814,2026,1,4,STAFF-PERS,J-GRA,1,1
4815,2026,1,4,STAFF-PERS,J-NEWBERY,1,0
4816,2026,1,4,STAFF-PERS,J-NF,4,1
4817,2026,1,4,STAFF-PERS,YA,1,0
4818,2026,1,4,STAFF-PERS,YA-FIC,1,0
4819,2026,1,4,STAFF-PERS,YA-GRA,8,0
4820,2026,1,4,TEEN,A-GRA,1,3
4821,2026,1,4,TEEN,YA,8,9
4822,2026,1,4,TEEN,YA-FIC,3,8
4823,2026,1,4,YCLCIRC,A-FIC,7,0
4824,2026,1,4,YCLCIRC,A-LP,2,0
4825,2026,1,4,YCLCIRC,A-LP-FIC,1,0
4826,2026,1,4,YCLCIRC,A-MYSTERY,1,0
4827,2026,1,4,YCLCIRC,A-NEWBK-FI,1,0
4828,2026,1,4,YCLCIRC,A-NEWBK-NF,3,0
4829,2026,1,4,YCLCIRC,A-NF,8,0
4830,2026,1,4,YCLCIRC,A-PBK,1,0
4831,2026,1,4,YCLCIRC,J-PIC-BOOK,1,0
4832,2026,1,4,YCLCIRC,YA,1,0
4833,2026,1,4,,A-FIC,1,0
4834,2026,1,4,,A-NEWBK-FI,1,0
4835,2026,1,4,,A-NEWBK-NF,3,0
4836,2026,1,14,ADULT,A-AUD,1,0
4837,2026,1,14,ADULT,A-DVD,4,3
4838,2026,1,14,ADULT,A-FIC,47,11
4839,2026,1,14,ADULT,A-HOMESCH,1,1
4840,2026,1,14,ADULT,A-LEASE-FI,3,0
4841,2026,1,14,ADULT,A-LP,7,7
4842,2026,1,14,ADULT,A-LP-FIC,3,4
4843,2026,1,14,ADULT,A-NEWBK,3,1
4844,2026,1,14,ADULT,A-NEWBK-FI,9,2
4845,2026,1,14,ADULT,A-NEWBK-LP,3,3
4846,2026,1,14,ADULT,A-NEWBK-NF,3,0
4847,2026,1,14,ADULT,A-NF,18,17
4848,2026,1,14,ADULT,A-SFI-FAN,1,0
4849,2026,1,14,ADULT,A-VID-GAME,3,4
4850,2026,1,14,ADULT,A-WESTERN,1,0
4851,2026,1,14,ADULT,J-AUD,2,2
4852,2026,1,14,ADULT,J-BEGINREA,4,1
4853,2026,1,14,ADULT,J-BOARD-BK,1,0
4854,2026,1,14,ADULT,J-CALDECTT,4,0
4855,2026,1,14,ADULT,J-DVD,1,0
4856,2026,1,14,ADULT,J-EASY,4,1
4857,2026,1,14,ADULT,J-EASY-F,2,0
4858,2026,1,14,ADULT,J-FIC,13,0
4859,2026,1,14,ADULT,J-GRA,1,1
4860,2026,1,14,ADULT,J-GRA-COM,2,0
4861,2026,1,14,ADULT,J-HOLIDAY,1,0
4862,2026,1,14,ADULT,J-NEWBERY,4,1
4863,2026,1,14,ADULT,J-NF,18,0
4864,2026,1,14,ADULT,J-PIC-BOOK,7,5
4865,2026,1,14,ADULT,T-FIC,1,0
4866,2026,1,14,ADULT,YA,4,0
4867,2026,1,14,ADULT,YA-FIC,3,0
4868,2026,1,14,ADULT,YA-PBK,2,0
4869,2026,1,14,ADULT,YA-ROOM,1,0
4870,2026,1,14,JUVENILE,J-EASY,1,0
4871,2026,1,14,JUVENILE,J-FIC,2,1
4872,2026,1,14,JUVENILE,J-NF,7,1
4873,2026,1,14,JUVENILE,J-PIC-BOOK,1,2
4874,2026,1,1,ADULT,A-DVD,2,18
4875,2026,1,1,ADULT,A-NEWBK-NF,1,24
4876,2026,1,1,ADULT,A-NF,1,96
4877,2026,1,1,DAMAGED,A-AUD,1,0
4878,2026,1,1,DAMAGED,A-DVD,1,0
4879,2026,1,1,DAMAGED,A-FIC,1,0
4880,2026,1,1,DAMAGED,J-DVD,1,0
4881,2026,1,1,PRGMNG,J-EASY,1,0
4882,2026,1,1,PRGMNG,J-PIC-BOOK,1,0
4883,2026,1,1,STAFF-PERS,A-AUD,1,0
4884,2026,1,1,STAFF-PERS,A-AUD-CD,1,0
4885,2026,1,1,STAFF-PERS,A-FIC,3,0
4886,2026,1,1,STAFF-PERS,A-LEASE-NF,1,0
4887,2026,1,1,STAFF-PERS,A-MYSTERY,1,0
4888,2026,1,1,STAFF-PERS,A-NF,1,0
4889,2026,1,1,STAFF-PERS,J-PBK,1,0
4890,2026,1,1,STAFF-PERS,YA-GRA,1,2
4891,2026,1,5,A-NONRES,A-FIC,11,0
4892,2026,1,5,ADULT,A-AUD,27,2
4893,2026,1,5,ADULT,A-AUD-CD,45,8
4894,2026,1,5,ADULT,A-AUD-F,3,0
4895,2026,1,5,ADULT,A-BIO,7,1
4896,2026,1,5,ADULT,A-DVD,213,33
4897,2026,1,5,ADULT,A-DVD-TV,10,3
4898,2026,1,5,ADULT,A-FIC,787,152
4899,2026,1,5,ADULT,A-FIC-PBK,1,0
4900,2026,1,5,ADULT,A-GRA,2,1
4901,2026,1,5,ADULT,A-HOMESCH,26,7
4902,2026,1,5,ADULT,A-HOTSPOT,102,0
4903,2026,1,5,ADULT,A-KIT-HOBB,2,0
4904,2026,1,5,ADULT,A-LEASE-BK,2,0
4905,2026,1,5,ADULT,A-LEASE-FI,24,6
4906,2026,1,5,ADULT,A-LEASE-LP,10,2
4907,2026,1,5,ADULT,A-LEASE-NF,1,0
4908,2026,1,5,ADULT,A-LOCHIST,1,0
4909,2026,1,5,ADULT,A-LP,234,41
4910,2026,1,5,ADULT,A-LP-FIC,58,7
4911,2026,1,5,ADULT,A-LP-MYS,5,0
4912,2026,1,5,ADULT,A-LP-NF,2,0
4913,2026,1,5,ADULT,A-LP-WEST,7,0
4914,2026,1,5,ADULT,A-MYSTERY,5,1
4915,2026,1,5,ADULT,A-NEWBIO,1,0
4916,2026,1,5,ADULT,A-NEWBK,12,1
4917,2026,1,5,ADULT,A-NEWBK-FI,216,38
4918,2026,1,5,ADULT,A-NEWBK-LP,44,17
4919,2026,1,5,ADULT,A-NEWBK-NF,52,24
4920,2026,1,5,ADULT,A-NF,336,101
4921,2026,1,5,ADULT,A-PBK,3,0
4922,2026,1,5,ADULT,A-PLAYAWAY,2,0
4923,2026,1,5,ADULT,A-SC,1,1
4924,2026,1,5,ADULT,A-SCIFIC,1,0
4925,2026,1,5,ADULT,A-SND-REC,1,0
4926,2026,1,5,ADULT,A-SPA,1,0
4927,2026,1,5,ADULT,A-SPA-FIC,1,0
4928,2026,1,5,ADULT,A-STACKS,1,4
4929,2026,1,5,ADULT,A-VID-GAME,9,1
4930,2026,1,5,ADULT,A-VIS-MEDI,2,0
4931,2026,1,5,ADULT,A-WESTERN,3,0
4932,2026,1,5,ADULT,BASMNT,2,0
4933,2026,1,5,ADULT,ILL,20,0
4934,2026,1,5,ADULT,J-AUD,3,1
4935,2026,1,5,ADULT,J-BEGINREA,7,0
4936,2026,1,5,ADULT,J-BIO,3,4
4937,2026,1,5,ADULT,J-BOARD-BK,5,2
4938,2026,1,5,ADULT,J-CALDECTT,23,1
4939,2026,1,5,ADULT,J-DVD,131,40
4940,2026,1,5,ADULT,J-EASY,453,25
4941,2026,1,5,ADULT,J-EASY-F,7,1
4942,2026,1,5,ADULT,J-EASY-PIC,3,0
4943,2026,1,5,ADULT,J-FIC,279,45
4944,2026,1,5,ADULT,J-GRA,206,30
4945,2026,1,5,ADULT,J-KIT,8,3
4946,2026,1,5,ADULT,J-MUSIC-CD,1,0
4947,2026,1,5,ADULT,J-NEWBERY,19,2
4948,2026,1,5,ADULT,J-NF,471,76
4949,2026,1,5,ADULT,J-PBK,61,25
4950,2026,1,5,ADULT,J-PIC-BOOK,1045,97
4951,2026,1,5,ADULT,J-ROOM,3,1
4952,2026,1,5,ADULT,J-SEASONAL,2,0
4953,2026,1,5,ADULT,J-SPA,11,2
4954,2026,1,5,ADULT,PARENTING,2,2
4955,2026,1,5,ADULT,SC-FIC,1,1
4956,2026,1,5,ADULT,T-FIC,4,0
4957,2026,1,5,ADULT,YA,25,17
4958,2026,1,5,ADULT,YA-FIC,24,8
4959,2026,1,5,ADULT,YA-GRA,34,17
4960,2026,1,5,ADULT,YA-NF,2,0
4961,2026,1,5,ADULT,YA-ROOM,1,0
4962,2026,1,5,DAMAGED,A-BK-CLUB,1,0
4963,2026,1,5,DAMAGED,A-DVD,1,0
4964,2026,1,5,DAMAGED,A-FIC,1,0
4965,2026,1,5,DAMAGED,A-HOTSPOT,50,0
4966,2026,1,5,DAMAGED,A-NF,1,0
4967,2026,1,5,DISCARD,A-AUD,1,0
4968,2026,1,5,DISCARD,A-AUD-CD,16,0
4969,2026,1,5,DISCARD,A-DVD,1,0
4970,2026,1,5,DISCARD,A-FIC,89,0
4971,2026,1,5,DISCARD,A-HOTSPOT,1,0
4972,2026,1,5,DISCARD,A-LP,1,0
4973,2026,1,5,DISCARD,A-NF,141,0
4974,2026,1,5,DISCARD,A-SPA,21,0
4975,2026,1,5,DISCARD,A-SPA-FIC,2,0
4976,2026,1,5,DISCARD,ILL,80,0
4977,2026,1,5,DISCARD,J-DVD,1,0
4978,2026,1,5,DISCARD,J-EASY,4,0
4979,2026,1,5,DISCARD,J-FIC,406,1
4980,2026,1,5,DISCARD,J-GRA,4,0
4981,2026,1,5,DISCARD,J-NF,39,0
4982,2026,1,5,DISCARD,J-PIC-BOOK,3,0
4983,2026,1,5,DISCARD,J-REF,46,0
4984,2026,1,5,ILL,A-NF,1,0
4985,2026,1,5,INST-TEACH,J-GRA,1,0
4986,2026,1,5,INST-TEACH,J-PIC-BOOK,4,0
4987,2026,1,5,J-INTERNET,A-FIC,6,0
4988,2026,1,5,J-INTERNET,A-GRA,3,2
4989,2026,1,5,J-INTERNET,A-HOMESCH,2,0
4990,2026,1,5,J-INTERNET,A-NEWBK-NF,1,1
4991,2026,1,5,J-INTERNET,A-NF,36,7
4992,2026,1,5,J-INTERNET,A-VID-GAME,2,0
4993,2026,1,5,J-INTERNET,J-BEGINREA,1,0
4994,2026,1,5,J-INTERNET,J-BIO,2,0
4995,2026,1,5,J-INTERNET,J-BOARD-BK,2,0
4996,2026,1,5,J-INTERNET,J-CALDECTT,4,0
4997,2026,1,5,J-INTERNET,J-CHRISTMS,1,0
4998,2026,1,5,J-INTERNET,J-DVD,34,11
4999,2026,1,5,J-INTERNET,J-EASY,60,4
5000,2026,1,5,J-INTERNET,J-FIC,59,12
5001,2026,1,5,J-INTERNET,J-GRA,76,3
5002,2026,1,5,J-INTERNET,J-HOLIDAY,1,0
5003,2026,1,5,J-INTERNET,J-NEWBERY,2,0
5004,2026,1,5,J-INTERNET,J-NF,77,21
5005,2026,1,5,J-INTERNET,J-PBK,36,5
5006,2026,1,5,J-INTERNET,J-PIC-BOOK,142,7
5007,2026,1,5,J-INTERNET,J-ROOM,2,0
5008,2026,1,5,J-INTERNET,T-FIC,1,0
5009,2026,1,5,J-INTERNET,YA,13,4
5010,2026,1,5,J-INTERNET,YA-FIC,3,6
5011,2026,1,5,J-INTERNET,YA-GRA,36,11
5012,2026,1,5,J-INTERNET,YA-PBK,2,1
5013,2026,1,5,JUVENILE,A-FIC,11,1
5014,2026,1,5,JUVENILE,A-HOMESCH,2,0
5015,2026,1,5,JUVENILE,A-LP-FIC,2,0
5016,2026,1,5,JUVENILE,A-NEWBK-FI,1,0
5017,2026,1,5,JUVENILE,A-NF,4,0
5018,2026,1,5,JUVENILE,A-VID-GAME,5,4
5019,2026,1,5,JUVENILE,J-AUD,4,0
5020,2026,1,5,JUVENILE,J-BEGINREA,2,0
5021,2026,1,5,JUVENILE,J-BIO,2,0
5022,2026,1,5,JUVENILE,J-BOARD-BK,1,0
5023,2026,1,5,JUVENILE,J-CALDECTT,5,1
5024,2026,1,5,JUVENILE,J-DVD,28,6
5025,2026,1,5,JUVENILE,J-EASY,74,4
5026,2026,1,5,JUVENILE,J-EASY-F,3,0
5027,2026,1,5,JUVENILE,J-FIC,107,14
5028,2026,1,5,JUVENILE,J-GRA,91,13
5029,2026,1,5,JUVENILE,J-NEWBERY,1,0
5030,2026,1,5,JUVENILE,J-NF,62,10
5031,2026,1,5,JUVENILE,J-PBK,29,2
5032,2026,1,5,JUVENILE,J-PIC-BOOK,127,7
5033,2026,1,5,JUVENILE,J-SPA,1,0
5034,2026,1,5,JUVENILE,YA,2,0
5035,2026,1,5,JUVENILE,YA-FIC,2,0
5036,2026,1,5,JUVENILE,YA-PBK,1,0
5037,2026,1,5,JUVENILE,YA-VID-GAM,2,2
5038,2026,1,5,MISSING,A-AUD,1,0
5039,2026,1,5,MISSING,A-DVD,1,0
5040,2026,1,5,MISSING,A-FIC,4,0
5041,2026,1,5,MISSING,A-HOTSPOT,15,0
5042,2026,1,5,MISSING,A-NEWBK-FI,1,0
5043,2026,1,5,MISSING,A-NF,4,0
5044,2026,1,5,MISSING,J-BOARD-BK,1,0
5045,2026,1,5,MISSING,J-DVD,1,0
5046,2026,1,5,MISSING,J-FIC,2,0
5047,2026,1,5,MISSING,J-NF,3,0
5048,2026,1,5,MISSING,J-PBK,1,0
5049,2026,1,5,MISSING,J-PIC-BOOK,4,0
5050,2026,1,5,MISSING,YA-PBK,1,0
5051,2026,1,5,PRGMNG,A-BIO,8,0
5052,2026,1,5,PRGMNG,A-DVD,1,2
5053,2026,1,5,PRGMNG,A-FIC,11,1
5054,2026,1,5,PRGMNG,A-LEASE-BK,3,0
5055,2026,1,5,PRGMNG,A-LP,3,1
5056,2026,1,5,PRGMNG,A-LP-BIO,1,0
5057,2026,1,5,PRGMNG,A-LP-FIC,1,0
5058,2026,1,5,PRGMNG,A-NEWBIO,1,0
5059,2026,1,5,PRGMNG,A-NEWBK-LP,2,0
5060,2026,1,5,PRGMNG,A-NEWBK-NF,3,0
5061,2026,1,5,PRGMNG,A-NF,38,1
5062,2026,1,5,PRGMNG,J-NF,1,1
5063,2026,1,5,PRGMNG,J-PIC-BOOK,1,0
5064,2026,1,5,STAFF-PERS,A-DVD,2,1
5065,2026,1,5,STAFF-PERS,A-FIC,7,7
5066,2026,1,5,STAFF-PERS,A-NEWBK-FI,1,2
5067,2026,1,5,STAFF-PERS,A-NEWBK-NF,2,2
5068,2026,1,5,STAFF-PERS,A-NF,10,12
5069,2026,1,5,STAFF-PERS,A-VID-GAME,1,3
5070,2026,1,5,STAFF-PERS,ILL,1,0
5071,2026,1,5,STAFF-PERS,J-DVD,4,2
5072,2026,1,5,STAFF-PERS,J-FIC,1,2
5073,2026,1,5,STAFF-PERS,J-NF,2,1
5074,2026,1,5,TEEN,A-FIC,2,0
5075,2026,1,15,A-NONRES,A-FIC,6,0
5076,2026,1,15,A-NONRES,J-EASY,3,0
5077,2026,1,15,A-NONRES,J-PIC-BOOK,5,0
5078,2026,1,15,ADULT,A-BIO,1,0
5079,2026,1,15,ADULT,A-DVD,16,0
5080,2026,1,15,ADULT,A-DVD-TV,1,0
5081,2026,1,15,ADULT,A-FIC,47,0
5082,2026,1,15,ADULT,A-HOMESCH,1,0
5083,2026,1,15,ADULT,A-LEASE-FI,3,0
5084,2026,1,15,ADULT,A-LP,1,0
5085,2026,1,15,ADULT,A-LP-FIC,2,0
5086,2026,1,15,ADULT,A-NEWBK-FI,3,0
5087,2026,1,15,ADULT,A-NEWBK-NF,2,0
5088,2026,1,15,ADULT,A-NF,30,0
5089,2026,1,15,ADULT,A-VID-GAME,1,0
5090,2026,1,15,ADULT,J-BEGINREA,1,0
5091,2026,1,15,ADULT,J-EASY,2,0
5092,2026,1,15,ADULT,J-EASY-F,1,0
5093,2026,1,15,ADULT,J-FIC,3,0
5094,2026,1,15,ADULT,J-GRA,2,0
5095,2026,1,15,ADULT,J-NEWBERY,2,0
5096,2026,1,15,ADULT,J-NF,9,0
5097,2026,1,15,ADULT,J-PIC-BOOK,7,0
5098,2026,1,15,ADULT,J-ROOM,1,0
5099,2026,1,15,ADULT,T-FIC,1,0
5100,2026,1,15,ADULT,T-GRA,1,0
5101,2026,1,15,J-INTERNET,A-VID-GAME,1,0
5102,2026,1,15,J-INTERNET,J-GRA,1,0
5103,2026,1,6,ADULT,A-GRA,0,2
5104,2026,1,6,ADULT,A-LEASE-BK,0,1
5105,2026,1,6,ADULT,J-BIO,0,1
5106,2026,1,6,ADULT,STACKS,0,3
5107,2026,1,6,ADULT,YA,0,1
5108,2026,1,6,ADULT,YA-BIO,0,1
5109,2026,1,6,ADULT,YA-VID-GAM,0,1
5110,2026,1,6,J-INTERNET,A-GRA,0,1
5111,2026,1,6,J-INTERNET,J-BOARD-BK,0,2
5112,2026,1,6,J-INTERNET,YA,0,1
5113,2026,1,6,JUVENILE,A-LEASE-FI,0,2
5114,2026,1,6,JUVENILE,J-CHRISTMS,0,1
5115,2026,1,6,JUVENILE,J-PBK,0,1
5116,2026,1,6,STAFF-PERS,A-NEWBK-NF,0,1
5117,2026,1,2,ADULT,A-GRA,0,1
5118,2026,1,2,ADULT,A-LP-MYS,0,1
5119,2026,1,2,ADULT,A-SC-NF,0,1
5120,2026,1,2,ADULT,J-BIO,0,2
5121,2026,1,2,ADULT,YA-NF,0,1
5122,2026,1,2,JUVENILE,A-SPA,0,1
5123,2026,1,2,JUVENILE,J-DVD,0,4
5124,2026,1,2,JUVENILE,J-SERIES,0,1
5125,2026,1,2,JUVENILE,T-GRA,0,3
5126,2026,1,2,JUVENILE,YA-MANGA,0,2
5127,2026,1,2,PRGMNG,J-FIC,0,1
5128,2026,1,2,STAFF-PERS,A-DVD,0,4
5129,2026,1,2,TEEN,J-FIC,0,4
5130,2026,1,2,TEEN,YA-NF,0,2
5131,2026,1,12,ADULT,A-DVD-NF,0,1
5132,2026,1,12,JUVENILE,A-FIC,0,4
5133,2026,1,12,JUVENILE,J-CALDECTT,0,5
5134,2026,1,12,JUVENILE,J-PIC-BOOK,0,1
5135,2026,1,3,A-NONRES,YA-FIC,0,1
5136,2026,1,3,ADULT,A-AFR-AMER,0,2
5137,2026,1,3,ADULT,A-CHRISTMS,0,2
5138,2026,1,3,ADULT,A-INVESTIN,0,2
5139,2026,1,3,ADULT,SC-NF,0,2
5140,2026,1,3,COLLEGE,A-PLAYAWAY,0,2
5141,2026,1,3,J-INTERNET,A-HOMESCH,0,1
5142,2026,1,3,J-INTERNET,A-LOCHIST,0,2
5143,2026,1,3,J-INTERNET,A-LP-FIC,0,1
5144,2026,1,3,J-INTERNET,J-F-LANG-F,0,1
5145,2026,1,3,J-INTERNET,J-SPA,0,1
5146,2026,1,3,JUVENILE,A-AUD-CD,0,1
5147,2026,1,3,JUVENILE,A-LP,0,1
5148,2026,1,3,JUVENILE,A-LP-FIC,0,1
5149,2026,1,3,STAFF-PERS,A-AUD-CD,0,1
5150,2026,1,3,STAFF-PERS,T-FIC,0,2
5151,2026,1,3,STAFF-PERS,YA-SCIFIC,0,1
5152,2026,1,3,TEEN,A-NEWBK-FI,0,1
5153,2026,1,3,TEEN,A-NF,0,7
5154,2026,1,3,TEEN,A-SCIFIC,0,1
5155,2026,1,3,TEEN,J-GRA,0,2
5156,2026,1,3,TEEN,J-PIC-BOOK,0,3
5157,2026,1,3,TEEN,YA-GRA,0,2
5158,2026,1,13,ADULT,A-SC-FIC,0,1
5159,2026,1,13,ADULT,A-SCIFIC,0,1
5160,2026,1,13,J-INTERNET,J-EASY-F,0,5
5161,2026,1,13,J-INTERNET,J-SERIES,0,2
5162,2026,1,13,JUVENILE,J-EASY-F,0,1
5163,2026,1,13,JUVENILE,YA-FIC,0,1
5164,2026,1,13,STAFF-PERS,A-FIC,0,1
5165,2026,1,13,STAFF-PERS,A-NEWBK-FI,0,1
5166,2026,1,4,A-NONRES,J-BEGINREA,0,1
5167,2026,1,4,ADULT,A-INCL-C,0,1
5168,2026,1,4,ADULT,J-GRA-COM,0,2
5169,2026,1,4,ADULT,YA-MANGA,0,1
5170,2026,1,4,ADULT,YA-ROOM,0,2
5171,2026,1,4,INST-TEACH,J-EASY,0,2
5172,2026,1,4,J-INTERNET,J-DVD,0,4
5173,2026,1,4,J-INTERNET,YA-PBK,0,1
5174,2026,1,4,JUVENILE,A-NEWBK-NF,0,1
5175,2026,1,4,JUVENILE,A-SFI-FAN,0,1
5176,2026,1,4,PRGMNG,A-DVD,0,4
5177,2026,1,4,STAFF-PERS,J-PBK,0,1
5178,2026,1,4,TEEN,A-FIC,0,7
5179,2026,1,4,TEEN,A-NF,0,1
5180,2026,1,4,TEEN,J-FIC,0,1
5181,2026,1,4,TEEN,J-PIC-BOOK,0,1
5182,2026,1,4,TEEN,T-GRA,0,2
5183,2026,1,4,TEEN,YA-GRA,0,12
5184,2026,1,4,TEEN,YA-MANGA,0,3
5185,2026,1,14,ADULT,A-BIO,0,2
5186,2026,1,14,ADULT,A-PBK,0,1
5187,2026,1,14,ADULT,J-PBK,0,1
5188,2026,1,14,JUVENILE,J-GRA,0,1
5189,2026,1,14,TEEN,A-NF,0,1
5190,2026,1,1,ADULT,A-AUD,0,5
5191,2026,1,1,ADULT,A-AUD-CD,0,14
5192,2026,1,1,ADULT,A-BIO,0,2
5193,2026,1,1,ADULT,A-FED-DOC,0,1
5194,2026,1,1,ADULT,A-FIC,0,167
5195,2026,1,1,ADULT,A-HOMESCH,0,2
5196,2026,1,1,ADULT,A-KIT-HOBB,0,1
5197,2026,1,1,ADULT,A-LEASE-FI,0,9
5198,2026,1,1,ADULT,A-LEASE-LP,0,1
5199,2026,1,1,ADULT,A-LEASE-NF,0,1
5200,2026,1,1,ADULT,A-LP,0,43
5201,2026,1,1,ADULT,A-LP-FIC,0,6
5202,2026,1,1,ADULT,A-LP-NF,0,2
5203,2026,1,1,ADULT,A-MYSTERY,0,1
5204,2026,1,1,ADULT,A-NEWBK,0,3
5205,2026,1,1,ADULT,A-NEWBK-FI,0,29
5206,2026,1,1,ADULT,A-NEWBK-LP,0,4
5207,2026,1,1,ADULT,A-OVERSIZE,0,1
5208,2026,1,1,ADULT,A-PLAYAWAY,0,1
5209,2026,1,1,ADULT,A-SC,0,2
5210,2026,1,1,ADULT,A-SC-DOC,0,1
5211,2026,1,1,ADULT,A-SC-FIC,0,1
5212,2026,1,1,ADULT,A-SCIFIC,0,1
5213,2026,1,1,ADULT,A-SPA,0,2
5214,2026,1,1,ADULT,A-VID-GAME,0,8
5215,2026,1,1,ADULT,J-BEGINREA,0,7
5216,2026,1,1,ADULT,J-CALDECTT,0,1
5217,2026,1,1,ADULT,J-DVD,0,28
5218,2026,1,1,ADULT,J-EASY,0,48
5219,2026,1,1,ADULT,J-EASY-F,0,2
5220,2026,1,1,ADULT,J-EASY-PIC,0,7
5221,2026,1,1,ADULT,J-FIC,0,44
5222,2026,1,1,ADULT,J-GRA,0,27
5223,2026,1,1,ADULT,J-NEWBERY,0,8
5224,2026,1,1,ADULT,J-NF,0,91
5225,2026,1,1,ADULT,J-PBK,0,5
5226,2026,1,1,ADULT,J-PIC-BOOK,0,103
5227,2026,1,1,ADULT,J-SERIES,0,1
5228,2026,1,1,ADULT,J-SPA,0,2
5229,2026,1,1,ADULT,YA,0,12
5230,2026,1,1,ADULT,YA-FIC,0,12
5231,2026,1,1,ADULT,YA-GRA,0,2
5232,2026,1,1,ADULT,YA-PBK,0,6
5233,2026,1,1,J-INTERNET,A-FIC,0,1
5234,2026,1,1,J-INTERNET,A-VID-GAME,0,3
5235,2026,1,1,J-INTERNET,J-AUD,0,1
5236,2026,1,1,J-INTERNET,J-DVD,0,4
5237,2026,1,1,J-INTERNET,J-EASY,0,4
5238,2026,1,1,J-INTERNET,J-FIC,0,14
5239,2026,1,1,J-INTERNET,J-GRA,0,4
5240,2026,1,1,J-INTERNET,J-NEWBERY,0,1
5241,2026,1,1,J-INTERNET,J-NF,0,10
5242,2026,1,1,J-INTERNET,J-PBK,0,7
5243,2026,1,1,J-INTERNET,J-PIC-BOOK,0,6
5244,2026,1,1,JUVENILE,A-FIC,0,4
5245,2026,1,1,JUVENILE,A-NF,0,3
5246,2026,1,1,JUVENILE,A-SPA,0,2
5247,2026,1,1,JUVENILE,J-CALDECTT,0,2
5248,2026,1,1,JUVENILE,J-EASY,0,8
5249,2026,1,1,JUVENILE,J-EASY-F,0,1
5250,2026,1,1,JUVENILE,J-FIC,0,3
5251,2026,1,1,JUVENILE,J-GRA,0,10
5252,2026,1,1,JUVENILE,J-NF,0,4
5253,2026,1,1,JUVENILE,J-PBK,0,7
5254,2026,1,1,JUVENILE,J-PIC-BOOK,0,9
5255,2026,1,1,JUVENILE,YA,0,2
5256,2026,1,1,JUVENILE,YA-FIC,0,1
5257,2026,1,1,JUVENILE,YA-GRA,0,2
5258,2026,1,1,STAFF-PERS,A-DVD-TV,0,1
5259,2026,1,1,STAFF-PERS,A-VIS-MEDI,0,1
5260,2026,1,1,TEEN,YA-FIC,0,1
5261,2026,1,1,TEEN,YA-GRA,0,2
5262,2026,1,5,ADULT,A-DVD-FIC,0,1
5263,2026,1,5,ADULT,J-F-LANG,0,1
5264,2026,1,5,ADULT,T-GRA,0,1
5265,2026,1,5,J-INTERNET,A-AUD-MP3,0,1
5266,2026,1,5,J-INTERNET,J-EASY-F,0,1
5267,2026,1,5,J-INTERNET,YA-GRA-COM,0,1
5268,2026,1,5,J-INTERNET,YA-NF,0,1
5269,2026,1,5,JUVENILE,J-ROOM,0,1
5270,2026,1,5,JUVENILE,J-SERIES,0,1
5271,2026,1,5,JUVENILE,YA-GRA,0,4
5272,2026,1,5,STAFF-PERS,A-LP,0,1
5273,2026,1,5,STAFF-PERS,A-NEWBK-LP,0,1
5274,2026,1,5,STAFF-PERS,J-EASY,0,1
5275,2026,1,5,STAFF-PERS,J-GRA,0,1
5276,2026,1,5,STAFF-PERS,T-DVD,0,1
5277,2025,7,6,ADULT,A-AUD,7,2
5278,2025,7,6,ADULT,A-AUD-MP3,1,0
5279,2025,7,6,ADULT,A-BIO,1,0
5280,2025,7,6,ADULT,A-DVD,11,28
5281,2025,7,6,ADULT,A-FIC,45,10
5282,2025,7,6,ADULT,A-HOMESCH,1,0
5283,2025,7,6,ADULT,A-HOTSPOT,3,0
5284,2025,7,6,ADULT,A-KIT-HOBB,3,1
5285,2025,7,6,ADULT,A-LEASE-FI,9,12
5286,2025,7,6,ADULT,A-LEASE-LP,86,72
5287,2025,7,6,ADULT,A-LEASE-NF,5,4
5288,2025,7,6,ADULT,A-LP,42,7
5289,2025,7,6,ADULT,A-LP-FIC,31,12
5290,2025,7,6,ADULT,A-NEWBK,1,1
5291,2025,7,6,ADULT,A-NEWBK-FI,7,5
5292,2025,7,6,ADULT,A-NEWBK-LP,25,17
5293,2025,7,6,ADULT,A-NEWBK-NF,4,7
5294,2025,7,6,ADULT,A-NF,24,19
5295,2025,7,6,ADULT,A-PLAYAWAY,44,14
5296,2025,7,6,ADULT,J-CALDECTT,3,2
5297,2025,7,6,ADULT,J-DVD,12,22
5298,2025,7,6,ADULT,J-EASY,62,29
5299,2025,7,6,ADULT,J-FIC,28,17
5300,2025,7,6,ADULT,J-GRA,22,18
5301,2025,7,6,ADULT,J-KINDERBO,5,0
5302,2025,7,6,ADULT,J-NEWBERY,2,0
5303,2025,7,6,ADULT,J-NF,86,8
5304,2025,7,6,ADULT,J-PBK,3,1
5305,2025,7,6,ADULT,J-PIC-BOOK,111,31
5306,2025,7,6,ADULT,J-SPA,6,1
5307,2025,7,6,ADULT,YA,4,3
5308,2025,7,6,ADULT,YA-FIC,4,5
5309,2025,7,6,ADULT,YA-GRA,5,5
5310,2025,7,6,DISCARD,A-AUD,18,0
5311,2025,7,6,DISCARD,A-CHILDHOO,1,0
5312,2025,7,6,DISCARD,A-LEASE-LP,11,0
5313,2025,7,6,DISCARD,A-NEWBK-LP,8,0
5314,2025,7,6,DISCARD,J-EASY,3,0
5315,2025,7,6,DISCARD,J-FIC,2,0
5316,2025,7,6,DISCARD,J-GRA,2,0
5317,2025,7,6,DISCARD,J-NF,13,0
5318,2025,7,6,DISCARD,J-PBK,2,0
5319,2025,7,6,DISCARD,J-PIC-BOOK,9,0
5320,2025,7,6,DISCARD,J-SPA,2,0
5321,2025,7,6,DISCARD,YA,2,0
5322,2025,7,6,DISCARD,YA-FIC,2,0
5323,2025,7,6,DISCARD,YA-GRA,3,0
5324,2025,7,6,HOMEBOUND,A-AUD,6,1
5325,2025,7,6,HOMEBOUND,A-AUD-CD,7,0
5326,2025,7,6,HOMEBOUND,A-AUD-MP3,7,6
5327,2025,7,6,HOMEBOUND,A-AUD-NF,1,0
5328,2025,7,6,HOMEBOUND,A-DVD,12,1
5329,2025,7,6,HOMEBOUND,A-DVD-FIC,1,0
5330,2025,7,6,HOMEBOUND,A-FIC,5,0
5331,2025,7,6,HOMEBOUND,A-HOMESCH,1,0
5332,2025,7,6,HOMEBOUND,A-LEASE-FI,6,0
5333,2025,7,6,HOMEBOUND,A-LEASE-LP,17,0
5334,2025,7,6,HOMEBOUND,A-LEASE-NF,5,1
5335,2025,7,6,HOMEBOUND,A-LP,14,0
5336,2025,7,6,HOMEBOUND,A-LP-FIC,10,0
5337,2025,7,6,HOMEBOUND,A-MUSIC-CD,1,0
5338,2025,7,6,HOMEBOUND,A-NEWBK-LP,7,0
5339,2025,7,6,HOMEBOUND,A-NEWBK-NF,6,0
5340,2025,7,6,HOMEBOUND,A-NF,6,3
5341,2025,7,6,HOMEBOUND,A-PLAYAWAY,19,1
5342,2025,7,6,HOMEBOUND,A-SND-REC,1,0
5343,2025,7,6,HOMEBOUND,J-AUD,1,1
5344,2025,7,6,HOMEBOUND,J-NF,2,2
5345,2025,7,6,HOMEBOUND,YA-VIDEO,1,0
5346,2025,7,6,INST-TEACH,J-AUD,5,0
5347,2025,7,6,INST-TEACH,J-BOARD-BK,3,0
5348,2025,7,6,INST-TEACH,J-CALDECTT,9,0
5349,2025,7,6,INST-TEACH,J-EASY,126,14
5350,2025,7,6,INST-TEACH,J-EASY-F,2,0
5351,2025,7,6,INST-TEACH,J-EASY-PIC,1,0
5352,2025,7,6,INST-TEACH,J-FIC,10,2
5353,2025,7,6,INST-TEACH,J-GRA,9,0
5354,2025,7,6,INST-TEACH,J-KINDERBO,11,0
5355,2025,7,6,INST-TEACH,J-NEWBERY,1,1
5356,2025,7,6,INST-TEACH,J-NF,51,6
5357,2025,7,6,INST-TEACH,J-PIC-BOOK,356,1
5358,2025,7,6,INST-TEACH,J-SPA,4,0
5359,2025,7,6,INST-TEACH,YA,2,0
5360,2025,7,6,INST-TEACH,YA-FIC,1,0
5361,2025,7,6,J-INTERNET,A-GRA,1,1
5362,2025,7,6,J-INTERNET,J-EASY,5,5
5363,2025,7,6,J-INTERNET,J-FIC,4,16
5364,2025,7,6,J-INTERNET,J-GRA,26,25
5365,2025,7,6,J-INTERNET,J-NF,11,12
5366,2025,7,6,J-INTERNET,J-PIC-BOOK,13,9
5367,2025,7,6,J-INTERNET,J-SPA,3,2
5368,2025,7,6,J-INTERNET,STACKS,2,4
5369,2025,7,6,J-INTERNET,YA,2,0
5370,2025,7,6,J-INTERNET,YA-FIC,1,1
5371,2025,7,6,J-INTERNET,YA-GRA,5,12
5372,2025,7,6,JUVENILE,A-GRA,4,4
5373,2025,7,6,JUVENILE,A-LEASE-FI,6,5
5374,2025,7,6,JUVENILE,A-NEWBK-NF,1,0
5375,2025,7,6,JUVENILE,A-NF,2,2
5376,2025,7,6,JUVENILE,J-DVD,1,9
5377,2025,7,6,JUVENILE,J-EASY,19,18
5378,2025,7,6,JUVENILE,J-FIC,19,16
5379,2025,7,6,JUVENILE,J-GRA,29,27
5380,2025,7,6,JUVENILE,J-NEWBERY,2,2
5381,2025,7,6,JUVENILE,J-NF,42,24
5382,2025,7,6,JUVENILE,J-PIC-BOOK,21,17
5383,2025,7,6,JUVENILE,J-SPA,4,2
5384,2025,7,6,JUVENILE,STACKS,3,4
5385,2025,7,6,JUVENILE,YA,20,7
5386,2025,7,6,JUVENILE,YA-FIC,15,5
5387,2025,7,6,JUVENILE,YA-GRA,51,38
5388,2025,7,6,JUVENILE,YA-NF,4,3
5389,2025,7,6,JUVENILE,YA-VID-GAM,2,4
5390,2025,7,6,STAFF-PERS,A-AUD-NF,1,0
5391,2025,7,6,STAFF-PERS,A-FIC,1,1
5392,2025,7,6,STAFF-PERS,A-GRA,2,4
5393,2025,7,6,STAFF-PERS,A-LEASE-FI,1,0
5394,2025,7,6,STAFF-PERS,A-PLAYAWAY,1,0
5395,2025,7,6,STAFF-PERS,ILL,2,0
5396,2025,7,6,STAFF-PERS,YA-GRA,1,1
5397,2025,7,6,,A-LEASE-LP,1,0
5398,2025,7,6,,A-NF,1,0
5399,2025,7,6,,J-NF,1,0
5400,2025,7,6,,YA-FIC,2,0
5401,2025,7,6,,YA-GRA,2,0
5402,2025,7,6,,YA-NF,1,0
5403,2025,7,2,ADULT,A-AFR-AMER,1,0
5404,2025,7,2,ADULT,A-AUD,2,7
5405,2025,7,2,ADULT,A-AUD-CD,13,3
5406,2025,7,2,ADULT,A-AUD-MP3,1,1
5407,2025,7,2,ADULT,A-BIO,2,0
5408,2025,7,2,ADULT,A-BK-CLUB,1,0
5409,2025,7,2,ADULT,A-BLU-RAY,2,4
5410,2025,7,2,ADULT,A-CHILDHOO,3,0
5411,2025,7,2,ADULT,A-DVD,47,82
5412,2025,7,2,ADULT,A-DVD-FIC,2,2
5413,2025,7,2,ADULT,A-DVD-TV,1,5
5414,2025,7,2,ADULT,A-FIC,377,250
5415,2025,7,2,ADULT,A-FIC-URBN,1,1
5416,2025,7,2,ADULT,A-GRA,5,1
5417,2025,7,2,ADULT,A-HOMESCH,7,2
5418,2025,7,2,ADULT,A-HOTSPOT,59,0
5419,2025,7,2,ADULT,A-KIT-HOBB,2,2
5420,2025,7,2,ADULT,A-LEASE-BK,1,0
5421,2025,7,2,ADULT,A-LEASE-FI,12,2
5422,2025,7,2,ADULT,A-LEASE-LP,1,0
5423,2025,7,2,ADULT,A-LEASE-NF,3,0
5424,2025,7,2,ADULT,A-LITERACY,1,0
5425,2025,7,2,ADULT,A-LP,71,31
5426,2025,7,2,ADULT,A-LP-FIC,15,11
5427,2025,7,2,ADULT,A-LP-MYS,1,0
5428,2025,7,2,ADULT,A-LP-NF,2,0
5429,2025,7,2,ADULT,A-LP-WEST,2,0
5430,2025,7,2,ADULT,A-MYSTERY,9,3
5431,2025,7,2,ADULT,A-NEWBK-FI,160,95
5432,2025,7,2,ADULT,A-NEWBK-LP,18,11
5433,2025,7,2,ADULT,A-NEWBK-NF,22,35
5434,2025,7,2,ADULT,A-NF,166,166
5435,2025,7,2,ADULT,A-SCIFIC,2,1
5436,2025,7,2,ADULT,A-SFI-FAN,1,0
5437,2025,7,2,ADULT,A-VID-GAME,2,2
5438,2025,7,2,ADULT,A-VIS-MEDI,2,2
5439,2025,7,2,ADULT,A-WESTERN,1,0
5440,2025,7,2,ADULT,BKMOBILE,1,0
5441,2025,7,2,ADULT,ILL,16,0
5442,2025,7,2,ADULT,J-AUD,1,4
5443,2025,7,2,ADULT,J-BIO,1,1
5444,2025,7,2,ADULT,J-BOARD-BK,7,0
5445,2025,7,2,ADULT,J-CALDECTT,22,4
5446,2025,7,2,ADULT,J-DVD,90,131
5447,2025,7,2,ADULT,J-EASY,206,95
5448,2025,7,2,ADULT,J-EASY-F,2,0
5449,2025,7,2,ADULT,J-FIC,184,165
5450,2025,7,2,ADULT,J-GRA,128,89
5451,2025,7,2,ADULT,J-KIT,2,3
5452,2025,7,2,ADULT,J-NEWBERY,7,6
5453,2025,7,2,ADULT,J-NF,304,181
5454,2025,7,2,ADULT,J-PBK,34,24
5455,2025,7,2,ADULT,J-PIC-BOOK,421,181
5456,2025,7,2,ADULT,J-SPA,6,4
5457,2025,7,2,ADULT,J-SPA-BB,1,0
5458,2025,7,2,ADULT,LOCAUTH,2,0
5459,2025,7,2,ADULT,YA,41,23
5460,2025,7,2,ADULT,YA-FIC,17,11
5461,2025,7,2,ADULT,YA-GRA,47,26
5462,2025,7,2,ADULT,YA-NF,1,1
5463,2025,7,2,ADULT,YA-PBK,1,1
5464,2025,7,2,ADULT,YA-SERIES,1,0
5465,2025,7,2,ADULT,YA-VID-GAM,3,5
5466,2025,7,2,DAMAGED,A-FIC,2,0
5467,2025,7,2,DAMAGED,A-HOTSPOT,2,0
5468,2025,7,2,DAMAGED,A-NF,1,0
5469,2025,7,2,DAMAGED,J-FIC,1,0
5470,2025,7,2,DAMAGED,J-NF,1,0
5471,2025,7,2,DAMAGED,J-PIC-BOOK,1,0
5472,2025,7,2,DISCARD,A-AUD,25,0
5473,2025,7,2,DISCARD,A-AUD-CD,144,0
5474,2025,7,2,DISCARD,A-BIO,15,0
5475,2025,7,2,DISCARD,A-DVD,198,3
5476,2025,7,2,DISCARD,A-FIC,109,0
5477,2025,7,2,DISCARD,A-LP,37,0
5478,2025,7,2,DISCARD,A-NF,4,0
5479,2025,7,2,DISCARD,A-REF,71,0
5480,2025,7,2,DISCARD,J-CALDECTT,1,0
5481,2025,7,2,DISCARD,J-FIC,6,0
5482,2025,7,2,DISCARD,J-GRA,2,0
5483,2025,7,2,DISCARD,J-NF,15,0
5484,2025,7,2,DISCARD,J-PIC-BOOK,23,0
5485,2025,7,2,DISCARD,J-REF,103,0
5486,2025,7,2,DISCARD,YA,2,0
5487,2025,7,2,DISCARD,YA-FIC,1,0
5488,2025,7,2,DISCARD,YA-GRA,2,0
5489,2025,7,2,INST-TEACH,A-DVD,4,5
5490,2025,7,2,INST-TEACH,A-FIC,1,0
5491,2025,7,2,INST-TEACH,A-HOMESCH,1,0
5492,2025,7,2,INST-TEACH,A-VIS-MEDI,1,1
5493,2025,7,2,INST-TEACH,J-EASY,2,0
5494,2025,7,2,INST-TEACH,J-NF,1,0
5495,2025,7,2,INST-TEACH,J-PIC-BOOK,8,0
5496,2025,7,2,INST-TEACH,YA-DVD,1,1
5497,2025,7,2,J-INTERNET,A-DVD,6,5
5498,2025,7,2,J-INTERNET,A-FIC,5,1
5499,2025,7,2,J-INTERNET,A-NF,4,2
5500,2025,7,2,J-INTERNET,J-DVD,3,3
5501,2025,7,2,J-INTERNET,J-EASY,10,8
5502,2025,7,2,J-INTERNET,J-FIC,4,13
5503,2025,7,2,J-INTERNET,J-GRA,9,13
5504,2025,7,2,J-INTERNET,J-KIT,1,0
5505,2025,7,2,J-INTERNET,J-NF,24,10
5506,2025,7,2,J-INTERNET,J-PBK,6,3
5507,2025,7,2,J-INTERNET,J-PIC-BOOK,16,20
5508,2025,7,2,J-INTERNET,YA,5,8
5509,2025,7,2,J-INTERNET,YA-FIC,2,4
5510,2025,7,2,JUVENILE,A-DVD,12,8
5511,2025,7,2,JUVENILE,A-DVD-TV,1,0
5512,2025,7,2,JUVENILE,A-FIC,18,7
5513,2025,7,2,JUVENILE,A-HOMESCH,1,0
5514,2025,7,2,JUVENILE,A-NEWBK-FI,2,5
5515,2025,7,2,JUVENILE,A-NEWBK-NF,1,1
5516,2025,7,2,JUVENILE,A-NF,25,9
5517,2025,7,2,JUVENILE,A-VID-GAME,9,6
5518,2025,7,2,JUVENILE,J-AUD,3,0
5519,2025,7,2,JUVENILE,J-BEGINREA,2,0
5520,2025,7,2,JUVENILE,J-DVD,14,15
5521,2025,7,2,JUVENILE,J-EASY,58,26
5522,2025,7,2,JUVENILE,J-FIC,80,51
5523,2025,7,2,JUVENILE,J-GRA,85,67
5524,2025,7,2,JUVENILE,J-GRA-COM,2,0
5525,2025,7,2,JUVENILE,J-NEWBERY,2,6
5526,2025,7,2,JUVENILE,J-NF,72,57
5527,2025,7,2,JUVENILE,J-PBK,13,6
5528,2025,7,2,JUVENILE,J-PIC-BOOK,92,80
5529,2025,7,2,JUVENILE,J-SPA,3,0
5530,2025,7,2,JUVENILE,YA,13,7
5531,2025,7,2,JUVENILE,YA-FIC,8,9
5532,2025,7,2,JUVENILE,YA-GRA,6,7
5533,2025,7,2,JUVENILE,YA-NF,1,0
5534,2025,7,2,MISSING,A-AUD-CD,1,0
5535,2025,7,2,MISSING,A-FIC,3,0
5536,2025,7,2,MISSING,A-LP,1,0
5537,2025,7,2,MISSING,A-LP-FIC,1,0
5538,2025,7,2,MISSING,A-NF,7,0
5539,2025,7,2,MISSING,J-EASY,2,0
5540,2025,7,2,MISSING,J-FIC,1,0
5541,2025,7,2,MISSING,J-NF,3,0
5542,2025,7,2,MISSING,J-PBK,4,0
5543,2025,7,2,MISSING,J-PIC-BOOK,1,0
5544,2025,7,2,MISSING,YA,1,0
5545,2025,7,2,MISSING,YA-FIC,1,0
5546,2025,7,2,PRGMNG,A-FIC,1,0
5547,2025,7,2,STAFF-PERS,A-FIC,13,12
5548,2025,7,2,STAFF-PERS,A-GRA,4,7
5549,2025,7,2,STAFF-PERS,A-LP,2,3
5550,2025,7,2,STAFF-PERS,A-LP-FIC,1,1
5551,2025,7,2,STAFF-PERS,A-MYSTERY,3,3
5552,2025,7,2,STAFF-PERS,A-NEWBK-FI,1,2
5553,2025,7,2,STAFF-PERS,A-NEWBK-LP,1,0
5554,2025,7,2,STAFF-PERS,A-NF,5,5
5555,2025,7,2,STAFF-PERS,A-VID-GAME,4,0
5556,2025,7,2,STAFF-PERS,ILL,17,7
5557,2025,7,2,STAFF-PERS,J-BEGINREA,5,0
5558,2025,7,2,STAFF-PERS,J-EASY,22,1
5559,2025,7,2,STAFF-PERS,J-EASY-F,1,0
5560,2025,7,2,STAFF-PERS,J-FIC,2,0
5561,2025,7,2,STAFF-PERS,J-GRA,1,1
5562,2025,7,2,STAFF-PERS,J-NF,2,0
5563,2025,7,2,STAFF-PERS,J-PIC-BOOK,4,0
5564,2025,7,2,STAFF-PERS,YA-FIC,4,2
5565,2025,7,2,STAFF-PERS,YA-GRA,2,12
5566,2025,7,2,STAFF-PERS,YA-MANGA,3,2
5567,2025,7,2,STAFF-PERS,YA-VID-GAM,3,0
5568,2025,7,2,TEEN,A-FIC,2,4
5569,2025,7,2,TEEN,A-HOMESCH,1,0
5570,2025,7,2,TEEN,A-NF,6,2
5571,2025,7,2,TEEN,J-FIC,5,7
5572,2025,7,2,TEEN,J-GRA,7,4
5573,2025,7,2,TEEN,J-NF,6,3
5574,2025,7,2,TEEN,YA,3,7
5575,2025,7,2,TEEN,YA-FIC,2,3
5576,2025,7,2,,A-HOTSPOT,1,0
5577,2025,7,2,,J-EASY,1,3
5578,2025,7,2,,J-GRA,1,0
5579,2025,7,2,,J-PIC-BOOK,1,6
5580,2025,7,2,,YA,1,1
5581,2025,7,12,ADULT,A-DVD,3,1
5582,2025,7,12,ADULT,A-FIC,17,4
5583,2025,7,12,ADULT,A-LP,1,0
5584,2025,7,12,ADULT,A-LP-FIC,1,0
5585,2025,7,12,ADULT,A-NEWBK-FI,1,0
5586,2025,7,12,ADULT,A-NEWBK-NF,1,0
5587,2025,7,12,ADULT,A-NF,19,5
5588,2025,7,12,ADULT,A-VID-GAME,1,1
5589,2025,7,12,ADULT,J-FIC,3,2
5590,2025,7,12,ADULT,J-GRA-COM,1,1
5591,2025,7,12,ADULT,J-NF,1,3
5592,2025,7,12,ADULT,J-PIC-BOOK,1,0
5593,2025,7,12,ADULT,YA,1,0
5594,2025,7,12,ADULT,YA-FIC,1,0
5595,2025,7,12,ADULT,YA-GRA,2,0
5596,2025,7,12,ADULT,YA-PBK,1,0
5597,2025,7,12,INST-TEACH,A-FIC,1,0
5598,2025,7,12,J-INTERNET,J-BEGINREA,1,0
5599,2025,7,12,J-INTERNET,J-FIC,1,0
5600,2025,7,12,J-INTERNET,J-NF,2,0
5601,2025,7,3,A-NONRES,A-AUD-CD,1,0
5602,2025,7,3,A-NONRES,A-DVD,3,1
5603,2025,7,3,A-NONRES,A-FIC,4,9
5604,2025,7,3,A-NONRES,A-HOMESCH,1,0
5605,2025,7,3,A-NONRES,A-NEWBK-NF,1,0
5606,2025,7,3,A-NONRES,A-NF,8,10
5607,2025,7,3,A-NONRES,J-DVD,2,2
5608,2025,7,3,A-NONRES,J-EASY,14,6
5609,2025,7,3,A-NONRES,J-FIC,4,1
5610,2025,7,3,A-NONRES,J-GRA,4,3
5611,2025,7,3,A-NONRES,J-NF,10,16
5612,2025,7,3,A-NONRES,J-PBK,5,0
5613,2025,7,3,A-NONRES,J-PIC-BOOK,38,37
5614,2025,7,3,A-NONRES,YA-GRA,2,0
5615,2025,7,3,ADULT,A-AUD,30,15
5616,2025,7,3,ADULT,A-AUD-CD,66,52
5617,2025,7,3,ADULT,A-BIO,13,6
5618,2025,7,3,ADULT,A-BK-CLUB,4,3
5619,2025,7,3,ADULT,A-BLU-RAY,1,4
5620,2025,7,3,ADULT,A-CHILDHOO,1,3
5621,2025,7,3,ADULT,A-DVD,335,406
5622,2025,7,3,ADULT,A-DVD-FIC,5,1
5623,2025,7,3,ADULT,A-DVD-TV,8,9
5624,2025,7,3,ADULT,A-F-LANG,1,1
5625,2025,7,3,ADULT,A-FIC,2346,1396
5626,2025,7,3,ADULT,A-FIC-PBK,1,1
5627,2025,7,3,ADULT,A-GRA,46,29
5628,2025,7,3,ADULT,A-HOMESCH,36,43
5629,2025,7,3,ADULT,A-HOTSPOT,33,0
5630,2025,7,3,ADULT,A-INCL-C,1,0
5631,2025,7,3,ADULT,A-KIT,98,0
5632,2025,7,3,ADULT,A-KIT-HOBB,10,10
5633,2025,7,3,ADULT,A-LEASE-FI,83,33
5634,2025,7,3,ADULT,A-LEASE-LP,12,6
5635,2025,7,3,ADULT,A-LEASE-NF,13,10
5636,2025,7,3,ADULT,A-LP,287,159
5637,2025,7,3,ADULT,A-LP-FIC,72,51
5638,2025,7,3,ADULT,A-LP-MYS,2,2
5639,2025,7,3,ADULT,A-LP-NF,6,5
5640,2025,7,3,ADULT,A-MUSIC-CD,10,1
5641,2025,7,3,ADULT,A-MYSTERY,12,7
5642,2025,7,3,ADULT,A-NEWBK,6,4
5643,2025,7,3,ADULT,A-NEWBK-FI,640,471
5644,2025,7,3,ADULT,A-NEWBK-LP,119,56
5645,2025,7,3,ADULT,A-NEWBK-NF,177,165
5646,2025,7,3,ADULT,A-NF,1186,1278
5647,2025,7,3,ADULT,A-PBK,3,2
5648,2025,7,3,ADULT,A-PLAYAWAY,2,1
5649,2025,7,3,ADULT,A-SC,1,0
5650,2025,7,3,ADULT,A-SCDOC-ME,1,1
5651,2025,7,3,ADULT,A-SCIFIC,1,2
5652,2025,7,3,ADULT,A-SFI-FAN,5,1
5653,2025,7,3,ADULT,A-SND-REC,5,0
5654,2025,7,3,ADULT,A-SPA,1,3
5655,2025,7,3,ADULT,A-SPA-FIC,1,1
5656,2025,7,3,ADULT,A-STACKS,3,3
5657,2025,7,3,ADULT,A-VID-GAME,8,11
5658,2025,7,3,ADULT,A-VIS-MEDI,2,3
5659,2025,7,3,ADULT,BKMOBILE,2,0
5660,2025,7,3,ADULT,ILL,15,0
5661,2025,7,3,ADULT,J-ABC-CON,1,0
5662,2025,7,3,ADULT,J-AUD,24,13
5663,2025,7,3,ADULT,J-AUD-CD,1,0
5664,2025,7,3,ADULT,J-AUD-F,1,0
5665,2025,7,3,ADULT,J-BEGINREA,16,14
5666,2025,7,3,ADULT,J-BIO,3,5
5667,2025,7,3,ADULT,J-BOARD-BK,30,28
5668,2025,7,3,ADULT,J-BOARD-NF,1,0
5669,2025,7,3,ADULT,J-CALDECTT,102,61
5670,2025,7,3,ADULT,J-CHRISTMS,1,0
5671,2025,7,3,ADULT,J-DVD,360,508
5672,2025,7,3,ADULT,J-EASY,1246,799
5673,2025,7,3,ADULT,J-EASY-F,9,15
5674,2025,7,3,ADULT,J-EASY-PIC,6,9
5675,2025,7,3,ADULT,J-F-LANG-F,1,0
5676,2025,7,3,ADULT,J-FIC,1739,1632
5677,2025,7,3,ADULT,J-GRA,1046,611
5678,2025,7,3,ADULT,J-GRA-COM,16,10
5679,2025,7,3,ADULT,J-KIT,9,10
5680,2025,7,3,ADULT,J-MUSIC-CD,1,0
5681,2025,7,3,ADULT,J-NEW,1,1
5682,2025,7,3,ADULT,J-NEWBERY,47,72
5683,2025,7,3,ADULT,J-NF,2100,1526
5684,2025,7,3,ADULT,J-OVERSIZE,1,0
5685,2025,7,3,ADULT,J-PBK,325,234
5686,2025,7,3,ADULT,J-PIC-BOOK,4164,2572
5687,2025,7,3,ADULT,J-ROOM,6,2
5688,2025,7,3,ADULT,J-SEASONAL,1,2
5689,2025,7,3,ADULT,J-SERIES,3,2
5690,2025,7,3,ADULT,J-SPA,15,11
5691,2025,7,3,ADULT,J-SPA-BB,1,0
5692,2025,7,3,ADULT,J-VIS-MEDI,1,0
5693,2025,7,3,ADULT,PARENTING,1,0
5694,2025,7,3,ADULT,T-FIC,2,0
5695,2025,7,3,ADULT,UNKNOWN,2,0
5696,2025,7,3,ADULT,YA,215,257
5697,2025,7,3,ADULT,YA-AUD,1,1
5698,2025,7,3,ADULT,YA-DVD,1,1
5699,2025,7,3,ADULT,YA-FIC,112,101
5700,2025,7,3,ADULT,YA-GRA,264,105
5701,2025,7,3,ADULT,YA-INVEST,1,0
5702,2025,7,3,ADULT,YA-MANGA,8,1
5703,2025,7,3,ADULT,YA-NF,7,11
5704,2025,7,3,ADULT,YA-PBK,20,26
5705,2025,7,3,ADULT,YA-ROOM,3,0
5706,2025,7,3,ADULT,YA-SCIFIC,2,0
5707,2025,7,3,ADULT,YA-VID-GAM,6,6
5708,2025,7,3,DAMAGED,A-AUD-CD,1,0
5709,2025,7,3,DAMAGED,A-DVD,1,0
5710,2025,7,3,DAMAGED,A-FIC,3,0
5711,2025,7,3,DAMAGED,A-HOTSPOT,1,0
5712,2025,7,3,DAMAGED,A-NEWBK-FI,1,0
5713,2025,7,3,DAMAGED,A-NF,3,0
5714,2025,7,3,DAMAGED,J-DVD,1,0
5715,2025,7,3,DAMAGED,J-EASY,2,0
5716,2025,7,3,DAMAGED,J-FIC,6,0
5717,2025,7,3,DAMAGED,J-GRA,16,1
5718,2025,7,3,DAMAGED,J-NF,10,0
5719,2025,7,3,DAMAGED,J-PBK,1,0
5720,2025,7,3,DAMAGED,J-PIC-BOOK,5,1
5721,2025,7,3,DAMAGED,YA,4,0
5722,2025,7,3,DISCARD,A-DVD,104,7
5723,2025,7,3,DISCARD,A-FIC,6,0
5724,2025,7,3,DISCARD,A-KIT,9,0
5725,2025,7,3,DISCARD,A-NF,3,0
5726,2025,7,3,DISCARD,J-CALDECTT,2,0
5727,2025,7,3,DISCARD,J-DVD,4,0
5728,2025,7,3,DISCARD,J-EASY,1,0
5729,2025,7,3,DISCARD,J-FIC,1,0
5730,2025,7,3,DISCARD,J-GRA,5,0
5731,2025,7,3,DISCARD,J-NEWBERY,1,0
5732,2025,7,3,DISCARD,J-NF,6,0
5733,2025,7,3,DISCARD,J-PBK,3,0
5734,2025,7,3,DISCARD,J-PIC-BOOK,12,0
5735,2025,7,3,DISCARD,J-REF,1,0
5736,2025,7,3,DISCARD,UNKNOWN,3,0
5737,2025,7,3,INST-TEACH,A-DVD,1,1
5738,2025,7,3,INST-TEACH,A-FIC,3,0
5739,2025,7,3,INST-TEACH,A-NF,7,0
5740,2025,7,3,INST-TEACH,A-SCIFIC,1,0
5741,2025,7,3,INST-TEACH,J-DVD,1,0
5742,2025,7,3,INST-TEACH,J-EASY,3,0
5743,2025,7,3,INST-TEACH,J-FIC,4,0
5744,2025,7,3,INST-TEACH,J-GRA,2,0
5745,2025,7,3,INST-TEACH,J-NF,31,0
5746,2025,7,3,INST-TEACH,J-PBK,1,0
5747,2025,7,3,INST-TEACH,J-PIC-BOOK,10,0
5748,2025,7,3,INST-TEACH,YA-GRA,4,0
5749,2025,7,3,J-INTERNET,A-DVD,10,7
5750,2025,7,3,J-INTERNET,A-FIC,11,19
5751,2025,7,3,J-INTERNET,A-GRA,4,1
5752,2025,7,3,J-INTERNET,A-KIT,1,0
5753,2025,7,3,J-INTERNET,A-LP,3,3
5754,2025,7,3,J-INTERNET,A-NEWBK-FI,3,3
5755,2025,7,3,J-INTERNET,A-NEWBK-NF,1,2
5756,2025,7,3,J-INTERNET,A-NF,19,48
5757,2025,7,3,J-INTERNET,J-CALDECTT,16,2
5758,2025,7,3,J-INTERNET,J-DVD,32,67
5759,2025,7,3,J-INTERNET,J-EASY,69,50
5760,2025,7,3,J-INTERNET,J-FIC,175,94
5761,2025,7,3,J-INTERNET,J-GRA,73,58
5762,2025,7,3,J-INTERNET,J-GRA-COM,2,0
5763,2025,7,3,J-INTERNET,J-NEWBERY,4,9
5764,2025,7,3,J-INTERNET,J-NF,119,98
5765,2025,7,3,J-INTERNET,J-PBK,16,26
5766,2025,7,3,J-INTERNET,J-PIC-BOOK,232,170
5767,2025,7,3,J-INTERNET,J-SPA,1,1
5768,2025,7,3,J-INTERNET,YA,44,36
5769,2025,7,3,J-INTERNET,YA-FIC,16,6
5770,2025,7,3,J-INTERNET,YA-GRA,37,25
5771,2025,7,3,J-INTERNET,YA-PBK,6,5
5772,2025,7,3,J-NONRES,J-EASY,2,2
5773,2025,7,3,J-NONRES,J-PIC-BOOK,4,9
5774,2025,7,3,JUVENILE,A-DVD,15,30
5775,2025,7,3,JUVENILE,A-DVD-FIC,2,4
5776,2025,7,3,JUVENILE,A-FIC,36,66
5777,2025,7,3,JUVENILE,A-GRA,25,10
5778,2025,7,3,JUVENILE,A-HOMESCH,3,8
5779,2025,7,3,JUVENILE,A-KIT,6,0
5780,2025,7,3,JUVENILE,A-LEASE-FI,1,1
5781,2025,7,3,JUVENILE,A-LEASE-NF,1,1
5782,2025,7,3,JUVENILE,A-LP-FIC,1,1
5783,2025,7,3,JUVENILE,A-NEWBK-FI,3,10
5784,2025,7,3,JUVENILE,A-NEWBK-LP,1,0
5785,2025,7,3,JUVENILE,A-NEWBK-NF,4,9
5786,2025,7,3,JUVENILE,A-NF,56,73
5787,2025,7,3,JUVENILE,A-VID-GAME,2,4
5788,2025,7,3,JUVENILE,J-AUD,4,2
5789,2025,7,3,JUVENILE,J-AUD-CD,1,0
5790,2025,7,3,JUVENILE,J-BEGINREA,3,2
5791,2025,7,3,JUVENILE,J-BIO,1,1
5792,2025,7,3,JUVENILE,J-BOARD-BK,4,2
5793,2025,7,3,JUVENILE,J-CALDECTT,8,8
5794,2025,7,3,JUVENILE,J-DVD,65,117
5795,2025,7,3,JUVENILE,J-EASY,128,107
5796,2025,7,3,JUVENILE,J-EASY-F,3,6
5797,2025,7,3,JUVENILE,J-EASY-PIC,1,3
5798,2025,7,3,JUVENILE,J-FIC,454,366
5799,2025,7,3,JUVENILE,J-GRA,281,160
5800,2025,7,3,JUVENILE,J-GRA-BIO,1,0
5801,2025,7,3,JUVENILE,J-GRA-COM,2,1
5802,2025,7,3,JUVENILE,J-KIT,1,0
5803,2025,7,3,JUVENILE,J-NEW,1,0
5804,2025,7,3,JUVENILE,J-NEWBERY,29,23
5805,2025,7,3,JUVENILE,J-NF,434,300
5806,2025,7,3,JUVENILE,J-PBK,91,54
5807,2025,7,3,JUVENILE,J-PIC-BOOK,531,337
5808,2025,7,3,JUVENILE,J-SEASONAL,1,0
5809,2025,7,3,JUVENILE,J-SERIES,3,1
5810,2025,7,3,JUVENILE,J-SPA,2,0
5811,2025,7,3,JUVENILE,YA,76,90
5812,2025,7,3,JUVENILE,YA-DVD,1,2
5813,2025,7,3,JUVENILE,YA-FIC,32,35
5814,2025,7,3,JUVENILE,YA-GRA,113,91
5815,2025,7,3,JUVENILE,YA-MANGA,21,20
5816,2025,7,3,JUVENILE,YA-NEW,1,1
5817,2025,7,3,JUVENILE,YA-NF,3,1
5818,2025,7,3,JUVENILE,YA-PBK,14,15
5819,2025,7,3,JUVENILE,YA-ROOM,1,2
5820,2025,7,3,JUVENILE,YA-SCIFIC,1,1
5821,2025,7,3,JUVENILE,YA-VID-GAM,1,0
5822,2025,7,3,MISSING,A-BLU-RAY,1,0
5823,2025,7,3,MISSING,A-DVD,1,0
5824,2025,7,3,MISSING,A-FIC,14,0
5825,2025,7,3,MISSING,A-LP,1,0
5826,2025,7,3,MISSING,A-LP-FIC,1,0
5827,2025,7,3,MISSING,A-NEWBK-FI,3,0
5828,2025,7,3,MISSING,A-NEWBK-LP,2,0
5829,2025,7,3,MISSING,A-NEWBK-NF,2,0
5830,2025,7,3,MISSING,A-NF,6,0
5831,2025,7,3,MISSING,A-VID-GAME,1,0
5832,2025,7,3,MISSING,J-AUD,1,0
5833,2025,7,3,MISSING,J-BOARD-BK,1,0
5834,2025,7,3,MISSING,J-DVD,2,0
5835,2025,7,3,MISSING,J-EASY,1,0
5836,2025,7,3,MISSING,J-FIC,6,0
5837,2025,7,3,MISSING,J-GRA,5,0
5838,2025,7,3,MISSING,J-NF,6,0
5839,2025,7,3,MISSING,J-PBK,2,0
5840,2025,7,3,MISSING,J-PIC-BOOK,13,0
5841,2025,7,3,MISSING,YA,1,0
5842,2025,7,3,MISSING,YA-GRA,1,0
5843,2025,7,3,MISSING,YA-VID-GAM,1,0
5844,2025,7,3,PRGMNG,A-BIO,1,0
5845,2025,7,3,PRGMNG,A-BK-CLUB,8,0
5846,2025,7,3,PRGMNG,A-FIC,159,3
5847,2025,7,3,PRGMNG,A-LEASE-FI,3,0
5848,2025,7,3,PRGMNG,A-LP,7,0
5849,2025,7,3,PRGMNG,A-LP-FIC,1,0
5850,2025,7,3,PRGMNG,A-MYSTERY,5,0
5851,2025,7,3,PRGMNG,A-NEWBK,1,0
5852,2025,7,3,PRGMNG,A-NEWBK-FI,33,0
5853,2025,7,3,PRGMNG,A-NEWBK-LP,6,0
5854,2025,7,3,PRGMNG,A-NEWBK-NF,4,1
5855,2025,7,3,PRGMNG,A-NF,3,1
5856,2025,7,3,PRGMNG,J-BEGINREA,4,0
5857,2025,7,3,PRGMNG,J-BOARD-BK,7,0
5858,2025,7,3,PRGMNG,J-CALDECTT,13,0
5859,2025,7,3,PRGMNG,J-EASY,133,2
5860,2025,7,3,PRGMNG,J-EASY-F,1,0
5861,2025,7,3,PRGMNG,J-FIC,1,0
5862,2025,7,3,PRGMNG,J-GRA,2,0
5863,2025,7,3,PRGMNG,J-NF,13,1
5864,2025,7,3,PRGMNG,J-PIC-BOOK,629,2
5865,2025,7,3,PRGMNG,J-SPA,1,0
5866,2025,7,3,STAFF-PERS,A-AUD,1,0
5867,2025,7,3,STAFF-PERS,A-BIO,3,4
5868,2025,7,3,STAFF-PERS,A-DVD,7,10
5869,2025,7,3,STAFF-PERS,A-FIC,21,19
5870,2025,7,3,STAFF-PERS,A-HOMESCH,1,2
5871,2025,7,3,STAFF-PERS,A-KIT,2,0
5872,2025,7,3,STAFF-PERS,A-LEASE-NF,1,0
5873,2025,7,3,STAFF-PERS,A-NEWBK-FI,13,13
5874,2025,7,3,STAFF-PERS,A-NEWBK-NF,2,2
5875,2025,7,3,STAFF-PERS,A-NF,23,15
5876,2025,7,3,STAFF-PERS,A-SFI-FAN,1,0
5877,2025,7,3,STAFF-PERS,A-VID-GAME,2,1
5878,2025,7,3,STAFF-PERS,J-EASY,7,14
5879,2025,7,3,STAFF-PERS,J-FIC,6,3
5880,2025,7,3,STAFF-PERS,J-NEWBERY,1,0
5881,2025,7,3,STAFF-PERS,J-NF,6,6
5882,2025,7,3,STAFF-PERS,J-PIC-BOOK,15,35
5883,2025,7,3,STAFF-PERS,YA,2,1
5884,2025,7,3,STAFF-PERS,YA-FIC,3,2
5885,2025,7,3,STAFF-PERS,YA-NF,1,0
5886,2025,7,3,STAFF-PERS,YA-PBK,1,1
5887,2025,7,3,STAFF-PERS,YA-VID-GAM,1,1
5888,2025,7,3,TEEN,A-DVD,9,0
5889,2025,7,3,TEEN,A-FIC,10,5
5890,2025,7,3,TEEN,A-NEWBK-FI,2,0
5891,2025,7,3,TEEN,A-NF,5,8
5892,2025,7,3,TEEN,J-FIC,3,1
5893,2025,7,3,TEEN,J-GRA,4,0
5894,2025,7,3,TEEN,J-NF,1,0
5895,2025,7,3,TEEN,YA,19,14
5896,2025,7,3,TEEN,YA-FIC,5,3
5897,2025,7,3,TEEN,YA-GRA,7,0
5898,2025,7,3,TEEN,YA-PBK,2,0
5899,2025,7,3,,A-FIC,2,0
5900,2025,7,3,,J-DVD,2,0
5901,2025,7,3,,J-EASY,2,0
5902,2025,7,3,,J-FIC,2,0
5903,2025,7,3,,J-NF,4,0
5904,2025,7,3,,J-PIC-BOOK,5,0
5905,2025,7,3,,YA,1,0
5906,2025,7,13,ADULT,A-AUD,1,0
5907,2025,7,13,ADULT,A-AUD-CD,7,0
5908,2025,7,13,ADULT,A-BIO,1,0
5909,2025,7,13,ADULT,A-BK-CLUB,1,0
5910,2025,7,13,ADULT,A-BLU-RAY,1,0
5911,2025,7,13,ADULT,A-DEMENTIA,1,0
5912,2025,7,13,ADULT,A-DVD,2,1
5913,2025,7,13,ADULT,A-DVD-TV,1,1
5914,2025,7,13,ADULT,A-FIC,59,38
5915,2025,7,13,ADULT,A-FIC-CHRI,1,0
5916,2025,7,13,ADULT,A-GRA,2,0
5917,2025,7,13,ADULT,A-LEASE-FI,5,2
5918,2025,7,13,ADULT,A-LEASE-NF,2,0
5919,2025,7,13,ADULT,A-LP,10,0
5920,2025,7,13,ADULT,A-LP-FIC,6,2
5921,2025,7,13,ADULT,A-NEWBK-FI,19,15
5922,2025,7,13,ADULT,A-NEWBK-LP,3,0
5923,2025,7,13,ADULT,A-NEWBK-NF,8,1
5924,2025,7,13,ADULT,A-NF,64,21
5925,2025,7,13,ADULT,A-SFI-FAN,1,0
5926,2025,7,13,ADULT,A-VID-GAME,2,1
5927,2025,7,13,ADULT,J-AUD,1,2
5928,2025,7,13,ADULT,J-AUD-CD,1,1
5929,2025,7,13,ADULT,J-BEGINREA,1,0
5930,2025,7,13,ADULT,J-BIO,3,2
5931,2025,7,13,ADULT,J-BOARD-BK,6,1
5932,2025,7,13,ADULT,J-BRAILLE,1,0
5933,2025,7,13,ADULT,J-CALDECTT,2,0
5934,2025,7,13,ADULT,J-DVD,7,11
5935,2025,7,13,ADULT,J-EASY,15,4
5936,2025,7,13,ADULT,J-EASY-F,2,0
5937,2025,7,13,ADULT,J-EASY-PBK,1,0
5938,2025,7,13,ADULT,J-EASY-PIC,1,0
5939,2025,7,13,ADULT,J-FIC,31,19
5940,2025,7,13,ADULT,J-GRA,13,7
5941,2025,7,13,ADULT,J-MUSIC-CD,1,0
5942,2025,7,13,ADULT,J-NEWBERY,1,2
5943,2025,7,13,ADULT,J-NF,33,13
5944,2025,7,13,ADULT,J-PBK,6,4
5945,2025,7,13,ADULT,J-PIC-BOOK,36,9
5946,2025,7,13,ADULT,J-SPA-EAS,1,0
5947,2025,7,13,ADULT,T-FIC,1,0
5948,2025,7,13,ADULT,YA,8,4
5949,2025,7,13,ADULT,YA-DVD,1,1
5950,2025,7,13,ADULT,YA-FIC,14,1
5951,2025,7,13,ADULT,YA-GRA,7,0
5952,2025,7,13,ADULT,YA-GRA-COM,2,1
5953,2025,7,13,ADULT,YA-NEW,1,0
5954,2025,7,13,ADULT,YA-PBK,4,1
5955,2025,7,13,ADULT,YA-ROOM,1,0
5956,2025,7,13,ADULT,YA-VID-GAM,2,0
5957,2025,7,13,J-INTERNET,J-BIO,1,0
5958,2025,7,13,J-INTERNET,J-BOARD-BK,1,0
5959,2025,7,13,J-INTERNET,J-EASY,1,0
5960,2025,7,13,J-INTERNET,J-EASY-F,1,1
5961,2025,7,13,J-INTERNET,J-FIC,3,0
5962,2025,7,13,J-INTERNET,J-GRA,1,0
5963,2025,7,13,J-INTERNET,J-NF,10,0
5964,2025,7,13,J-INTERNET,J-PBK,2,0
5965,2025,7,13,J-INTERNET,J-PIC-BOOK,6,0
5966,2025,7,13,JUVENILE,A-NF,1,0
5967,2025,7,13,JUVENILE,J-EASY-F,2,2
5968,2025,7,13,JUVENILE,J-EASY-PIC,1,0
5969,2025,7,13,JUVENILE,J-FIC,7,6
5970,2025,7,13,JUVENILE,J-GRA,4,0
5971,2025,7,13,JUVENILE,J-NEWBERY,1,2
5972,2025,7,13,JUVENILE,J-NF,14,13
5973,2025,7,13,JUVENILE,J-PBK,3,6
5974,2025,7,13,JUVENILE,J-PIC-BOOK,2,0
5975,2025,7,13,JUVENILE,YA-VID-GAM,1,0
5976,2025,7,13,PRGMNG,J-PIC-BOOK,6,0
5977,2025,7,13,STAFF-PERS,A-VID-GAME,1,0
5978,2025,7,13,STAFF-PERS,J-NEWBERY,1,0
5979,2025,7,13,STAFF-PERS,J-NF,3,0
5980,2025,7,13,TEEN,A-BIO,1,0
5981,2025,7,13,TEEN,A-LEASE-FI,1,1
5982,2025,7,13,TEEN,J-PBK,1,0
5983,2025,7,4,A-NONRES,A-AUD-CD,1,1
5984,2025,7,4,A-NONRES,A-FIC,8,3
5985,2025,7,4,A-NONRES,A-HOTSPOT,1,0
5986,2025,7,4,A-NONRES,A-KIT-HOBB,1,1
5987,2025,7,4,A-NONRES,A-NF,3,6
5988,2025,7,4,A-NONRES,J-EASY,14,2
5989,2025,7,4,A-NONRES,J-FIC,9,7
5990,2025,7,4,A-NONRES,J-GRA,1,0
5991,2025,7,4,A-NONRES,J-NF,2,9
5992,2025,7,4,A-NONRES,J-PBK,1,1
5993,2025,7,4,A-NONRES,J-PIC-BOOK,15,2
5994,2025,7,4,A-NONRES,YA-FIC,1,1
5995,2025,7,4,ADULT,A-AUD,46,17
5996,2025,7,4,ADULT,A-AUD-CD,42,18
5997,2025,7,4,ADULT,A-AUD-MP3,1,0
5998,2025,7,4,ADULT,A-BIO,4,3
5999,2025,7,4,ADULT,A-BK-CLUB,3,0
6000,2025,7,4,ADULT,A-CHRISTIA,1,0
6001,2025,7,4,ADULT,A-DVD,64,84
6002,2025,7,4,ADULT,A-DVD-FIC,2,3
6003,2025,7,4,ADULT,A-DVD-TV,1,0
6004,2025,7,4,ADULT,A-FIC,702,491
6005,2025,7,4,ADULT,A-GRA,10,4
6006,2025,7,4,ADULT,A-HOTSPOT,14,2
6007,2025,7,4,ADULT,A-KIT-HOBB,5,3
6008,2025,7,4,ADULT,A-LEASE-BK,1,0
6009,2025,7,4,ADULT,A-LEASE-FI,26,9
6010,2025,7,4,ADULT,A-LEASE-LP,5,3
6011,2025,7,4,ADULT,A-LEASE-NF,3,1
6012,2025,7,4,ADULT,A-LP,127,58
6013,2025,7,4,ADULT,A-LP-FIC,27,12
6014,2025,7,4,ADULT,A-LP-MYS,1,0
6015,2025,7,4,ADULT,A-LP-NF,1,1
6016,2025,7,4,ADULT,A-MUSIC-CD,1,2
6017,2025,7,4,ADULT,A-MYSTERY,4,1
6018,2025,7,4,ADULT,A-NEWBK-FI,275,167
6019,2025,7,4,ADULT,A-NEWBK-LP,30,16
6020,2025,7,4,ADULT,A-NEWBK-NF,65,75
6021,2025,7,4,ADULT,A-NF,282,295
6022,2025,7,4,ADULT,A-PBK,1,1
6023,2025,7,4,ADULT,A-SCIFIC,2,0
6024,2025,7,4,ADULT,A-SFI-FAN,2,0
6025,2025,7,4,ADULT,A-SND-REC,1,3
6026,2025,7,4,ADULT,A-SPA,1,0
6027,2025,7,4,ADULT,A-STACKS,1,0
6028,2025,7,4,ADULT,A-VID-GAME,6,3
6029,2025,7,4,ADULT,ILL,19,0
6030,2025,7,4,ADULT,J-AUD,3,1
6031,2025,7,4,ADULT,J-BEGINREA,2,0
6032,2025,7,4,ADULT,J-BIO,1,1
6033,2025,7,4,ADULT,J-BLU-RAY,1,0
6034,2025,7,4,ADULT,J-BOARD-BK,1,5
6035,2025,7,4,ADULT,J-CALDECTT,13,24
6036,2025,7,4,ADULT,J-DVD,109,169
6037,2025,7,4,ADULT,J-EASY,305,247
6038,2025,7,4,ADULT,J-EASY-F,3,3
6039,2025,7,4,ADULT,J-EASY-PIC,2,3
6040,2025,7,4,ADULT,J-F-LANG-F,1,0
6041,2025,7,4,ADULT,J-FIC,399,339
6042,2025,7,4,ADULT,J-GRA,302,197
6043,2025,7,4,ADULT,J-GRA-BIO,1,1
6044,2025,7,4,ADULT,J-GRA-COM,5,3
6045,2025,7,4,ADULT,J-KIT,5,9
6046,2025,7,4,ADULT,J-NEWBERY,18,10
6047,2025,7,4,ADULT,J-NF,387,309
6048,2025,7,4,ADULT,J-PBK,126,100
6049,2025,7,4,ADULT,J-PIC-BOOK,846,613
6050,2025,7,4,ADULT,J-ROOM,1,0
6051,2025,7,4,ADULT,J-SERIES,1,0
6052,2025,7,4,ADULT,J-SPA,11,13
6053,2025,7,4,ADULT,J-WORKROOM,1,0
6054,2025,7,4,ADULT,LEAP,1,0
6055,2025,7,4,ADULT,YA,42,73
6056,2025,7,4,ADULT,YA-DVD,4,1
6057,2025,7,4,ADULT,YA-FIC,30,30
6058,2025,7,4,ADULT,YA-GRA,38,43
6059,2025,7,4,ADULT,YA-NF,2,4
6060,2025,7,4,ADULT,YA-PBK,6,10
6061,2025,7,4,ADULT,YA-ROOM,1,1
6062,2025,7,4,ADULT,YA-SCIFIC,1,1
6063,2025,7,4,DAMAGED,A-FIC,1,0
6064,2025,7,4,DAMAGED,A-NEWBK-LP,1,0
6065,2025,7,4,DAMAGED,A-NF,1,0
6066,2025,7,4,DISCARD,A-AUD-CD,91,0
6067,2025,7,4,DISCARD,A-DVD,21,0
6068,2025,7,4,DISCARD,A-FIC,4,0
6069,2025,7,4,DISCARD,A-LP,1,0
6070,2025,7,4,DISCARD,A-NF,1,0
6071,2025,7,4,DISCARD,J-CALDECTT,1,0
6072,2025,7,4,DISCARD,J-EASY,5,0
6073,2025,7,4,DISCARD,J-FIC,2,0
6074,2025,7,4,DISCARD,J-PBK,2,0
6075,2025,7,4,DISCARD,J-PIC-BOOK,30,0
6076,2025,7,4,INST-TEACH,A-DVD,1,0
6077,2025,7,4,INST-TEACH,A-FIC,3,0
6078,2025,7,4,INST-TEACH,J-EASY,8,0
6079,2025,7,4,INST-TEACH,J-NF,4,0
6080,2025,7,4,INST-TEACH,J-PIC-BOOK,10,0
6081,2025,7,4,J-INTERNET,A-DVD,2,2
6082,2025,7,4,J-INTERNET,A-KIT-HOBB,1,0
6083,2025,7,4,J-INTERNET,A-NF,7,6
6084,2025,7,4,J-INTERNET,J-CALDECTT,1,0
6085,2025,7,4,J-INTERNET,J-DVD,7,5
6086,2025,7,4,J-INTERNET,J-EASY,14,0
6087,2025,7,4,J-INTERNET,J-FIC,31,21
6088,2025,7,4,J-INTERNET,J-GRA,14,11
6089,2025,7,4,J-INTERNET,J-NF,1,6
6090,2025,7,4,J-INTERNET,J-PBK,11,6
6091,2025,7,4,J-INTERNET,J-PIC-BOOK,34,3
6092,2025,7,4,J-INTERNET,YA,2,3
6093,2025,7,4,J-INTERNET,YA-FIC,3,0
6094,2025,7,4,J-INTERNET,YA-GRA,1,0
6095,2025,7,4,JUVENILE,A-DVD,16,21
6096,2025,7,4,JUVENILE,A-FIC,25,12
6097,2025,7,4,JUVENILE,A-GRA,1,0
6098,2025,7,4,JUVENILE,A-LEASE-FI,2,0
6099,2025,7,4,JUVENILE,A-LP,6,3
6100,2025,7,4,JUVENILE,A-NEWBK-FI,2,1
6101,2025,7,4,JUVENILE,A-NEWBK-NF,1,2
6102,2025,7,4,JUVENILE,A-NF,17,19
6103,2025,7,4,JUVENILE,A-VID-GAME,1,0
6104,2025,7,4,JUVENILE,J-AUD,2,0
6105,2025,7,4,JUVENILE,J-BEGINREA,1,2
6106,2025,7,4,JUVENILE,J-CALDECTT,2,2
6107,2025,7,4,JUVENILE,J-DVD,53,86
6108,2025,7,4,JUVENILE,J-EASY,65,83
6109,2025,7,4,JUVENILE,J-FIC,156,108
6110,2025,7,4,JUVENILE,J-GRA,99,65
6111,2025,7,4,JUVENILE,J-NEWBERY,4,1
6112,2025,7,4,JUVENILE,J-NF,99,48
6113,2025,7,4,JUVENILE,J-PBK,54,47
6114,2025,7,4,JUVENILE,J-PIC-BOOK,162,170
6115,2025,7,4,JUVENILE,YA,5,44
6116,2025,7,4,JUVENILE,YA-FIC,2,11
6117,2025,7,4,JUVENILE,YA-GRA,17,15
6118,2025,7,4,JUVENILE,YA-NF,1,1
6119,2025,7,4,JUVENILE,YA-PBK,3,5
6120,2025,7,4,JUVENILE,YA-VID-GAM,1,0
6121,2025,7,4,MISSING,A-LEASE-FI,2,0
6122,2025,7,4,MISSING,A-NF,3,0
6123,2025,7,4,MISSING,J-DVD,1,0
6124,2025,7,4,MISSING,J-FIC,1,0
6125,2025,7,4,MISSING,J-NF,4,0
6126,2025,7,4,MISSING,J-PIC-BOOK,2,0
6127,2025,7,4,MISSING,YA,1,0
6128,2025,7,4,PRGMNG,A-AUD,2,0
6129,2025,7,4,PRGMNG,A-BK-CLUB,1,0
6130,2025,7,4,PRGMNG,A-FIC,12,0
6131,2025,7,4,PRGMNG,A-LP,5,0
6132,2025,7,4,PRGMNG,A-LP-FIC,1,0
6133,2025,7,4,PRGMNG,A-NEWBK-NF,1,0
6134,2025,7,4,PRGMNG,A-NF,18,0
6135,2025,7,4,PRGMNG,J-EASY,8,0
6136,2025,7,4,PRGMNG,J-NF,1,0
6137,2025,7,4,PRGMNG,J-PIC-BOOK,22,0
6138,2025,7,4,PRGMNG,YA,2,0
6139,2025,7,4,PRGMNG,YA-FIC,1,0
6140,2025,7,4,STAFF-PERS,A-DVD,3,4
6141,2025,7,4,STAFF-PERS,A-FIC,6,0
6142,2025,7,4,STAFF-PERS,A-GRA,22,4
6143,2025,7,4,STAFF-PERS,A-LEASE-FI,2,0
6144,2025,7,4,STAFF-PERS,A-LEASE-NF,1,0
6145,2025,7,4,STAFF-PERS,A-NEWBK-FI,6,9
6146,2025,7,4,STAFF-PERS,A-NEWBK-LP,1,0
6147,2025,7,4,STAFF-PERS,A-NEWBK-NF,1,2
6148,2025,7,4,STAFF-PERS,A-NF,9,1
6149,2025,7,4,STAFF-PERS,A-VID-GAME,2,0
6150,2025,7,4,STAFF-PERS,A-VIS-MEDI,2,1
6151,2025,7,4,STAFF-PERS,ILL,3,0
6152,2025,7,4,STAFF-PERS,J-DVD,1,1
6153,2025,7,4,STAFF-PERS,J-FIC,3,0
6154,2025,7,4,STAFF-PERS,J-GRA,1,0
6155,2025,7,4,STAFF-PERS,J-NEWBERY,1,0
6156,2025,7,4,STAFF-PERS,J-PIC-BOOK,1,0
6157,2025,7,4,STAFF-PERS,YA-FIC,1,0
6158,2025,7,4,STAFF-PERS,YA-GRA,5,0
6159,2025,7,4,STAFF-PERS,YA-GRA-COM,1,0
6160,2025,7,4,STAFF-PERS,YA-MANGA,2,0
6161,2025,7,4,STAFF-PERS,YA-PBK,1,0
6162,2025,7,4,TEEN,A-NF,1,4
6163,2025,7,4,TEEN,J-EASY,1,1
6164,2025,7,4,TEEN,J-FIC,5,3
6165,2025,7,4,TEEN,J-GRA,17,1
6166,2025,7,4,TEEN,J-GRA-COM,1,0
6167,2025,7,4,TEEN,J-PBK,1,0
6168,2025,7,4,TEEN,J-PIC-BOOK,1,1
6169,2025,7,4,TEEN,YA-GRA,1,1
6170,2025,7,4,,A-HOTSPOT,1,0
6171,2025,7,4,,A-LP,1,0
6172,2025,7,4,,A-NF,1,0
6173,2025,7,4,,J-FIC,2,0
6174,2025,7,4,,YA-FIC,1,0
6175,2025,7,14,ADULT,A-AUD,2,0
6176,2025,7,14,ADULT,A-AUD-CD,2,1
6177,2025,7,14,ADULT,A-DVD,2,3
6178,2025,7,14,ADULT,A-FIC,22,19
6179,2025,7,14,ADULT,A-HOMESCH,2,0
6180,2025,7,14,ADULT,A-LEASE-FI,1,1
6181,2025,7,14,ADULT,A-LEASE-LP,1,0
6182,2025,7,14,ADULT,A-LEASE-NF,1,1
6183,2025,7,14,ADULT,A-LP,1,0
6184,2025,7,14,ADULT,A-LP-FIC,4,1
6185,2025,7,14,ADULT,A-NEWBK-FI,10,1
6186,2025,7,14,ADULT,A-NEWBK-LP,1,0
6187,2025,7,14,ADULT,A-NEWBK-NF,2,3
6188,2025,7,14,ADULT,A-NF,39,15
6189,2025,7,14,ADULT,A-SCIFIC,2,1
6190,2025,7,14,ADULT,J-AUD,1,1
6191,2025,7,14,ADULT,J-BEGINREA,2,0
6192,2025,7,14,ADULT,J-BOARD-BK,1,1
6193,2025,7,14,ADULT,J-CALDECTT,3,1
6194,2025,7,14,ADULT,J-DVD,1,0
6195,2025,7,14,ADULT,J-EASY,2,2
6196,2025,7,14,ADULT,J-FIC,14,12
6197,2025,7,14,ADULT,J-NEWBERY,1,0
6198,2025,7,14,ADULT,J-NF,6,4
6199,2025,7,14,ADULT,J-PBK,2,1
6200,2025,7,14,ADULT,J-PIC-BOOK,10,5
6201,2025,7,14,ADULT,J-ROOM,1,0
6202,2025,7,14,ADULT,J-STORYTEL,1,0
6203,2025,7,14,ADULT,YA,3,1
6204,2025,7,14,ADULT,YA-FIC,4,1
6205,2025,7,14,JUVENILE,J-FIC,1,6
6206,2025,7,14,JUVENILE,J-GRA,1,1
6207,2025,7,14,JUVENILE,J-NF,2,6
6208,2025,7,14,JUVENILE,YA-GRA,1,0
6209,2025,7,14,JUVENILE,YA-MANGA,8,0
6210,2025,7,1,A-NONRES,A-BIO,1,0
6211,2025,7,1,A-NONRES,A-DVD,3,0
6212,2025,7,1,A-NONRES,A-FIC,9,2
6213,2025,7,1,A-NONRES,A-LP,1,0
6214,2025,7,1,A-NONRES,A-LP-FIC,3,2
6215,2025,7,1,A-NONRES,A-NF,8,3
6216,2025,7,1,A-NONRES,A-SPA,1,1
6217,2025,7,1,A-NONRES,J-EASY,3,0
6218,2025,7,1,A-NONRES,J-FIC,5,6
6219,2025,7,1,A-NONRES,J-NF,12,2
6220,2025,7,1,A-NONRES,J-PIC-BOOK,22,0
6221,2025,7,1,A-NONRES,J-SPA,2,2
6222,2025,7,1,A-NONRES,YA-FIC,1,0
6223,2025,7,1,ADULT,A-AFR-AMER,1,4
6224,2025,7,1,ADULT,A-AUD,64,34
6225,2025,7,1,ADULT,A-AUD-CD,121,86
6226,2025,7,1,ADULT,A-AUD-F,2,0
6227,2025,7,1,ADULT,A-AUD-MP3,1,1
6228,2025,7,1,ADULT,A-BIO,11,6
6229,2025,7,1,ADULT,A-BK-CLUB,10,0
6230,2025,7,1,ADULT,A-BLU-RAY,1,3
6231,2025,7,1,ADULT,A-CHILDHOO,14,7
6232,2025,7,1,ADULT,A-CHRISTIA,1,1
6233,2025,7,1,ADULT,A-DEMENTIA,5,17
6234,2025,7,1,ADULT,A-DVD,228,288
6235,2025,7,1,ADULT,A-DVD-FIC,1,3
6236,2025,7,1,ADULT,A-DVD-NEW,1,0
6237,2025,7,1,ADULT,A-DVD-TV,5,9
6238,2025,7,1,ADULT,A-FIC,1866,1347
6239,2025,7,1,ADULT,A-FIC-URBN,2,0
6240,2025,7,1,ADULT,A-GRA,183,79
6241,2025,7,1,ADULT,A-HOMESCH,40,41
6242,2025,7,1,ADULT,A-HOTSPOT,129,0
6243,2025,7,1,ADULT,A-INCL-C,1,0
6244,2025,7,1,ADULT,A-KIT,1,3
6245,2025,7,1,ADULT,A-KIT-HOBB,23,16
6246,2025,7,1,ADULT,A-LEASE-BK,1,2
6247,2025,7,1,ADULT,A-LEASE-FI,357,274
6248,2025,7,1,ADULT,A-LEASE-LP,86,60
6249,2025,7,1,ADULT,A-LEASE-NF,51,37
6250,2025,7,1,ADULT,A-LP,419,193
6251,2025,7,1,ADULT,A-LP-BIO,3,6
6252,2025,7,1,ADULT,A-LP-FIC,369,162
6253,2025,7,1,ADULT,A-LP-MYS,1,0
6254,2025,7,1,ADULT,A-LP-NF,9,9
6255,2025,7,1,ADULT,A-LP-WEST,1,0
6256,2025,7,1,ADULT,A-MUSIC-CD,1,1
6257,2025,7,1,ADULT,A-MYSTERY,19,13
6258,2025,7,1,ADULT,A-NEWBK,3,2
6259,2025,7,1,ADULT,A-NEWBK-FI,499,370
6260,2025,7,1,ADULT,A-NEWBK-LP,133,75
6261,2025,7,1,ADULT,A-NEWBK-NF,158,174
6262,2025,7,1,ADULT,A-NF,969,955
6263,2025,7,1,ADULT,A-PARENT,1,1
6264,2025,7,1,ADULT,A-PBK,9,3
6265,2025,7,1,ADULT,A-SC,1,2
6266,2025,7,1,ADULT,A-SCIFIC,2,6
6267,2025,7,1,ADULT,A-SFI-FAN,6,6
6268,2025,7,1,ADULT,A-SPA,17,14
6269,2025,7,1,ADULT,A-SPA-FIC,3,1
6270,2025,7,1,ADULT,A-SPA-NF,3,1
6271,2025,7,1,ADULT,A-STACKS,1,0
6272,2025,7,1,ADULT,A-VID-GAME,56,58
6273,2025,7,1,ADULT,A-VIS-MEDI,10,14
6274,2025,7,1,ADULT,A-WESTERN,2,0
6275,2025,7,1,ADULT,BKMOBILE,1,0
6276,2025,7,1,ADULT,ILL,52,0
6277,2025,7,1,ADULT,J-AUD,63,57
6278,2025,7,1,ADULT,J-AUD-CD,1,0
6279,2025,7,1,ADULT,J-BEGINREA,11,5
6280,2025,7,1,ADULT,J-BIO,8,8
6281,2025,7,1,ADULT,J-BOARD-BK,16,6
6282,2025,7,1,ADULT,J-BRAILLE,1,0
6283,2025,7,1,ADULT,J-CALDECTT,87,54
6284,2025,7,1,ADULT,J-DVD,349,497
6285,2025,7,1,ADULT,J-EASY,947,485
6286,2025,7,1,ADULT,J-EASY-F,12,5
6287,2025,7,1,ADULT,J-EASY-PIC,4,1
6288,2025,7,1,ADULT,J-F-LANG,2,0
6289,2025,7,1,ADULT,J-FIC,741,812
6290,2025,7,1,ADULT,J-GRA,546,323
6291,2025,7,1,ADULT,J-GRA-COM,10,1
6292,2025,7,1,ADULT,J-GRAND,1,0
6293,2025,7,1,ADULT,J-HOLIDAY,1,1
6294,2025,7,1,ADULT,J-KIT,3,6
6295,2025,7,1,ADULT,J-MUSIC-CD,1,1
6296,2025,7,1,ADULT,J-NEWBERY,34,42
6297,2025,7,1,ADULT,J-NF,1440,880
6298,2025,7,1,ADULT,J-PBK,207,189
6299,2025,7,1,ADULT,J-PIC-BOOK,2943,1506
6300,2025,7,1,ADULT,J-ROOM,1,2
6301,2025,7,1,ADULT,J-SERIES,1,4
6302,2025,7,1,ADULT,J-SPA,61,58
6303,2025,7,1,ADULT,J-VIS-MEDI,1,1
6304,2025,7,1,ADULT,YA,116,119
6305,2025,7,1,ADULT,YA-DVD,40,46
6306,2025,7,1,ADULT,YA-FIC,109,139
6307,2025,7,1,ADULT,YA-GRA,255,129
6308,2025,7,1,ADULT,YA-GRA-COM,5,0
6309,2025,7,1,ADULT,YA-NF,9,5
6310,2025,7,1,ADULT,YA-PBK,16,13
6311,2025,7,1,ADULT,YA-PLAYAWY,1,1
6312,2025,7,1,ADULT,YA-VID-GAM,69,77
6313,2025,7,1,DAMAGED,A-AUD,1,0
6314,2025,7,1,DAMAGED,A-AUD-CD,5,0
6315,2025,7,1,DAMAGED,A-BK-CLUB,1,0
6316,2025,7,1,DAMAGED,A-DVD,12,0
6317,2025,7,1,DAMAGED,A-FIC,40,0
6318,2025,7,1,DAMAGED,A-GRA,1,0
6319,2025,7,1,DAMAGED,A-HOTSPOT,11,0
6320,2025,7,1,DAMAGED,A-KIT,1,0
6321,2025,7,1,DAMAGED,A-LEASE-FI,8,0
6322,2025,7,1,DAMAGED,A-LEASE-LP,1,0
6323,2025,7,1,DAMAGED,A-LEASE-NF,9,0
6324,2025,7,1,DAMAGED,A-LP,72,0
6325,2025,7,1,DAMAGED,A-LP-FIC,44,0
6326,2025,7,1,DAMAGED,A-NEWBK-FI,3,0
6327,2025,7,1,DAMAGED,A-NEWBK-LP,2,0
6328,2025,7,1,DAMAGED,A-NF,26,0
6329,2025,7,1,DAMAGED,A-SPA,1,0
6330,2025,7,1,DAMAGED,A-VID-GAME,2,0
6331,2025,7,1,DAMAGED,J-AUD,100,0
6332,2025,7,1,DAMAGED,J-DVD,194,0
6333,2025,7,1,DAMAGED,J-EASY,6,0
6334,2025,7,1,DAMAGED,J-FIC,20,0
6335,2025,7,1,DAMAGED,J-GRA,43,3
6336,2025,7,1,DAMAGED,J-NF,14,0
6337,2025,7,1,DAMAGED,J-PBK,102,0
6338,2025,7,1,DAMAGED,J-PIC-BOOK,34,0
6339,2025,7,1,DAMAGED,J-SPA,15,0
6340,2025,7,1,DAMAGED,YA,3,0
6341,2025,7,1,DAMAGED,YA-DVD,3,0
6342,2025,7,1,DAMAGED,YA-GRA,1,0
6343,2025,7,1,DAMAGED,YA-VID-GAM,5,0
6344,2025,7,1,DISCARD,A-BK-CLUB,1,0
6345,2025,7,1,DISCARD,A-CHILDHOO,1,0
6346,2025,7,1,DISCARD,A-FIC,137,1
6347,2025,7,1,DISCARD,A-GRA,1,0
6348,2025,7,1,DISCARD,A-LEASE-FI,63,0
6349,2025,7,1,DISCARD,A-LEASE-LP,18,0
6350,2025,7,1,DISCARD,A-LEASE-NF,6,0
6351,2025,7,1,DISCARD,A-LP,26,0
6352,2025,7,1,DISCARD,A-LP-FIC,17,0
6353,2025,7,1,DISCARD,A-LP-NF,38,0
6354,2025,7,1,DISCARD,A-NEWBK-FI,1,0
6355,2025,7,1,DISCARD,A-NEWBK-LP,2,0
6356,2025,7,1,DISCARD,A-NF,21,0
6357,2025,7,1,DISCARD,A-REF,25,0
6358,2025,7,1,DISCARD,ILL,168,0
6359,2025,7,1,DISCARD,J-EASY,6,0
6360,2025,7,1,DISCARD,J-FIC,1,0
6361,2025,7,1,DISCARD,J-GRA,1,0
6362,2025,7,1,DISCARD,J-PIC-BOOK,5,0
6363,2025,7,1,DISCARD,YA-DVD,4,0
6364,2025,7,1,ILL,A-DVD,4,1
6365,2025,7,1,ILL,A-FIC,1,1
6366,2025,7,1,ILL,A-NF,1,0
6367,2025,7,1,ILL,ILL,1,0
6368,2025,7,1,ILL,J-DVD,1,0
6369,2025,7,1,INST-TEACH,A-FIC,10,0
6370,2025,7,1,INST-TEACH,A-NEWBK,1,0
6371,2025,7,1,INST-TEACH,A-NF,7,0
6372,2025,7,1,INST-TEACH,J-AUD,4,0
6373,2025,7,1,INST-TEACH,J-CALDECTT,4,0
6374,2025,7,1,INST-TEACH,J-DVD,4,6
6375,2025,7,1,INST-TEACH,J-EASY,20,0
6376,2025,7,1,INST-TEACH,J-FIC,2,0
6377,2025,7,1,INST-TEACH,J-NF,16,1
6378,2025,7,1,INST-TEACH,J-PBK,1,0
6379,2025,7,1,INST-TEACH,J-PIC-BOOK,62,0
6380,2025,7,1,J-INTERNET,A-AUD-CD,1,0
6381,2025,7,1,J-INTERNET,A-DVD,30,34
6382,2025,7,1,J-INTERNET,A-FIC,36,31
6383,2025,7,1,J-INTERNET,A-GRA,33,24
6384,2025,7,1,J-INTERNET,A-KIT-HOBB,2,1
6385,2025,7,1,J-INTERNET,A-LEASE-FI,4,8
6386,2025,7,1,J-INTERNET,A-LP,2,0
6387,2025,7,1,J-INTERNET,A-LP-FIC,1,0
6388,2025,7,1,J-INTERNET,A-LP-NF,1,0
6389,2025,7,1,J-INTERNET,A-NEWBK-FI,5,6
6390,2025,7,1,J-INTERNET,A-NF,22,29
6391,2025,7,1,J-INTERNET,A-SPA,1,1
6392,2025,7,1,J-INTERNET,A-VID-GAME,18,12
6393,2025,7,1,J-INTERNET,J-AUD,3,4
6394,2025,7,1,J-INTERNET,J-BEGINREA,1,3
6395,2025,7,1,J-INTERNET,J-BIO,1,0
6396,2025,7,1,J-INTERNET,J-BOARD-BK,2,0
6397,2025,7,1,J-INTERNET,J-CALDECTT,11,10
6398,2025,7,1,J-INTERNET,J-DVD,44,126
6399,2025,7,1,J-INTERNET,J-EASY,142,123
6400,2025,7,1,J-INTERNET,J-EASY-F,1,3
6401,2025,7,1,J-INTERNET,J-EASY-PIC,1,1
6402,2025,7,1,J-INTERNET,J-FIC,280,328
6403,2025,7,1,J-INTERNET,J-GRA,221,137
6404,2025,7,1,J-INTERNET,J-GRA-COM,3,0
6405,2025,7,1,J-INTERNET,J-NEWBERY,7,9
6406,2025,7,1,J-INTERNET,J-NF,335,246
6407,2025,7,1,J-INTERNET,J-PBK,62,90
6408,2025,7,1,J-INTERNET,J-PIC-BOOK,385,330
6409,2025,7,1,J-INTERNET,J-ROOM,2,1
6410,2025,7,1,J-INTERNET,J-SPA,6,7
6411,2025,7,1,J-INTERNET,PARENTING,1,0
6412,2025,7,1,J-INTERNET,YA,31,54
6413,2025,7,1,J-INTERNET,YA-DVD,26,25
6414,2025,7,1,J-INTERNET,YA-FIC,44,47
6415,2025,7,1,J-INTERNET,YA-GRA,85,33
6416,2025,7,1,J-INTERNET,YA-NF,1,0
6417,2025,7,1,J-INTERNET,YA-PBK,3,2
6418,2025,7,1,J-INTERNET,YA-PLAYAWY,1,0
6419,2025,7,1,J-INTERNET,YA-VID-GAM,37,29
6420,2025,7,1,JUVENILE,A-AUD,1,1
6421,2025,7,1,JUVENILE,A-AUD-CD,1,0
6422,2025,7,1,JUVENILE,A-DVD,5,6
6423,2025,7,1,JUVENILE,A-FIC,33,36
6424,2025,7,1,JUVENILE,A-GRA,31,41
6425,2025,7,1,JUVENILE,A-HOMESCH,3,6
6426,2025,7,1,JUVENILE,A-LEASE-FI,3,0
6427,2025,7,1,JUVENILE,A-LP,2,6
6428,2025,7,1,JUVENILE,A-LP-FIC,2,3
6429,2025,7,1,JUVENILE,A-NEWBK-FI,1,0
6430,2025,7,1,JUVENILE,A-NEWBK-NF,1,0
6431,2025,7,1,JUVENILE,A-NF,56,66
6432,2025,7,1,JUVENILE,A-VID-GAME,6,7
6433,2025,7,1,JUVENILE,J-AUD,35,8
6434,2025,7,1,JUVENILE,J-BEGINREA,3,1
6435,2025,7,1,JUVENILE,J-BIO,1,0
6436,2025,7,1,JUVENILE,J-CALDECTT,23,17
6437,2025,7,1,JUVENILE,J-DVD,71,95
6438,2025,7,1,JUVENILE,J-EASY,137,78
6439,2025,7,1,JUVENILE,J-EASY-F,3,1
6440,2025,7,1,JUVENILE,J-FIC,307,223
6441,2025,7,1,JUVENILE,J-GRA,246,148
6442,2025,7,1,JUVENILE,J-GRA-COM,1,0
6443,2025,7,1,JUVENILE,J-KIT,1,1
6444,2025,7,1,JUVENILE,J-MUSIC-CD,1,1
6445,2025,7,1,JUVENILE,J-NEWBERY,12,16
6446,2025,7,1,JUVENILE,J-NF,320,234
6447,2025,7,1,JUVENILE,J-PBK,67,48
6448,2025,7,1,JUVENILE,J-PIC-BOOK,444,272
6449,2025,7,1,JUVENILE,J-ROOM,1,1
6450,2025,7,1,JUVENILE,J-SPA,7,12
6451,2025,7,1,JUVENILE,T-GRA,1,0
6452,2025,7,1,JUVENILE,YA,38,45
6453,2025,7,1,JUVENILE,YA-AUD,1,1
6454,2025,7,1,JUVENILE,YA-DVD,2,4
6455,2025,7,1,JUVENILE,YA-FIC,38,46
6456,2025,7,1,JUVENILE,YA-GRA,103,107
6457,2025,7,1,JUVENILE,YA-MANGA,1,0
6458,2025,7,1,JUVENILE,YA-NF,1,6
6459,2025,7,1,JUVENILE,YA-PBK,2,3
6460,2025,7,1,JUVENILE,YA-PLAYAWY,1,2
6461,2025,7,1,JUVENILE,YA-VID-GAM,22,24
6462,2025,7,1,MISSING,A-AUD,1,0
6463,2025,7,1,MISSING,A-AUD-CD,2,0
6464,2025,7,1,MISSING,A-DVD,4,0
6465,2025,7,1,MISSING,A-FIC,9,0
6466,2025,7,1,MISSING,A-GRA,1,0
6467,2025,7,1,MISSING,A-LEASE-FI,4,0
6468,2025,7,1,MISSING,A-LP,3,0
6469,2025,7,1,MISSING,A-LP-FIC,1,0
6470,2025,7,1,MISSING,A-NEWBK-FI,7,0
6471,2025,7,1,MISSING,A-NEWBK-NF,1,0
6472,2025,7,1,MISSING,A-NF,10,0
6473,2025,7,1,MISSING,A-VID-GAME,1,0
6474,2025,7,1,MISSING,J-DVD,1,0
6475,2025,7,1,MISSING,J-GRA,1,0
6476,2025,7,1,MISSING,J-NF,2,0
6477,2025,7,1,MISSING,J-PBK,1,0
6478,2025,7,1,MISSING,J-PIC-BOOK,5,0
6479,2025,7,1,MISSING,J-SPA,1,0
6480,2025,7,1,MISSING,YA,2,0
6481,2025,7,1,MISSING,YA-DVD,1,0
6482,2025,7,1,MISSING,YA-GRA,2,0
6483,2025,7,1,PRGMNG,A-BK-CLUB,22,2
6484,2025,7,1,PRGMNG,A-FIC,1,0
6485,2025,7,1,PRGMNG,ILL,2,0
6486,2025,7,1,PRGMNG,J-BEGINREA,2,0
6487,2025,7,1,PRGMNG,J-BOARD-BK,1,0
6488,2025,7,1,PRGMNG,J-CALDECTT,2,0
6489,2025,7,1,PRGMNG,J-DVD,4,3
6490,2025,7,1,PRGMNG,J-EASY,9,8
6491,2025,7,1,PRGMNG,J-EASY-F,1,0
6492,2025,7,1,PRGMNG,J-EASY-PIC,1,0
6493,2025,7,1,PRGMNG,J-FIC,8,0
6494,2025,7,1,PRGMNG,J-GRA,3,0
6495,2025,7,1,PRGMNG,J-NF,20,0
6496,2025,7,1,PRGMNG,J-PIC-BOOK,48,4
6497,2025,7,1,PRGMNG,PARENTING,1,0
6498,2025,7,1,PRGMNG,YA,1,2
6499,2025,7,1,PRGMNG,YA-DVD,2,4
6500,2025,7,1,PRGMNG,YA-GRA,3,0
6501,2025,7,1,STAFF-PERS,A-AUD,2,2
6502,2025,7,1,STAFF-PERS,A-AUD-CD,4,0
6503,2025,7,1,STAFF-PERS,A-BIO,2,0
6504,2025,7,1,STAFF-PERS,A-DVD,5,6
6505,2025,7,1,STAFF-PERS,A-DVD-FIC,1,1
6506,2025,7,1,STAFF-PERS,A-DVD-TV,1,2
6507,2025,7,1,STAFF-PERS,A-FIC,22,22
6622,2025,7,5,ADULT,A-LP,109,15
6508,2025,7,1,STAFF-PERS,A-GRA,7,10
6509,2025,7,1,STAFF-PERS,A-HOTSPOT,1,0
6510,2025,7,1,STAFF-PERS,A-KIT-HOBB,1,1
6511,2025,7,1,STAFF-PERS,A-LEASE-FI,1,0
6512,2025,7,1,STAFF-PERS,A-LEASE-NF,1,0
6513,2025,7,1,STAFF-PERS,A-LP,12,0
6514,2025,7,1,STAFF-PERS,A-LP-FIC,7,0
6515,2025,7,1,STAFF-PERS,A-LP-NF,1,0
6516,2025,7,1,STAFF-PERS,A-MUSIC-CD,3,0
6517,2025,7,1,STAFF-PERS,A-MYSTERY,4,0
6518,2025,7,1,STAFF-PERS,A-NEWBK-FI,6,5
6519,2025,7,1,STAFF-PERS,A-NEWBK-LP,2,1
6520,2025,7,1,STAFF-PERS,A-NEWBK-NF,4,5
6521,2025,7,1,STAFF-PERS,A-NF,45,36
6522,2025,7,1,STAFF-PERS,A-PBK,1,0
6523,2025,7,1,STAFF-PERS,A-VID-GAME,1,1
6524,2025,7,1,STAFF-PERS,ILL,4,0
6525,2025,7,1,STAFF-PERS,J-DVD,5,6
6526,2025,7,1,STAFF-PERS,J-EASY,2,1
6527,2025,7,1,STAFF-PERS,J-FIC,13,5
6528,2025,7,1,STAFF-PERS,J-GRA,1,1
6529,2025,7,1,STAFF-PERS,J-NEWBERY,1,0
6530,2025,7,1,STAFF-PERS,J-NF,3,6
6531,2025,7,1,STAFF-PERS,J-PBK,4,1
6532,2025,7,1,STAFF-PERS,J-ROOM,1,0
6533,2025,7,1,STAFF-PERS,YA,6,8
6534,2025,7,1,STAFF-PERS,YA-FIC,9,10
6535,2025,7,1,STAFF-PERS,YA-GRA,8,7
6536,2025,7,1,STAFF-PERS,YA-MANGA,2,0
6537,2025,7,1,STAFF-PERS,YA-NF,1,1
6538,2025,7,1,STAFF-PERS,YA-PBK,1,2
6539,2025,7,1,STAFF-PERS,YA-SCIFIC,1,0
6540,2025,7,1,STAFF-PERS,YA-VID-GAM,1,4
6541,2025,7,1,YCLCIRC,A-FIC,6,0
6542,2025,7,1,YCLCIRC,A-LP-FIC,2,0
6543,2025,7,1,YCLCIRC,A-MYSTERY,1,0
6544,2025,7,1,YCLCIRC,A-NEWBK-FI,1,0
6545,2025,7,1,YCLCIRC,J-FIC,1,0
6546,2025,7,1,,A-FIC,1,0
6547,2025,7,1,,A-NF,2,0
6548,2025,7,1,,J-EASY,1,0
6549,2025,7,1,,J-FIC,4,1
6550,2025,7,1,,J-GRA,11,0
6551,2025,7,1,,J-NF,6,0
6552,2025,7,1,,J-PIC-BOOK,4,0
6553,2025,7,1,,J-SPA,2,0
6554,2025,7,16,ADULT,A-DVD,12,9
6555,2025,7,16,ADULT,A-DVD-FIC,1,0
6556,2025,7,16,ADULT,A-FIC,26,22
6557,2025,7,16,ADULT,A-GRA,3,0
6558,2025,7,16,ADULT,A-HOMESCH,5,1
6559,2025,7,16,ADULT,A-LEASE-FI,7,0
6560,2025,7,16,ADULT,A-LEASE-LP,3,0
6561,2025,7,16,ADULT,A-LP,15,3
6562,2025,7,16,ADULT,A-LP-FIC,4,1
6563,2025,7,16,ADULT,A-LP-MYS,1,0
6564,2025,7,16,ADULT,A-NEWBK-FI,15,8
6565,2025,7,16,ADULT,A-NEWBK-LP,6,3
6566,2025,7,16,ADULT,A-NEWBK-NF,2,1
6567,2025,7,16,ADULT,A-NF,25,10
6568,2025,7,16,ADULT,A-SFI-FAN,1,0
6569,2025,7,16,ADULT,A-VID-GAME,3,0
6570,2025,7,16,ADULT,J-AUD,1,0
6571,2025,7,16,ADULT,J-BIO,3,0
6572,2025,7,16,ADULT,J-DVD,1,0
6573,2025,7,16,ADULT,J-EASY,6,0
6574,2025,7,16,ADULT,J-FIC,21,9
6575,2025,7,16,ADULT,J-GRA,8,7
6576,2025,7,16,ADULT,J-NF,30,16
6577,2025,7,16,ADULT,J-PBK,3,1
6578,2025,7,16,ADULT,J-PIC-BOOK,25,3
6579,2025,7,16,ADULT,J-SC,6,0
6580,2025,7,16,ADULT,J-SC-NF,2,0
6581,2025,7,16,ADULT,T-GRA,1,0
6582,2025,7,16,ADULT,YA,1,0
6583,2025,7,16,ADULT,YA-FIC,1,2
6584,2025,7,16,ADULT,YA-VID-GAM,2,0
6585,2025,7,16,INST-TEACH,A-FIC,3,0
6586,2025,7,16,J-INTERNET,A-NEWBK-FI,2,0
6587,2025,7,16,J-INTERNET,J-EASY,1,0
6588,2025,7,16,J-INTERNET,J-FIC,5,0
6589,2025,7,16,J-INTERNET,J-PBK,6,0
6590,2025,7,16,J-INTERNET,J-PIC-BOOK,3,0
6591,2025,7,16,J-INTERNET,YA-FIC,1,0
6592,2025,7,16,JUVENILE,A-NF,10,1
6593,2025,7,16,JUVENILE,A-TRAVEL,1,0
6594,2025,7,16,JUVENILE,J-AUD,7,3
6595,2025,7,16,JUVENILE,J-BEGINREA,1,0
6596,2025,7,16,JUVENILE,J-BIO,2,0
6597,2025,7,16,JUVENILE,J-DVD,2,2
6598,2025,7,16,JUVENILE,J-FIC,3,0
6599,2025,7,16,JUVENILE,J-GRA,1,0
6600,2025,7,16,JUVENILE,J-NF,16,0
6601,2025,7,16,JUVENILE,YA,1,0
6602,2025,7,5,A-NONRES,A-FIC,4,0
6603,2025,7,5,A-NONRES,J-DVD,2,0
6604,2025,7,5,A-NONRES,J-EASY,1,0
6605,2025,7,5,A-NONRES,J-PIC-BOOK,5,0
6606,2025,7,5,ADULT,A-AUD,13,8
6607,2025,7,5,ADULT,A-AUD-CD,22,6
6608,2025,7,5,ADULT,A-BIO,4,1
6609,2025,7,5,ADULT,A-BK-CLUB,1,0
6610,2025,7,5,ADULT,A-CHRISTMS,1,0
6611,2025,7,5,ADULT,A-DVD,91,33
6612,2025,7,5,ADULT,A-DVD-FIC,1,0
6613,2025,7,5,ADULT,A-DVD-TV,4,7
6614,2025,7,5,ADULT,A-FIC,544,166
6615,2025,7,5,ADULT,A-GRA,2,1
6616,2025,7,5,ADULT,A-HOMESCH,12,3
6617,2025,7,5,ADULT,A-HOTSPOT,104,1
6618,2025,7,5,ADULT,A-KIT-HOBB,3,0
6619,2025,7,5,ADULT,A-LEASE-FI,16,10
6620,2025,7,5,ADULT,A-LEASE-LP,2,0
6621,2025,7,5,ADULT,A-LEASE-NF,4,1
6623,2025,7,5,ADULT,A-LP-FIC,27,6
6624,2025,7,5,ADULT,A-LP-NF,1,0
6625,2025,7,5,ADULT,A-LP-WEST,1,0
6626,2025,7,5,ADULT,A-MYSTERY,2,0
6627,2025,7,5,ADULT,A-NEWBK,3,2
6628,2025,7,5,ADULT,A-NEWBK-FI,140,62
6629,2025,7,5,ADULT,A-NEWBK-LP,35,10
6630,2025,7,5,ADULT,A-NEWBK-NF,48,26
6631,2025,7,5,ADULT,A-NF,297,105
6632,2025,7,5,ADULT,A-SC,1,0
6633,2025,7,5,ADULT,A-SCIFIC,1,0
6634,2025,7,5,ADULT,A-SFI-FAN,1,0
6635,2025,7,5,ADULT,A-SPA,1,0
6636,2025,7,5,ADULT,A-SPA-FIC,1,0
6637,2025,7,5,ADULT,A-STACKS,1,1
6638,2025,7,5,ADULT,A-VID-GAME,2,4
6639,2025,7,5,ADULT,A-VIS-MEDI,1,1
6640,2025,7,5,ADULT,ILL,10,0
6641,2025,7,5,ADULT,J-AUD,1,0
6642,2025,7,5,ADULT,J-BEGINREA,1,0
6643,2025,7,5,ADULT,J-BIO,2,1
6644,2025,7,5,ADULT,J-CALDECTT,27,0
6645,2025,7,5,ADULT,J-DVD,102,24
6646,2025,7,5,ADULT,J-EASY,289,23
6647,2025,7,5,ADULT,J-EASY-PIC,1,0
6648,2025,7,5,ADULT,J-FIC,254,56
6649,2025,7,5,ADULT,J-GRA,140,28
6650,2025,7,5,ADULT,J-KIT,3,4
6651,2025,7,5,ADULT,J-NEWBERY,7,5
6652,2025,7,5,ADULT,J-NF,370,51
6653,2025,7,5,ADULT,J-PBK,74,19
6654,2025,7,5,ADULT,J-PIC-BOOK,734,34
6655,2025,7,5,ADULT,J-SPA,4,1
6656,2025,7,5,ADULT,J-VIS-MEDI,1,0
6657,2025,7,5,ADULT,YA,56,11
6658,2025,7,5,ADULT,YA-FIC,21,3
6659,2025,7,5,ADULT,YA-GRA,57,15
6660,2025,7,5,ADULT,YA-NF,1,1
6661,2025,7,5,ADULT,YA-PBK,9,5
6662,2025,7,5,DAMAGED,A-HOTSPOT,11,0
6663,2025,7,5,DAMAGED,A-LEASE-FI,1,0
6664,2025,7,5,DISCARD,A-AUD,28,0
6665,2025,7,5,DISCARD,A-AUD-CD,104,0
6666,2025,7,5,DISCARD,A-FIC,57,0
6667,2025,7,5,DISCARD,A-HOMESCH,2,0
6668,2025,7,5,DISCARD,A-LP,40,0
6669,2025,7,5,DISCARD,A-LP-FIC,1,0
6670,2025,7,5,DISCARD,A-NF,56,0
6671,2025,7,5,DISCARD,J-FIC,2,0
6672,2025,7,5,DISCARD,J-GRA,7,0
6673,2025,7,5,DISCARD,J-NF,2,0
6674,2025,7,5,DISCARD,J-PBK,1,0
6675,2025,7,5,DISCARD,J-PIC-BOOK,8,0
6676,2025,7,5,INST-TEACH,J-DVD,3,0
6677,2025,7,5,INST-TEACH,J-EASY,1,0
6678,2025,7,5,INST-TEACH,J-PIC-BOOK,13,0
6679,2025,7,5,J-INTERNET,A-DVD,2,0
6680,2025,7,5,J-INTERNET,A-FIC,6,0
6681,2025,7,5,J-INTERNET,A-HOMESCH,2,1
6682,2025,7,5,J-INTERNET,A-NF,22,3
6683,2025,7,5,J-INTERNET,J-BEGINREA,1,0
6684,2025,7,5,J-INTERNET,J-BIO,1,0
6685,2025,7,5,J-INTERNET,J-BOARD-BK,1,0
6686,2025,7,5,J-INTERNET,J-CALDECTT,7,0
6687,2025,7,5,J-INTERNET,J-DVD,27,9
6688,2025,7,5,J-INTERNET,J-EASY,57,17
6689,2025,7,5,J-INTERNET,J-EASY-F,2,0
6690,2025,7,5,J-INTERNET,J-EASY-PIC,1,0
6691,2025,7,5,J-INTERNET,J-FIC,84,19
6692,2025,7,5,J-INTERNET,J-GRA,54,2
6693,2025,7,5,J-INTERNET,J-NF,92,16
6694,2025,7,5,J-INTERNET,J-PBK,53,5
6695,2025,7,5,J-INTERNET,J-PIC-BOOK,138,25
6696,2025,7,5,J-INTERNET,YA,10,3
6697,2025,7,5,J-INTERNET,YA-FIC,8,3
6698,2025,7,5,J-INTERNET,YA-GRA,13,0
6699,2025,7,5,JUVENILE,A-FIC,5,1
6700,2025,7,5,JUVENILE,A-HOMESCH,1,0
6701,2025,7,5,JUVENILE,A-LEASE-FI,1,0
6702,2025,7,5,JUVENILE,A-NF,3,2
6703,2025,7,5,JUVENILE,A-VID-GAME,4,0
6704,2025,7,5,JUVENILE,J-BEGINREA,2,2
6705,2025,7,5,JUVENILE,J-DVD,29,2
6706,2025,7,5,JUVENILE,J-DVD-F,1,1
6707,2025,7,5,JUVENILE,J-EASY,77,8
6708,2025,7,5,JUVENILE,J-EASY-F,5,0
6709,2025,7,5,JUVENILE,J-EASY-PIC,1,0
6710,2025,7,5,JUVENILE,J-FIC,70,15
6711,2025,7,5,JUVENILE,J-GRA,97,11
6712,2025,7,5,JUVENILE,J-GRA-NF,3,0
6713,2025,7,5,JUVENILE,J-KIT,1,0
6714,2025,7,5,JUVENILE,J-NEWBERY,3,1
6715,2025,7,5,JUVENILE,J-NF,67,20
6716,2025,7,5,JUVENILE,J-PBK,18,11
6717,2025,7,5,JUVENILE,J-PIC-BOOK,126,20
6718,2025,7,5,JUVENILE,J-SEASONAL,1,0
6719,2025,7,5,JUVENILE,J-SPA,1,1
6720,2025,7,5,JUVENILE,YA,2,1
6721,2025,7,5,JUVENILE,YA-GRA,9,0
6722,2025,7,5,JUVENILE,YA-PBK,1,1
6723,2025,7,5,JUVENILE,YA-VID-GAM,4,0
6724,2025,7,5,MISSING,A-AUD-CD,1,0
6725,2025,7,5,MISSING,A-FIC,5,0
6726,2025,7,5,MISSING,A-HOMESCH,1,0
6727,2025,7,5,MISSING,A-HOTSPOT,1,0
6728,2025,7,5,MISSING,A-LP,1,0
6729,2025,7,5,MISSING,A-NEWBK-NF,1,0
6730,2025,7,5,MISSING,A-NF,4,0
6731,2025,7,5,MISSING,J-CALDECTT,1,0
6732,2025,7,5,MISSING,J-EASY,1,0
6733,2025,7,5,MISSING,J-FIC,3,0
6734,2025,7,5,MISSING,J-GRA,1,0
6735,2025,7,5,MISSING,J-NF,4,0
6736,2025,7,5,MISSING,J-PBK,4,0
6737,2025,7,5,MISSING,J-PIC-BOOK,11,0
6738,2025,7,5,MISSING,YA-FIC,1,0
6739,2025,7,5,PRGMNG,A-AUD,1,0
6740,2025,7,5,PRGMNG,A-BK-CLUB,1,0
6741,2025,7,5,PRGMNG,A-FIC,22,0
6742,2025,7,5,PRGMNG,A-LP,3,0
6743,2025,7,5,STAFF-PERS,A-DVD,1,0
6744,2025,7,5,STAFF-PERS,A-FIC,6,6
6745,2025,7,5,STAFF-PERS,A-LP,1,0
6746,2025,7,5,STAFF-PERS,A-NEWBK-FI,4,1
6747,2025,7,5,STAFF-PERS,A-NEWBK-LP,3,0
6748,2025,7,5,STAFF-PERS,A-NF,5,3
6749,2025,7,5,STAFF-PERS,J-DVD,1,0
6750,2025,7,5,STAFF-PERS,J-EASY,1,0
6751,2025,7,5,STAFF-PERS,J-NF,1,0
6752,2025,7,5,STAFF-PERS,J-PBK,2,1
6753,2025,7,5,STAFF-PERS,J-PIC-BOOK,5,0
6754,2025,7,5,STAFF-PERS,YA-GRA,2,2
6755,2025,7,5,,A-FIC,2,0
6756,2025,7,5,,A-HOTSPOT,1,0
6757,2025,7,5,,J-FIC,3,0
6758,2025,7,15,ADULT,A-DVD,9,0
6759,2025,7,15,ADULT,A-DVD-TV,2,0
6760,2025,7,15,ADULT,A-FIC,22,0
6761,2025,7,15,ADULT,A-GRA,3,0
6762,2025,7,15,ADULT,A-HOMESCH,1,0
6763,2025,7,15,ADULT,A-LEASE-FI,5,0
6764,2025,7,15,ADULT,A-LP,3,0
6765,2025,7,15,ADULT,A-LP-FIC,2,0
6766,2025,7,15,ADULT,A-NEWBK-FI,5,0
6767,2025,7,15,ADULT,A-NEWBK-NF,2,0
6768,2025,7,15,ADULT,A-NF,9,0
6769,2025,7,15,ADULT,J-AUD-F,1,0
6770,2025,7,15,ADULT,J-EASY,1,0
6771,2025,7,15,ADULT,J-EASY-F,1,0
6772,2025,7,15,ADULT,J-FIC,2,0
6773,2025,7,15,ADULT,J-GRA,1,0
6774,2025,7,15,ADULT,J-NEWBERY,1,0
6775,2025,7,15,ADULT,J-NF,2,0
6776,2025,7,15,ADULT,J-PBK,1,0
6777,2025,7,15,ADULT,J-PIC-BOOK,1,0
6778,2025,7,15,ADULT,J-SPA,1,0
6779,2025,7,15,ADULT,YA-FIC,1,0
6780,2025,7,15,J-INTERNET,J-FIC,2,0
6781,2025,7,15,J-INTERNET,J-GRA-COM,1,0
6782,2025,7,15,J-INTERNET,J-NF,1,0
6783,2025,7,15,JUVENILE,A-NF,1,0
6784,2025,7,6,ADULT,A-AUD-CD,0,1
6785,2025,7,6,ADULT,A-LP-MYS,0,1
6786,2025,7,6,ADULT,A-LP-WEST,0,1
6787,2025,7,6,ADULT,A-VIS-MEDI,0,2
6788,2025,7,6,ADULT,YA-DVD,0,1
6789,2025,7,6,ADULT,YA-PBK,0,1
6790,2025,7,6,J-INTERNET,A-NF,0,1
6791,2025,7,6,J-INTERNET,YA-NF,0,2
6792,2025,7,6,JUVENILE,A-VID-GAME,0,1
6793,2025,7,6,JUVENILE,J-EASY-PIC,0,1
6794,2025,7,6,STAFF-PERS,YA-MANGA,0,4
6795,2025,7,6,STAFF-PERS,YA-VID-GAM,0,1
6796,2025,7,2,ADULT,A-NEWBK,0,1
6797,2025,7,2,ADULT,A-PLAYAWAY,0,2
6798,2025,7,2,ADULT,J-BEGINREA,0,4
6799,2025,7,2,ADULT,J-GRA-COM,0,1
6800,2025,7,2,ADULT,J-SEASONAL,0,1
6801,2025,7,2,J-INTERNET,J-SPA,0,2
6802,2025,7,2,J-INTERNET,YA-GRA,0,5
6803,2025,7,2,J-INTERNET,YA-PBK,0,1
6804,2025,7,2,JUVENILE,A-AUD-CD,0,1
6805,2025,7,2,JUVENILE,A-GRA,0,12
6806,2025,7,2,JUVENILE,A-LEASE-FI,0,1
6807,2025,7,2,JUVENILE,YA-MANGA,0,4
6808,2025,7,2,JUVENILE,YA-SERIES,0,1
6809,2025,7,2,PRGMNG,YA,0,1
6810,2025,7,2,STAFF-PERS,A-BIO,0,1
6811,2025,7,2,STAFF-PERS,A-LEASE-FI,0,2
6812,2025,7,2,STAFF-PERS,A-NEWBK-NF,0,1
6813,2025,7,2,TEEN,J-PIC-BOOK,0,1
6814,2025,7,2,TEEN,YA-GRA,0,1
6815,2025,7,2,TEEN,YA-PBK,0,1
6816,2025,7,2,,J-FIC,0,1
6817,2025,7,2,,J-NF,0,2
6818,2025,7,12,ADULT,A-AUD,0,1
6819,2025,7,12,ADULT,A-AUD-CD,0,2
6820,2025,7,12,ADULT,J-BIO,0,1
6821,2025,7,12,J-INTERNET,A-NF,0,2
6822,2025,7,12,J-INTERNET,J-CALDECTT,0,1
6823,2025,7,12,J-INTERNET,J-EASY,0,1
6824,2025,7,12,J-INTERNET,J-PIC-BOOK,0,1
6825,2025,7,12,JUVENILE,J-NF,0,1
6826,2025,7,3,A-NONRES,A-NEWBK-FI,0,2
6827,2025,7,3,ADULT,A-CAROL-BI,0,1
6828,2025,7,3,ADULT,A-CAROL-NF,0,1
6829,2025,7,3,ADULT,A-DVD-NF,0,1
6830,2025,7,3,ADULT,A-LOCHIST,0,2
6831,2025,7,3,ADULT,A-LP-BIO,0,1
6832,2025,7,3,ADULT,A-PARNT-ED,0,1
6833,2025,7,3,ADULT,J-DISPLAY,0,1
6834,2025,7,3,ADULT,YA-GRA-NF,0,2
6835,2025,7,3,J-INTERNET,A-HOMESCH,0,1
6836,2025,7,3,J-INTERNET,A-LP-FIC,0,2
6837,2025,7,3,J-INTERNET,J-AUD,0,2
6838,2025,7,3,J-INTERNET,J-BEGINREA,0,1
6839,2025,7,3,J-INTERNET,J-ROOM,0,1
6840,2025,7,3,J-INTERNET,J-SC-AWARD,0,1
6841,2025,7,3,J-INTERNET,YA-MANGA,0,3
6842,2025,7,3,JUVENILE,A-AUD-CD,0,1
6843,2025,7,3,JUVENILE,A-BIO,0,2
6844,2025,7,3,JUVENILE,A-DVD-TV,0,1
6845,2025,7,3,JUVENILE,A-LP,0,1
6846,2025,7,3,JUVENILE,A-SCIFIC,0,1
6847,2025,7,3,JUVENILE,BKMOBILE,0,1
6848,2025,7,3,JUVENILE,J-PARENT,0,1
6849,2025,7,3,JUVENILE,YA-GRA-COM,0,1
6850,2025,7,3,PRGMNG,A-SC,0,1
6851,2025,7,3,PRGMNG,YA,0,1
6852,2025,7,3,STAFF-PERS,A-LP-FIC,0,1
6853,2025,7,3,STAFF-PERS,A-MYSTERY,0,2
6854,2025,7,3,STAFF-PERS,A-WESTERN,0,1
6855,2025,7,3,TEEN,A-MYSTERY,0,2
6856,2025,7,3,TEEN,J-PBK,0,1
6857,2025,7,3,,J-GRA,0,1
6858,2025,7,13,TEEN,A-NEWBK-FI,0,1
6859,2025,7,4,A-NONRES,A-NEWBK-NF,0,2
6860,2025,7,4,ADULT,A-AUD-BIO,0,1
6861,2025,7,4,ADULT,A-NEWBK,0,2
6862,2025,7,4,ADULT,J-AWARD,0,1
6863,2025,7,4,ADULT,J-EASY-PBK,0,1
6864,2025,7,4,ADULT,J-NEW,0,2
6865,2025,7,4,ADULT,PARENTING,0,1
6866,2025,7,4,ADULT,YA-GRA-BIO,0,1
6867,2025,7,4,INST-TEACH,J-FIC,0,1
6868,2025,7,4,J-INTERNET,A-FIC,0,6
6869,2025,7,4,JUVENILE,J-BLU-RAY,0,1
6870,2025,7,4,JUVENILE,J-BOARD-BK,0,6
6871,2025,7,4,JUVENILE,J-SPA,0,10
6872,2025,7,4,STAFF-PERS,A-DVD-TV,0,2
6873,2025,7,4,TEEN,A-FIC,0,6
6874,2025,7,4,TEEN,J-NF,0,2
6875,2025,7,14,ADULT,J-GRA,0,7
6876,2025,7,14,JUVENILE,J-PIC-BOOK,0,4
6877,2025,7,14,STAFF-PERS,J-PBK,0,1
6878,2025,7,1,A-NONRES,A-AUD-CD,0,2
6879,2025,7,1,A-NONRES,J-AUD,0,2
6880,2025,7,1,A-NONRES,J-DVD,0,2
6881,2025,7,1,A-NONRES,YA,0,2
6882,2025,7,1,ADULT,A-PLAYAWAY,0,2
6883,2025,7,1,ADULT,A-SC-FIC,0,1
6884,2025,7,1,ADULT,A-SC-NF,0,1
6885,2025,7,1,ADULT,J-NEW,0,1
6886,2025,7,1,ADULT,T-GRA,0,1
6887,2025,7,1,ADULT,YA-MANGA,0,4
6888,2025,7,1,ADULT,YA-ROOM,0,1
6889,2025,7,1,INST-TEACH,J-NEWBERY,0,1
6890,2025,7,1,J-INTERNET,A-NEWBK-LP,0,1
6891,2025,7,1,J-INTERNET,YA-ROOM,0,2
6892,2025,7,1,JUVENILE,A-CHILDHOO,0,2
6893,2025,7,1,JUVENILE,A-LEASE-LP,0,2
6894,2025,7,1,JUVENILE,A-LEASE-NF,0,2
6895,2025,7,1,JUVENILE,A-NEWBK-LP,0,1
6896,2025,7,1,JUVENILE,A-SPA-FIC,0,4
6897,2025,7,1,JUVENILE,ACQ,0,1
6898,2025,7,1,JUVENILE,BKMOBILE,0,1
6899,2025,7,1,JUVENILE,J-BOARD-BK,0,2
6900,2025,7,1,JUVENILE,J-BRAILLE,0,2
6901,2025,7,1,JUVENILE,J-EASY-PIC,0,1
6902,2025,7,1,STAFF-PERS,A-SCIFIC,0,1
6903,2025,7,1,STAFF-PERS,A-SFI-FAN,0,1
6904,2025,7,1,TEEN,YA-FIC,0,4
6905,2025,7,16,ADULT,A-AFR-AMER,0,1
6906,2025,7,16,ADULT,A-CHILDHOO,0,1
6907,2025,7,16,ADULT,A-NEWBK,0,1
6908,2025,7,16,ADULT,J-CALDECTT,0,1
6909,2025,7,16,ADULT,J-INVESTIN,0,1
6910,2025,7,16,J-INTERNET,A-FIC,0,1
6911,2025,7,5,ADULT,YA-DVD,0,1
6912,2025,7,5,ADULT,YA-MANGA,0,1
6913,2025,7,5,J-INTERNET,J-NEWBERY,0,1
6914,2025,7,5,JUVENILE,J-BIO,0,2
6915,2025,7,5,JUVENILE,J-GRC,0,1
6916,2025,7,5,PRGMNG,A-NF,0,1
6917,2025,7,5,PRGMNG,J-DVD,0,1
6918,2025,7,5,PRGMNG,J-EASY,0,1
6919,2025,7,5,STAFF-PERS,J-FIC,0,1
6920,2025,7,5,STAFF-PERS,YA,0,1
6921,2025,7,5,STAFF-PERS,YA-FIC,0,1
6922,2025,7,5,TEEN,A-FIC,0,1
6923,2025,7,5,TEEN,YA-FIC,0,1
6924,2026,3,6,ADULT,A-AUD,15,4
6925,2026,3,6,ADULT,A-AUD-CD,1,1
6926,2026,3,6,ADULT,A-BK-CLUB,2,1
6927,2026,3,6,ADULT,A-DEMENTIA,7,5
6928,2026,3,6,ADULT,A-DVD,8,16
6929,2026,3,6,ADULT,A-FIC,15,10
6930,2026,3,6,ADULT,A-GRA,1,3
6931,2026,3,6,ADULT,A-HOTSPOT,1,0
6932,2026,3,6,ADULT,A-KIT,2,5
6933,2026,3,6,ADULT,A-KIT-HOBB,3,0
6934,2026,3,6,ADULT,A-LEASE-FI,16,27
6935,2026,3,6,ADULT,A-LEASE-LP,102,173
6936,2026,3,6,ADULT,A-LEASE-NF,12,28
6937,2026,3,6,ADULT,A-LP,30,7
6938,2026,3,6,ADULT,A-LP-FIC,19,13
6939,2026,3,6,ADULT,A-LP-MYS,4,2
6940,2026,3,6,ADULT,A-NEWBK,3,0
6941,2026,3,6,ADULT,A-NEWBK-FI,3,8
6942,2026,3,6,ADULT,A-NEWBK-LP,8,12
6943,2026,3,6,ADULT,A-NEWBK-NF,7,6
6944,2026,3,6,ADULT,A-NF,20,37
6945,2026,3,6,ADULT,A-PLAYAWAY,29,15
6946,2026,3,6,ADULT,ILL,1,0
6947,2026,3,6,ADULT,J-CALDECTT,3,2
6948,2026,3,6,ADULT,J-DVD,6,12
6949,2026,3,6,ADULT,J-EASY,28,42
6950,2026,3,6,ADULT,J-FIC,20,25
6951,2026,3,6,ADULT,J-GRA,25,33
6952,2026,3,6,ADULT,J-NEWBERY,6,2
6953,2026,3,6,ADULT,J-NF,25,29
6954,2026,3,6,ADULT,J-PBK,7,9
6955,2026,3,6,ADULT,J-PIC-BOOK,37,47
6956,2026,3,6,ADULT,J-SPA,1,0
6957,2026,3,6,ADULT,STACKS,1,4
6958,2026,3,6,ADULT,YA,5,6
6959,2026,3,6,ADULT,YA-FIC,2,12
6960,2026,3,6,ADULT,YA-GRA,4,5
6961,2026,3,6,ADULT,YA-NF,1,1
6962,2026,3,6,ADULT,YA-VID-GAM,3,1
6963,2026,3,6,DISCARD,A-AUD,39,0
6964,2026,3,6,DISCARD,A-DEMENTIA,1,0
6965,2026,3,6,DISCARD,A-DVD,29,0
6966,2026,3,6,DISCARD,A-FIC,1,0
6967,2026,3,6,DISCARD,A-LEASE-BK,3,0
6968,2026,3,6,DISCARD,A-LEASE-FI,86,0
6969,2026,3,6,DISCARD,A-LEASE-LP,94,0
6970,2026,3,6,DISCARD,A-LEASE-NF,38,0
6971,2026,3,6,DISCARD,A-LP,1,0
6972,2026,3,6,DISCARD,A-NEWBK-FI,1,0
6973,2026,3,6,DISCARD,A-NEWBK-LP,26,0
6974,2026,3,6,DISCARD,A-NF,4,0
6975,2026,3,6,DISCARD,A-PLAYAWAY,1,0
6976,2026,3,6,DISCARD,A-SPA,1,0
6977,2026,3,6,DISCARD,J-CALDECTT,6,0
6978,2026,3,6,DISCARD,J-DVD,89,0
6979,2026,3,6,DISCARD,J-EASY,92,0
6980,2026,3,6,DISCARD,J-FIC,14,0
6981,2026,3,6,DISCARD,J-GRA,9,0
6982,2026,3,6,DISCARD,J-NF,107,0
6983,2026,3,6,DISCARD,J-PIC-BOOK,380,0
6984,2026,3,6,DISCARD,YA,42,0
6985,2026,3,6,DISCARD,YA-FIC,9,0
6986,2026,3,6,DISCARD,YA-GRA,5,0
6987,2026,3,6,DISCARD,YA-NF,2,0
6988,2026,3,6,HOMEBOUND,A-AUD,5,0
6989,2026,3,6,HOMEBOUND,A-AUD-CD,3,0
6990,2026,3,6,HOMEBOUND,A-AUD-MP3,3,0
6991,2026,3,6,HOMEBOUND,A-DVD,16,0
6992,2026,3,6,HOMEBOUND,A-FIC,7,0
6993,2026,3,6,HOMEBOUND,A-GRA,1,0
6994,2026,3,6,HOMEBOUND,A-LEASE-FI,10,0
6995,2026,3,6,HOMEBOUND,A-LEASE-LP,12,0
6996,2026,3,6,HOMEBOUND,A-LEASE-NF,3,1
6997,2026,3,6,HOMEBOUND,A-LP,6,1
6998,2026,3,6,HOMEBOUND,A-LP-FIC,2,0
6999,2026,3,6,HOMEBOUND,A-NEWBK-FI,2,0
7000,2026,3,6,HOMEBOUND,A-NEWBK-LP,4,1
7001,2026,3,6,HOMEBOUND,A-NF,8,0
7002,2026,3,6,HOMEBOUND,A-PLAYAWAY,13,8
7003,2026,3,6,HOMEBOUND,J-AUD,1,0
7004,2026,3,6,HOMEBOUND,J-DVD,3,0
7005,2026,3,6,HOMEBOUND,J-FIC,2,0
7006,2026,3,6,HOMEBOUND,J-NF,5,0
7007,2026,3,6,HOMEBOUND,J-PIC-BOOK,2,0
7008,2026,3,6,HOMEBOUND,YA-FIC,1,0
7009,2026,3,6,INST-TEACH,A-DVD,6,19
7010,2026,3,6,INST-TEACH,J-CALDECTT,3,0
7011,2026,3,6,INST-TEACH,J-DVD,14,31
7012,2026,3,6,INST-TEACH,J-EASY,75,4
7013,2026,3,6,INST-TEACH,J-EASY-PIC,1,0
7014,2026,3,6,INST-TEACH,J-GRA,1,0
7015,2026,3,6,INST-TEACH,J-NF,61,0
7016,2026,3,6,INST-TEACH,J-PBK,1,0
7017,2026,3,6,INST-TEACH,J-PIC-BOOK,107,2
7018,2026,3,6,INST-TEACH,J-SPA,2,0
7019,2026,3,6,INST-TEACH,STACKS,3,4
7020,2026,3,6,INST-TEACH,UNKNOWN,1,0
7021,2026,3,6,INST-TEACH,YA-VID-GAM,1,2
7022,2026,3,6,J-INTERNET,A-NEWBK-NF,1,0
7023,2026,3,6,J-INTERNET,J-EASY,3,10
7024,2026,3,6,J-INTERNET,J-FIC,4,1
7025,2026,3,6,J-INTERNET,J-GRA,6,8
7026,2026,3,6,J-INTERNET,J-NF,10,10
7027,2026,3,6,J-INTERNET,J-PBK,1,0
7028,2026,3,6,J-INTERNET,J-PIC-BOOK,9,10
7029,2026,3,6,J-INTERNET,J-SPA,1,0
7030,2026,3,6,J-INTERNET,YA-GRA,2,3
7031,2026,3,6,JUVENILE,A-GRA,5,4
7032,2026,3,6,JUVENILE,A-LEASE-FI,7,10
7033,2026,3,6,JUVENILE,A-NEWBK-NF,2,1
7034,2026,3,6,JUVENILE,A-NF,2,2
7035,2026,3,6,JUVENILE,A-PLAYAWAY,3,5
7036,2026,3,6,JUVENILE,J-EASY,19,11
7037,2026,3,6,JUVENILE,J-FIC,18,30
7038,2026,3,6,JUVENILE,J-GRA,51,32
7039,2026,3,6,JUVENILE,J-NEWBERY,1,1
7040,2026,3,6,JUVENILE,J-NF,54,42
7041,2026,3,6,JUVENILE,J-PBK,1,1
7042,2026,3,6,JUVENILE,J-PIC-BOOK,30,32
7043,2026,3,6,JUVENILE,J-SPA,3,1
7044,2026,3,6,JUVENILE,T-GRA,1,0
7045,2026,3,6,JUVENILE,YA,5,10
7046,2026,3,6,JUVENILE,YA-FIC,12,16
7047,2026,3,6,JUVENILE,YA-GRA,29,30
7048,2026,3,6,JUVENILE,YA-NF,1,4
7049,2026,3,6,JUVENILE,YA-PBK,1,3
7050,2026,3,6,JUVENILE,YA-VID-GAM,2,2
7051,2026,3,6,STAFF-PERS,A-AUD,1,0
7052,2026,3,6,STAFF-PERS,A-DVD,4,8
7053,2026,3,6,STAFF-PERS,A-NF,1,1
7054,2026,3,6,STAFF-PERS,J-BOARD-BK,1,0
7055,2026,3,6,,J-FIC,1,0
7056,2026,3,6,,J-NF,1,0
7057,2026,3,2,ADULT,A-AUD,4,5
7058,2026,3,2,ADULT,A-AUD-CD,5,4
7059,2026,3,2,ADULT,A-BIO,1,4
7060,2026,3,2,ADULT,A-BK-CLUB,6,0
7061,2026,3,2,ADULT,A-DVD,74,62
7062,2026,3,2,ADULT,A-FIC,337,158
7063,2026,3,2,ADULT,A-HOMESCH,3,3
7064,2026,3,2,ADULT,A-HOTSPOT,83,1
7065,2026,3,2,ADULT,A-KIT-HOBB,3,1
7066,2026,3,2,ADULT,A-LEASE-FI,11,6
7067,2026,3,2,ADULT,A-LEASE-LP,3,3
7068,2026,3,2,ADULT,A-LEASE-NF,7,2
7069,2026,3,2,ADULT,A-LP,44,25
7070,2026,3,2,ADULT,A-LP-FIC,15,11
7071,2026,3,2,ADULT,A-LP-WEST,1,0
7072,2026,3,2,ADULT,A-MYSTERY,4,0
7073,2026,3,2,ADULT,A-NEWBK,4,3
7074,2026,3,2,ADULT,A-NEWBK-FI,103,68
7075,2026,3,2,ADULT,A-NEWBK-LP,12,7
7076,2026,3,2,ADULT,A-NEWBK-NF,25,24
7077,2026,3,2,ADULT,A-NF,169,179
7078,2026,3,2,ADULT,A-PBK,1,0
7079,2026,3,2,ADULT,A-SCIFIC,1,0
7080,2026,3,2,ADULT,A-SFI-FAN,2,1
7081,2026,3,2,ADULT,A-SPA-FIC,2,0
7082,2026,3,2,ADULT,A-VID-GAME,3,1
7083,2026,3,2,ADULT,A-VIS-MEDI,1,2
7084,2026,3,2,ADULT,BASMNT,1,1
7085,2026,3,2,ADULT,ILL,21,0
7086,2026,3,2,ADULT,J-AUD,1,0
7087,2026,3,2,ADULT,J-BEGINREA,2,0
7088,2026,3,2,ADULT,J-BIO,4,2
7089,2026,3,2,ADULT,J-BOARD-BK,21,5
7090,2026,3,2,ADULT,J-BRAILLE,6,6
7091,2026,3,2,ADULT,J-CALDECTT,8,3
7092,2026,3,2,ADULT,J-DVD,70,109
7093,2026,3,2,ADULT,J-EASY,225,122
7094,2026,3,2,ADULT,J-EASY-F,1,0
7095,2026,3,2,ADULT,J-EASY-PIC,1,0
7096,2026,3,2,ADULT,J-FIC,125,121
7097,2026,3,2,ADULT,J-GRA,101,133
7098,2026,3,2,ADULT,J-GRA-COM,3,1
7099,2026,3,2,ADULT,J-KIT,3,4
7100,2026,3,2,ADULT,J-NEWBERY,5,6
7101,2026,3,2,ADULT,J-NF,202,159
7102,2026,3,2,ADULT,J-PBK,47,36
7103,2026,3,2,ADULT,J-PIC-BOOK,366,241
7104,2026,3,2,ADULT,J-SC,1,0
7105,2026,3,2,ADULT,J-SC-NF,1,0
7106,2026,3,2,ADULT,J-SEASONAL,1,0
7107,2026,3,2,ADULT,J-SPA,3,2
7108,2026,3,2,ADULT,T-FIC,1,0
7109,2026,3,2,ADULT,YA,12,15
7110,2026,3,2,ADULT,YA-FIC,6,8
7111,2026,3,2,ADULT,YA-GRA,3,17
7112,2026,3,2,ADULT,YA-NF,1,0
7113,2026,3,2,ADULT,YA-SCIFIC,1,0
7114,2026,3,2,DAMAGED,A-DVD,1,0
7115,2026,3,2,DAMAGED,A-HOTSPOT,1,0
7116,2026,3,2,DAMAGED,J-GRA,3,0
7117,2026,3,2,DISCARD,A-FIC,6,0
7118,2026,3,2,DISCARD,A-NF,6,0
7119,2026,3,2,DISCARD,A-REF,1,0
7120,2026,3,2,DISCARD,J-EASY,24,0
7121,2026,3,2,DISCARD,J-PIC-BOOK,246,1
7122,2026,3,2,DISCARD,YA,361,0
7123,2026,3,2,DISCARD,YA-FIC,204,0
7124,2026,3,2,DISCARD,YA-GRA,1,0
7125,2026,3,2,INST-TEACH,A-FIC,5,0
7126,2026,3,2,INST-TEACH,A-LP,5,0
7127,2026,3,2,INST-TEACH,A-LP-FIC,3,0
7128,2026,3,2,J-INTERNET,A-DVD,3,3
7129,2026,3,2,J-INTERNET,A-FIC,1,1
7130,2026,3,2,J-INTERNET,A-NF,1,2
7131,2026,3,2,J-INTERNET,J-DVD,1,2
7132,2026,3,2,J-INTERNET,J-EASY,2,0
7133,2026,3,2,J-INTERNET,J-FIC,8,9
7134,2026,3,2,J-INTERNET,J-GRA,1,11
7135,2026,3,2,J-INTERNET,J-PBK,2,0
7136,2026,3,2,J-INTERNET,J-PIC-BOOK,3,5
7137,2026,3,2,JUVENILE,A-DVD,5,14
7138,2026,3,2,JUVENILE,A-FIC,13,10
7139,2026,3,2,JUVENILE,A-GRA,3,5
7140,2026,3,2,JUVENILE,A-LP,1,0
7141,2026,3,2,JUVENILE,A-NF,21,25
7142,2026,3,2,JUVENILE,A-VID-GAME,4,6
7143,2026,3,2,JUVENILE,J-CALDECTT,1,0
7144,2026,3,2,JUVENILE,J-DVD,19,18
7145,2026,3,2,JUVENILE,J-EASY,39,40
7146,2026,3,2,JUVENILE,J-FIC,64,39
7147,2026,3,2,JUVENILE,J-GRA,67,57
7148,2026,3,2,JUVENILE,J-NF,53,39
7149,2026,3,2,JUVENILE,J-PBK,42,32
7150,2026,3,2,JUVENILE,J-PIC-BOOK,78,57
7151,2026,3,2,JUVENILE,YA,1,13
7152,2026,3,2,JUVENILE,YA-FIC,3,5
7153,2026,3,2,JUVENILE,YA-GRA,10,14
7154,2026,3,2,MISSING,A-DVD,1,0
7155,2026,3,2,MISSING,A-HOMESCH,1,0
7156,2026,3,2,MISSING,A-NF,3,0
7157,2026,3,2,MISSING,J-CALDECTT,1,0
7158,2026,3,2,MISSING,J-DVD,1,0
7159,2026,3,2,MISSING,J-EASY,2,0
7160,2026,3,2,MISSING,J-FIC,1,0
7161,2026,3,2,MISSING,J-NF,1,0
7162,2026,3,2,MISSING,J-PIC-BOOK,1,0
7163,2026,3,2,MISSING,YA,1,0
7164,2026,3,2,PRGMNG,A-NF,3,0
7165,2026,3,2,PRGMNG,J-EASY,1,1
7166,2026,3,2,PRGMNG,J-HOLIDAY,1,0
7167,2026,3,2,PRGMNG,J-NF,18,0
7168,2026,3,2,PRGMNG,J-PIC-BOOK,4,4
7169,2026,3,2,SCSL-ADULT,A-NF,6,0
7170,2026,3,2,STAFF-PERS,A-BIO,1,0
7171,2026,3,2,STAFF-PERS,A-BK-CLUB,1,0
7172,2026,3,2,STAFF-PERS,A-FIC,8,6
7173,2026,3,2,STAFF-PERS,A-GRA,13,7
7174,2026,3,2,STAFF-PERS,A-LP,2,0
7175,2026,3,2,STAFF-PERS,A-MYSTERY,1,0
7176,2026,3,2,STAFF-PERS,A-NEWBK-NF,1,1
7177,2026,3,2,STAFF-PERS,A-NF,6,6
7178,2026,3,2,STAFF-PERS,A-PBK,1,0
7179,2026,3,2,STAFF-PERS,ILL,6,0
7180,2026,3,2,STAFF-PERS,J-BOARD-BK,2,0
7181,2026,3,2,STAFF-PERS,J-DVD,2,2
7182,2026,3,2,STAFF-PERS,J-EASY,4,3
7183,2026,3,2,STAFF-PERS,J-FIC,1,6
7184,2026,3,2,STAFF-PERS,J-PIC-BOOK,5,2
7185,2026,3,2,STAFF-PERS,T-MANGA,3,0
7186,2026,3,2,STAFF-PERS,YA-GRA,6,0
7187,2026,3,2,STAFF-PERS,YA-MANGA,1,0
7188,2026,3,2,TEEN,A-FIC,3,5
7189,2026,3,2,TEEN,A-NF,2,0
7190,2026,3,2,TEEN,J-EASY,2,0
7191,2026,3,2,TEEN,J-FIC,1,0
7192,2026,3,2,TEEN,J-GRA,3,0
7193,2026,3,2,TEEN,J-NF,2,0
7194,2026,3,2,TEEN,J-PIC-BOOK,2,0
7195,2026,3,2,TEEN,YA-FIC,1,5
7196,2026,3,2,TEEN,YA-GRA,1,0
7197,2026,3,12,ADULT,A-DVD,1,1
7198,2026,3,12,ADULT,A-FIC,13,10
7199,2026,3,12,ADULT,A-HOMESCH,1,0
7200,2026,3,12,ADULT,A-LEASE-FI,1,0
7201,2026,3,12,ADULT,A-LP,2,0
7202,2026,3,12,ADULT,A-NEWBK-FI,1,1
7203,2026,3,12,ADULT,A-NEWBK-NF,3,7
7204,2026,3,12,ADULT,A-NF,25,7
7205,2026,3,12,ADULT,A-SC,1,1
7206,2026,3,12,ADULT,A-SC-FIC,1,0
7207,2026,3,12,ADULT,A-VID-GAME,2,0
7208,2026,3,12,ADULT,A-VIS-MEDI,1,0
7209,2026,3,12,ADULT,J-BEGINREA,3,0
7210,2026,3,12,ADULT,J-CALDECTT,2,1
7211,2026,3,12,ADULT,J-DVD,1,0
7212,2026,3,12,ADULT,J-EASY,8,3
7213,2026,3,12,ADULT,J-FIC,11,15
7214,2026,3,12,ADULT,J-GRA,2,3
7215,2026,3,12,ADULT,J-NEWBERY,1,1
7216,2026,3,12,ADULT,J-NF,10,19
7217,2026,3,12,ADULT,J-PIC-BOOK,8,6
7218,2026,3,12,ADULT,T-FIC,2,0
7219,2026,3,12,ADULT,YA-NF,1,0
7220,2026,3,12,JUVENILE,A-FIC,2,0
7221,2026,3,12,JUVENILE,A-NEWBK-FI,1,0
7222,2026,3,12,JUVENILE,J-FIC,1,0
7223,2026,3,3,A-NONRES,A-BK-CLUB,1,0
7224,2026,3,3,A-NONRES,A-DVD,2,4
7225,2026,3,3,A-NONRES,A-FIC,18,10
7226,2026,3,3,A-NONRES,A-KIT,1,0
7227,2026,3,3,A-NONRES,A-NF,8,21
7228,2026,3,3,A-NONRES,J-BEGINREA,1,1
7229,2026,3,3,A-NONRES,J-EASY,17,6
7230,2026,3,3,A-NONRES,J-FIC,1,1
7231,2026,3,3,A-NONRES,J-GRA,3,1
7232,2026,3,3,A-NONRES,J-NF,5,11
7233,2026,3,3,A-NONRES,J-PIC-BOOK,52,32
7234,2026,3,3,A-NONRES,YA,1,1
7235,2026,3,3,A-NONRES,YA-FIC,2,4
7236,2026,3,3,A-NONRES,YA-GRA,2,0
7237,2026,3,3,ADULT,A-AFRAM-FI,1,0
7238,2026,3,3,ADULT,A-AUD,66,28
7239,2026,3,3,ADULT,A-AUD-CD,128,108
7240,2026,3,3,ADULT,A-AUD-F,4,0
7241,2026,3,3,ADULT,A-AUD-NF,1,3
7242,2026,3,3,ADULT,A-BIO,31,34
7243,2026,3,3,ADULT,A-BK-CLUB,6,1
7244,2026,3,3,ADULT,A-BLU-RAY,5,5
7245,2026,3,3,ADULT,A-CHRISTIA,2,3
7246,2026,3,3,ADULT,A-DVD,431,466
7247,2026,3,3,ADULT,A-DVD-FIC,10,13
7248,2026,3,3,ADULT,A-DVD-NF,1,1
7249,2026,3,3,ADULT,A-DVD-TV,9,11
7250,2026,3,3,ADULT,A-F-LANG,1,0
7251,2026,3,3,ADULT,A-FIC,2557,1928
7252,2026,3,3,ADULT,A-FIC-CHRI,1,1
7253,2026,3,3,ADULT,A-GRA,65,26
7254,2026,3,3,ADULT,A-HOMESCH,41,59
7255,2026,3,3,ADULT,A-HOTSPOT,79,0
7256,2026,3,3,ADULT,A-INCL-C,1,0
7257,2026,3,3,ADULT,A-KIT,92,0
7258,2026,3,3,ADULT,A-KIT-HOBB,5,4
7259,2026,3,3,ADULT,A-LEAS-BIO,1,1
7260,2026,3,3,ADULT,A-LEASE-BK,2,0
7261,2026,3,3,ADULT,A-LEASE-FI,105,48
7262,2026,3,3,ADULT,A-LEASE-LP,27,9
7263,2026,3,3,ADULT,A-LEASE-NF,13,8
7264,2026,3,3,ADULT,A-LOCHIST,1,1
7265,2026,3,3,ADULT,A-LP,417,247
7266,2026,3,3,ADULT,A-LP-BIO,1,0
7267,2026,3,3,ADULT,A-LP-FIC,93,61
7268,2026,3,3,ADULT,A-LP-MYS,1,0
7269,2026,3,3,ADULT,A-LP-NF,1,5
7270,2026,3,3,ADULT,A-MUSIC-CD,24,6
7271,2026,3,3,ADULT,A-MYSTERY,12,7
7272,2026,3,3,ADULT,A-NEWBK,39,17
7273,2026,3,3,ADULT,A-NEWBK-FI,643,458
7274,2026,3,3,ADULT,A-NEWBK-LP,123,56
7275,2026,3,3,ADULT,A-NEWBK-NF,233,236
7276,2026,3,3,ADULT,A-NF,1421,1570
7277,2026,3,3,ADULT,A-PARENT,1,1
7278,2026,3,3,ADULT,A-PBK,9,1
7279,2026,3,3,ADULT,A-PLAYAWAY,6,2
7280,2026,3,3,ADULT,A-SC,4,3
7281,2026,3,3,ADULT,A-SCDOC-ME,2,0
7282,2026,3,3,ADULT,A-SCIFIC,3,8
7283,2026,3,3,ADULT,A-SFI-FAN,12,10
7284,2026,3,3,ADULT,A-SND-REC,3,0
7285,2026,3,3,ADULT,A-SPA,8,13
7286,2026,3,3,ADULT,A-SPA-FIC,2,2
7287,2026,3,3,ADULT,A-SPA-NF,1,2
7288,2026,3,3,ADULT,A-STACKS,1,4
7289,2026,3,3,ADULT,A-STORAGE,1,0
7290,2026,3,3,ADULT,A-VID-GAME,24,27
7291,2026,3,3,ADULT,A-VIS-MEDI,18,8
7292,2026,3,3,ADULT,AVAIL_SOON,2,0
7293,2026,3,3,ADULT,BASMNT,1,1
7294,2026,3,3,ADULT,ILL,25,0
7295,2026,3,3,ADULT,J-AUD,39,30
7296,2026,3,3,ADULT,J-AUD-CD,1,1
7297,2026,3,3,ADULT,J-BEGINREA,38,17
7298,2026,3,3,ADULT,J-BIO,22,10
7299,2026,3,3,ADULT,J-BOARD-BK,83,35
7300,2026,3,3,ADULT,J-BOARD-NF,1,0
7301,2026,3,3,ADULT,J-CALDECTT,98,89
7302,2026,3,3,ADULT,J-CD-BK,2,0
7303,2026,3,3,ADULT,J-DISPLAY,1,0
7304,2026,3,3,ADULT,J-DVD,375,557
7305,2026,3,3,ADULT,J-EASY,1464,1091
7306,2026,3,3,ADULT,J-EASY-F,25,25
7307,2026,3,3,ADULT,J-EASY-PBK,1,0
7308,2026,3,3,ADULT,J-EASY-PIC,18,9
7309,2026,3,3,ADULT,J-F-LANG,1,2
7310,2026,3,3,ADULT,J-FIC,1208,1361
7311,2026,3,3,ADULT,J-GRA,1001,632
7312,2026,3,3,ADULT,J-GRA-COM,16,9
7313,2026,3,3,ADULT,J-GRA-NF,6,2
7314,2026,3,3,ADULT,J-HOLIDAY,10,4
7315,2026,3,3,ADULT,J-KIT,8,6
7316,2026,3,3,ADULT,J-MUSIC-CD,1,0
7317,2026,3,3,ADULT,J-NEW,1,3
7318,2026,3,3,ADULT,J-NEWBERY,57,76
7319,2026,3,3,ADULT,J-NF,2001,1975
7320,2026,3,3,ADULT,J-PBK,279,251
7321,2026,3,3,ADULT,J-PIC-BOOK,3747,2968
7322,2026,3,3,ADULT,J-PLAYAWAY,1,0
7323,2026,3,3,ADULT,J-ROOM,8,7
7324,2026,3,3,ADULT,J-SEASONAL,2,2
7325,2026,3,3,ADULT,J-SERIES,11,4
7326,2026,3,3,ADULT,J-SPA,43,55
7327,2026,3,3,ADULT,J-SPA-BB,3,2
7328,2026,3,3,ADULT,J-SPA-EAS,2,1
7329,2026,3,3,ADULT,J-SPA-PIC,1,0
7330,2026,3,3,ADULT,J-SPECIAL,1,0
7331,2026,3,3,ADULT,J-VIS-MEDI,3,4
7332,2026,3,3,ADULT,PARENTING,1,2
7333,2026,3,3,ADULT,T-FIC,26,26
7334,2026,3,3,ADULT,T-GRA,10,2
7335,2026,3,3,ADULT,T-MANGA,2,0
7336,2026,3,3,ADULT,UNKNOWN,1,0
7337,2026,3,3,ADULT,YA,133,228
7338,2026,3,3,ADULT,YA-AV,1,1
7339,2026,3,3,ADULT,YA-DVD,1,2
7340,2026,3,3,ADULT,YA-FIC,88,119
7341,2026,3,3,ADULT,YA-GRA,228,191
7342,2026,3,3,ADULT,YA-GRA-COM,7,3
7343,2026,3,3,ADULT,YA-MANGA,19,5
7344,2026,3,3,ADULT,YA-NF,7,13
7345,2026,3,3,ADULT,YA-PBK,20,24
7346,2026,3,3,DAMAGED,A-BK-CLUB,1,0
7347,2026,3,3,DAMAGED,A-FIC,4,0
7348,2026,3,3,DAMAGED,A-HOTSPOT,11,0
7349,2026,3,3,DAMAGED,A-KIT,1,0
7350,2026,3,3,DAMAGED,A-NEWBK-NF,1,0
7351,2026,3,3,DAMAGED,A-NF,2,0
7352,2026,3,3,DAMAGED,J-NF,1,0
7353,2026,3,3,DAMAGED,J-PIC-BOOK,2,0
7354,2026,3,3,DAMAGED,YA,1,0
7355,2026,3,3,DISCARD,A-DVD,508,0
7356,2026,3,3,DISCARD,A-FIC,5,0
7357,2026,3,3,DISCARD,A-KIT,11,0
7358,2026,3,3,DISCARD,J-CALDECTT,2,1
7359,2026,3,3,DISCARD,J-DVD,13,0
7360,2026,3,3,DISCARD,J-EASY,1,0
7361,2026,3,3,DISCARD,J-FIC,1,0
7362,2026,3,3,DISCARD,J-GRA,4,0
7363,2026,3,3,DISCARD,J-NF,3,0
7364,2026,3,3,DISCARD,J-PBK,4,0
7365,2026,3,3,DISCARD,J-PIC-BOOK,7,0
7366,2026,3,3,DISCARD,J-SPA,1,0
7367,2026,3,3,DISCARD,UNKNOWN,9,0
7368,2026,3,3,DISCARD,YA-GRA,1,0
7369,2026,3,3,INST-TEACH,A-BIO,1,0
7370,2026,3,3,INST-TEACH,A-FIC,2,0
7371,2026,3,3,INST-TEACH,A-NEWBK-NF,1,0
7372,2026,3,3,INST-TEACH,A-NF,2,1
7373,2026,3,3,INST-TEACH,J-BEGINREA,1,0
7374,2026,3,3,INST-TEACH,J-BOARD-BK,7,0
7375,2026,3,3,INST-TEACH,J-DVD,1,0
7376,2026,3,3,INST-TEACH,J-EASY,12,1
7377,2026,3,3,INST-TEACH,J-FIC,14,0
7378,2026,3,3,INST-TEACH,J-GRA,7,0
7379,2026,3,3,INST-TEACH,J-NF,51,0
7380,2026,3,3,INST-TEACH,J-PIC-BOOK,72,0
7381,2026,3,3,INST-TEACH,T-FIC,1,0
7382,2026,3,3,INST-TEACH,YA,1,0
7383,2026,3,3,INST-TEACH,YA-FIC,1,0
7384,2026,3,3,J-INTERNET,A-DVD,26,45
7385,2026,3,3,J-INTERNET,A-FIC,14,16
7386,2026,3,3,J-INTERNET,A-GRA,2,5
7387,2026,3,3,J-INTERNET,A-HOMESCH,3,1
7388,2026,3,3,J-INTERNET,A-KIT,3,0
7389,2026,3,3,J-INTERNET,A-LP,1,0
7390,2026,3,3,J-INTERNET,A-MUSIC-CD,2,0
7391,2026,3,3,J-INTERNET,A-NEWBK,1,0
7392,2026,3,3,J-INTERNET,A-NF,37,51
7393,2026,3,3,J-INTERNET,A-SPA,1,1
7394,2026,3,3,J-INTERNET,A-VID-GAME,3,2
7395,2026,3,3,J-INTERNET,A-VIS-MEDI,2,3
7396,2026,3,3,J-INTERNET,J-AUD,3,1
7397,2026,3,3,J-INTERNET,J-AUD-F,1,0
7398,2026,3,3,J-INTERNET,J-BEGINREA,3,2
7399,2026,3,3,J-INTERNET,J-BIO,8,5
7400,2026,3,3,J-INTERNET,J-BOARD-BK,1,0
7401,2026,3,3,J-INTERNET,J-CALDECTT,16,4
7402,2026,3,3,J-INTERNET,J-DVD,25,59
7403,2026,3,3,J-INTERNET,J-EASY,90,76
7404,2026,3,3,J-INTERNET,J-EASY-F,4,3
7405,2026,3,3,J-INTERNET,J-EASY-PIC,3,2
7406,2026,3,3,J-INTERNET,J-FIC,161,145
7407,2026,3,3,J-INTERNET,J-GRA,186,89
7408,2026,3,3,J-INTERNET,J-GRA-COM,1,0
7409,2026,3,3,J-INTERNET,J-KIT,1,2
7410,2026,3,3,J-INTERNET,J-MUSIC-CD,1,2
7411,2026,3,3,J-INTERNET,J-NEWBERY,5,5
7412,2026,3,3,J-INTERNET,J-NF,222,159
7413,2026,3,3,J-INTERNET,J-PBK,59,26
7414,2026,3,3,J-INTERNET,J-PIC-BOOK,231,253
7415,2026,3,3,J-INTERNET,J-ROOM,1,1
7416,2026,3,3,J-INTERNET,J-SERIES,1,1
7417,2026,3,3,J-INTERNET,J-SPA,2,0
7418,2026,3,3,J-INTERNET,T-FIC,1,3
7419,2026,3,3,J-INTERNET,T-GRA,5,1
7420,2026,3,3,J-INTERNET,YA,18,50
7421,2026,3,3,J-INTERNET,YA-FIC,5,15
7422,2026,3,3,J-INTERNET,YA-GRA,34,30
7423,2026,3,3,J-INTERNET,YA-NF,2,1
7424,2026,3,3,J-INTERNET,YA-PBK,2,2
7425,2026,3,3,JUVENILE,A-DVD,14,25
7426,2026,3,3,JUVENILE,A-DVD-TV,1,0
7427,2026,3,3,JUVENILE,A-FIC,26,22
7428,2026,3,3,JUVENILE,A-GRA,6,3
7429,2026,3,3,JUVENILE,A-HOMESCH,5,1
7430,2026,3,3,JUVENILE,A-KIT,1,0
7431,2026,3,3,JUVENILE,A-LEASE-FI,1,0
7432,2026,3,3,JUVENILE,A-MYSTERY,1,0
7433,2026,3,3,JUVENILE,A-NEWBK-FI,7,9
7434,2026,3,3,JUVENILE,A-NEWBK-NF,2,9
7435,2026,3,3,JUVENILE,A-NF,66,90
7436,2026,3,3,JUVENILE,A-VID-GAME,3,2
7437,2026,3,3,JUVENILE,J-AUD,1,2
7438,2026,3,3,JUVENILE,J-BEGINREA,6,8
7439,2026,3,3,JUVENILE,J-BIO,8,8
7440,2026,3,3,JUVENILE,J-BOARD-BK,6,4
7441,2026,3,3,JUVENILE,J-CALDECTT,7,17
7442,2026,3,3,JUVENILE,J-CHRISTMS,1,0
7443,2026,3,3,JUVENILE,J-DVD,49,128
7444,2026,3,3,JUVENILE,J-EASY,156,110
7445,2026,3,3,JUVENILE,J-EASY-F,20,6
7446,2026,3,3,JUVENILE,J-EASY-PBK,1,1
7447,2026,3,3,JUVENILE,J-EASY-PIC,3,0
7448,2026,3,3,JUVENILE,J-FIC,296,293
7449,2026,3,3,JUVENILE,J-GRA,209,122
7450,2026,3,3,JUVENILE,J-GRA-COM,4,4
7451,2026,3,3,JUVENILE,J-KIT,1,1
7452,2026,3,3,JUVENILE,J-NEWBERY,10,13
7453,2026,3,3,JUVENILE,J-NF,367,228
7454,2026,3,3,JUVENILE,J-OVERSIZE,1,0
7455,2026,3,3,JUVENILE,J-PBK,67,37
7456,2026,3,3,JUVENILE,J-PIC-BOOK,448,385
7457,2026,3,3,JUVENILE,J-SERIES,2,0
7458,2026,3,3,JUVENILE,J-SPA,2,4
7459,2026,3,3,JUVENILE,J-VIS-MEDI,2,3
7460,2026,3,3,JUVENILE,T-FIC,6,5
7461,2026,3,3,JUVENILE,T-GRA,13,4
7462,2026,3,3,JUVENILE,T-MANGA,1,0
7463,2026,3,3,JUVENILE,YA,26,44
7464,2026,3,3,JUVENILE,YA-FIC,25,32
7465,2026,3,3,JUVENILE,YA-GRA,85,75
7466,2026,3,3,JUVENILE,YA-MANGA,4,6
7467,2026,3,3,JUVENILE,YA-NF,1,2
7468,2026,3,3,JUVENILE,YA-PBK,5,6
7469,2026,3,3,JUVENILE,YA-VID-GAM,1,0
7470,2026,3,3,MISSING,A-AUD,1,0
7471,2026,3,3,MISSING,A-DVD,2,0
7472,2026,3,3,MISSING,A-DVD-TV,1,0
7473,2026,3,3,MISSING,A-FIC,18,0
7474,2026,3,3,MISSING,A-GRA,1,0
7475,2026,3,3,MISSING,A-KIT,1,0
7476,2026,3,3,MISSING,A-LEASE-FI,1,0
7477,2026,3,3,MISSING,A-LEASE-LP,1,0
7478,2026,3,3,MISSING,A-LP,3,0
7479,2026,3,3,MISSING,A-NEWBK-FI,2,0
7480,2026,3,3,MISSING,A-NEWBK-NF,2,0
7481,2026,3,3,MISSING,A-NF,5,0
7482,2026,3,3,MISSING,J-AUD-F,1,0
7483,2026,3,3,MISSING,J-BOARD-BK,4,0
7484,2026,3,3,MISSING,J-CALDECTT,2,0
7485,2026,3,3,MISSING,J-DVD,3,0
7486,2026,3,3,MISSING,J-EASY,7,0
7487,2026,3,3,MISSING,J-FIC,3,0
7488,2026,3,3,MISSING,J-GRA,2,0
7489,2026,3,3,MISSING,J-NF,6,0
7490,2026,3,3,MISSING,J-PBK,3,0
7491,2026,3,3,MISSING,J-PIC-BOOK,25,0
7492,2026,3,3,MISSING,T-FIC,1,0
7493,2026,3,3,MISSING,YA,1,0
7494,2026,3,3,MISSING,YA-FIC,2,0
7495,2026,3,3,MISSING,YA-GRA,4,0
7496,2026,3,3,MISSING,YA-GRA-COM,1,0
7497,2026,3,3,MISSING,YA-NF,1,0
7498,2026,3,3,MISSING,YA-PBK,2,0
7499,2026,3,3,PRGMNG,A-BIO,1,0
7500,2026,3,3,PRGMNG,A-BK-CLUB,1,0
7501,2026,3,3,PRGMNG,A-FIC,170,4
7502,2026,3,3,PRGMNG,A-LEASE-FI,3,0
7503,2026,3,3,PRGMNG,A-LP,7,0
7504,2026,3,3,PRGMNG,A-LP-FIC,2,0
7505,2026,3,3,PRGMNG,A-MYSTERY,1,0
7506,2026,3,3,PRGMNG,A-NEWBK,1,0
7507,2026,3,3,PRGMNG,A-NEWBK-FI,11,5
7508,2026,3,3,PRGMNG,A-NEWBK-LP,3,0
7509,2026,3,3,PRGMNG,A-NEWBK-NF,3,2
7510,2026,3,3,PRGMNG,A-NF,29,13
7511,2026,3,3,PRGMNG,A-PBK,1,0
7512,2026,3,3,PRGMNG,A-SCIFIC,2,0
7513,2026,3,3,PRGMNG,A-SFI-FAN,1,0
7514,2026,3,3,PRGMNG,J-BEGINREA,3,0
7515,2026,3,3,PRGMNG,J-BOARD-BK,30,0
7516,2026,3,3,PRGMNG,J-BOARD-NF,1,0
7517,2026,3,3,PRGMNG,J-CALDECTT,5,0
7518,2026,3,3,PRGMNG,J-EASY,206,0
7519,2026,3,3,PRGMNG,J-EASY-F,4,0
7520,2026,3,3,PRGMNG,J-EASY-PIC,5,0
7521,2026,3,3,PRGMNG,J-FIC,80,2
7522,2026,3,3,PRGMNG,J-GRA,12,3
7523,2026,3,3,PRGMNG,J-HOLIDAY,3,0
7524,2026,3,3,PRGMNG,J-NEW,1,0
7525,2026,3,3,PRGMNG,J-NEWBERY,1,0
7526,2026,3,3,PRGMNG,J-NF,42,5
7527,2026,3,3,PRGMNG,J-PIC-BOOK,745,10
7528,2026,3,3,PRGMNG,J-SPA,1,0
7529,2026,3,3,PRGMNG,T-FIC,6,0
7530,2026,3,3,PRGMNG,YA,10,2
7531,2026,3,3,PRGMNG,YA-FIC,10,2
7532,2026,3,3,PRGMNG,YA-GRA,3,0
7533,2026,3,3,REPAIR,J-EASY,1,0
7534,2026,3,3,REPAIR,J-FIC,1,0
7535,2026,3,3,SCSL-ADULT,A-FIC,2,0
7536,2026,3,3,SCSL-ADULT,A-NF,2,0
7537,2026,3,3,SCSL-ADULT,YA-FIC,1,0
7538,2026,3,3,STAFF-PERS,A-AUD,7,2
7539,2026,3,3,STAFF-PERS,A-AUD-CD,2,3
7540,2026,3,3,STAFF-PERS,A-DVD,3,2
7541,2026,3,3,STAFF-PERS,A-FIC,22,18
7542,2026,3,3,STAFF-PERS,A-HOMESCH,4,5
7543,2026,3,3,STAFF-PERS,A-LEASE-FI,2,4
7544,2026,3,3,STAFF-PERS,A-LP,4,1
7545,2026,3,3,STAFF-PERS,A-NEWBK-FI,8,8
7546,2026,3,3,STAFF-PERS,A-NEWBK-LP,1,1
7547,2026,3,3,STAFF-PERS,A-NEWBK-NF,8,3
7548,2026,3,3,STAFF-PERS,A-NF,20,16
7549,2026,3,3,STAFF-PERS,J-BEGINREA,2,4
7550,2026,3,3,STAFF-PERS,J-DVD,7,28
7551,2026,3,3,STAFF-PERS,J-EASY,13,8
7552,2026,3,3,STAFF-PERS,J-EASY-F,1,2
7553,2026,3,3,STAFF-PERS,J-FIC,19,3
7554,2026,3,3,STAFF-PERS,J-GRA,1,2
7555,2026,3,3,STAFF-PERS,J-NEWBERY,1,0
7556,2026,3,3,STAFF-PERS,J-NF,15,8
7557,2026,3,3,STAFF-PERS,J-PBK,4,8
7558,2026,3,3,STAFF-PERS,J-PIC-BOOK,39,20
7559,2026,3,3,STAFF-PERS,J-ROOM,1,0
7560,2026,3,3,STAFF-PERS,J-VIS-MEDI,1,1
7561,2026,3,3,STAFF-PERS,T-FIC,3,1
7562,2026,3,3,STAFF-PERS,YA,4,4
7563,2026,3,3,STAFF-PERS,YA-FIC,13,12
7564,2026,3,3,STAFF-PERS,YA-NF,1,0
7565,2026,3,3,TEEN,A-FIC,2,6
7566,2026,3,3,TEEN,A-LP,1,0
7567,2026,3,3,TEEN,A-NF,12,3
7568,2026,3,3,TEEN,J-FIC,3,2
7569,2026,3,3,TEEN,J-GRA,3,0
7570,2026,3,3,TEEN,T-FIC,1,0
7571,2026,3,3,TEEN,YA,9,2
7572,2026,3,3,TEEN,YA-FIC,17,1
7573,2026,3,3,TEEN,YA-NF,1,0
7574,2026,3,3,TEEN,YA-PBK,1,1
7575,2026,3,3,,A-FIC,5,0
7576,2026,3,3,,A-HOMESCH,5,0
7577,2026,3,3,,A-KIT,1,0
7578,2026,3,3,,J-PIC-BOOK,1,0
7579,2026,3,13,ADULT,A-FIC,9,20
7580,2026,3,13,ADULT,A-LP,2,0
7581,2026,3,13,ADULT,A-NEWBK-NF,2,0
7582,2026,3,13,ADULT,A-NF,3,21
7583,2026,3,13,ADULT,A-SPA,1,0
7584,2026,3,13,ADULT,J-GRA,1,0
7585,2026,3,13,DISCARD,J-PIC-BOOK,1,0
7586,2026,3,13,STAFF-PERS,A-FIC,2,0
7587,2026,3,4,A-NONRES,A-FIC,4,0
7588,2026,3,4,A-NONRES,A-HOTSPOT,1,0
7589,2026,3,4,A-NONRES,A-NEWBK-FI,1,0
7590,2026,3,4,A-NONRES,J-EASY,11,0
7591,2026,3,4,A-NONRES,J-FIC,6,1
7592,2026,3,4,A-NONRES,J-NEWBERY,1,0
7593,2026,3,4,A-NONRES,J-NF,7,2
7594,2026,3,4,A-NONRES,J-PBK,5,4
7595,2026,3,4,A-NONRES,J-PIC-BOOK,12,0
7596,2026,3,4,ADULT,A-AUD,31,20
7597,2026,3,4,ADULT,A-AUD-CD,52,20
7598,2026,3,4,ADULT,A-AUD-F,1,0
7599,2026,3,4,ADULT,A-BIO,7,5
7600,2026,3,4,ADULT,A-DVD,81,76
7601,2026,3,4,ADULT,A-DVD-FIC,1,3
7602,2026,3,4,ADULT,A-DVD-TV,2,4
7603,2026,3,4,ADULT,A-FIC,545,360
7604,2026,3,4,ADULT,A-FIC-URBN,1,0
7605,2026,3,4,ADULT,A-GRA,2,2
7606,2026,3,4,ADULT,A-HOMESCH,1,0
7607,2026,3,4,ADULT,A-HOTSPOT,17,2
7608,2026,3,4,ADULT,A-KIT-HOBB,8,2
7609,2026,3,4,ADULT,A-LEASE-FI,18,2
7610,2026,3,4,ADULT,A-LEASE-LP,4,1
7611,2026,3,4,ADULT,A-LEASE-NF,1,2
7612,2026,3,4,ADULT,A-LP,100,60
7613,2026,3,4,ADULT,A-LP-FIC,25,10
7614,2026,3,4,ADULT,A-LP-MYS,3,1
7615,2026,3,4,ADULT,A-LP-NF,2,0
7616,2026,3,4,ADULT,A-MYSTERY,2,2
7617,2026,3,4,ADULT,A-NEWBK,2,2
7618,2026,3,4,ADULT,A-NEWBK-FI,154,117
7619,2026,3,4,ADULT,A-NEWBK-LP,36,22
7620,2026,3,4,ADULT,A-NEWBK-NF,66,66
7621,2026,3,4,ADULT,A-NF,201,233
7622,2026,3,4,ADULT,A-PBK,1,0
7623,2026,3,4,ADULT,A-SCIFIC,1,1
7624,2026,3,4,ADULT,A-SFI-FAN,2,1
7625,2026,3,4,ADULT,A-VID-GAME,11,9
7626,2026,3,4,ADULT,A-VIS-MEDI,1,0
7627,2026,3,4,ADULT,ILL,4,0
7628,2026,3,4,ADULT,J-AUD,1,0
7629,2026,3,4,ADULT,J-AUD-CD,1,0
7630,2026,3,4,ADULT,J-BEGINREA,3,2
7631,2026,3,4,ADULT,J-BOARD-BK,3,0
7632,2026,3,4,ADULT,J-CALDECTT,13,2
7633,2026,3,4,ADULT,J-DVD,50,86
7634,2026,3,4,ADULT,J-EASY,334,206
7635,2026,3,4,ADULT,J-EASY-PIC,3,0
7636,2026,3,4,ADULT,J-FIC,208,214
7637,2026,3,4,ADULT,J-GRA,131,91
7638,2026,3,4,ADULT,J-GRA-COM,3,0
7639,2026,3,4,ADULT,J-HOLIDAY,2,0
7640,2026,3,4,ADULT,J-KIT,7,14
7641,2026,3,4,ADULT,J-NEWBERY,10,9
7642,2026,3,4,ADULT,J-NF,335,229
7643,2026,3,4,ADULT,J-PBK,61,48
7644,2026,3,4,ADULT,J-PIC-BOOK,723,468
7645,2026,3,4,ADULT,J-SEASONAL,2,0
7646,2026,3,4,ADULT,J-SERIES,1,0
7647,2026,3,4,ADULT,J-SPA,19,5
7648,2026,3,4,ADULT,T-FIC,4,5
7649,2026,3,4,ADULT,T-PBK,1,0
7650,2026,3,4,ADULT,YA,19,28
7651,2026,3,4,ADULT,YA-DVD,1,0
7652,2026,3,4,ADULT,YA-FIC,10,11
7653,2026,3,4,ADULT,YA-GRA,40,24
7654,2026,3,4,ADULT,YA-NF,1,0
7655,2026,3,4,ADULT,YA-PBK,7,11
7656,2026,3,4,DAMAGED,A-AUD-CD,1,0
7657,2026,3,4,DAMAGED,A-FIC,1,0
7658,2026,3,4,DAMAGED,J-NF,1,0
7659,2026,3,4,DISCARD,A-FIC,157,0
7660,2026,3,4,DISCARD,A-LP,75,0
7661,2026,3,4,DISCARD,A-NF,30,0
7662,2026,3,4,DISCARD,DISCARD,4,0
7663,2026,3,4,DISCARD,J-DVD,11,0
7664,2026,3,4,DISCARD,J-EASY,1,0
7665,2026,3,4,DISCARD,J-FIC,3,0
7666,2026,3,4,DISCARD,J-GRA,10,0
7667,2026,3,4,DISCARD,J-NF,66,0
7668,2026,3,4,DISCARD,J-PBK,15,0
7669,2026,3,4,DISCARD,YA,7,0
7670,2026,3,4,DISCARD,YA-GRA,1,0
7671,2026,3,4,DISCARD,YA-PBK,7,0
7672,2026,3,4,INST-TEACH,J-PIC-BOOK,4,0
7673,2026,3,4,J-INTERNET,A-FIC,1,6
7674,2026,3,4,J-INTERNET,A-NF,1,0
7675,2026,3,4,J-INTERNET,A-VID-GAME,2,2
7676,2026,3,4,J-INTERNET,J-EASY,14,7
7677,2026,3,4,J-INTERNET,J-FIC,21,24
7678,2026,3,4,J-INTERNET,J-GRA,3,10
7679,2026,3,4,J-INTERNET,J-NF,13,28
7680,2026,3,4,J-INTERNET,J-PBK,1,8
7681,2026,3,4,J-INTERNET,J-PIC-BOOK,8,17
7682,2026,3,4,J-INTERNET,YA-GRA,3,3
7683,2026,3,4,JUVENILE,A-DVD,1,3
7684,2026,3,4,JUVENILE,A-FIC,4,6
7685,2026,3,4,JUVENILE,A-KIT-HOBB,2,2
7686,2026,3,4,JUVENILE,A-LP-FIC,1,1
7687,2026,3,4,JUVENILE,A-NF,13,21
7688,2026,3,4,JUVENILE,A-VID-GAME,4,2
7689,2026,3,4,JUVENILE,J-BEGINREA,1,0
7690,2026,3,4,JUVENILE,J-BOARD-BK,1,3
7691,2026,3,4,JUVENILE,J-CALDECTT,3,2
7692,2026,3,4,JUVENILE,J-DVD,18,23
7693,2026,3,4,JUVENILE,J-EASY,94,55
7694,2026,3,4,JUVENILE,J-FIC,56,90
7695,2026,3,4,JUVENILE,J-GRA,48,77
7696,2026,3,4,JUVENILE,J-NEWBERY,2,1
7697,2026,3,4,JUVENILE,J-NF,111,58
7698,2026,3,4,JUVENILE,J-PBK,16,23
7699,2026,3,4,JUVENILE,J-PIC-BOOK,177,81
7700,2026,3,4,JUVENILE,J-VIS-MEDI,1,0
7701,2026,3,4,JUVENILE,T-FIC,2,0
7702,2026,3,4,JUVENILE,YA,8,10
7703,2026,3,4,JUVENILE,YA-FIC,2,4
7704,2026,3,4,JUVENILE,YA-GRA,7,3
7705,2026,3,4,JUVENILE,YA-NF,1,0
7706,2026,3,4,JUVENILE,YA-PBK,2,3
7707,2026,3,4,JUVENILE,YA-ROOM,1,0
7708,2026,3,4,MISSING,A-FIC,1,0
7709,2026,3,4,MISSING,A-NEWBK-NF,1,0
7710,2026,3,4,MISSING,J-DVD,1,0
7711,2026,3,4,MISSING,J-EASY,1,0
7712,2026,3,4,MISSING,J-FIC,2,0
7713,2026,3,4,MISSING,J-NF,2,0
7714,2026,3,4,MISSING,J-PBK,1,0
7715,2026,3,4,MISSING,J-PIC-BOOK,2,0
7716,2026,3,4,PRGMNG,A-DVD,6,12
7717,2026,3,4,PRGMNG,A-FIC,10,0
7718,2026,3,4,PRGMNG,A-LP,4,0
7719,2026,3,4,PRGMNG,A-LP-FIC,2,0
7720,2026,3,4,PRGMNG,A-NEWBK-NF,2,0
7721,2026,3,4,PRGMNG,A-NF,25,0
7722,2026,3,4,PRGMNG,J-BIO,1,0
7723,2026,3,4,PRGMNG,J-EASY,3,8
7724,2026,3,4,PRGMNG,J-FIC,5,0
7725,2026,3,4,PRGMNG,J-GRA,1,0
7726,2026,3,4,PRGMNG,J-NF,11,3
7727,2026,3,4,PRGMNG,J-PBK,3,0
7728,2026,3,4,PRGMNG,J-PIC-BOOK,22,14
7729,2026,3,4,PRGMNG,YA-FIC,1,0
7730,2026,3,4,PRGMNG,YA-GRA,1,0
7731,2026,3,4,STAFF-PERS,A-DVD,4,10
7732,2026,3,4,STAFF-PERS,A-FIC,10,15
7733,2026,3,4,STAFF-PERS,A-GRA,16,0
7734,2026,3,4,STAFF-PERS,A-LP,1,2
7735,2026,3,4,STAFF-PERS,A-LP-FIC,1,5
7736,2026,3,4,STAFF-PERS,A-MYSTERY,1,2
7737,2026,3,4,STAFF-PERS,A-NEWBK,1,0
7738,2026,3,4,STAFF-PERS,A-NEWBK-FI,7,2
7739,2026,3,4,STAFF-PERS,A-NEWBK-NF,3,5
7740,2026,3,4,STAFF-PERS,A-NF,21,6
7741,2026,3,4,STAFF-PERS,A-VID-GAME,1,1
7742,2026,3,4,STAFF-PERS,ILL,7,0
7743,2026,3,4,STAFF-PERS,J-DVD,2,2
7744,2026,3,4,STAFF-PERS,J-EASY,4,0
7745,2026,3,4,STAFF-PERS,J-FIC,1,0
7746,2026,3,4,STAFF-PERS,J-GRA,1,1
7747,2026,3,4,STAFF-PERS,J-GRA-COM,1,0
7748,2026,3,4,STAFF-PERS,J-NF,1,0
7749,2026,3,4,STAFF-PERS,J-PIC-BOOK,1,0
7750,2026,3,4,STAFF-PERS,T-FIC,1,0
7751,2026,3,4,STAFF-PERS,YA-DVD,1,1
7752,2026,3,4,STAFF-PERS,YA-FIC,2,0
7753,2026,3,4,STAFF-PERS,YA-GRA,11,0
7754,2026,3,4,STAFF-PERS,YA-MANGA,5,0
7755,2026,3,4,STAFF-PERS,YA-PBK,1,0
7756,2026,3,4,TEEN,A-FIC,1,0
7757,2026,3,4,TEEN,A-KIT-HOBB,1,1
7758,2026,3,4,TEEN,A-NF,2,3
7759,2026,3,4,YCLCIRC,A-FIC,2,0
7760,2026,3,4,YCLCIRC,A-MYSTERY,1,0
7761,2026,3,4,YCLCIRC,A-NF,7,0
7762,2026,3,4,YCLCIRC,J-EASY,3,0
7763,2026,3,4,YCLCIRC,J-FIC,1,0
7764,2026,3,4,YCLCIRC,J-PIC-BOOK,1,0
7765,2026,3,4,,A-FIC,5,0
7766,2026,3,14,A-NONRES,A-FIC,1,0
7767,2026,3,14,A-NONRES,A-PLAYAWAY,1,0
7768,2026,3,14,ADULT,A-AFR-AMER,2,0
7769,2026,3,14,ADULT,A-BIO,1,0
7770,2026,3,14,ADULT,A-DVD,1,1
7771,2026,3,14,ADULT,A-FIC,33,30
7772,2026,3,14,ADULT,A-LEASE-FI,3,0
7773,2026,3,14,ADULT,A-LP,2,7
7774,2026,3,14,ADULT,A-LP-FIC,7,0
7775,2026,3,14,ADULT,A-MYSTERY,1,0
7776,2026,3,14,ADULT,A-NEWBK,4,1
7777,2026,3,14,ADULT,A-NEWBK-FI,13,12
7778,2026,3,14,ADULT,A-NEWBK-LP,1,0
7779,2026,3,14,ADULT,A-NEWBK-NF,2,2
7780,2026,3,14,ADULT,A-NF,23,17
7781,2026,3,14,ADULT,A-PBK,1,1
7782,2026,3,14,ADULT,A-SFI-FAN,2,0
7783,2026,3,14,ADULT,A-VID-GAME,1,2
7784,2026,3,14,ADULT,J-BEGINREA,1,2
7785,2026,3,14,ADULT,J-BOARD-BK,3,1
7786,2026,3,14,ADULT,J-CALDECTT,3,1
7787,2026,3,14,ADULT,J-EASY,5,1
7788,2026,3,14,ADULT,J-FIC,16,13
7789,2026,3,14,ADULT,J-GRA,1,1
7790,2026,3,14,ADULT,J-HOLIDAY,1,1
7791,2026,3,14,ADULT,J-NF,12,4
7792,2026,3,14,ADULT,J-PBK,4,2
7793,2026,3,14,ADULT,J-PIC-BOOK,22,8
7794,2026,3,14,ADULT,YA,1,2
7795,2026,3,14,ADULT,YA-FIC,3,1
7796,2026,3,14,DAMAGED,J-PIC-BOOK,1,0
7797,2026,3,14,JUVENILE,A-NF,1,0
7798,2026,3,14,JUVENILE,A-VID-GAME,2,1
7799,2026,3,14,JUVENILE,J-BOARD-BK,2,0
7800,2026,3,14,JUVENILE,J-DVD,2,4
7801,2026,3,14,JUVENILE,J-EASY,3,0
7802,2026,3,14,JUVENILE,J-NF,8,0
7803,2026,3,14,JUVENILE,J-PIC-BOOK,3,1
7804,2026,3,14,STAFF-PERS,A-AUD,1,0
7805,2026,3,14,STAFF-PERS,A-AUD-CD,3,0
7806,2026,3,14,TEEN,YA-FIC,1,1
7807,2026,3,1,ADULT,A-FIC,8,291
7808,2026,3,1,ADULT,A-LP,1,48
7809,2026,3,1,ADULT,A-NEWBK-FI,1,52
7810,2026,3,1,ADULT,A-NF,4,303
7811,2026,3,1,ADULT,T-DVD,1,0
7812,2026,3,1,ADULT,YA-PBK,1,2
7813,2026,3,1,DAMAGED,A-FIC,6,0
7814,2026,3,1,DAMAGED,A-NF,8,0
7815,2026,3,1,DAMAGED,A-SPA-NF,1,0
7816,2026,3,1,DAMAGED,J-EASY,1,0
7817,2026,3,1,DAMAGED,J-FIC,1,0
7818,2026,3,1,DAMAGED,J-PBK,1,0
7819,2026,3,1,DAMAGED,J-PIC-BOOK,1,0
7820,2026,3,1,DAMAGED,YA-DVD,2,0
7821,2026,3,1,DISCARD,A-FIC,668,0
7822,2026,3,1,DISCARD,A-GRA,1,0
7823,2026,3,1,DISCARD,A-LEASE-FI,1,0
7824,2026,3,1,DISCARD,A-LEASE-LP,93,0
7825,2026,3,1,DISCARD,A-LP,143,0
7826,2026,3,1,DISCARD,A-LP-FIC,218,0
7827,2026,3,1,DISCARD,A-NEWBK-LP,10,0
7828,2026,3,1,DISCARD,A-NF,29,0
7829,2026,3,1,DISCARD,ILL,18,0
7830,2026,3,1,DISCARD,J-AUD,112,0
7831,2026,3,1,DISCARD,J-CALDECTT,3,0
7832,2026,3,1,DISCARD,J-DVD,184,0
7833,2026,3,1,DISCARD,J-EASY,66,0
7834,2026,3,1,DISCARD,J-EASY-PIC,1,0
7835,2026,3,1,DISCARD,J-FIC,351,0
7836,2026,3,1,DISCARD,J-GRA,68,0
7837,2026,3,1,DISCARD,J-NEWBERY,6,0
7838,2026,3,1,DISCARD,J-NF,468,0
7839,2026,3,1,DISCARD,J-PBK,89,0
7840,2026,3,1,DISCARD,J-PIC-BOOK,672,1
7841,2026,3,1,DISCARD,J-SPA,1,0
7842,2026,3,1,DISCARD,YA,216,0
7843,2026,3,1,DISCARD,YA-AUD,7,0
7844,2026,3,1,DISCARD,YA-DVD,8,0
7845,2026,3,1,DISCARD,YA-FIC,115,0
7846,2026,3,1,DISCARD,YA-GRA,32,0
7847,2026,3,1,DISCARD,YA-NF,6,0
7848,2026,3,1,DISCARD,YA-PBK,11,0
7849,2026,3,1,DISCARD,YA-PLAYAWY,3,0
7850,2026,3,1,JUVENILE,J-EASY,1,17
7851,2026,3,1,JUVENILE,J-PIC-BOOK,2,36
7852,2026,3,1,PRGMNG,A-BK-CLUB,2,0
7853,2026,3,1,PRGMNG,A-STACKS,1,0
7854,2026,3,1,PRGMNG,ILL,3,0
7855,2026,3,1,PRGMNG,J-DVD,1,0
7856,2026,3,1,PRGMNG,J-EASY,2,0
7857,2026,3,1,PRGMNG,J-PIC-BOOK,8,8
7858,2026,3,1,PRGMNG,YA-GRA,1,1
7859,2026,3,1,PRGMNG,YA-GRA-NF,1,0
7860,2026,3,1,REPAIR,A-FIC,6,0
7861,2026,3,1,REPAIR,A-NEWBK-FI,2,0
7862,2026,3,1,REPAIR,A-NEWBK-NF,1,0
7863,2026,3,1,REPAIR,A-NF,1,0
7864,2026,3,1,STAFF-PERS,A-AUD,2,0
7865,2026,3,1,STAFF-PERS,A-AUD-F,1,1
7866,2026,3,1,STAFF-PERS,A-DVD,1,2
7867,2026,3,1,STAFF-PERS,A-FIC,1,8
7868,2026,3,1,STAFF-PERS,A-LEASE-NF,1,2
7869,2026,3,1,STAFF-PERS,A-LP-NF,1,0
7870,2026,3,1,STAFF-PERS,A-NEWBK-FI,2,6
7871,2026,3,1,STAFF-PERS,A-NEWBK-LP,1,2
7872,2026,3,1,STAFF-PERS,A-NEWBK-NF,1,3
7873,2026,3,1,STAFF-PERS,A-NF,5,23
7874,2026,3,1,STAFF-PERS,J-EASY,4,5
7875,2026,3,1,STAFF-PERS,J-PIC-BOOK,3,15
7876,2026,3,1,STAFF-PERS,T-FIC,3,0
7877,2026,3,1,STAFF-PERS,YA,4,7
7878,2026,3,1,STAFF-PERS,YA-FIC,4,9
7879,2026,3,1,STAFF-PERS,YA-GRA,1,3
7880,2026,3,1,STAFF-PERS,YA-PBK,1,0
7881,2026,3,1,YCLCIRC,A-FIC,1,0
7882,2026,3,1,YCLCIRC,A-NF,1,0
7883,2026,3,1,YCLCIRC,J-FIC,1,0
7884,2026,3,5,ADULT,A-AUD,29,7
7885,2026,3,5,ADULT,A-AUD-CD,58,5
7886,2026,3,5,ADULT,A-BIO,12,8
7887,2026,3,5,ADULT,A-BK-CLUB,1,0
7888,2026,3,5,ADULT,A-DVD,205,61
7889,2026,3,5,ADULT,A-DVD-FIC,3,0
7890,2026,3,5,ADULT,A-DVD-NEW,1,0
7891,2026,3,5,ADULT,A-DVD-TV,3,3
7892,2026,3,5,ADULT,A-FIC,691,200
7893,2026,3,5,ADULT,A-GRA,2,0
7894,2026,3,5,ADULT,A-HOMESCH,16,8
7895,2026,3,5,ADULT,A-HOTSPOT,107,6
7896,2026,3,5,ADULT,A-KIT-HOBB,7,1
7897,2026,3,5,ADULT,A-LEAS-BIO,1,0
7898,2026,3,5,ADULT,A-LEASE-FI,34,8
7899,2026,3,5,ADULT,A-LEASE-LP,11,1
7900,2026,3,5,ADULT,A-LEASE-NF,3,0
7901,2026,3,5,ADULT,A-LP,237,21
7902,2026,3,5,ADULT,A-LP-FIC,48,10
7903,2026,3,5,ADULT,A-LP-MYS,2,0
7904,2026,3,5,ADULT,A-LP-WEST,3,0
7905,2026,3,5,ADULT,A-MYSTERY,8,4
7906,2026,3,5,ADULT,A-NEWBK,4,2
7907,2026,3,5,ADULT,A-NEWBK-FI,164,47
7908,2026,3,5,ADULT,A-NEWBK-LP,51,11
7909,2026,3,5,ADULT,A-NEWBK-NF,54,19
7910,2026,3,5,ADULT,A-NF,343,132
7911,2026,3,5,ADULT,A-PBK,5,1
7912,2026,3,5,ADULT,A-TEACH-RE,2,0
7913,2026,3,5,ADULT,A-VID-GAME,10,3
7914,2026,3,5,ADULT,A-VIS-MEDI,12,2
7915,2026,3,5,ADULT,A-WESTERN,5,0
7916,2026,3,5,ADULT,ILL,15,0
7917,2026,3,5,ADULT,J-AUD,5,0
7918,2026,3,5,ADULT,J-BEGINREA,13,5
7919,2026,3,5,ADULT,J-BIO,5,9
7920,2026,3,5,ADULT,J-BOARD-BK,3,1
7921,2026,3,5,ADULT,J-CALDECTT,35,2
7922,2026,3,5,ADULT,J-DISPLAY,1,0
7923,2026,3,5,ADULT,J-DVD,81,35
7924,2026,3,5,ADULT,J-EASY,451,69
7925,2026,3,5,ADULT,J-EASY-F,2,1
7926,2026,3,5,ADULT,J-EASY-PIC,1,0
7927,2026,3,5,ADULT,J-FIC,212,62
7928,2026,3,5,ADULT,J-GRA,165,23
7929,2026,3,5,ADULT,J-GRA-COM,1,1
7930,2026,3,5,ADULT,J-HOLIDAY,1,0
7931,2026,3,5,ADULT,J-KIT,6,0
7932,2026,3,5,ADULT,J-NEWBERY,7,6
7933,2026,3,5,ADULT,J-NF,425,99
7934,2026,3,5,ADULT,J-PBK,49,25
7935,2026,3,5,ADULT,J-PIC-BOOK,897,166
7936,2026,3,5,ADULT,J-ROOM,3,2
7937,2026,3,5,ADULT,J-SPA,8,0
7938,2026,3,5,ADULT,J-VIS-MEDI,1,3
7939,2026,3,5,ADULT,T-FIC,1,1
7940,2026,3,5,ADULT,YA,33,7
7941,2026,3,5,ADULT,YA-FIC,27,7
7942,2026,3,5,ADULT,YA-GRA,18,4
7943,2026,3,5,ADULT,YA-GRA-COM,1,0
7944,2026,3,5,ADULT,YA-MANGA,1,0
7945,2026,3,5,ADULT,YA-NF,1,0
7946,2026,3,5,ADULT,YA-PBK,4,0
7947,2026,3,5,ADULT,YA-VID-GAM,1,0
7948,2026,3,5,DAMAGED,A-FIC,1,0
7949,2026,3,5,DAMAGED,A-HOTSPOT,17,0
7950,2026,3,5,DAMAGED,J-FIC,1,0
7951,2026,3,5,DISCARD,A-FIC,1,0
7952,2026,3,5,DISCARD,A-NF,592,0
7953,2026,3,5,DISCARD,ILL,77,0
7954,2026,3,5,DISCARD,J-DVD,1,0
7955,2026,3,5,DISCARD,J-EASY,3,0
7956,2026,3,5,DISCARD,J-FIC,6,0
7957,2026,3,5,DISCARD,J-GRA,3,0
7958,2026,3,5,DISCARD,J-NF,4,0
7959,2026,3,5,DISCARD,J-PBK,2,0
7960,2026,3,5,DISCARD,J-PIC-BOOK,2,0
7961,2026,3,5,ILL,A-FIC,1,0
7962,2026,3,5,INST-TEACH,A-NF,3,0
7963,2026,3,5,INST-TEACH,J-BOARD-BK,1,0
7964,2026,3,5,INST-TEACH,J-DVD,2,0
7965,2026,3,5,INST-TEACH,J-EASY,1,0
7966,2026,3,5,INST-TEACH,J-NF,1,0
7967,2026,3,5,INST-TEACH,J-PIC-BOOK,9,0
7968,2026,3,5,J-INTERNET,A-FIC,15,2
7969,2026,3,5,J-INTERNET,A-GRA,3,1
7970,2026,3,5,J-INTERNET,A-NF,27,8
7971,2026,3,5,J-INTERNET,J-AUD,1,0
7972,2026,3,5,J-INTERNET,J-CALDECTT,1,0
7973,2026,3,5,J-INTERNET,J-DVD,27,6
7974,2026,3,5,J-INTERNET,J-EASY,57,6
7975,2026,3,5,J-INTERNET,J-FIC,33,29
7976,2026,3,5,J-INTERNET,J-GRA,56,6
7977,2026,3,5,J-INTERNET,J-NEW,1,0
7978,2026,3,5,J-INTERNET,J-NEWBERY,6,1
7979,2026,3,5,J-INTERNET,J-NF,43,9
7980,2026,3,5,J-INTERNET,J-PBK,9,5
7981,2026,3,5,J-INTERNET,J-PIC-BOOK,92,8
7982,2026,3,5,J-INTERNET,T-SPANISH,1,0
7983,2026,3,5,J-INTERNET,YA,5,2
7984,2026,3,5,J-INTERNET,YA-FIC,5,2
7985,2026,3,5,J-INTERNET,YA-GRA,57,9
7986,2026,3,5,JUVENILE,A-DVD,2,0
7987,2026,3,5,JUVENILE,A-FIC,7,0
7988,2026,3,5,JUVENILE,A-HOMESCH,1,1
7989,2026,3,5,JUVENILE,A-LP-FIC,1,1
7990,2026,3,5,JUVENILE,A-NF,7,9
7991,2026,3,5,JUVENILE,A-SC-DOC,2,0
7992,2026,3,5,JUVENILE,A-VID-GAME,6,6
7993,2026,3,5,JUVENILE,J-BEGINREA,2,1
7994,2026,3,5,JUVENILE,J-BIO,4,5
7995,2026,3,5,JUVENILE,J-CALDECTT,2,0
7996,2026,3,5,JUVENILE,J-DVD,6,1
7997,2026,3,5,JUVENILE,J-EASY,37,2
7998,2026,3,5,JUVENILE,J-EASY-F,1,1
7999,2026,3,5,JUVENILE,J-FIC,78,30
8000,2026,3,5,JUVENILE,J-GRA,64,18
8001,2026,3,5,JUVENILE,J-NEWBERY,4,0
8002,2026,3,5,JUVENILE,J-NF,81,25
8003,2026,3,5,JUVENILE,J-PBK,12,10
8004,2026,3,5,JUVENILE,J-PIC-BOOK,71,3
8005,2026,3,5,JUVENILE,J-SERIES,2,0
8006,2026,3,5,JUVENILE,J-SPA,1,0
8007,2026,3,5,JUVENILE,J-VIS-MEDI,1,2
8008,2026,3,5,JUVENILE,YA,1,0
8009,2026,3,5,JUVENILE,YA-FIC,4,0
8010,2026,3,5,JUVENILE,YA-GRA,13,0
8011,2026,3,5,JUVENILE,YA-VID-GAM,2,2
8012,2026,3,5,MISSING,A-AUD,1,0
8013,2026,3,5,MISSING,A-FIC,3,0
8014,2026,3,5,MISSING,A-HOMESCH,1,0
8015,2026,3,5,MISSING,A-LP,2,0
8016,2026,3,5,MISSING,A-NEWBK-FI,1,0
8017,2026,3,5,MISSING,A-NF,7,0
8018,2026,3,5,MISSING,J-EASY,2,0
8019,2026,3,5,MISSING,J-FIC,1,0
8020,2026,3,5,MISSING,J-NEWBERY,1,0
8021,2026,3,5,MISSING,J-NF,1,0
8022,2026,3,5,MISSING,J-PIC-BOOK,4,0
8023,2026,3,5,MISSING,YA,2,0
8024,2026,3,5,MISSING,YA-GRA,1,0
8025,2026,3,5,PRGMNG,A-BK-CLUB,1,0
8026,2026,3,5,PRGMNG,A-FIC,6,0
8027,2026,3,5,PRGMNG,A-NEWBK-FI,4,0
8028,2026,3,5,PRGMNG,A-NEWBK-NF,1,0
8029,2026,3,5,PRGMNG,A-NF,3,2
8030,2026,3,5,PRGMNG,J-GRA,2,0
8031,2026,3,5,PRGMNG,J-NF,2,1
8032,2026,3,5,PRGMNG,J-PIC-BOOK,1,0
8033,2026,3,5,SCSL-ADULT,A-NF,3,0
8034,2026,3,5,STAFF-PERS,A-FIC,12,4
8035,2026,3,5,STAFF-PERS,A-KIT-HOBB,1,1
8036,2026,3,5,STAFF-PERS,A-LEASE-FI,1,0
8037,2026,3,5,STAFF-PERS,A-NEWBK-FI,4,0
8038,2026,3,5,STAFF-PERS,A-NEWBK-NF,1,0
8039,2026,3,5,STAFF-PERS,A-NF,4,2
8040,2026,3,5,STAFF-PERS,A-VID-GAME,2,4
8041,2026,3,5,STAFF-PERS,J-BIO,1,0
8042,2026,3,5,STAFF-PERS,J-FIC,2,0
8043,2026,3,5,STAFF-PERS,T-FIC,1,0
8044,2026,3,5,STAFF-PERS,YA,1,0
8045,2026,3,5,,A-FIC,4,0
8046,2026,3,5,,J-EASY,1,0
8047,2026,3,5,,J-PIC-BOOK,2,0
8048,2026,3,5,,YA-FIC,1,0
8049,2026,3,15,ADULT,A-AUD,2,0
8050,2026,3,15,ADULT,A-DVD,8,0
8051,2026,3,15,ADULT,A-FIC,39,0
8052,2026,3,15,ADULT,A-LEASE-FI,2,0
8053,2026,3,15,ADULT,A-LP,3,0
8054,2026,3,15,ADULT,A-LP-FIC,2,0
8055,2026,3,15,ADULT,A-NEWBK,2,0
8056,2026,3,15,ADULT,A-NEWBK-FI,5,0
8057,2026,3,15,ADULT,A-NEWBK-LP,1,0
8058,2026,3,15,ADULT,A-NEWBK-NF,2,0
8059,2026,3,15,ADULT,A-NF,9,0
8060,2026,3,15,ADULT,A-PBK,1,0
8061,2026,3,15,ADULT,A-SCIFIC,1,0
8062,2026,3,15,ADULT,A-VIS-MEDI,1,0
8063,2026,3,15,ADULT,J-BEGINREA,2,0
8064,2026,3,15,ADULT,J-EASY,2,0
8065,2026,3,15,ADULT,J-FIC,7,0
8066,2026,3,15,ADULT,J-GRA,1,0
8067,2026,3,15,ADULT,J-NEWBERY,1,0
8068,2026,3,15,ADULT,J-NF,9,0
8069,2026,3,15,ADULT,J-PIC-BOOK,6,0
8070,2026,3,15,ADULT,YA-FIC,2,0
8071,2026,3,15,J-INTERNET,A-NF,4,0
8072,2026,3,15,JUVENILE,A-FIC,2,0
8073,2026,3,15,JUVENILE,YA-FIC,1,0
8074,2026,3,15,MISSING,A-FIC,1,0
8075,2026,3,15,MISSING,J-NF,1,0
8076,2026,3,6,ADULT,A-AUD-MP3,0,2
8077,2026,3,6,ADULT,A-LEASE-BK,0,1
8078,2026,3,6,ADULT,A-MUSIC-CD,0,1
8079,2026,3,6,ADULT,A-PBK,0,1
8080,2026,3,6,ADULT,T-FIC,0,1
8081,2026,3,6,ADULT,YA-PBK,0,1
8082,2026,3,6,JUVENILE,A-FIC,0,2
8083,2026,3,6,JUVENILE,J-CALDECTT,0,1
8084,2026,3,6,JUVENILE,STACKS,0,1
8085,2026,3,6,STAFF-PERS,A-FIC,0,2
8086,2026,3,2,A-NONRES,J-EASY,0,1
8087,2026,3,2,A-NONRES,J-PIC-BOOK,0,3
8088,2026,3,2,ADULT,A-SPA,0,1
8089,2026,3,2,ADULT,J-ROOM,0,1
8090,2026,3,2,ADULT,YA-PBK,0,5
8091,2026,3,2,J-INTERNET,J-NF,0,10
8092,2026,3,2,J-INTERNET,YA,0,2
8093,2026,3,2,J-INTERNET,YA-FIC,0,1
8094,2026,3,2,JUVENILE,A-NEWBK-FI,0,2
8095,2026,3,2,JUVENILE,A-NEWBK-NF,0,1
8096,2026,3,2,JUVENILE,J-SPA,0,2
8097,2026,3,2,STAFF-PERS,A-NEWBK-FI,0,2
8098,2026,3,2,STAFF-PERS,YA-FIC,0,1
8099,2026,3,2,TEEN,A-NEWBK-FI,0,2
8100,2026,3,12,ADULT,A-NEWBK-LP,0,1
8101,2026,3,12,JUVENILE,J-EASY,0,4
8102,2026,3,12,JUVENILE,J-GRA,0,2
8103,2026,3,12,JUVENILE,J-NF,0,2
8104,2026,3,12,JUVENILE,J-PIC-BOOK,0,10
8333,2025,11,6,ADULT,A-NF,39,10
8105,2026,3,3,A-NONRES,A-AUD-CD,0,1
8106,2026,3,3,A-NONRES,A-HOMESCH,0,1
8107,2026,3,3,A-NONRES,A-NEWBK-FI,0,2
8108,2026,3,3,A-NONRES,J-GRA-NF,0,1
8109,2026,3,3,A-NONRES,J-PBK,0,3
8110,2026,3,3,A-NONRES,J-SPA,0,3
8111,2026,3,3,ADULT,A-SC-FIC,0,1
8112,2026,3,3,ADULT,J-BR-GRA,0,1
8113,2026,3,3,ADULT,J-GRA-BIO,0,3
8114,2026,3,3,ADULT,T-PBK,0,1
8115,2026,3,3,ADULT,YA-AUD,0,1
8116,2026,3,3,ADULT,YA-VID-GAM,0,4
8117,2026,3,3,J-INTERNET,A-BIO,0,2
8118,2026,3,3,J-INTERNET,A-NEWBK-NF,0,2
8119,2026,3,3,J-INTERNET,J-NEW,0,1
8120,2026,3,3,J-INTERNET,YA-ROOM,0,1
8121,2026,3,3,JUVENILE,A-LP,0,1
8122,2026,3,3,JUVENILE,BASMNT,0,1
8123,2026,3,3,JUVENILE,J-GRC,0,1
8124,2026,3,3,JUVENILE,J-HOLIDAY,0,1
8125,2026,3,3,JUVENILE,J-NEW,0,1
8126,2026,3,3,JUVENILE,J-ROOM,0,1
8127,2026,3,3,JUVENILE,J-SPA-PIC,0,1
8128,2026,3,3,PRGMNG,J-DVD,0,1
8129,2026,3,3,STAFF-PERS,A-GRA,0,2
8130,2026,3,3,STAFF-PERS,YA-PBK,0,1
8131,2026,3,3,TEEN,J-PBK,0,1
8132,2026,3,3,TEEN,YA-GRA,0,3
8133,2026,3,13,ADULT,A-LP-FIC,0,1
8134,2026,3,13,ADULT,A-NEWBK,0,2
8135,2026,3,13,ADULT,A-NEWBK-LP,0,1
8136,2026,3,13,ADULT,J-AUD,0,1
8137,2026,3,13,ADULT,J-BEGINREA,0,4
8138,2026,3,13,ADULT,J-BIO,0,2
8139,2026,3,13,ADULT,J-CALDECTT,0,1
8140,2026,3,13,ADULT,J-EASY,0,3
8141,2026,3,13,ADULT,J-EASY-F,0,1
8142,2026,3,13,ADULT,J-FIC,0,13
8143,2026,3,13,ADULT,J-NEWBERY,0,1
8144,2026,3,13,ADULT,J-NF,0,6
8145,2026,3,13,ADULT,J-PIC-BOOK,0,6
8146,2026,3,13,ADULT,T-FIC,0,1
8147,2026,3,13,ADULT,YA-FIC,0,2
8148,2026,3,13,ADULT,YA-GRA,0,3
8149,2026,3,13,J-INTERNET,J-EASY,0,1
8150,2026,3,13,J-INTERNET,J-FIC,0,1
8151,2026,3,13,J-INTERNET,J-PBK,0,2
8152,2026,3,13,JUVENILE,A-FIC,0,1
8153,2026,3,13,JUVENILE,A-NF,0,1
8154,2026,3,13,JUVENILE,J-FIC,0,5
8155,2026,3,13,JUVENILE,J-NF,0,2
8156,2026,3,13,STAFF-PERS,YA-FIC,0,3
8157,2026,3,4,A-NONRES,J-GRA,0,1
8158,2026,3,4,ADULT,A-AFR-AMER,0,1
8159,2026,3,4,ADULT,A-FIC-PBK,0,1
8160,2026,3,4,ADULT,A-SPA-FIC,0,1
8161,2026,3,4,ADULT,A-STACKS,0,1
8162,2026,3,4,ADULT,J-BIO,0,1
8163,2026,3,4,ADULT,J-ROOM,0,1
8164,2026,3,4,ADULT,T-MANGA,0,1
8165,2026,3,4,ADULT,YA-BIO,0,1
8166,2026,3,4,ADULT,YA-GRA-BIO,0,1
8167,2026,3,4,J-INTERNET,A-NEWBK-NF,0,2
8168,2026,3,4,J-INTERNET,J-CALDECTT,0,1
8169,2026,3,4,J-INTERNET,J-DVD,0,4
8170,2026,3,4,J-INTERNET,J-NEWBERY,0,1
8171,2026,3,4,J-INTERNET,YA,0,5
8172,2026,3,4,J-INTERNET,YA-FIC,0,1
8173,2026,3,4,JUVENILE,A-BIO,0,1
8174,2026,3,4,JUVENILE,A-LP,0,3
8175,2026,3,4,JUVENILE,J-BIO,0,1
8176,2026,3,4,PRGMNG,J-SPA,0,3
8177,2026,3,4,STAFF-PERS,A-SC,0,4
8178,2026,3,4,TEEN,A-NEWBK-NF,0,4
8179,2026,3,4,TEEN,J-FIC,0,1
8180,2026,3,4,TEEN,YA,0,6
8181,2026,3,4,TEEN,YA-PBK,0,1
8182,2026,3,4,,YA-GRA,0,2
8183,2026,3,14,ADULT,A-HOMESCH,0,1
8184,2026,3,14,ADULT,J-EASY-F,0,1
8185,2026,3,14,ADULT,J-NEWBERY,0,2
8186,2026,3,14,ADULT,YA-PBK,0,1
8187,2026,3,1,A-NONRES,A-AUD-CD,0,1
8188,2026,3,1,A-NONRES,A-NF,0,1
8189,2026,3,1,A-NONRES,J-AUD,0,1
8190,2026,3,1,ADULT,A-AUD,0,6
8191,2026,3,1,ADULT,A-AUD-CD,0,15
8192,2026,3,1,ADULT,A-BIO,0,5
8193,2026,3,1,ADULT,A-BLU-RAY,0,1
8194,2026,3,1,ADULT,A-CHILDHOO,0,3
8195,2026,3,1,ADULT,A-DVD,0,32
8196,2026,3,1,ADULT,A-DVD-FIC,0,1
8197,2026,3,1,ADULT,A-DVD-TV,0,1
8198,2026,3,1,ADULT,A-GRA,0,15
8199,2026,3,1,ADULT,A-HOMESCH,0,7
8200,2026,3,1,ADULT,A-INCL-C,0,1
8201,2026,3,1,ADULT,A-LEASE-BK,0,1
8202,2026,3,1,ADULT,A-LEASE-FI,0,14
8203,2026,3,1,ADULT,A-LEASE-LP,0,6
8204,2026,3,1,ADULT,A-LEASE-NF,0,3
8205,2026,3,1,ADULT,A-LP-FIC,0,18
8206,2026,3,1,ADULT,A-LP-NF,0,3
8207,2026,3,1,ADULT,A-MYSTERY,0,1
8208,2026,3,1,ADULT,A-NEWBK,0,2
8209,2026,3,1,ADULT,A-NEWBK-LP,0,7
8210,2026,3,1,ADULT,A-NEWBK-NF,0,35
8211,2026,3,1,ADULT,A-SC,0,2
8212,2026,3,1,ADULT,A-SCIFIC,0,1
8213,2026,3,1,ADULT,A-SFI-FAN,0,2
8214,2026,3,1,ADULT,A-SND-REC,0,1
8215,2026,3,1,ADULT,A-SPA,0,2
8216,2026,3,1,ADULT,A-STACKS,0,4
8217,2026,3,1,ADULT,A-VID-GAME,0,10
8218,2026,3,1,ADULT,J-AUD,0,5
8219,2026,3,1,ADULT,J-BEGINREA,0,5
8220,2026,3,1,ADULT,J-BOARD-BK,0,4
8221,2026,3,1,ADULT,J-CALDECTT,0,9
8222,2026,3,1,ADULT,J-DVD,0,24
8223,2026,3,1,ADULT,J-EASY,0,76
8224,2026,3,1,ADULT,J-EASY-F,0,2
8225,2026,3,1,ADULT,J-EASY-PBK,0,1
8226,2026,3,1,ADULT,J-EASY-PIC,0,12
8227,2026,3,1,ADULT,J-FIC,0,129
8228,2026,3,1,ADULT,J-GRA,0,32
8229,2026,3,1,ADULT,J-NEWBERY,0,8
8230,2026,3,1,ADULT,J-NF,0,113
8231,2026,3,1,ADULT,J-PBK,0,23
8232,2026,3,1,ADULT,J-PIC-BOOK,0,176
8233,2026,3,1,ADULT,J-SPA,0,9
8234,2026,3,1,ADULT,T-FIC,0,1
8235,2026,3,1,ADULT,YA,0,26
8236,2026,3,1,ADULT,YA-FIC,0,11
8237,2026,3,1,ADULT,YA-GRA,0,21
8238,2026,3,1,ADULT,YA-NF,0,3
8239,2026,3,1,ADULT,YA-VID-GAM,0,4
8240,2026,3,1,J-INTERNET,A-FIC,0,8
8241,2026,3,1,J-INTERNET,A-GRA,0,7
8242,2026,3,1,J-INTERNET,A-LEASE-FI,0,1
8243,2026,3,1,J-INTERNET,A-LP-FIC,0,1
8244,2026,3,1,J-INTERNET,A-NEWBK-FI,0,3
8245,2026,3,1,J-INTERNET,A-NF,0,14
8246,2026,3,1,J-INTERNET,A-VID-GAME,0,2
8247,2026,3,1,J-INTERNET,J-CALDECTT,0,1
8248,2026,3,1,J-INTERNET,J-DVD,0,7
8249,2026,3,1,J-INTERNET,J-EASY,0,18
8250,2026,3,1,J-INTERNET,J-FIC,0,37
8251,2026,3,1,J-INTERNET,J-GRA,0,20
8252,2026,3,1,J-INTERNET,J-NF,0,17
8253,2026,3,1,J-INTERNET,J-PBK,0,10
8254,2026,3,1,J-INTERNET,J-PIC-BOOK,0,36
8255,2026,3,1,J-INTERNET,J-SPA,0,2
8256,2026,3,1,J-INTERNET,YA,0,7
8257,2026,3,1,J-INTERNET,YA-FIC,0,5
8258,2026,3,1,J-INTERNET,YA-GRA,0,42
8259,2026,3,1,J-INTERNET,YA-VID-GAM,0,1
8260,2026,3,1,JUVENILE,A-FIC,0,1
8261,2026,3,1,JUVENILE,A-GRA,0,4
8262,2026,3,1,JUVENILE,A-LEASE-FI,0,1
8263,2026,3,1,JUVENILE,A-NEWBK-FI,0,2
8264,2026,3,1,JUVENILE,A-NF,0,12
8265,2026,3,1,JUVENILE,A-VID-GAME,0,1
8266,2026,3,1,JUVENILE,J-BEGINREA,0,1
8267,2026,3,1,JUVENILE,J-CALDECTT,0,1
8268,2026,3,1,JUVENILE,J-FIC,0,25
8269,2026,3,1,JUVENILE,J-GRA,0,13
8270,2026,3,1,JUVENILE,J-NEWBERY,0,2
8271,2026,3,1,JUVENILE,J-NF,0,25
8272,2026,3,1,JUVENILE,J-PBK,0,5
8273,2026,3,1,JUVENILE,YA,0,9
8274,2026,3,1,JUVENILE,YA-FIC,0,3
8275,2026,3,1,JUVENILE,YA-GRA,0,31
8276,2026,3,1,JUVENILE,YA-NF,0,1
8277,2026,3,1,JUVENILE,YA-VID-GAM,0,1
8278,2026,3,1,PRGMNG,A-LP-FIC,0,1
8279,2026,3,1,PRGMNG,A-NEWBK-FI,0,2
8280,2026,3,1,PRGMNG,A-NF,0,2
8281,2026,3,1,PRGMNG,J-AUD,0,1
8282,2026,3,1,PRGMNG,YA-FIC,0,1
8283,2026,3,1,STAFF-PERS,A-GRA,0,10
8284,2026,3,1,STAFF-PERS,A-LEASE-FI,0,1
8285,2026,3,1,STAFF-PERS,A-LP,0,1
8286,2026,3,1,STAFF-PERS,A-PROF-COL,0,2
8287,2026,3,1,STAFF-PERS,A-REF-BUS,0,1
8288,2026,3,1,STAFF-PERS,A-VID-GAME,0,3
8289,2026,3,1,STAFF-PERS,J-NF,0,2
8290,2026,3,1,STAFF-PERS,YA-NF,0,1
8291,2026,3,1,STAFF-PERS,YA-VID-GAM,0,6
8292,2026,3,16,ADULT,A-FIC,0,3
8293,2026,3,16,J-INTERNET,J-BOARD-BK,0,1
8294,2026,3,16,J-INTERNET,J-FIC,0,1
8295,2026,3,16,J-INTERNET,J-GRA,0,2
8296,2026,3,16,J-INTERNET,J-PIC-BOOK,0,5
8297,2026,3,5,ADULT,A-BLU-RAY,0,1
8298,2026,3,5,ADULT,A-LEASE-BK,0,2
8299,2026,3,5,ADULT,A-LP-BIO,0,1
8300,2026,3,5,ADULT,A-PLAYAWAY,0,1
8301,2026,3,5,ADULT,A-SC,0,1
8302,2026,3,5,ADULT,A-SCIFIC,0,1
8303,2026,3,5,ADULT,J-CD-BK,0,1
8304,2026,3,5,ADULT,J-SEASONAL,0,2
8305,2026,3,5,ADULT,YA-SCIFIC,0,1
8306,2026,3,5,J-INTERNET,J-BIO,0,1
8307,2026,3,5,J-INTERNET,J-ROOM,0,1
8308,2026,3,5,J-INTERNET,YA-PBK,0,1
8309,2026,3,5,JUVENILE,J-AUD,0,2
8310,2026,3,5,PRGMNG,A-BIO,0,8
8311,2026,3,5,PRGMNG,A-LP,0,1
8312,2025,11,6,ADULT,A-AUD,3,2
8313,2025,11,6,ADULT,A-AUD-CD,1,2
8314,2025,11,6,ADULT,A-BK-CLUB,1,0
8315,2025,11,6,ADULT,A-BLU-RAY,1,2
8316,2025,11,6,ADULT,A-CRAFTS,1,0
8317,2025,11,6,ADULT,A-DEMENTIA,5,12
8318,2025,11,6,ADULT,A-DVD-FIC,2,3
8319,2025,11,6,ADULT,A-FIC,20,24
8320,2025,11,6,ADULT,A-HOTSPOT,3,0
8321,2025,11,6,ADULT,A-KIT-HOBB,3,0
8322,2025,11,6,ADULT,A-LEASE-BK,1,0
8323,2025,11,6,ADULT,A-LEASE-FI,14,22
8324,2025,11,6,ADULT,A-LEASE-LP,74,81
8325,2025,11,6,ADULT,A-LEASE-NF,12,10
8326,2025,11,6,ADULT,A-LP,31,16
8327,2025,11,6,ADULT,A-LP-FIC,10,10
8328,2025,11,6,ADULT,A-LP-WEST,1,6
8329,2025,11,6,ADULT,A-MYSTERY,1,1
8330,2025,11,6,ADULT,A-NEWBK-FI,8,13
8331,2025,11,6,ADULT,A-NEWBK-LP,16,16
8332,2025,11,6,ADULT,A-NEWBK-NF,10,10
8334,2025,11,6,ADULT,A-PLAYAWAY,27,24
8335,2025,11,6,ADULT,A-VID-GAME,1,0
8336,2025,11,6,ADULT,J-BIO,1,0
8337,2025,11,6,ADULT,J-BOARD-BK,1,0
8338,2025,11,6,ADULT,J-CALDECTT,3,0
8339,2025,11,6,ADULT,J-CHRISTMS,1,0
8340,2025,11,6,ADULT,J-DVD,10,16
8341,2025,11,6,ADULT,J-EASY,32,56
8342,2025,11,6,ADULT,J-EASY-F,1,0
8343,2025,11,6,ADULT,J-FIC,32,25
8344,2025,11,6,ADULT,J-GRA,5,24
8345,2025,11,6,ADULT,J-KINDERBO,2,0
8346,2025,11,6,ADULT,J-NEWBERY,2,0
8347,2025,11,6,ADULT,J-NF,42,47
8348,2025,11,6,ADULT,J-PIC-BOOK,51,77
8349,2025,11,6,ADULT,J-SPA,3,1
8350,2025,11,6,ADULT,STACKS,2,4
8351,2025,11,6,ADULT,YA,1,0
8352,2025,11,6,ADULT,YA-FIC,4,0
8353,2025,11,6,ADULT,YA-VID-GAM,2,1
8354,2025,11,6,DISCARD,A-NEWBK-NF,1,0
8355,2025,11,6,DISCARD,J-GRA,1,0
8356,2025,11,6,DISCARD,J-NF,1,0
8357,2025,11,6,HOMEBOUND,A-AUD,6,1
8358,2025,11,6,HOMEBOUND,A-AUD-CD,1,0
8359,2025,11,6,HOMEBOUND,A-DVD,11,0
8360,2025,11,6,HOMEBOUND,A-FIC,14,0
8361,2025,11,6,HOMEBOUND,A-LEASE-FI,2,0
8362,2025,11,6,HOMEBOUND,A-LEASE-LP,14,1
8363,2025,11,6,HOMEBOUND,A-LEASE-NF,3,0
8364,2025,11,6,HOMEBOUND,A-LP,9,0
8365,2025,11,6,HOMEBOUND,A-LP-FIC,3,0
8366,2025,11,6,HOMEBOUND,A-NEWBK-FI,1,0
8367,2025,11,6,HOMEBOUND,A-NEWBK-LP,4,1
8368,2025,11,6,HOMEBOUND,A-NF,5,1
8369,2025,11,6,HOMEBOUND,A-PLAYAWAY,12,17
8370,2025,11,6,HOMEBOUND,J-DVD,5,0
8371,2025,11,6,HOMEBOUND,J-EASY,1,0
8372,2025,11,6,HOMEBOUND,J-FIC,1,0
8373,2025,11,6,HOMEBOUND,J-NF,2,0
8374,2025,11,6,HOMEBOUND,J-PIC-BOOK,2,0
8375,2025,11,6,HOMEBOUND,J-SPA,1,0
8376,2025,11,6,HOMEBOUND,YA-FIC,1,0
8377,2025,11,6,HOMEBOUND,YA-NF,1,0
8378,2025,11,6,INST-TEACH,J-AUD,5,0
8379,2025,11,6,INST-TEACH,J-BOARD-BK,1,0
8380,2025,11,6,INST-TEACH,J-CALDECTT,10,0
8381,2025,11,6,INST-TEACH,J-EASY,88,15
8382,2025,11,6,INST-TEACH,J-EASY-PIC,2,0
8383,2025,11,6,INST-TEACH,J-KINDERBO,18,0
8384,2025,11,6,INST-TEACH,J-NF,18,1
8385,2025,11,6,INST-TEACH,J-PIC-BOOK,237,0
8386,2025,11,6,J-INTERNET,J-EASY,3,4
8387,2025,11,6,J-INTERNET,J-FIC,5,2
8388,2025,11,6,J-INTERNET,J-GRA,12,13
8389,2025,11,6,J-INTERNET,J-NF,2,1
8390,2025,11,6,J-INTERNET,J-PIC-BOOK,6,9
8391,2025,11,6,J-INTERNET,YA,2,0
8392,2025,11,6,J-INTERNET,YA-GRA,1,0
8393,2025,11,6,JUVENILE,A-NEWBK-NF,1,1
8394,2025,11,6,JUVENILE,J-EASY,17,41
8395,2025,11,6,JUVENILE,J-FIC,6,20
8396,2025,11,6,JUVENILE,J-GRA,27,54
8397,2025,11,6,JUVENILE,J-NF,29,43
8398,2025,11,6,JUVENILE,J-PBK,2,2
8399,2025,11,6,JUVENILE,J-PIC-BOOK,27,53
8400,2025,11,6,JUVENILE,J-SPA,1,2
8401,2025,11,6,JUVENILE,YA-GRA,5,33
8402,2025,11,6,JUVENILE,YA-VID-GAM,2,3
8403,2025,11,6,STAFF-PERS,A-LEASE-NF,2,2
8404,2025,11,6,STAFF-PERS,A-NEWBK-FI,1,1
8405,2025,11,6,STAFF-PERS,J-KINDERBO,2,0
8406,2025,11,6,STAFF-PERS,YA-VID-GAM,1,1
8407,2025,11,2,ADULT,A-AFR-AMER,2,0
8408,2025,11,2,ADULT,A-AUD,1,2
8409,2025,11,2,ADULT,A-AUD-CD,2,6
8410,2025,11,2,ADULT,A-BIO,3,1
8411,2025,11,2,ADULT,A-BK-CLUB,1,0
8412,2025,11,2,ADULT,A-DVD,74,87
8413,2025,11,2,ADULT,A-FIC,259,201
8414,2025,11,2,ADULT,A-GRA,1,4
8415,2025,11,2,ADULT,A-HOMESCH,2,5
8416,2025,11,2,ADULT,A-HOTSPOT,73,1
8417,2025,11,2,ADULT,A-KIT-HOBB,1,1
8418,2025,11,2,ADULT,A-LEASE-FI,1,1
8419,2025,11,2,ADULT,A-LEASE-LP,1,2
8420,2025,11,2,ADULT,A-LP,33,15
8421,2025,11,2,ADULT,A-LP-FIC,18,4
8422,2025,11,2,ADULT,A-LP-MYS,2,0
8423,2025,11,2,ADULT,A-LP-NF,1,0
8424,2025,11,2,ADULT,A-MYSTERY,12,4
8425,2025,11,2,ADULT,A-NEWBK,2,1
8426,2025,11,2,ADULT,A-NEWBK-FI,87,84
8427,2025,11,2,ADULT,A-NEWBK-LP,5,1
8428,2025,11,2,ADULT,A-NEWBK-NF,16,23
8429,2025,11,2,ADULT,A-NF,96,172
8430,2025,11,2,ADULT,A-PBK,2,0
8431,2025,11,2,ADULT,A-SC,1,0
8432,2025,11,2,ADULT,A-VID-GAME,2,0
8433,2025,11,2,ADULT,ILL,15,0
8434,2025,11,2,ADULT,J-BEGINREA,1,0
8435,2025,11,2,ADULT,J-BIO,7,0
8436,2025,11,2,ADULT,J-BOARD-BK,5,2
8437,2025,11,2,ADULT,J-CALDECTT,8,7
8438,2025,11,2,ADULT,J-DVD,53,74
8439,2025,11,2,ADULT,J-EASY,150,106
8440,2025,11,2,ADULT,J-EASY-F,2,2
8441,2025,11,2,ADULT,J-EASY-PIC,4,1
8442,2025,11,2,ADULT,J-FIC,121,143
8443,2025,11,2,ADULT,J-GRA,97,105
8444,2025,11,2,ADULT,J-HOLIDAY,1,2
8445,2025,11,2,ADULT,J-KIT,2,3
8446,2025,11,2,ADULT,J-NEWBERY,3,14
8447,2025,11,2,ADULT,J-NF,128,138
8448,2025,11,2,ADULT,J-PBK,29,24
8449,2025,11,2,ADULT,J-PIC-BOOK,351,215
8450,2025,11,2,ADULT,J-SPA,4,4
8451,2025,11,2,ADULT,YA,12,17
8452,2025,11,2,ADULT,YA-FIC,12,11
8453,2025,11,2,ADULT,YA-GRA,13,30
8454,2025,11,2,ADULT,YA-NF,1,0
8455,2025,11,2,ADULT,YA-VID-GAM,1,0
8456,2025,11,2,DAMAGED,A-DVD,1,0
8457,2025,11,2,DAMAGED,A-HOTSPOT,3,0
8458,2025,11,2,DAMAGED,A-LP,1,0
8459,2025,11,2,DAMAGED,J-EASY,2,0
8460,2025,11,2,DAMAGED,J-FIC,1,0
8461,2025,11,2,DAMAGED,J-GRA,1,0
8462,2025,11,2,DAMAGED,J-PIC-BOOK,3,0
8463,2025,11,2,DISCARD,A-NF,89,0
8464,2025,11,2,DISCARD,J-FIC,66,0
8465,2025,11,2,INST-TEACH,A-BK-CLUB,1,0
8466,2025,11,2,J-INTERNET,A-FIC,1,3
8467,2025,11,2,J-INTERNET,J-DVD,3,2
8468,2025,11,2,J-INTERNET,J-FIC,2,4
8469,2025,11,2,J-INTERNET,J-GRA,13,7
8470,2025,11,2,J-INTERNET,J-NF,2,12
8471,2025,11,2,J-INTERNET,J-PIC-BOOK,3,6
8472,2025,11,2,J-INTERNET,YA,1,1
8473,2025,11,2,JUVENILE,A-DVD,7,12
8474,2025,11,2,JUVENILE,A-FIC,4,11
8475,2025,11,2,JUVENILE,A-GRA,2,2
8476,2025,11,2,JUVENILE,A-KIT-HOBB,1,1
8477,2025,11,2,JUVENILE,A-NEWBK-FI,3,2
8478,2025,11,2,JUVENILE,A-NEWBK-NF,1,0
8479,2025,11,2,JUVENILE,A-NF,11,9
8480,2025,11,2,JUVENILE,A-VID-GAME,1,1
8481,2025,11,2,JUVENILE,J-DVD,15,20
8482,2025,11,2,JUVENILE,J-EASY,37,45
8483,2025,11,2,JUVENILE,J-FIC,51,38
8484,2025,11,2,JUVENILE,J-GRA,43,52
8485,2025,11,2,JUVENILE,J-NF,25,54
8486,2025,11,2,JUVENILE,J-PBK,5,0
8487,2025,11,2,JUVENILE,J-PIC-BOOK,79,86
8488,2025,11,2,JUVENILE,J-SERIES,2,0
8489,2025,11,2,JUVENILE,J-SPA,1,0
8490,2025,11,2,JUVENILE,YA,4,4
8491,2025,11,2,JUVENILE,YA-FIC,3,2
8492,2025,11,2,JUVENILE,YA-GRA,8,8
8493,2025,11,2,MISSING,A-NEWBK-NF,1,0
8494,2025,11,2,MISSING,A-NF,1,0
8495,2025,11,2,MISSING,J-EASY,2,0
8496,2025,11,2,MISSING,J-FIC,1,0
8497,2025,11,2,MISSING,J-NF,1,0
8498,2025,11,2,MISSING,J-PIC-BOOK,1,0
8499,2025,11,2,MISSING,YA-FIC,1,0
8500,2025,11,2,PRGMNG,J-EASY,1,0
8501,2025,11,2,PRGMNG,J-NF,2,0
8502,2025,11,2,PRGMNG,J-PIC-BOOK,10,0
8503,2025,11,2,STAFF-PERS,A-FIC,12,16
8504,2025,11,2,STAFF-PERS,A-GRA,1,4
8505,2025,11,2,STAFF-PERS,A-HOTSPOT,2,0
8506,2025,11,2,STAFF-PERS,A-LP,3,0
8507,2025,11,2,STAFF-PERS,A-LP-MYS,1,0
8508,2025,11,2,STAFF-PERS,A-MYSTERY,3,1
8509,2025,11,2,STAFF-PERS,A-NEWBK,1,0
8510,2025,11,2,STAFF-PERS,A-NEWBK-FI,1,5
8511,2025,11,2,STAFF-PERS,A-NEWBK-NF,1,0
8512,2025,11,2,STAFF-PERS,A-NF,7,12
8513,2025,11,2,STAFF-PERS,ILL,2,0
8514,2025,11,2,STAFF-PERS,J-EASY,3,0
8515,2025,11,2,STAFF-PERS,J-FIC,3,2
8516,2025,11,2,STAFF-PERS,J-GRA,1,0
8517,2025,11,2,STAFF-PERS,J-NF,1,0
8518,2025,11,2,STAFF-PERS,J-PIC-BOOK,7,2
8519,2025,11,2,STAFF-PERS,YA-GRA,5,3
8520,2025,11,2,TEEN,A-HOTSPOT,3,0
8521,2025,11,2,TEEN,J-FIC,3,0
8522,2025,11,2,,J-EASY,3,0
8523,2025,11,2,,J-GRA,4,0
8524,2025,11,2,,J-PIC-BOOK,5,0
8525,2025,11,12,ADULT,A-DVD-NF,1,2
8526,2025,11,12,ADULT,A-FIC,4,2
8527,2025,11,12,ADULT,A-NEWBK-FI,2,1
8528,2025,11,12,ADULT,A-NF,2,3
8529,2025,11,12,ADULT,A-SC,1,0
8530,2025,11,12,ADULT,J-BOARD-BK,1,0
8531,2025,11,12,ADULT,J-DVD,2,2
8532,2025,11,12,ADULT,J-EASY,1,2
8533,2025,11,12,ADULT,J-FIC,2,5
8534,2025,11,12,ADULT,J-GRA,1,3
8535,2025,11,12,ADULT,J-PIC-BOOK,2,0
8536,2025,11,3,A-NONRES,A-DVD,2,10
8537,2025,11,3,A-NONRES,A-FIC,9,5
8538,2025,11,3,A-NONRES,A-HOMESCH,3,2
8539,2025,11,3,A-NONRES,A-KIT,1,0
8540,2025,11,3,A-NONRES,A-LP,1,3
8541,2025,11,3,A-NONRES,A-NEWBK-FI,2,2
8542,2025,11,3,A-NONRES,A-NF,3,7
8543,2025,11,3,A-NONRES,ILL,4,0
8544,2025,11,3,A-NONRES,J-BEGINREA,1,0
8545,2025,11,3,A-NONRES,J-EASY,4,0
8546,2025,11,3,A-NONRES,J-NF,8,13
8547,2025,11,3,A-NONRES,J-PIC-BOOK,21,4
8548,2025,11,3,A-NONRES,J-VIS-MEDI,1,0
8549,2025,11,3,ADULT,A-AUD,51,39
8550,2025,11,3,ADULT,A-AUD-BIO,1,0
8551,2025,11,3,ADULT,A-AUD-CD,126,85
8552,2025,11,3,ADULT,A-BIO,23,9
8553,2025,11,3,ADULT,A-CHRISTIA,1,0
8554,2025,11,3,ADULT,A-DVD,321,397
8555,2025,11,3,ADULT,A-DVD-FIC,2,4
8556,2025,11,3,ADULT,A-DVD-NF,4,4
8557,2025,11,3,ADULT,A-DVD-TV,10,12
8558,2025,11,3,ADULT,A-FIC,1877,1466
8559,2025,11,3,ADULT,A-FIC-CHRI,1,0
8560,2025,11,3,ADULT,A-GRA,24,20
8561,2025,11,3,ADULT,A-HOMESCH,31,34
8562,2025,11,3,ADULT,A-HOTSPOT,56,0
8563,2025,11,3,ADULT,A-INCL-C,2,0
8564,2025,11,3,ADULT,A-KIT,92,5
8565,2025,11,3,ADULT,A-KIT-HOBB,6,3
8566,2025,11,3,ADULT,A-LEASE-BK,1,0
8567,2025,11,3,ADULT,A-LEASE-FI,62,29
8568,2025,11,3,ADULT,A-LEASE-LP,11,5
8569,2025,11,3,ADULT,A-LEASE-NF,9,10
8570,2025,11,3,ADULT,A-LOCAUTH,1,1
8571,2025,11,3,ADULT,A-LP,349,215
8572,2025,11,3,ADULT,A-LP-FIC,71,56
8573,2025,11,3,ADULT,A-LP-MYS,2,0
8574,2025,11,3,ADULT,A-LP-NF,3,3
8575,2025,11,3,ADULT,A-MUSIC-CD,22,9
8576,2025,11,3,ADULT,A-MYSTERY,19,9
8577,2025,11,3,ADULT,A-NEWBIO,1,0
8578,2025,11,3,ADULT,A-NEWBK,11,8
8579,2025,11,3,ADULT,A-NEWBK-FI,655,495
8580,2025,11,3,ADULT,A-NEWBK-LP,101,69
8581,2025,11,3,ADULT,A-NEWBK-NF,188,177
8582,2025,11,3,ADULT,A-NF,1058,1178
8583,2025,11,3,ADULT,A-OVERSIZE,1,0
8584,2025,11,3,ADULT,A-PARENT,1,0
8585,2025,11,3,ADULT,A-PBK,5,1
8586,2025,11,3,ADULT,A-SC,1,1
8587,2025,11,3,ADULT,A-SC-FIC,1,1
8588,2025,11,3,ADULT,A-SC-NF,1,0
8589,2025,11,3,ADULT,A-SCIFIC,4,6
8590,2025,11,3,ADULT,A-SFI-FAN,8,5
8591,2025,11,3,ADULT,A-SND-REC,3,1
8592,2025,11,3,ADULT,A-SPA,8,6
8593,2025,11,3,ADULT,A-SPA-FIC,1,2
8594,2025,11,3,ADULT,A-STACKS,3,2
8595,2025,11,3,ADULT,A-STORAGE,1,1
8596,2025,11,3,ADULT,A-VID-GAME,13,16
8597,2025,11,3,ADULT,A-VIS-MEDI,3,5
8598,2025,11,3,ADULT,BASMNT,1,1
8599,2025,11,3,ADULT,CAR-FIC,1,0
8600,2025,11,3,ADULT,ILL,33,0
8601,2025,11,3,ADULT,J-AUD,19,14
8602,2025,11,3,ADULT,J-BEGINREA,21,14
8603,2025,11,3,ADULT,J-BIO,15,14
8604,2025,11,3,ADULT,J-BLU-RAY,1,0
8605,2025,11,3,ADULT,J-BOARD-BK,58,35
8606,2025,11,3,ADULT,J-CALDECTT,86,82
8607,2025,11,3,ADULT,J-CD-BK,1,0
8608,2025,11,3,ADULT,J-CHRISTMS,1,0
8609,2025,11,3,ADULT,J-DVD,304,464
8610,2025,11,3,ADULT,J-EASY,1141,960
8611,2025,11,3,ADULT,J-EASY-F,15,10
8612,2025,11,3,ADULT,J-EASY-PBK,1,1
8613,2025,11,3,ADULT,J-EASY-PIC,10,6
8614,2025,11,3,ADULT,J-FIC,1092,1111
8615,2025,11,3,ADULT,J-GRA,777,573
8616,2025,11,3,ADULT,J-GRA-BIO,1,0
8617,2025,11,3,ADULT,J-GRA-COM,6,8
8618,2025,11,3,ADULT,J-GRA-NF,1,0
8619,2025,11,3,ADULT,J-HOLIDAY,17,12
8620,2025,11,3,ADULT,J-KIT,5,10
8621,2025,11,3,ADULT,J-NEWBERY,40,50
8622,2025,11,3,ADULT,J-NF,1489,1415
8623,2025,11,3,ADULT,J-PBK,259,234
8624,2025,11,3,ADULT,J-PIC-BOOK,3847,2838
8625,2025,11,3,ADULT,J-ROOM,2,4
8626,2025,11,3,ADULT,J-SEASONAL,3,0
8627,2025,11,3,ADULT,J-SERIES,6,5
8628,2025,11,3,ADULT,J-SPA,38,30
8629,2025,11,3,ADULT,J-VIDEO,1,2
8630,2025,11,3,ADULT,J-VIS-MEDI,2,2
8631,2025,11,3,ADULT,PARENTING,2,0
8632,2025,11,3,ADULT,T-FIC,5,3
8633,2025,11,3,ADULT,UNKNOWN,1,0
8634,2025,11,3,ADULT,YA,158,129
8635,2025,11,3,ADULT,YA-DVD,2,4
8636,2025,11,3,ADULT,YA-FIC,83,78
8637,2025,11,3,ADULT,YA-GRA,168,112
8638,2025,11,3,ADULT,YA-GRA-COM,2,2
8639,2025,11,3,ADULT,YA-GRA-NF,1,0
8640,2025,11,3,ADULT,YA-MANGA,3,2
8641,2025,11,3,ADULT,YA-NF,8,3
8642,2025,11,3,ADULT,YA-PBK,17,12
8643,2025,11,3,ADULT,YA-SERIES,1,1
8644,2025,11,3,ADULT,YA-VID-GAM,3,2
8645,2025,11,3,DAMAGED,A-AUD,1,0
8646,2025,11,3,DAMAGED,A-AUD-CD,1,0
8647,2025,11,3,DAMAGED,A-BIO,2,0
8648,2025,11,3,DAMAGED,A-FIC,4,0
8649,2025,11,3,DAMAGED,A-HOTSPOT,3,0
8650,2025,11,3,DAMAGED,A-NF,2,0
8651,2025,11,3,DAMAGED,J-EASY,1,0
8652,2025,11,3,DAMAGED,J-EASY-F,1,0
8653,2025,11,3,DAMAGED,J-FIC,1,0
8654,2025,11,3,DAMAGED,J-NF,3,0
8655,2025,11,3,DAMAGED,J-PIC-BOOK,2,0
8656,2025,11,3,DAMAGED,YA-GRA,1,0
8657,2025,11,3,DISCARD,A-DVD,21,0
8658,2025,11,3,DISCARD,A-FIC,3,0
8659,2025,11,3,DISCARD,A-KIT,16,0
8660,2025,11,3,DISCARD,A-LP,2,0
8661,2025,11,3,DISCARD,A-NF,163,0
8662,2025,11,3,DISCARD,J-DVD,1,0
8663,2025,11,3,DISCARD,J-EASY,2,0
8664,2025,11,3,DISCARD,J-FIC,3,0
8665,2025,11,3,DISCARD,J-GRA,5,0
8666,2025,11,3,DISCARD,J-NF,2,0
8667,2025,11,3,DISCARD,J-PBK,4,0
8668,2025,11,3,DISCARD,J-PIC-BOOK,10,0
8669,2025,11,3,DISCARD,UNKNOWN,3,0
8670,2025,11,3,DISCARD,YA-GRA,1,0
8671,2025,11,3,INST-TEACH,A-FIC,8,0
8672,2025,11,3,INST-TEACH,A-KIT,1,0
8673,2025,11,3,INST-TEACH,A-NF,9,0
8674,2025,11,3,INST-TEACH,J-BOARD-BK,2,0
8675,2025,11,3,INST-TEACH,J-EASY,13,0
8676,2025,11,3,INST-TEACH,J-EASY-F,2,0
8677,2025,11,3,INST-TEACH,J-EASY-PIC,1,0
8678,2025,11,3,INST-TEACH,J-FIC,6,0
8679,2025,11,3,INST-TEACH,J-NF,17,0
8680,2025,11,3,INST-TEACH,J-PBK,2,0
8681,2025,11,3,INST-TEACH,J-PIC-BOOK,69,0
8682,2025,11,3,INST-TEACH,J-SPA,9,0
8683,2025,11,3,INST-TEACH,J-VIS-MEDI,1,1
8684,2025,11,3,INST-TEACH,YA-PBK,1,0
8685,2025,11,3,J-INTERNET,A-DVD,6,8
8686,2025,11,3,J-INTERNET,A-FIC,33,10
8687,2025,11,3,J-INTERNET,A-HOMESCH,1,1
8688,2025,11,3,J-INTERNET,A-KIT,2,0
8689,2025,11,3,J-INTERNET,A-LOCHIST,2,0
8690,2025,11,3,J-INTERNET,A-LP,1,3
8691,2025,11,3,J-INTERNET,A-NEWBK-FI,2,4
8692,2025,11,3,J-INTERNET,A-NEWBK-NF,2,4
8693,2025,11,3,J-INTERNET,A-NF,34,49
8694,2025,11,3,J-INTERNET,A-VID-GAME,2,3
8695,2025,11,3,J-INTERNET,BASMNT,1,2
8696,2025,11,3,J-INTERNET,J-AUD,1,0
8697,2025,11,3,J-INTERNET,J-BOARD-BK,5,5
8698,2025,11,3,J-INTERNET,J-BOARD-NF,1,0
8699,2025,11,3,J-INTERNET,J-CALDECTT,2,3
8700,2025,11,3,J-INTERNET,J-DVD,11,31
8701,2025,11,3,J-INTERNET,J-EASY,57,42
8702,2025,11,3,J-INTERNET,J-EASY-F,1,0
8703,2025,11,3,J-INTERNET,J-EASY-PIC,1,1
8704,2025,11,3,J-INTERNET,J-FIC,82,112
8705,2025,11,3,J-INTERNET,J-GRA,42,61
8706,2025,11,3,J-INTERNET,J-NEWBERY,3,6
8707,2025,11,3,J-INTERNET,J-NF,186,174
8708,2025,11,3,J-INTERNET,J-PBK,30,47
8709,2025,11,3,J-INTERNET,J-PIC-BOOK,202,168
8710,2025,11,3,J-INTERNET,J-ROOM,3,1
8711,2025,11,3,J-INTERNET,YA,27,29
8712,2025,11,3,J-INTERNET,YA-FIC,15,9
8713,2025,11,3,J-INTERNET,YA-GRA,43,28
8714,2025,11,3,J-INTERNET,YA-MANGA,1,0
8715,2025,11,3,J-INTERNET,YA-NF,1,1
8716,2025,11,3,JUVENILE,A-AUD-CD,1,1
8717,2025,11,3,JUVENILE,A-DVD,5,8
8718,2025,11,3,JUVENILE,A-FIC,26,26
8719,2025,11,3,JUVENILE,A-GRA,23,10
8720,2025,11,3,JUVENILE,A-HOMESCH,3,5
8721,2025,11,3,JUVENILE,A-KIT,1,0
8722,2025,11,3,JUVENILE,A-KIT-HOBB,2,0
8723,2025,11,3,JUVENILE,A-LP,2,0
8724,2025,11,3,JUVENILE,A-LP-FIC,1,0
8725,2025,11,3,JUVENILE,A-NEWBK-FI,4,13
8726,2025,11,3,JUVENILE,A-NEWBK-LP,3,3
8727,2025,11,3,JUVENILE,A-NEWBK-NF,5,6
8728,2025,11,3,JUVENILE,A-NF,52,73
8729,2025,11,3,JUVENILE,A-VID-GAME,1,4
8730,2025,11,3,JUVENILE,J-AUD,1,1
8731,2025,11,3,JUVENILE,J-BEGINREA,5,2
8732,2025,11,3,JUVENILE,J-BIO,2,2
8733,2025,11,3,JUVENILE,J-BOARD-BK,3,0
8734,2025,11,3,JUVENILE,J-CALDECTT,6,8
8735,2025,11,3,JUVENILE,J-DVD,57,78
8736,2025,11,3,JUVENILE,J-EASY,156,79
8737,2025,11,3,JUVENILE,J-EASY-F,2,1
8738,2025,11,3,JUVENILE,J-EASY-PIC,3,2
8739,2025,11,3,JUVENILE,J-FIC,172,171
8740,2025,11,3,JUVENILE,J-GRA,170,120
8741,2025,11,3,JUVENILE,J-GRA-COM,4,2
8742,2025,11,3,JUVENILE,J-HOLIDAY,3,0
8743,2025,11,3,JUVENILE,J-NEWBERY,1,4
8744,2025,11,3,JUVENILE,J-NF,277,166
8745,2025,11,3,JUVENILE,J-PBK,52,25
8746,2025,11,3,JUVENILE,J-PIC-BOOK,430,251
8747,2025,11,3,JUVENILE,J-SERIES,1,2
8748,2025,11,3,JUVENILE,J-SPA,3,2
8749,2025,11,3,JUVENILE,J-VIS-MEDI,5,6
8750,2025,11,3,JUVENILE,T-FIC,1,0
8751,2025,11,3,JUVENILE,T-GRA,2,1
8752,2025,11,3,JUVENILE,YA,48,55
8753,2025,11,3,JUVENILE,YA-FIC,32,25
8754,2025,11,3,JUVENILE,YA-GRA,48,49
8755,2025,11,3,JUVENILE,YA-GRA-COM,1,0
8756,2025,11,3,JUVENILE,YA-NF,1,1
8757,2025,11,3,JUVENILE,YA-PBK,5,6
8758,2025,11,3,JUVENILE,YA-ROOM,1,0
8759,2025,11,3,LOSTCARD,A-FIC,1,0
8760,2025,11,3,LOSTCARD,A-NEWBK-FI,1,0
8761,2025,11,3,MISSING,A-DVD,1,0
8762,2025,11,3,MISSING,A-FIC,13,0
8763,2025,11,3,MISSING,A-NEWBK-FI,3,0
8764,2025,11,3,MISSING,A-NEWBK-LP,2,0
8765,2025,11,3,MISSING,A-NF,5,0
8766,2025,11,3,MISSING,J-BEGINREA,1,0
8767,2025,11,3,MISSING,J-BOARD-BK,2,0
8768,2025,11,3,MISSING,J-CALDECTT,1,0
8769,2025,11,3,MISSING,J-DVD,3,0
8770,2025,11,3,MISSING,J-EASY,5,0
8771,2025,11,3,MISSING,J-EASY-PIC,1,0
8772,2025,11,3,MISSING,J-FIC,7,0
8773,2025,11,3,MISSING,J-GRA,2,0
8774,2025,11,3,MISSING,J-NF,10,0
8775,2025,11,3,MISSING,J-PBK,1,0
8776,2025,11,3,MISSING,J-PIC-BOOK,18,0
8777,2025,11,3,MISSING,YA-FIC,2,0
8778,2025,11,3,MISSING,YA-GRA,1,0
8779,2025,11,3,PRGMNG,A-BK-CLUB,3,0
8780,2025,11,3,PRGMNG,A-FIC,92,9
8781,2025,11,3,PRGMNG,A-KIT,8,0
8782,2025,11,3,PRGMNG,A-LOCAUTH,1,0
8783,2025,11,3,PRGMNG,A-LP,6,2
8784,2025,11,3,PRGMNG,A-LP-FIC,1,0
8785,2025,11,3,PRGMNG,A-NEWBK-FI,21,0
8786,2025,11,3,PRGMNG,A-NEWBK-LP,2,0
8787,2025,11,3,PRGMNG,A-NEWBK-NF,4,3
8788,2025,11,3,PRGMNG,A-NF,12,6
8789,2025,11,3,PRGMNG,A-PBK,3,0
8790,2025,11,3,PRGMNG,J-BOARD-BK,16,0
8791,2025,11,3,PRGMNG,J-CALDECTT,2,0
8792,2025,11,3,PRGMNG,J-EASY,84,6
8793,2025,11,3,PRGMNG,J-EASY-F,1,0
8794,2025,11,3,PRGMNG,J-EASY-PIC,3,0
8795,2025,11,3,PRGMNG,J-FIC,7,1
8796,2025,11,3,PRGMNG,J-GRA,22,10
8797,2025,11,3,PRGMNG,J-HOLIDAY,9,0
8798,2025,11,3,PRGMNG,J-NEWBERY,1,0
8799,2025,11,3,PRGMNG,J-NF,32,7
8800,2025,11,3,PRGMNG,J-PBK,1,0
8801,2025,11,3,PRGMNG,J-PIC-BOOK,672,30
8802,2025,11,3,PRGMNG,UNKNOWN,2,0
8803,2025,11,3,PRGMNG,YA,16,0
8804,2025,11,3,PRGMNG,YA-FIC,2,0
8805,2025,11,3,PRGMNG,YA-GRA,1,0
8806,2025,11,3,PRGMNG,YA-PBK,2,0
8807,2025,11,3,REPAIR,A-FIC,1,0
8808,2025,11,3,REPAIR,A-LP,1,0
8809,2025,11,3,REPAIR,J-FIC,2,0
8810,2025,11,3,REPAIR,J-GRA,3,0
8811,2025,11,3,REPAIR,J-NF,2,0
8812,2025,11,3,REPAIR,J-PBK,1,0
8813,2025,11,3,REPAIR,J-PIC-BOOK,4,0
8814,2025,11,3,STAFF-PERS,A-AUD,1,2
8815,2025,11,3,STAFF-PERS,A-AUD-CD,2,0
8816,2025,11,3,STAFF-PERS,A-BK-CLUB,1,0
8817,2025,11,3,STAFF-PERS,A-CAROL-NF,1,1
8818,2025,11,3,STAFF-PERS,A-DVD,3,13
8819,2025,11,3,STAFF-PERS,A-DVD-TV,1,0
8820,2025,11,3,STAFF-PERS,A-FIC,31,13
8821,2025,11,3,STAFF-PERS,A-LEASE-FI,2,0
8822,2025,11,3,STAFF-PERS,A-MYSTERY,1,0
8823,2025,11,3,STAFF-PERS,A-NEWBK-FI,10,7
8824,2025,11,3,STAFF-PERS,A-NEWBK-NF,2,2
8825,2025,11,3,STAFF-PERS,A-NF,23,14
8826,2025,11,3,STAFF-PERS,A-SFI-FAN,1,0
8827,2025,11,3,STAFF-PERS,A-VIS-MEDI,1,0
8828,2025,11,3,STAFF-PERS,J-BOARD-BK,1,0
8829,2025,11,3,STAFF-PERS,J-CALDECTT,1,2
8830,2025,11,3,STAFF-PERS,J-DVD,1,1
8831,2025,11,3,STAFF-PERS,J-EASY,14,11
8832,2025,11,3,STAFF-PERS,J-FIC,2,1
8833,2025,11,3,STAFF-PERS,J-HOLIDAY,1,0
8834,2025,11,3,STAFF-PERS,J-NF,9,3
8835,2025,11,3,STAFF-PERS,J-PIC-BOOK,46,25
8836,2025,11,3,STAFF-PERS,T-GRA,1,0
8837,2025,11,3,STAFF-PERS,YA,1,0
8838,2025,11,3,STAFF-PERS,YA-BIO,1,1
8839,2025,11,3,STAFF-PERS,YA-FIC,7,4
8840,2025,11,3,STAFF-PERS,YA-GRA,3,0
8841,2025,11,3,STAFF-PERS,YA-GRA-COM,1,1
8842,2025,11,3,STAFF-PERS,YA-NF,7,2
8843,2025,11,3,TEEN,A-FIC,3,8
8844,2025,11,3,TEEN,A-NEWBK-FI,2,1
8845,2025,11,3,TEEN,A-SCIFIC,1,0
8846,2025,11,3,TEEN,J-EASY,1,0
8847,2025,11,3,TEEN,J-FIC,4,1
8848,2025,11,3,TEEN,J-GRA,2,1
8849,2025,11,3,TEEN,J-PIC-BOOK,2,0
8850,2025,11,3,TEEN,YA-FIC,7,1
8851,2025,11,3,,A-NEWBK-LP,1,0
8852,2025,11,13,A-NONRES,A-FIC,1,0
8853,2025,11,13,ADULT,A-AUD,2,0
8854,2025,11,13,ADULT,A-BIO,1,1
8855,2025,11,13,ADULT,A-DVD,6,7
8856,2025,11,13,ADULT,A-FIC,67,36
8857,2025,11,13,ADULT,A-HOMESCH,1,1
8858,2025,11,13,ADULT,A-LEASE-FI,5,1
8859,2025,11,13,ADULT,A-LP,6,5
8860,2025,11,13,ADULT,A-LP-FIC,6,1
8861,2025,11,13,ADULT,A-MYSTERY,3,1
8862,2025,11,13,ADULT,A-NEWBK,1,0
8863,2025,11,13,ADULT,A-NEWBK-FI,18,7
8864,2025,11,13,ADULT,A-NEWBK-LP,4,3
8865,2025,11,13,ADULT,A-NEWBK-NF,8,7
8866,2025,11,13,ADULT,A-NF,47,32
8867,2025,11,13,ADULT,A-VID-GAME,3,8
8868,2025,11,13,ADULT,A-VIS-MEDI,1,1
8869,2025,11,13,ADULT,J-AUD,1,3
8870,2025,11,13,ADULT,J-AUD-F,1,0
8871,2025,11,13,ADULT,J-BEGINREA,1,0
8872,2025,11,13,ADULT,J-BIO,3,3
8873,2025,11,13,ADULT,J-BOARD-BK,2,4
8874,2025,11,13,ADULT,J-CALDECTT,3,0
8875,2025,11,13,ADULT,J-DVD,2,4
8876,2025,11,13,ADULT,J-EASY,4,4
8877,2025,11,13,ADULT,J-EASY-F,1,0
8878,2025,11,13,ADULT,J-EASY-PIC,1,0
8879,2025,11,13,ADULT,J-FIC,25,19
8880,2025,11,13,ADULT,J-GRA,6,8
8881,2025,11,13,ADULT,J-NEWBERY,2,0
8882,2025,11,13,ADULT,J-NF,44,34
8883,2025,11,13,ADULT,J-PBK,7,7
8884,2025,11,13,ADULT,J-PIC-BOOK,39,25
8885,2025,11,13,ADULT,J-ROOM,1,1
8886,2025,11,13,ADULT,J-SERIES,1,0
8887,2025,11,13,ADULT,T-FIC,3,1
8888,2025,11,13,ADULT,YA,2,4
8889,2025,11,13,ADULT,YA-FIC,6,7
8890,2025,11,13,ADULT,YA-MANGA,1,0
8891,2025,11,13,ADULT,YA-PBK,3,1
8892,2025,11,13,ADULT,YA-ROOM,1,0
8893,2025,11,13,INST-TEACH,A-NF,1,0
8894,2025,11,13,INST-TEACH,J-CALDECTT,1,0
8895,2025,11,13,INST-TEACH,J-EASY,1,0
8896,2025,11,13,INST-TEACH,J-GRA,1,0
8897,2025,11,13,INST-TEACH,J-NF,3,0
8898,2025,11,13,INST-TEACH,J-PIC-BOOK,8,0
8899,2025,11,13,J-INTERNET,A-FIC,1,1
8900,2025,11,13,J-INTERNET,J-BEGINREA,1,1
8901,2025,11,13,J-INTERNET,J-BIO,1,0
8902,2025,11,13,J-INTERNET,J-BOARD-BK,1,0
8903,2025,11,13,J-INTERNET,J-CALDECTT,1,0
9133,2025,11,14,STAFF-PERS,A-LP,1,0
8904,2025,11,13,J-INTERNET,J-EASY-F,1,0
8905,2025,11,13,J-INTERNET,J-FIC,4,1
8906,2025,11,13,J-INTERNET,J-GRA-COM,1,0
8907,2025,11,13,J-INTERNET,J-NEWBERY,1,1
8908,2025,11,13,J-INTERNET,J-NF,6,9
8909,2025,11,13,J-INTERNET,J-PBK,3,0
8910,2025,11,13,J-INTERNET,J-PIC-BOOK,6,0
8911,2025,11,13,J-INTERNET,YA,1,0
8912,2025,11,13,J-INTERNET,YA-FIC,4,0
8913,2025,11,13,JUVENILE,J-AUD,1,1
8914,2025,11,13,JUVENILE,J-BIO,1,0
8915,2025,11,13,JUVENILE,J-EASY,1,0
8916,2025,11,13,JUVENILE,J-EASY-F,1,0
8917,2025,11,13,JUVENILE,J-EASY-PIC,1,0
8918,2025,11,13,JUVENILE,J-FIC,10,11
8919,2025,11,13,JUVENILE,J-GRA,2,1
8920,2025,11,13,JUVENILE,J-NF,5,7
8921,2025,11,13,JUVENILE,J-PIC-BOOK,2,0
8922,2025,11,13,JUVENILE,J-ROOM,1,0
8923,2025,11,13,JUVENILE,YA,1,0
8924,2025,11,13,JUVENILE,YA-FIC,2,2
8925,2025,11,13,JUVENILE,YA-PBK,1,0
8926,2025,11,13,MISSING,J-DVD,2,0
8927,2025,11,13,PRGMNG,J-EASY,3,1
8928,2025,11,13,PRGMNG,J-PIC-BOOK,1,0
8929,2025,11,13,STAFF-PERS,J-PIC-BOOK,4,0
8930,2025,11,4,A-NONRES,A-BIO,1,1
8931,2025,11,4,A-NONRES,A-FIC,2,0
8932,2025,11,4,A-NONRES,A-HOTSPOT,2,0
8933,2025,11,4,A-NONRES,J-EASY,5,9
8934,2025,11,4,A-NONRES,J-FIC,4,0
8935,2025,11,4,A-NONRES,J-GRA,1,1
8936,2025,11,4,A-NONRES,J-NEWBERY,2,1
8937,2025,11,4,A-NONRES,J-NF,4,0
8938,2025,11,4,A-NONRES,J-PBK,6,2
8939,2025,11,4,A-NONRES,J-PIC-BOOK,15,6
8940,2025,11,4,ADULT,A-AUD,27,26
8941,2025,11,4,ADULT,A-AUD-CD,49,13
8942,2025,11,4,ADULT,A-BIO,4,2
8943,2025,11,4,ADULT,A-BK-CLUB,1,1
8944,2025,11,4,ADULT,A-DVD,76,76
8945,2025,11,4,ADULT,A-DVD-TV,1,6
8946,2025,11,4,ADULT,A-FIC,462,352
8947,2025,11,4,ADULT,A-GRA,2,0
8948,2025,11,4,ADULT,A-HOMESCH,1,2
8949,2025,11,4,ADULT,A-HOTSPOT,17,2
8950,2025,11,4,ADULT,A-INCL-C,1,1
8951,2025,11,4,ADULT,A-KIT-HOBB,2,0
8952,2025,11,4,ADULT,A-LEASE-FI,5,4
8953,2025,11,4,ADULT,A-LEASE-LP,1,1
8954,2025,11,4,ADULT,A-LEASE-NF,1,2
8955,2025,11,4,ADULT,A-LP,52,38
8956,2025,11,4,ADULT,A-LP-FIC,13,8
8957,2025,11,4,ADULT,A-LP-NF,5,0
8958,2025,11,4,ADULT,A-MYSTERY,8,3
8959,2025,11,4,ADULT,A-NEWBK,3,2
8960,2025,11,4,ADULT,A-NEWBK-FI,178,147
8961,2025,11,4,ADULT,A-NEWBK-LP,26,23
8962,2025,11,4,ADULT,A-NEWBK-NF,73,67
8963,2025,11,4,ADULT,A-NF,188,228
8964,2025,11,4,ADULT,A-PBK,1,0
8965,2025,11,4,ADULT,A-PROF-COL,1,2
8966,2025,11,4,ADULT,A-SCIFIC,1,0
8967,2025,11,4,ADULT,A-STACKS,1,0
8968,2025,11,4,ADULT,A-VID-GAME,7,8
8969,2025,11,4,ADULT,A-VIS-MEDI,2,0
8970,2025,11,4,ADULT,ILL,3,0
8971,2025,11,4,ADULT,J-AUD,4,2
8972,2025,11,4,ADULT,J-BEGINREA,1,0
8973,2025,11,4,ADULT,J-BIO,1,3
8974,2025,11,4,ADULT,J-BOARD-BK,3,1
8975,2025,11,4,ADULT,J-BRAILLE,1,0
8976,2025,11,4,ADULT,J-CALDECTT,11,14
8977,2025,11,4,ADULT,J-DVD,85,109
8978,2025,11,4,ADULT,J-EASY,247,210
8979,2025,11,4,ADULT,J-EASY-F,1,1
8980,2025,11,4,ADULT,J-EASY-PIC,2,0
8981,2025,11,4,ADULT,J-FIC,261,275
8982,2025,11,4,ADULT,J-GRA,174,114
8983,2025,11,4,ADULT,J-GRA-COM,3,1
8984,2025,11,4,ADULT,J-NEWBERY,6,8
8985,2025,11,4,ADULT,J-NF,270,218
8986,2025,11,4,ADULT,J-PBK,79,57
8987,2025,11,4,ADULT,J-PIC-BOOK,693,420
8988,2025,11,4,ADULT,J-SEASONAL,2,0
8989,2025,11,4,ADULT,J-SERIES,2,1
8990,2025,11,4,ADULT,J-SPA,6,4
8991,2025,11,4,ADULT,T-FIC,1,0
8992,2025,11,4,ADULT,YA,20,26
8993,2025,11,4,ADULT,YA-FIC,12,9
8994,2025,11,4,ADULT,YA-GRA,24,19
8995,2025,11,4,ADULT,YA-GRA-COM,1,0
8996,2025,11,4,ADULT,YA-NF,1,0
8997,2025,11,4,ADULT,YA-PBK,3,5
8998,2025,11,4,DISCARD,A-FIC,2,0
8999,2025,11,4,DISCARD,A-NF,2,0
9000,2025,11,4,DISCARD,DAMAGED,3,0
9001,2025,11,4,DISCARD,DISCARD,2,0
9002,2025,11,4,DISCARD,J-FIC,24,0
9003,2025,11,4,DISCARD,J-GRA,2,0
9004,2025,11,4,DISCARD,J-PBK,2,0
9005,2025,11,4,DISCARD,LOST,1,0
9006,2025,11,4,DISCARD,YA,52,0
9007,2025,11,4,DISCARD,YA-GRA,4,0
9008,2025,11,4,DISCARD,YA-PBK,4,0
9009,2025,11,4,INST-TEACH,A-NF,9,0
9010,2025,11,4,INST-TEACH,J-NF,2,0
9011,2025,11,4,INST-TEACH,YA-FIC,1,0
9012,2025,11,4,INST-TEACH,YA-PBK,1,0
9013,2025,11,4,J-INTERNET,A-FIC,3,0
9014,2025,11,4,J-INTERNET,J-FIC,1,8
9015,2025,11,4,J-INTERNET,J-GRA,2,3
9016,2025,11,4,J-INTERNET,J-PBK,1,1
9017,2025,11,4,JR-NONRES,J-EASY,1,0
9018,2025,11,4,JR-NONRES,J-NF,1,0
9019,2025,11,4,JR-NONRES,J-PIC-BOOK,5,0
9020,2025,11,4,JUVENILE,A-FIC,2,5
9021,2025,11,4,JUVENILE,A-GRA,1,0
9022,2025,11,4,JUVENILE,A-HOMESCH,3,1
9023,2025,11,4,JUVENILE,A-KIT-HOBB,2,0
9024,2025,11,4,JUVENILE,A-LEASE-FI,1,1
9025,2025,11,4,JUVENILE,A-LP,4,1
9026,2025,11,4,JUVENILE,A-NEWBK-FI,1,1
9027,2025,11,4,JUVENILE,A-NEWBK-LP,1,0
9028,2025,11,4,JUVENILE,A-NEWBK-NF,2,1
9029,2025,11,4,JUVENILE,A-NF,11,4
9030,2025,11,4,JUVENILE,A-VID-GAME,1,2
9031,2025,11,4,JUVENILE,J-BIO,1,1
9032,2025,11,4,JUVENILE,J-DVD,18,31
9033,2025,11,4,JUVENILE,J-EASY,94,44
9034,2025,11,4,JUVENILE,J-FIC,87,64
9035,2025,11,4,JUVENILE,J-GRA,115,58
9036,2025,11,4,JUVENILE,J-NEWBERY,4,5
9037,2025,11,4,JUVENILE,J-NF,84,77
9038,2025,11,4,JUVENILE,J-PBK,24,16
9039,2025,11,4,JUVENILE,J-PIC-BOOK,157,114
9040,2025,11,4,JUVENILE,J-SPA,1,1
9041,2025,11,4,JUVENILE,YA,3,8
9042,2025,11,4,JUVENILE,YA-FIC,6,8
9043,2025,11,4,JUVENILE,YA-GRA,10,0
9044,2025,11,4,JUVENILE,YA-NF,1,0
9045,2025,11,4,JUVENILE,YA-PBK,1,2
9046,2025,11,4,MISSING,A-AUD-CD,1,0
9047,2025,11,4,MISSING,A-NF,1,0
9048,2025,11,4,MISSING,A-VID-GAME,1,0
9049,2025,11,4,MISSING,J-FIC,1,0
9050,2025,11,4,MISSING,J-GRA,1,0
9051,2025,11,4,MISSING,J-PBK,1,0
9052,2025,11,4,MISSING,J-PIC-BOOK,5,0
9053,2025,11,4,MISSING,J-ROOM,1,0
9054,2025,11,4,MISSING,YA,1,0
9055,2025,11,4,PRGMNG,A-BK-CLUB,1,0
9056,2025,11,4,PRGMNG,A-DVD,5,0
9057,2025,11,4,PRGMNG,A-FIC,16,0
9058,2025,11,4,PRGMNG,A-LP,3,0
9059,2025,11,4,PRGMNG,A-LP-FIC,1,0
9060,2025,11,4,PRGMNG,A-NEWBK-FI,1,0
9061,2025,11,4,PRGMNG,A-NEWBK-NF,2,0
9062,2025,11,4,PRGMNG,A-NF,7,0
9063,2025,11,4,PRGMNG,J-BOARD-BK,2,0
9064,2025,11,4,PRGMNG,J-EASY,2,0
9065,2025,11,4,PRGMNG,J-FIC,1,0
9066,2025,11,4,PRGMNG,J-NF,4,0
9067,2025,11,4,PRGMNG,J-PBK,1,0
9068,2025,11,4,PRGMNG,J-PIC-BOOK,18,0
9069,2025,11,4,STAFF-PERS,A-DVD,3,4
9070,2025,11,4,STAFF-PERS,A-FIC,8,5
9071,2025,11,4,STAFF-PERS,A-GRA,1,3
9072,2025,11,4,STAFF-PERS,A-LEASE-FI,1,0
9073,2025,11,4,STAFF-PERS,A-LP,6,0
9074,2025,11,4,STAFF-PERS,A-LP-FIC,1,0
9075,2025,11,4,STAFF-PERS,A-LP-MYS,1,0
9076,2025,11,4,STAFF-PERS,A-LP-NF,1,0
9077,2025,11,4,STAFF-PERS,A-NEWBK-FI,9,4
9078,2025,11,4,STAFF-PERS,A-NEWBK-NF,3,1
9079,2025,11,4,STAFF-PERS,A-NF,18,7
9080,2025,11,4,STAFF-PERS,A-SCIFIC,1,0
9081,2025,11,4,STAFF-PERS,ILL,1,0
9082,2025,11,4,STAFF-PERS,J-DVD,7,11
9083,2025,11,4,STAFF-PERS,J-EASY,1,1
9084,2025,11,4,STAFF-PERS,J-EASY-F,1,0
9085,2025,11,4,STAFF-PERS,J-FIC,2,4
9086,2025,11,4,STAFF-PERS,J-PIC-BOOK,9,0
9087,2025,11,4,STAFF-PERS,YA-GRA,6,2
9088,2025,11,4,STAFF-PERS,YA-MANGA,1,0
9089,2025,11,4,TEEN,A-FIC,1,1
9090,2025,11,4,TEEN,A-GRA,2,2
9091,2025,11,4,TEEN,J-GRA,7,7
9092,2025,11,4,TEEN,YA-GRA,7,1
9093,2025,11,4,YCLCIRC,A-FIC,3,0
9094,2025,11,4,YCLCIRC,A-LP,4,0
9095,2025,11,4,YCLCIRC,A-LP-FIC,1,0
9096,2025,11,4,YCLCIRC,A-MYSTERY,1,0
9097,2025,11,4,YCLCIRC,A-NF,2,0
9098,2025,11,4,YCLCIRC,J-FIC,1,0
9099,2025,11,4,YCLCIRC,J-PIC-BOOK,1,0
9100,2025,11,14,ADULT,A-BIO,1,0
9101,2025,11,14,ADULT,A-DVD,2,2
9102,2025,11,14,ADULT,A-FIC,28,17
9103,2025,11,14,ADULT,A-LEASE-FI,2,0
9104,2025,11,14,ADULT,A-LEASE-LP,2,0
9105,2025,11,14,ADULT,A-LP,5,1
9106,2025,11,14,ADULT,A-LP-FIC,4,0
9107,2025,11,14,ADULT,A-NEWBK,1,0
9108,2025,11,14,ADULT,A-NEWBK-FI,14,8
9109,2025,11,14,ADULT,A-NEWBK-LP,5,1
9110,2025,11,14,ADULT,A-NEWBK-NF,3,1
9111,2025,11,14,ADULT,A-NF,14,18
9112,2025,11,14,ADULT,A-PBK,1,1
9113,2025,11,14,ADULT,A-SC,1,0
9114,2025,11,14,ADULT,A-SFI-FAN,1,0
9115,2025,11,14,ADULT,J-BEGINREA,2,1
9116,2025,11,14,ADULT,J-BOARD-NF,1,0
9117,2025,11,14,ADULT,J-EASY,3,1
9118,2025,11,14,ADULT,J-FIC,3,2
9119,2025,11,14,ADULT,J-NEWBERY,1,1
9120,2025,11,14,ADULT,J-NF,16,7
9121,2025,11,14,ADULT,J-PBK,1,1
9122,2025,11,14,ADULT,J-PIC-BOOK,11,9
9123,2025,11,14,ADULT,YA-FIC,1,0
9124,2025,11,14,JUVENILE,A-FIC,1,0
9125,2025,11,14,JUVENILE,J-DVD,1,2
9126,2025,11,14,JUVENILE,J-EASY,1,0
9127,2025,11,14,JUVENILE,J-FIC,1,3
9128,2025,11,14,JUVENILE,J-GRA,4,0
9129,2025,11,14,JUVENILE,J-NF,1,2
9130,2025,11,14,JUVENILE,J-PIC-BOOK,4,0
9131,2025,11,14,JUVENILE,YA,4,2
9132,2025,11,14,JUVENILE,YA-FIC,2,0
9134,2025,11,1,ADULT,A-DVD,1,11
9135,2025,11,1,ADULT,A-FIC,1,122
9136,2025,11,1,ADULT,A-NF,1,107
9137,2025,11,1,DAMAGED,A-NEWBK-FI,1,0
9138,2025,11,1,DISCARD,A-NF,3,0
9139,2025,11,1,STAFF-PERS,A-AUD,7,0
9140,2025,11,1,STAFF-PERS,A-AUD-CD,1,0
9141,2025,11,1,STAFF-PERS,A-AUD-MP3,2,0
9142,2025,11,1,STAFF-PERS,A-DVD,1,0
9143,2025,11,1,STAFF-PERS,A-FIC,3,5
9144,2025,11,1,STAFF-PERS,A-LP,1,1
9145,2025,11,1,STAFF-PERS,A-LP-NF,1,0
9146,2025,11,1,STAFF-PERS,A-NF,7,6
9147,2025,11,1,STAFF-PERS,J-NF,1,0
9148,2025,11,5,A-NONRES,A-FIC,5,0
9149,2025,11,5,A-NONRES,A-NF,3,0
9150,2025,11,5,A-NONRES,J-FIC,1,0
9151,2025,11,5,A-NONRES,J-PIC-BOOK,2,0
9152,2025,11,5,ADULT,A-AUD,23,4
9153,2025,11,5,ADULT,A-AUD-CD,36,5
9154,2025,11,5,ADULT,A-AUD-F,3,0
9155,2025,11,5,ADULT,A-BIO,2,4
9156,2025,11,5,ADULT,A-BK-CLUB,1,0
9157,2025,11,5,ADULT,A-DVD,94,42
9158,2025,11,5,ADULT,A-DVD-FIC,1,1
9159,2025,11,5,ADULT,A-DVD-TV,5,7
9160,2025,11,5,ADULT,A-FIC,596,188
9161,2025,11,5,ADULT,A-GRA,12,17
9162,2025,11,5,ADULT,A-HOMESCH,13,10
9163,2025,11,5,ADULT,A-HOTSPOT,91,0
9164,2025,11,5,ADULT,A-KIT-HOBB,2,0
9165,2025,11,5,ADULT,A-LEASE-BK,1,0
9166,2025,11,5,ADULT,A-LEASE-FI,18,4
9167,2025,11,5,ADULT,A-LEASE-LP,5,0
9168,2025,11,5,ADULT,A-LEASE-NF,3,0
9169,2025,11,5,ADULT,A-LP,147,38
9170,2025,11,5,ADULT,A-LP-FIC,36,14
9171,2025,11,5,ADULT,A-LP-MYS,4,0
9172,2025,11,5,ADULT,A-MYSTERY,7,3
9173,2025,11,5,ADULT,A-NEWBK,4,2
9174,2025,11,5,ADULT,A-NEWBK-FI,181,47
9175,2025,11,5,ADULT,A-NEWBK-LP,55,18
9176,2025,11,5,ADULT,A-NEWBK-NF,53,20
9177,2025,11,5,ADULT,A-NF,244,173
9178,2025,11,5,ADULT,A-PLAYAWAY,1,0
9179,2025,11,5,ADULT,A-SC,2,0
9180,2025,11,5,ADULT,A-SC-FIC,1,0
9181,2025,11,5,ADULT,A-SFI-FAN,2,2
9182,2025,11,5,ADULT,A-SPA-FIC,2,0
9183,2025,11,5,ADULT,A-STACKS,1,1
9184,2025,11,5,ADULT,A-VID-GAME,5,0
9185,2025,11,5,ADULT,A-VIS-MEDI,2,2
9186,2025,11,5,ADULT,A-WESTERN,5,0
9187,2025,11,5,ADULT,ILL,5,0
9188,2025,11,5,ADULT,J-AUD,1,0
9189,2025,11,5,ADULT,J-AUD-F,1,0
9190,2025,11,5,ADULT,J-BEGINREA,6,5
9191,2025,11,5,ADULT,J-BIO,8,3
9192,2025,11,5,ADULT,J-BOARD-BK,4,2
9193,2025,11,5,ADULT,J-CALDECTT,16,4
9194,2025,11,5,ADULT,J-DVD,95,35
9195,2025,11,5,ADULT,J-EASY,333,48
9196,2025,11,5,ADULT,J-EASY-F,4,1
9197,2025,11,5,ADULT,J-EASY-PIC,1,0
9198,2025,11,5,ADULT,J-FIC,255,62
9199,2025,11,5,ADULT,J-GRA,145,27
9200,2025,11,5,ADULT,J-HOLIDAY,5,1
9201,2025,11,5,ADULT,J-KIT,8,1
9202,2025,11,5,ADULT,J-NEWBERY,5,8
9203,2025,11,5,ADULT,J-NF,338,106
9204,2025,11,5,ADULT,J-PBK,57,12
9205,2025,11,5,ADULT,J-PIC-BOOK,856,90
9206,2025,11,5,ADULT,J-ROOM,3,0
9207,2025,11,5,ADULT,J-SERIES,1,0
9208,2025,11,5,ADULT,J-SPA,11,1
9209,2025,11,5,ADULT,SC-FIC,1,0
9210,2025,11,5,ADULT,YA,28,9
9211,2025,11,5,ADULT,YA-FIC,24,10
9212,2025,11,5,ADULT,YA-GRA,17,11
9213,2025,11,5,ADULT,YA-PBK,2,2
9214,2025,11,5,DAMAGED,A-BK-CLUB,1,0
9215,2025,11,5,DAMAGED,A-HOTSPOT,3,0
9216,2025,11,5,DAMAGED,J-GRA,1,0
9217,2025,11,5,DAMAGED,J-PIC-BOOK,1,0
9218,2025,11,5,DISCARD,A-AUD-CD,28,0
9219,2025,11,5,DISCARD,A-FIC,223,0
9220,2025,11,5,DISCARD,A-HOMESCH,1,0
9221,2025,11,5,DISCARD,A-NF,106,0
9222,2025,11,5,DISCARD,ILL,84,0
9223,2025,11,5,DISCARD,J-DVD,3,0
9224,2025,11,5,DISCARD,J-EASY,1,0
9225,2025,11,5,DISCARD,J-FIC,58,0
9226,2025,11,5,DISCARD,J-NEWBERY,2,0
9227,2025,11,5,DISCARD,J-NF,221,0
9228,2025,11,5,DISCARD,J-PBK,13,0
9229,2025,11,5,DISCARD,J-PIC-BOOK,71,0
9230,2025,11,5,DISCARD,J-SPA,16,0
9231,2025,11,5,DISCARD,YA-AUD,5,0
9232,2025,11,5,DISCARD,YA-DVD,32,0
9233,2025,11,5,DISCARD,YA-GRA,23,0
9234,2025,11,5,DISCARD,YA-PBK,20,0
9235,2025,11,5,ILL,A-FIC,2,0
9236,2025,11,5,ILL,A-NF,1,0
9237,2025,11,5,INST-TEACH,J-EASY,12,0
9238,2025,11,5,INST-TEACH,J-KIT,1,0
9239,2025,11,5,INST-TEACH,J-NF,2,0
9240,2025,11,5,INST-TEACH,J-PIC-BOOK,12,0
9241,2025,11,5,J-INTERNET,A-AUD-MP3,1,0
9242,2025,11,5,J-INTERNET,A-FIC,8,2
9243,2025,11,5,J-INTERNET,A-HOMESCH,2,0
9244,2025,11,5,J-INTERNET,A-NEWBK-NF,1,0
9245,2025,11,5,J-INTERNET,A-NF,16,3
9246,2025,11,5,J-INTERNET,A-STACKS,1,0
9247,2025,11,5,J-INTERNET,A-VID-GAME,1,0
9248,2025,11,5,J-INTERNET,J-BOARD-BK,1,0
9249,2025,11,5,J-INTERNET,J-CALDECTT,3,2
9250,2025,11,5,J-INTERNET,J-CHRISTMS,1,0
9251,2025,11,5,J-INTERNET,J-DVD,27,2
9252,2025,11,5,J-INTERNET,J-EASY,77,15
9253,2025,11,5,J-INTERNET,J-FIC,91,20
9254,2025,11,5,J-INTERNET,J-GRA,39,1
9255,2025,11,5,J-INTERNET,J-NF,106,12
9256,2025,11,5,J-INTERNET,J-PBK,35,1
9257,2025,11,5,J-INTERNET,J-PIC-BOOK,132,19
9258,2025,11,5,J-INTERNET,J-ROOM,2,0
9259,2025,11,5,J-INTERNET,J-SPA,7,0
9260,2025,11,5,J-INTERNET,YA,9,0
9261,2025,11,5,J-INTERNET,YA-FIC,2,0
9262,2025,11,5,J-INTERNET,YA-GRA,41,0
9263,2025,11,5,J-INTERNET,YA-PBK,1,0
9264,2025,11,5,JUVENILE,A-DVD,11,3
9265,2025,11,5,JUVENILE,A-FIC,4,1
9266,2025,11,5,JUVENILE,A-HOMESCH,2,0
9267,2025,11,5,JUVENILE,A-LP,1,1
9268,2025,11,5,JUVENILE,A-LP-FIC,1,0
9269,2025,11,5,JUVENILE,A-NEWBK-FI,1,0
9270,2025,11,5,JUVENILE,A-NEWBK-NF,1,0
9271,2025,11,5,JUVENILE,A-NF,4,0
9272,2025,11,5,JUVENILE,A-VID-GAME,4,4
9273,2025,11,5,JUVENILE,J-BEGINREA,2,3
9274,2025,11,5,JUVENILE,J-BOARD-BK,1,0
9275,2025,11,5,JUVENILE,J-CALDECTT,6,0
9276,2025,11,5,JUVENILE,J-DVD,25,22
9277,2025,11,5,JUVENILE,J-EASY,92,15
9278,2025,11,5,JUVENILE,J-EASY-F,1,0
9279,2025,11,5,JUVENILE,J-FIC,122,38
9280,2025,11,5,JUVENILE,J-GRA,95,18
9281,2025,11,5,JUVENILE,J-HOLIDAY,1,0
9282,2025,11,5,JUVENILE,J-KIT,1,0
9283,2025,11,5,JUVENILE,J-NF,56,28
9284,2025,11,5,JUVENILE,J-PBK,28,15
9285,2025,11,5,JUVENILE,J-PIC-BOOK,134,24
9286,2025,11,5,JUVENILE,J-ROOM,2,0
9287,2025,11,5,JUVENILE,J-SERIES,1,0
9288,2025,11,5,JUVENILE,J-SPA,1,0
9289,2025,11,5,JUVENILE,YA,2,2
9290,2025,11,5,JUVENILE,YA-FIC,5,3
9291,2025,11,5,JUVENILE,YA-GRA,7,1
9292,2025,11,5,JUVENILE,YA-NF,1,0
9293,2025,11,5,JUVENILE,YA-VID-GAM,1,2
9294,2025,11,5,MISSING,A-FIC,1,0
9295,2025,11,5,MISSING,A-HOTSPOT,1,0
9296,2025,11,5,MISSING,A-NF,2,0
9297,2025,11,5,MISSING,J-EASY,1,0
9298,2025,11,5,MISSING,J-FIC,2,0
9299,2025,11,5,MISSING,J-NF,1,0
9300,2025,11,5,MISSING,J-PIC-BOOK,2,0
9301,2025,11,5,PRGMNG,A-FIC,12,5
9302,2025,11,5,PRGMNG,A-LP,2,0
9303,2025,11,5,PRGMNG,A-NF,5,0
9304,2025,11,5,PRGMNG,J-BOARD-BK,1,0
9305,2025,11,5,PRGMNG,J-EASY,1,0
9306,2025,11,5,PRGMNG,J-EASY-F,2,0
9307,2025,11,5,PRGMNG,J-EASY-PIC,1,0
9308,2025,11,5,PRGMNG,J-NF,4,0
9309,2025,11,5,PRGMNG,J-PIC-BOOK,18,0
9310,2025,11,5,PRGMNG,PARENTING,1,0
9311,2025,11,5,STAFF-PERS,A-AUD-CD,1,0
9312,2025,11,5,STAFF-PERS,A-DVD,1,6
9313,2025,11,5,STAFF-PERS,A-FIC,10,3
9314,2025,11,5,STAFF-PERS,A-LEASE-FI,2,2
9315,2025,11,5,STAFF-PERS,A-LP,1,0
9316,2025,11,5,STAFF-PERS,A-LP-FIC,2,0
9317,2025,11,5,STAFF-PERS,A-NEWBK-FI,4,2
9318,2025,11,5,STAFF-PERS,A-NF,8,10
9319,2025,11,5,STAFF-PERS,ILL,1,0
9320,2025,11,5,STAFF-PERS,J-EASY,1,0
9321,2025,11,5,STAFF-PERS,J-FIC,2,0
9322,2025,11,5,STAFF-PERS,J-PIC-BOOK,1,0
9323,2025,11,5,,J-NF,3,0
9324,2025,11,15,ADULT,A-BIO,1,0
9325,2025,11,15,ADULT,A-BLU-RAY,1,0
9326,2025,11,15,ADULT,A-DVD,7,0
9327,2025,11,15,ADULT,A-DVD-FIC,1,0
9328,2025,11,15,ADULT,A-FIC,16,0
9329,2025,11,15,ADULT,A-GRA,2,0
9330,2025,11,15,ADULT,A-LP,4,0
9331,2025,11,15,ADULT,A-LP-FIC,2,0
9332,2025,11,15,ADULT,A-MYSTERY,1,0
9333,2025,11,15,ADULT,A-NEWBK-FI,14,0
9334,2025,11,15,ADULT,A-NEWBK-LP,1,0
9335,2025,11,15,ADULT,A-NF,18,0
9336,2025,11,15,ADULT,A-PBK,1,0
9337,2025,11,15,ADULT,A-VIS-MEDI,1,0
9338,2025,11,15,ADULT,J-DVD,4,0
9339,2025,11,15,ADULT,J-FIC,3,0
9340,2025,11,15,ADULT,J-NEWBERY,2,0
9341,2025,11,15,ADULT,J-NF,6,0
9342,2025,11,15,ADULT,J-PIC-BOOK,2,0
9343,2025,11,15,ADULT,J-ROOM,1,0
9344,2025,11,15,ADULT,J-SC,3,0
9345,2025,11,15,ADULT,YA,2,0
9346,2025,11,15,ADULT,YA-FIC,1,0
9347,2025,11,15,J-INTERNET,J-FIC,1,0
9348,2025,11,15,JUVENILE,J-GRA,1,0
9349,2025,11,6,ADULT,A-GRA,0,1
9350,2025,11,6,ADULT,A-LP-MYS,0,1
9351,2025,11,6,ADULT,A-NEWBK,0,1
9352,2025,11,6,ADULT,A-PBK,0,1
9353,2025,11,6,ADULT,J-PBK,0,3
9354,2025,11,6,ADULT,J-SC,0,1
9355,2025,11,6,ADULT,YA-GRA,0,5
9356,2025,11,6,ADULT,YA-NF,0,1
9357,2025,11,6,HOMEBOUND,A-AUD-MP3,0,17
9358,2025,11,6,HOMEBOUND,J-AUD,0,2
9359,2025,11,6,JUVENILE,A-GRA,0,9
9360,2025,11,6,JUVENILE,A-LEASE-NF,0,1
9361,2025,11,6,JUVENILE,A-NF,0,5
9362,2025,11,6,JUVENILE,A-PLAYAWAY,0,2
9363,2025,11,6,JUVENILE,J-DVD,0,1
9364,2025,11,6,JUVENILE,J-NEWBERY,0,1
9365,2025,11,6,JUVENILE,STACKS,0,2
9366,2025,11,6,JUVENILE,YA,0,8
9367,2025,11,6,JUVENILE,YA-FIC,0,17
9368,2025,11,6,JUVENILE,YA-NF,0,6
9369,2025,11,6,JUVENILE,YA-PBK,0,2
9370,2025,11,6,STAFF-PERS,A-DVD,0,1
9371,2025,11,6,STAFF-PERS,A-LEASE-FI,0,1
9372,2025,11,2,A-NONRES,J-CALDECTT,0,1
9373,2025,11,2,A-NONRES,J-EASY,0,3
9374,2025,11,2,A-NONRES,J-PIC-BOOK,0,1
9375,2025,11,2,ADULT,A-LEASE-NF,0,1
9376,2025,11,2,ADULT,A-SCIFIC,0,2
9377,2025,11,2,ADULT,A-TRAVEL,0,1
9378,2025,11,2,ADULT,BASMNT,0,1
9379,2025,11,2,ADULT,J-AUD,0,1
9380,2025,11,2,INST-TEACH,A-NF,0,1
9381,2025,11,2,INST-TEACH,J-NEWBERY,0,1
9382,2025,11,2,INST-TEACH,J-NF,0,2
9383,2025,11,2,J-INTERNET,A-LP,0,1
9384,2025,11,2,J-INTERNET,A-NF,0,2
9385,2025,11,2,J-INTERNET,J-EASY,0,6
9386,2025,11,2,J-INTERNET,J-PBK,0,1
9387,2025,11,2,JUVENILE,A-HOMESCH,0,2
9388,2025,11,2,JUVENILE,A-SPA,0,1
9389,2025,11,2,JUVENILE,J-KIT,0,1
9390,2025,11,2,JUVENILE,YA-PBK,0,1
9391,2025,11,2,PRGMNG,J-FIC,0,1
9392,2025,11,2,STAFF-PERS,A-BIO,0,1
9393,2025,11,2,STAFF-PERS,A-DVD,0,2
9394,2025,11,2,STAFF-PERS,A-LEASE-FI,0,1
9395,2025,11,2,STAFF-PERS,A-NEWBK-LP,0,1
9396,2025,11,2,TEEN,A-FIC,0,1
9397,2025,11,2,TEEN,A-NF,0,4
9398,2025,11,2,TEEN,J-NF,0,6
9399,2025,11,12,ADULT,A-DVD,0,4
9400,2025,11,12,ADULT,A-LP-FIC,0,1
9401,2025,11,12,ADULT,A-MYSTERY,0,1
9402,2025,11,12,ADULT,YA,0,1
9403,2025,11,12,ADULT,YA-PBK,0,1
9404,2025,11,3,A-NONRES,A-AUD-CD,0,1
9405,2025,11,3,A-NONRES,J-FIC,0,10
9406,2025,11,3,A-NONRES,YA-FIC,0,1
9407,2025,11,3,ADULT,A-AUD-F,0,1
9408,2025,11,3,ADULT,A-AUD-NF,0,1
9409,2025,11,3,ADULT,A-BK-CLUB,0,2
9410,2025,11,3,ADULT,A-F-LANG,0,1
9411,2025,11,3,ADULT,J-AUD-CD,0,3
9412,2025,11,3,ADULT,J-DISPLAY,0,1
9413,2025,11,3,ADULT,J-MEDIA,0,1
9414,2025,11,3,ADULT,J-MUSIC-CD,0,1
9415,2025,11,3,ADULT,J-NEW,0,1
9416,2025,11,3,ADULT,T-DVD,0,1
9417,2025,11,3,ADULT,YA-AV,0,1
9418,2025,11,3,ADULT,YA-CLASSIC,0,1
9419,2025,11,3,ADULT,YA-ROOM,0,1
9420,2025,11,3,J-INTERNET,A-GRA,0,2
9421,2025,11,3,J-INTERNET,A-LEASE-FI,0,2
9422,2025,11,3,J-INTERNET,A-LP-FIC,0,1
9423,2025,11,3,J-INTERNET,A-NEWBK-LP,0,2
9424,2025,11,3,J-INTERNET,J-BIO,0,1
9425,2025,11,3,J-INTERNET,J-GRA-COM,0,2
9426,2025,11,3,J-INTERNET,J-SPA,0,2
9427,2025,11,3,J-INTERNET,YA-PBK,0,5
9428,2025,11,3,JUVENILE,J-ROOM,0,1
9429,2025,11,3,PRGMNG,A-VIS-MEDI,0,2
9430,2025,11,3,TEEN,A-NF,0,10
9431,2025,11,3,TEEN,YA,0,4
9432,2025,11,3,TEEN,YA-GRA,0,1
9433,2025,11,13,ADULT,A-LEASE-NF,0,2
9434,2025,11,13,ADULT,A-SCIFIC,0,1
9435,2025,11,13,ADULT,J-F-LANG,0,1
9436,2025,11,13,ADULT,YA-GRA,0,1
9437,2025,11,13,ADULT,YA-VID-GAM,0,1
9438,2025,11,13,J-INTERNET,A-NF,0,1
9439,2025,11,13,J-INTERNET,J-GRA,0,1
9440,2025,11,13,JUVENILE,A-NF,0,1
9441,2025,11,13,JUVENILE,J-PBK,0,1
9442,2025,11,13,STAFF-PERS,A-VID-GAME,0,3
9443,2025,11,4,ADULT,A-DVD-FIC,0,1
9444,2025,11,4,ADULT,A-SC,0,2
9445,2025,11,4,ADULT,A-SFI-FAN,0,2
9446,2025,11,4,ADULT,A-SPA-FIC,0,1
9447,2025,11,4,ADULT,DAMAGED,0,1
9448,2025,11,4,ADULT,J-HOLIDAY,0,1
9449,2025,11,4,ADULT,J-ROOM,0,1
9450,2025,11,4,ADULT,J-VIS-MEDI,0,2
9451,2025,11,4,ADULT,T-BIO,0,1
9452,2025,11,4,J-INTERNET,J-EASY,0,2
9453,2025,11,4,J-INTERNET,J-NF,0,7
9454,2025,11,4,J-INTERNET,J-PIC-BOOK,0,3
9455,2025,11,4,J-INTERNET,YA,0,1
9456,2025,11,4,JUVENILE,J-BEGINREA,0,1
9457,2025,11,4,JUVENILE,J-BOARD-BK,0,1
9458,2025,11,4,JUVENILE,J-CALDECTT,0,3
9459,2025,11,4,JUVENILE,J-ROOM,0,1
9460,2025,11,4,STAFF-PERS,J-BOARD-BK,0,1
9461,2025,11,4,STAFF-PERS,J-GRA,0,2
9462,2025,11,4,STAFF-PERS,J-SPA,0,1
9463,2025,11,4,TEEN,A-NF,0,2
9464,2025,11,4,TEEN,YA-FIC,0,1
9465,2025,11,14,ADULT,A-VID-GAME,0,3
9466,2025,11,14,ADULT,J-AUD,0,1
9467,2025,11,14,ADULT,J-AUD-CD,0,1
9468,2025,11,14,ADULT,J-CALDECTT,0,2
9469,2025,11,14,ADULT,J-GRA,0,1
9470,2025,11,14,ADULT,YA,0,2
9471,2025,11,14,ADULT,YA-VID-GAM,0,2
9472,2025,11,1,ADULT,A-AFR-AMER,0,1
9473,2025,11,1,ADULT,A-AUD,0,9
9474,2025,11,1,ADULT,A-AUD-CD,0,24
9475,2025,11,1,ADULT,A-AUD-F,0,1
9476,2025,11,1,ADULT,A-BIO,0,6
9477,2025,11,1,ADULT,A-DVD-TV,0,2
9478,2025,11,1,ADULT,A-FIC-URBN,0,2
9479,2025,11,1,ADULT,A-GRA,0,1
9480,2025,11,1,ADULT,A-HOMESCH,0,2
9481,2025,11,1,ADULT,A-INCL-C,0,1
9482,2025,11,1,ADULT,A-LEASE-FI,0,4
9483,2025,11,1,ADULT,A-LEASE-LP,0,2
9484,2025,11,1,ADULT,A-LP,0,31
9485,2025,11,1,ADULT,A-LP-FIC,0,9
9486,2025,11,1,ADULT,A-LP-MYS,0,1
9487,2025,11,1,ADULT,A-LP-NF,0,1
9488,2025,11,1,ADULT,A-MUSIC-CD,0,2
9489,2025,11,1,ADULT,A-MYSTERY,0,1
9490,2025,11,1,ADULT,A-NEWBK-FI,0,43
9491,2025,11,1,ADULT,A-NEWBK-LP,0,10
9492,2025,11,1,ADULT,A-NEWBK-NF,0,27
9493,2025,11,1,ADULT,A-SC,0,2
9494,2025,11,1,ADULT,A-SFI-FAN,0,1
9495,2025,11,1,ADULT,A-SPA,0,4
9496,2025,11,1,ADULT,A-VID-GAME,0,6
9497,2025,11,1,ADULT,J-BEGINREA,0,4
9498,2025,11,1,ADULT,J-DVD,0,13
9499,2025,11,1,ADULT,J-EASY,0,21
9500,2025,11,1,ADULT,J-EASY-PIC,0,4
9501,2025,11,1,ADULT,J-FIC,0,23
9502,2025,11,1,ADULT,J-GRA,0,13
9503,2025,11,1,ADULT,J-HOLIDAY,0,1
9504,2025,11,1,ADULT,J-NEWBERY,0,2
9505,2025,11,1,ADULT,J-NF,0,36
9506,2025,11,1,ADULT,J-PBK,0,7
9507,2025,11,1,ADULT,J-PIC-BOOK,0,56
9508,2025,11,1,ADULT,J-ROOM,0,1
9509,2025,11,1,ADULT,J-SC,0,2
9510,2025,11,1,ADULT,J-SPA,0,2
9511,2025,11,1,ADULT,YA,0,12
9512,2025,11,1,ADULT,YA-FIC,0,10
9513,2025,11,1,ADULT,YA-GRA,0,6
9514,2025,11,1,ADULT,YA-VID-GAM,0,2
9515,2025,11,1,ILL,A-DVD,0,1
9516,2025,11,1,J-INTERNET,A-HOMESCH,0,1
9517,2025,11,1,J-INTERNET,A-NF,0,1
9518,2025,11,1,J-INTERNET,J-BOARD-BK,0,1
9519,2025,11,1,J-INTERNET,J-EASY,0,1
9520,2025,11,1,J-INTERNET,J-FIC,0,3
9521,2025,11,1,J-INTERNET,J-GRA,0,9
9522,2025,11,1,J-INTERNET,J-NF,0,3
9523,2025,11,1,J-INTERNET,J-PBK,0,1
9524,2025,11,1,J-INTERNET,J-PIC-BOOK,0,2
9525,2025,11,1,J-INTERNET,YA-FIC,0,1
9526,2025,11,1,J-INTERNET,YA-VID-GAM,0,1
9527,2025,11,1,JUVENILE,A-FIC,0,4
9528,2025,11,1,JUVENILE,A-NF,0,2
9529,2025,11,1,JUVENILE,A-VID-GAME,0,2
9530,2025,11,1,JUVENILE,J-DVD,0,3
9531,2025,11,1,JUVENILE,J-EASY,0,3
9532,2025,11,1,JUVENILE,J-FIC,0,12
9533,2025,11,1,JUVENILE,J-GRA,0,5
9534,2025,11,1,JUVENILE,J-NF,0,6
9535,2025,11,1,JUVENILE,J-PIC-BOOK,0,6
9536,2025,11,1,JUVENILE,YA,0,4
9537,2025,11,1,JUVENILE,YA-GRA,0,6
9538,2025,11,1,JUVENILE,YA-NF,0,1
9539,2025,11,1,PRGMNG,A-LP,0,1
9540,2025,11,1,PRGMNG,A-LP-FIC,0,1
9541,2025,11,1,PRGMNG,A-NF,0,3
9542,2025,11,1,PRGMNG,J-AUD,0,3
9543,2025,11,1,PRGMNG,J-EASY,0,5
9544,2025,11,1,PRGMNG,J-EASY-F,0,1
9545,2025,11,1,PRGMNG,J-EASY-PIC,0,1
9546,2025,11,1,PRGMNG,J-FIC,0,2
9547,2025,11,1,PRGMNG,J-NF,0,2
9548,2025,11,1,PRGMNG,J-PIC-BOOK,0,24
9549,2025,11,1,PRGMNG,YA-FIC,0,1
9550,2025,11,1,STAFF-PERS,A-GRA,0,1
9551,2025,11,1,STAFF-PERS,A-MYSTERY,0,2
9552,2025,11,1,STAFF-PERS,J-EASY,0,1
9553,2025,11,1,STAFF-PERS,J-EASY-PIC,0,1
9554,2025,11,1,STAFF-PERS,J-PIC-BOOK,0,2
9555,2025,11,1,STAFF-PERS,SC-NF,0,1
9556,2025,11,1,STAFF-PERS,YA-GRA,0,4
9557,2025,11,5,ADULT,A-BLU-RAY,0,1
9558,2025,11,5,ADULT,A-SPA,0,1
9559,2025,11,5,ADULT,J-SC,0,2
9560,2025,11,5,ADULT,YA-MANGA,0,16
9561,2025,11,5,ADULT,YA-NF,0,1
9562,2025,11,5,JUVENILE,J-AUD,0,1
9563,2025,11,5,STAFF-PERS,J-DVD,0,1
9564,2025,11,5,STAFF-PERS,YA-GRA,0,1
9565,2025,11,5,STAFF-PERS,YA-NF,0,1
9566,2025,10,6,ADULT,A-AUD,2,2
9567,2025,10,6,ADULT,A-AUD-CD,2,2
9568,2025,10,6,ADULT,A-DEMENTIA,17,9
9569,2025,10,6,ADULT,A-DVD,8,23
9570,2025,10,6,ADULT,A-FIC,31,21
9571,2025,10,6,ADULT,A-KIT,4,8
9572,2025,10,6,ADULT,A-KIT-HOBB,9,0
9573,2025,10,6,ADULT,A-LEASE-FI,16,20
9574,2025,10,6,ADULT,A-LEASE-LP,78,109
9575,2025,10,6,ADULT,A-LEASE-NF,12,11
9576,2025,10,6,ADULT,A-LP,40,20
9577,2025,10,6,ADULT,A-LP-FIC,19,5
9578,2025,10,6,ADULT,A-LP-MYS,1,1
9579,2025,10,6,ADULT,A-LP-WEST,4,0
9580,2025,10,6,ADULT,A-MYSTERY,1,0
9581,2025,10,6,ADULT,A-NEWBK,1,1
9582,2025,10,6,ADULT,A-NEWBK-FI,7,8
9583,2025,10,6,ADULT,A-NEWBK-LP,19,20
9584,2025,10,6,ADULT,A-NEWBK-NF,9,11
9585,2025,10,6,ADULT,A-NF,37,16
9586,2025,10,6,ADULT,A-PBK,1,0
9587,2025,10,6,ADULT,A-PLAYAWAY,34,10
9588,2025,10,6,ADULT,J-DVD,11,29
9589,2025,10,6,ADULT,J-EASY,69,44
9590,2025,10,6,ADULT,J-FIC,27,15
9591,2025,10,6,ADULT,J-GRA,32,30
9592,2025,10,6,ADULT,J-KINDERBO,4,0
9593,2025,10,6,ADULT,J-NF,65,30
9594,2025,10,6,ADULT,J-PBK,2,0
9595,2025,10,6,ADULT,J-PIC-BOOK,122,66
9596,2025,10,6,ADULT,J-SEASONAL,2,1
9597,2025,10,6,ADULT,J-SPA,1,5
9598,2025,10,6,ADULT,STACKS,3,3
9599,2025,10,6,ADULT,YA,1,1
9600,2025,10,6,ADULT,YA-GRA,2,5
9601,2025,10,6,ADULT,YA-NF,1,2
9602,2025,10,6,ADULT,YA-VID-GAM,3,8
9603,2025,10,6,DISCARD,A-PLAYAWAY,1,0
9604,2025,10,6,DISCARD,J-EASY,1,0
9605,2025,10,6,DISCARD,J-GRA,2,0
9606,2025,10,6,DISCARD,J-PIC-BOOK,2,0
9607,2025,10,6,HOMEBOUND,A-AUD,4,0
9608,2025,10,6,HOMEBOUND,A-AUD-CD,3,0
9609,2025,10,6,HOMEBOUND,A-AUD-MP3,9,5
9610,2025,10,6,HOMEBOUND,A-BIO,1,0
9611,2025,10,6,HOMEBOUND,A-DVD,3,0
9612,2025,10,6,HOMEBOUND,A-DVD-TV,1,0
9613,2025,10,6,HOMEBOUND,A-FIC,5,0
9614,2025,10,6,HOMEBOUND,A-HOTSPOT,1,0
9615,2025,10,6,HOMEBOUND,A-LEASE-FI,3,0
9616,2025,10,6,HOMEBOUND,A-LEASE-LP,9,1
9617,2025,10,6,HOMEBOUND,A-LP,5,0
9618,2025,10,6,HOMEBOUND,A-LP-FIC,6,0
9619,2025,10,6,HOMEBOUND,A-LP-NF,1,0
9620,2025,10,6,HOMEBOUND,A-MYSTERY,1,0
9621,2025,10,6,HOMEBOUND,A-NEWBK-LP,1,0
9622,2025,10,6,HOMEBOUND,A-NEWBK-NF,1,0
9623,2025,10,6,HOMEBOUND,A-NF,17,1
9624,2025,10,6,HOMEBOUND,A-SC,1,0
9625,2025,10,6,HOMEBOUND,A-SC-NF,1,0
9626,2025,10,6,HOMEBOUND,A-VIS-MEDI,2,0
9627,2025,10,6,HOMEBOUND,BASMNT,2,0
9628,2025,10,6,HOMEBOUND,J-AUD,2,0
9629,2025,10,6,HOMEBOUND,J-DVD,2,0
9630,2025,10,6,HOMEBOUND,J-FIC,1,0
9631,2025,10,6,HOMEBOUND,J-NF,10,0
9632,2025,10,6,HOMEBOUND,J-PIC-BOOK,1,0
9633,2025,10,6,HOMEBOUND,YA-AUD,1,0
9634,2025,10,6,INST-TEACH,J-AUD,4,0
9635,2025,10,6,INST-TEACH,J-AUD-CD,1,0
9636,2025,10,6,INST-TEACH,J-BEGINREA,1,0
9637,2025,10,6,INST-TEACH,J-CALDECTT,8,0
9638,2025,10,6,INST-TEACH,J-EASY,145,9
9639,2025,10,6,INST-TEACH,J-EASY-PIC,3,0
9640,2025,10,6,INST-TEACH,J-FIC,5,0
9641,2025,10,6,INST-TEACH,J-GRA,5,1
9642,2025,10,6,INST-TEACH,J-KINDERBO,15,0
9643,2025,10,6,INST-TEACH,J-NF,49,1
9644,2025,10,6,INST-TEACH,J-PIC-BOOK,346,9
9645,2025,10,6,INST-TEACH,J-SPA,3,0
9646,2025,10,6,J-INTERNET,A-NEWBK-NF,1,0
9647,2025,10,6,J-INTERNET,J-EASY,4,5
9648,2025,10,6,J-INTERNET,J-FIC,2,3
9649,2025,10,6,J-INTERNET,J-GRA,6,12
9650,2025,10,6,J-INTERNET,J-NF,1,12
9651,2025,10,6,J-INTERNET,J-PIC-BOOK,6,3
9652,2025,10,6,JUVENILE,A-GRA,4,5
9653,2025,10,6,JUVENILE,A-LEASE-FI,1,2
9654,2025,10,6,JUVENILE,A-LEASE-NF,1,1
9655,2025,10,6,JUVENILE,A-NF,3,5
9656,2025,10,6,JUVENILE,A-PLAYAWAY,1,0
9657,2025,10,6,JUVENILE,J-DVD,1,1
9658,2025,10,6,JUVENILE,J-EASY,24,34
9659,2025,10,6,JUVENILE,J-FIC,10,25
9660,2025,10,6,JUVENILE,J-GRA,37,44
9661,2025,10,6,JUVENILE,J-NF,26,40
9662,2025,10,6,JUVENILE,J-PBK,1,1
9663,2025,10,6,JUVENILE,J-PIC-BOOK,35,35
9664,2025,10,6,JUVENILE,J-SPA,2,2
9665,2025,10,6,JUVENILE,STACKS,1,0
9666,2025,10,6,JUVENILE,YA,6,5
9667,2025,10,6,JUVENILE,YA-FIC,14,22
9668,2025,10,6,JUVENILE,YA-GRA,25,29
9669,2025,10,6,JUVENILE,YA-NF,3,0
9670,2025,10,6,JUVENILE,YA-PBK,1,0
9671,2025,10,6,JUVENILE,YA-VID-GAM,1,3
9672,2025,10,6,MISSING,YA-FIC,1,0
9673,2025,10,6,MISSING,YA-VID-GAM,1,0
9674,2025,10,6,STAFF-PERS,A-DVD,1,1
9675,2025,10,6,STAFF-PERS,A-LEASE-FI,1,3
9676,2025,10,6,STAFF-PERS,A-LEASE-NF,1,2
9677,2025,10,6,STAFF-PERS,YA-VID-GAM,2,3
9678,2025,10,2,ADULT,A-AUD,3,2
9679,2025,10,2,ADULT,A-AUD-CD,6,1
9680,2025,10,2,ADULT,A-BIO,2,2
9681,2025,10,2,ADULT,A-BK-CLUB,4,0
9682,2025,10,2,ADULT,A-DVD,85,98
9683,2025,10,2,ADULT,A-DVD-FIC,1,1
9684,2025,10,2,ADULT,A-DVD-TV,3,1
9685,2025,10,2,ADULT,A-FIC,324,187
9686,2025,10,2,ADULT,A-GRA,4,2
9687,2025,10,2,ADULT,A-HOMESCH,6,2
9688,2025,10,2,ADULT,A-HOTSPOT,88,3
9689,2025,10,2,ADULT,A-KIT-HOBB,1,2
9690,2025,10,2,ADULT,A-LEASE-FI,2,1
9691,2025,10,2,ADULT,A-LEASE-LP,4,1
9692,2025,10,2,ADULT,A-LP,39,30
9693,2025,10,2,ADULT,A-LP-FIC,16,17
9694,2025,10,2,ADULT,A-LP-NF,1,0
9695,2025,10,2,ADULT,A-MYSTERY,5,0
9696,2025,10,2,ADULT,A-NEWBK,2,0
9697,2025,10,2,ADULT,A-NEWBK-FI,144,80
9698,2025,10,2,ADULT,A-NEWBK-LP,10,12
9699,2025,10,2,ADULT,A-NEWBK-NF,23,21
9700,2025,10,2,ADULT,A-NF,155,169
9701,2025,10,2,ADULT,A-SC,1,0
9702,2025,10,2,ADULT,A-SCIFIC,1,2
9703,2025,10,2,ADULT,A-SPA,2,2
9704,2025,10,2,ADULT,A-TRAVEL,1,0
9705,2025,10,2,ADULT,A-VID-GAME,3,3
9706,2025,10,2,ADULT,A-VIS-MEDI,2,0
9707,2025,10,2,ADULT,A-WESTERN,1,0
9708,2025,10,2,ADULT,BASMNT,1,0
9709,2025,10,2,ADULT,ILL,13,3
9710,2025,10,2,ADULT,J-AUD,1,2
9711,2025,10,2,ADULT,J-BEGINREA,4,1
9712,2025,10,2,ADULT,J-BOARD-BK,8,11
9713,2025,10,2,ADULT,J-CALDECTT,17,8
9714,2025,10,2,ADULT,J-DVD,83,128
9715,2025,10,2,ADULT,J-EASY,256,117
9716,2025,10,2,ADULT,J-EASY-F,2,0
9717,2025,10,2,ADULT,J-EASY-PIC,2,2
9718,2025,10,2,ADULT,J-FIC,162,116
9719,2025,10,2,ADULT,J-GRA,160,83
9720,2025,10,2,ADULT,J-HOLIDAY,2,1
9721,2025,10,2,ADULT,J-KIT,2,5
9722,2025,10,2,ADULT,J-NEW,1,0
9723,2025,10,2,ADULT,J-NEWBERY,14,9
9724,2025,10,2,ADULT,J-NF,240,112
9725,2025,10,2,ADULT,J-PBK,16,40
9726,2025,10,2,ADULT,J-PIC-BOOK,550,248
9727,2025,10,2,ADULT,J-ROOM,2,0
9728,2025,10,2,ADULT,J-SPA,4,7
9729,2025,10,2,ADULT,T-FIC,2,2
9730,2025,10,2,ADULT,YA,19,11
9731,2025,10,2,ADULT,YA-FIC,12,9
9732,2025,10,2,ADULT,YA-GRA,52,16
9733,2025,10,2,DAMAGED,A-FIC,1,0
9734,2025,10,2,DAMAGED,A-HOTSPOT,1,0
9735,2025,10,2,DISCARD,A-DVD,1,0
9736,2025,10,2,DISCARD,A-FIC,2,0
9737,2025,10,2,DISCARD,A-NF,119,0
9738,2025,10,2,DISCARD,J-FIC,113,0
9739,2025,10,2,DISCARD,J-NF,74,0
9740,2025,10,2,DISCARD,J-PIC-BOOK,2,0
9741,2025,10,2,DISCARD,YA-GRA,4,0
9742,2025,10,2,INST-TEACH,A-FIC,2,0
9743,2025,10,2,J-INTERNET,A-FIC,5,3
9744,2025,10,2,J-INTERNET,A-GRA,1,0
9745,2025,10,2,J-INTERNET,A-LP,1,0
9746,2025,10,2,J-INTERNET,A-NF,4,5
9747,2025,10,2,J-INTERNET,J-DVD,6,6
9748,2025,10,2,J-INTERNET,J-EASY,7,2
9749,2025,10,2,J-INTERNET,J-FIC,8,3
9750,2025,10,2,J-INTERNET,J-GRA,9,2
9751,2025,10,2,J-INTERNET,J-NF,10,1
9752,2025,10,2,J-INTERNET,J-PBK,1,3
9753,2025,10,2,J-INTERNET,J-PIC-BOOK,14,3
9754,2025,10,2,J-INTERNET,YA-FIC,2,0
9755,2025,10,2,J-INTERNET,YA-GRA,3,0
9756,2025,10,2,JUVENILE,A-FIC,10,8
9757,2025,10,2,JUVENILE,A-GRA,2,1
9758,2025,10,2,JUVENILE,A-HOMESCH,1,0
9759,2025,10,2,JUVENILE,A-NEWBK-FI,2,4
9760,2025,10,2,JUVENILE,A-NF,16,20
9761,2025,10,2,JUVENILE,J-BEGINREA,1,0
9762,2025,10,2,JUVENILE,J-DVD,18,59
9763,2025,10,2,JUVENILE,J-EASY,52,45
9764,2025,10,2,JUVENILE,J-EASY-F,1,0
9765,2025,10,2,JUVENILE,J-FIC,39,27
9766,2025,10,2,JUVENILE,J-GRA,66,81
9767,2025,10,2,JUVENILE,J-KIT,2,5
9768,2025,10,2,JUVENILE,J-NF,48,87
9769,2025,10,2,JUVENILE,J-PBK,7,15
9770,2025,10,2,JUVENILE,J-PIC-BOOK,134,115
9771,2025,10,2,JUVENILE,YA,3,10
9772,2025,10,2,JUVENILE,YA-FIC,3,5
9773,2025,10,2,JUVENILE,YA-GRA,11,9
9774,2025,10,2,JUVENILE,YA-MANGA,1,0
9775,2025,10,2,JUVENILE,YA-PBK,1,1
9776,2025,10,2,MISSING,A-DVD,1,0
9777,2025,10,2,MISSING,A-FIC,1,0
9778,2025,10,2,MISSING,A-GRA,1,0
9779,2025,10,2,MISSING,A-HOMESCH,1,0
9780,2025,10,2,MISSING,A-NEWBK-NF,1,0
9781,2025,10,2,MISSING,A-NF,2,0
9782,2025,10,2,MISSING,J-DVD,1,0
9783,2025,10,2,MISSING,J-EASY,1,0
9784,2025,10,2,MISSING,J-FIC,4,0
9785,2025,10,2,MISSING,J-NF,3,0
9786,2025,10,2,MISSING,J-PIC-BOOK,4,0
9787,2025,10,2,PRGMNG,A-FIC,9,1
9788,2025,10,2,PRGMNG,A-NF,1,0
9789,2025,10,2,PRGMNG,J-EASY,3,0
9790,2025,10,2,PRGMNG,J-FIC,1,0
9791,2025,10,2,PRGMNG,J-HOLIDAY,1,0
9792,2025,10,2,PRGMNG,J-NF,1,0
9793,2025,10,2,PRGMNG,J-PIC-BOOK,8,0
9794,2025,10,2,PRGMNG,YA,5,0
9795,2025,10,2,PRGMNG,YA-FIC,4,0
9796,2025,10,2,PRGMNG,YA-GRA,6,1
9797,2025,10,2,STAFF-PERS,A-BIO,1,0
9798,2025,10,2,STAFF-PERS,A-DVD,1,0
9799,2025,10,2,STAFF-PERS,A-FIC,23,11
9800,2025,10,2,STAFF-PERS,A-GRA,27,5
9801,2025,10,2,STAFF-PERS,A-HOTSPOT,1,0
9802,2025,10,2,STAFF-PERS,A-LEASE-FI,1,0
9803,2025,10,2,STAFF-PERS,A-LP-FIC,1,0
9804,2025,10,2,STAFF-PERS,A-MYSTERY,2,0
9805,2025,10,2,STAFF-PERS,A-NEWBK-FI,3,0
9806,2025,10,2,STAFF-PERS,A-NEWBK-LP,1,0
9807,2025,10,2,STAFF-PERS,A-NEWBK-NF,3,2
9808,2025,10,2,STAFF-PERS,A-NF,29,9
9809,2025,10,2,STAFF-PERS,ILL,7,0
9810,2025,10,2,STAFF-PERS,J-EASY,8,3
9811,2025,10,2,STAFF-PERS,J-FIC,3,0
9812,2025,10,2,STAFF-PERS,J-GRA,1,0
9813,2025,10,2,STAFF-PERS,J-NF,1,0
9814,2025,10,2,STAFF-PERS,J-PIC-BOOK,8,6
9815,2025,10,2,STAFF-PERS,YA,1,0
9816,2025,10,2,STAFF-PERS,YA-GRA,11,4
9817,2025,10,2,STAFF-PERS,YA-MANGA,4,0
9818,2025,10,2,STAFF-PERS,YA-NF,2,0
9819,2025,10,2,TEEN,A-FIC,1,1
9820,2025,10,2,TEEN,A-NF,2,3
9821,2025,10,2,TEEN,J-NF,3,4
9822,2025,10,12,ADULT,A-BIO,1,0
9823,2025,10,12,ADULT,A-DVD,5,0
9824,2025,10,12,ADULT,A-FIC,8,8
9825,2025,10,12,ADULT,A-LP,1,0
9826,2025,10,12,ADULT,A-LP-FIC,1,0
9827,2025,10,12,ADULT,A-MYSTERY,1,0
9828,2025,10,12,ADULT,A-NEWBK,1,0
9829,2025,10,12,ADULT,A-NEWBK-FI,1,0
9830,2025,10,12,ADULT,A-NF,15,3
9831,2025,10,12,ADULT,J-CALDECTT,1,2
9832,2025,10,12,ADULT,J-DVD,3,6
9833,2025,10,12,ADULT,J-EASY,4,1
9834,2025,10,12,ADULT,J-FIC,9,5
9835,2025,10,12,ADULT,J-GRA,1,1
9836,2025,10,12,ADULT,J-NF,8,4
9837,2025,10,12,ADULT,J-PIC-BOOK,7,13
9838,2025,10,12,ADULT,J-ROOM,1,0
9839,2025,10,12,ADULT,J-SERIES,1,0
9840,2025,10,12,ADULT,T-GRA,1,0
9841,2025,10,12,ADULT,YA,1,1
9842,2025,10,12,INST-TEACH,A-FIC,4,0
9843,2025,10,3,A-NONRES,A-AUD-CD,2,1
9844,2025,10,3,A-NONRES,A-DVD,3,0
9845,2025,10,3,A-NONRES,A-FIC,5,2
9846,2025,10,3,A-NONRES,A-KIT,1,0
9847,2025,10,3,A-NONRES,A-LP,3,1
9848,2025,10,3,A-NONRES,A-NEWBK-FI,2,3
9849,2025,10,3,A-NONRES,A-NF,8,11
9850,2025,10,3,A-NONRES,A-PBK,2,0
9851,2025,10,3,A-NONRES,J-EASY,4,0
9852,2025,10,3,A-NONRES,J-FIC,10,14
9853,2025,10,3,A-NONRES,J-NF,14,20
9854,2025,10,3,A-NONRES,J-PIC-BOOK,13,5
9855,2025,10,3,A-NONRES,YA-FIC,1,2
9856,2025,10,3,ADULT,A-AFR-AMER,2,1
9857,2025,10,3,ADULT,A-AUD,72,37
9858,2025,10,3,ADULT,A-AUD-CD,157,57
9859,2025,10,3,ADULT,A-AUD-F,3,0
9860,2025,10,3,ADULT,A-BIO,17,9
9861,2025,10,3,ADULT,A-BK-CLUB,5,0
9862,2025,10,3,ADULT,A-BLU-RAY,1,1
9863,2025,10,3,ADULT,A-DVD,373,436
9864,2025,10,3,ADULT,A-DVD-FIC,8,6
9865,2025,10,3,ADULT,A-DVD-NF,1,1
9866,2025,10,3,ADULT,A-DVD-TV,6,12
9867,2025,10,3,ADULT,A-F-LANG,1,1
9868,2025,10,3,ADULT,A-FIC,2341,1417
9869,2025,10,3,ADULT,A-FIC-CHRI,1,0
9870,2025,10,3,ADULT,A-GRA,37,9
9871,2025,10,3,ADULT,A-HOMESCH,35,72
9872,2025,10,3,ADULT,A-HOTSPOT,65,0
9873,2025,10,3,ADULT,A-KIT,76,4
9874,2025,10,3,ADULT,A-KIT-HOBB,8,6
9875,2025,10,3,ADULT,A-LEASE-FI,68,31
9876,2025,10,3,ADULT,A-LEASE-LP,19,6
9877,2025,10,3,ADULT,A-LEASE-NF,11,11
9878,2025,10,3,ADULT,A-LOCHIST,2,2
9879,2025,10,3,ADULT,A-LP,461,159
9880,2025,10,3,ADULT,A-LP-BIO,2,2
9881,2025,10,3,ADULT,A-LP-FIC,90,52
9882,2025,10,3,ADULT,A-LP-MYS,3,2
9883,2025,10,3,ADULT,A-LP-NF,2,2
9884,2025,10,3,ADULT,A-MUSIC-CD,28,0
9885,2025,10,3,ADULT,A-MYSTERY,23,11
9886,2025,10,3,ADULT,A-NEWBK,13,6
9887,2025,10,3,ADULT,A-NEWBK-FI,783,504
9888,2025,10,3,ADULT,A-NEWBK-LP,116,70
9889,2025,10,3,ADULT,A-NEWBK-NF,191,186
9890,2025,10,3,ADULT,A-NF,1207,1277
9891,2025,10,3,ADULT,A-OVERSIZE,1,0
9892,2025,10,3,ADULT,A-PARNT-ED,1,0
9893,2025,10,3,ADULT,A-PBK,7,1
9894,2025,10,3,ADULT,A-SC,3,1
9895,2025,10,3,ADULT,A-SC-FIC,1,0
9896,2025,10,3,ADULT,A-SCIFIC,4,2
9897,2025,10,3,ADULT,A-SFI-FAN,4,4
9898,2025,10,3,ADULT,A-SND-REC,3,0
9899,2025,10,3,ADULT,A-SPA,12,8
9900,2025,10,3,ADULT,A-SPA-FIC,5,4
9901,2025,10,3,ADULT,A-STACKS,1,1
9902,2025,10,3,ADULT,A-VID-GAME,10,11
9903,2025,10,3,ADULT,A-VIS-MEDI,7,11
9904,2025,10,3,ADULT,BASMNT,1,1
9905,2025,10,3,ADULT,DAMAGED,1,1
9906,2025,10,3,ADULT,ILL,38,0
9907,2025,10,3,ADULT,J-AUD,15,20
9908,2025,10,3,ADULT,J-AUD-CD,3,2
9909,2025,10,3,ADULT,J-AUD-F,1,1
9910,2025,10,3,ADULT,J-BEGINREA,17,12
9911,2025,10,3,ADULT,J-BIO,23,10
9912,2025,10,3,ADULT,J-BOARD-BK,58,39
9913,2025,10,3,ADULT,J-CALDECTT,96,78
9914,2025,10,3,ADULT,J-DISPLAY,2,1
9915,2025,10,3,ADULT,J-DVD,380,609
9916,2025,10,3,ADULT,J-EASY,1421,946
9917,2025,10,3,ADULT,J-EASY-F,21,12
9918,2025,10,3,ADULT,J-EASY-PIC,13,5
9919,2025,10,3,ADULT,J-FIC,1196,1176
9920,2025,10,3,ADULT,J-GRA,1002,603
9921,2025,10,3,ADULT,J-GRA-COM,12,5
9922,2025,10,3,ADULT,J-GRA-NF,1,0
9923,2025,10,3,ADULT,J-HOLIDAY,16,2
9924,2025,10,3,ADULT,J-KIT,8,12
9925,2025,10,3,ADULT,J-MUSIC-CD,1,2
9926,2025,10,3,ADULT,J-NEWBERY,46,53
9927,2025,10,3,ADULT,J-NF,1893,1583
9928,2025,10,3,ADULT,J-PBK,239,231
9929,2025,10,3,ADULT,J-PIC-BOOK,4396,2939
9930,2025,10,3,ADULT,J-ROOM,5,5
9931,2025,10,3,ADULT,J-SEASONAL,3,2
9932,2025,10,3,ADULT,J-SERIES,7,3
9933,2025,10,3,ADULT,J-SPA,45,43
9934,2025,10,3,ADULT,J-SPA-PIC,1,0
9935,2025,10,3,ADULT,J-STORYTIM,1,0
9936,2025,10,3,ADULT,J-VIDEO,1,0
9937,2025,10,3,ADULT,J-VIS-MEDI,2,4
9938,2025,10,3,ADULT,T-FIC,3,1
9939,2025,10,3,ADULT,T-GRA,1,0
9940,2025,10,3,ADULT,UNKNOWN,1,0
9941,2025,10,3,ADULT,YA,165,198
9942,2025,10,3,ADULT,YA-AV,1,1
9943,2025,10,3,ADULT,YA-DVD,5,3
9944,2025,10,3,ADULT,YA-FIC,89,92
9945,2025,10,3,ADULT,YA-GRA,154,151
9946,2025,10,3,ADULT,YA-GRA-COM,4,0
9947,2025,10,3,ADULT,YA-MANGA,13,0
9948,2025,10,3,ADULT,YA-NF,7,12
9949,2025,10,3,ADULT,YA-PBK,13,24
9950,2025,10,3,ADULT,YA-ROOM,1,0
9951,2025,10,3,ADULT,YA-SERIES,1,0
9952,2025,10,3,ADULT,YA-VID-GAM,2,3
9953,2025,10,3,DAMAGED,A-AUD-CD,1,0
9954,2025,10,3,DAMAGED,A-DVD,1,0
9955,2025,10,3,DAMAGED,A-FIC,2,0
9956,2025,10,3,DAMAGED,A-HOTSPOT,1,0
9957,2025,10,3,DAMAGED,A-KIT,2,0
9958,2025,10,3,DAMAGED,A-LEASE-LP,1,0
9959,2025,10,3,DAMAGED,A-NEWBK-LP,1,0
9960,2025,10,3,DAMAGED,J-AUD,1,0
9961,2025,10,3,DAMAGED,J-EASY,1,0
9962,2025,10,3,DAMAGED,J-FIC,2,0
9963,2025,10,3,DAMAGED,J-GRA,3,0
9964,2025,10,3,DAMAGED,J-KIT,1,0
9965,2025,10,3,DAMAGED,J-NF,1,0
9966,2025,10,3,DAMAGED,J-PIC-BOOK,2,0
9967,2025,10,3,DAMAGED,YA-FIC,1,0
9968,2025,10,3,DISCARD,A-DVD,40,0
9969,2025,10,3,DISCARD,A-FIC,3,0
9970,2025,10,3,DISCARD,A-NF,172,0
9971,2025,10,3,DISCARD,ILL,2,0
9972,2025,10,3,DISCARD,J-DVD,51,0
9973,2025,10,3,DISCARD,J-EASY,1,0
9974,2025,10,3,DISCARD,J-FIC,2,0
9975,2025,10,3,DISCARD,J-GRA,5,0
9976,2025,10,3,DISCARD,J-NF,2,0
9977,2025,10,3,DISCARD,J-PBK,1,0
9978,2025,10,3,DISCARD,J-PIC-BOOK,8,0
9979,2025,10,3,DISCARD,UNKNOWN,1,0
9980,2025,10,3,DISCARD,YA,3,0
9981,2025,10,3,DISCARD,YA-GRA,3,0
9982,2025,10,3,INST-TEACH,A-FIC,3,0
9983,2025,10,3,INST-TEACH,J-BOARD-BK,2,0
9984,2025,10,3,INST-TEACH,J-DVD,3,0
9985,2025,10,3,INST-TEACH,J-EASY,13,0
9986,2025,10,3,INST-TEACH,J-EASY-PIC,1,0
9987,2025,10,3,INST-TEACH,J-FIC,2,0
9988,2025,10,3,INST-TEACH,J-GRA,1,0
9989,2025,10,3,INST-TEACH,J-NEWBERY,5,0
9990,2025,10,3,INST-TEACH,J-NF,47,0
9991,2025,10,3,INST-TEACH,J-PBK,1,0
9992,2025,10,3,INST-TEACH,J-PIC-BOOK,70,0
9993,2025,10,3,J-INTERNET,A-DVD,22,25
9994,2025,10,3,J-INTERNET,A-DVD-TV,2,1
9995,2025,10,3,J-INTERNET,A-FIC,24,23
9996,2025,10,3,J-INTERNET,A-GRA,3,3
9997,2025,10,3,J-INTERNET,A-HOMESCH,2,2
9998,2025,10,3,J-INTERNET,A-KIT,6,0
9999,2025,10,3,J-INTERNET,A-LEASE-FI,1,2
10000,2025,10,3,J-INTERNET,A-LP,8,4
10001,2025,10,3,J-INTERNET,A-LP-FIC,1,0
10002,2025,10,3,J-INTERNET,A-NEWBK-FI,1,1
10003,2025,10,3,J-INTERNET,A-NEWBK-LP,1,0
10004,2025,10,3,J-INTERNET,A-NEWBK-NF,2,4
10005,2025,10,3,J-INTERNET,A-NF,42,27
10006,2025,10,3,J-INTERNET,A-SPA,1,0
10007,2025,10,3,J-INTERNET,BASMNT,1,0
10008,2025,10,3,J-INTERNET,J-BIO,2,1
10009,2025,10,3,J-INTERNET,J-BOARD-BK,4,1
10010,2025,10,3,J-INTERNET,J-CALDECTT,9,0
10011,2025,10,3,J-INTERNET,J-DVD,35,47
10012,2025,10,3,J-INTERNET,J-EASY,77,45
10013,2025,10,3,J-INTERNET,J-EASY-F,1,1
10014,2025,10,3,J-INTERNET,J-EASY-PIC,1,1
10015,2025,10,3,J-INTERNET,J-FIC,111,141
10016,2025,10,3,J-INTERNET,J-GRA,115,91
10017,2025,10,3,J-INTERNET,J-GRA-COM,3,1
10018,2025,10,3,J-INTERNET,J-NEWBERY,6,3
10019,2025,10,3,J-INTERNET,J-NF,202,139
10020,2025,10,3,J-INTERNET,J-PBK,40,26
10021,2025,10,3,J-INTERNET,J-PIC-BOOK,254,185
10022,2025,10,3,J-INTERNET,J-SPA,4,0
10023,2025,10,3,J-INTERNET,YA,27,31
10024,2025,10,3,J-INTERNET,YA-FIC,8,4
10025,2025,10,3,J-INTERNET,YA-GRA,87,70
10026,2025,10,3,J-INTERNET,YA-NF,2,1
10027,2025,10,3,J-INTERNET,YA-PBK,6,4
10028,2025,10,3,J-INTERNET,YA-SERIES,1,0
10029,2025,10,3,JUVENILE,A-AUD-CD,1,0
10030,2025,10,3,JUVENILE,A-DVD,10,10
10031,2025,10,3,JUVENILE,A-DVD-FIC,1,2
10032,2025,10,3,JUVENILE,A-FED-DOC,1,0
10033,2025,10,3,JUVENILE,A-FIC,28,19
10034,2025,10,3,JUVENILE,A-GRA,14,0
10035,2025,10,3,JUVENILE,A-HOMESCH,6,5
10036,2025,10,3,JUVENILE,A-KIT,1,0
10037,2025,10,3,JUVENILE,A-KIT-HOBB,1,1
10038,2025,10,3,JUVENILE,A-LEASE-FI,1,3
10039,2025,10,3,JUVENILE,A-NEWBK-FI,10,8
10040,2025,10,3,JUVENILE,A-NEWBK-NF,4,6
10041,2025,10,3,JUVENILE,A-NF,88,79
10042,2025,10,3,JUVENILE,J-AUD,2,2
10043,2025,10,3,JUVENILE,J-AUD-CD,1,0
10044,2025,10,3,JUVENILE,J-BEGINREA,2,0
10045,2025,10,3,JUVENILE,J-BIO,4,2
10046,2025,10,3,JUVENILE,J-BOARD-BK,3,0
10047,2025,10,3,JUVENILE,J-BRAILLE,1,0
10048,2025,10,3,JUVENILE,J-CALDECTT,13,9
10049,2025,10,3,JUVENILE,J-DVD,52,81
10050,2025,10,3,JUVENILE,J-EASY,126,122
10051,2025,10,3,JUVENILE,J-EASY-F,1,3
10052,2025,10,3,JUVENILE,J-EASY-PIC,1,3
10053,2025,10,3,JUVENILE,J-FIC,237,254
10054,2025,10,3,JUVENILE,J-GRA,207,134
10055,2025,10,3,JUVENILE,J-GRA-COM,2,1
10056,2025,10,3,JUVENILE,J-HOLIDAY,1,0
10057,2025,10,3,JUVENILE,J-NEWBERY,6,7
10058,2025,10,3,JUVENILE,J-NF,250,211
10059,2025,10,3,JUVENILE,J-PBK,63,70
10060,2025,10,3,JUVENILE,J-PIC-BOOK,413,370
10061,2025,10,3,JUVENILE,J-ROOM,1,0
10062,2025,10,3,JUVENILE,J-SERIES,1,0
10063,2025,10,3,JUVENILE,J-SPA,1,3
10064,2025,10,3,JUVENILE,J-VIS-MEDI,2,1
10065,2025,10,3,JUVENILE,PARENTING,1,0
10066,2025,10,3,JUVENILE,T-FIC,1,0
10067,2025,10,3,JUVENILE,YA,70,44
10068,2025,10,3,JUVENILE,YA-FIC,35,16
10069,2025,10,3,JUVENILE,YA-GRA,69,33
10070,2025,10,3,JUVENILE,YA-NF,1,0
10071,2025,10,3,JUVENILE,YA-PBK,10,6
10072,2025,10,3,MISSING,A-AUD-CD,1,0
10073,2025,10,3,MISSING,A-DVD,3,0
10074,2025,10,3,MISSING,A-FIC,15,0
10075,2025,10,3,MISSING,A-GRA,1,0
10076,2025,10,3,MISSING,A-KIT,1,0
10077,2025,10,3,MISSING,A-LEASE-BK,1,0
10078,2025,10,3,MISSING,A-LEASE-FI,2,0
10079,2025,10,3,MISSING,A-LP,3,0
10080,2025,10,3,MISSING,A-NEWBK-FI,6,0
10081,2025,10,3,MISSING,A-NEWBK-LP,1,0
10082,2025,10,3,MISSING,A-NEWBK-NF,2,0
10083,2025,10,3,MISSING,A-NF,8,1
10084,2025,10,3,MISSING,J-AUD,1,0
10085,2025,10,3,MISSING,J-BOARD-BK,3,0
10086,2025,10,3,MISSING,J-DVD,2,0
10087,2025,10,3,MISSING,J-EASY,4,0
10088,2025,10,3,MISSING,J-FIC,7,0
10089,2025,10,3,MISSING,J-GRA,1,0
10090,2025,10,3,MISSING,J-NF,8,0
10091,2025,10,3,MISSING,J-PBK,2,0
10092,2025,10,3,MISSING,J-PIC-BOOK,11,0
10093,2025,10,3,MISSING,J-SPA,1,0
10094,2025,10,3,MISSING,YA,3,0
10095,2025,10,3,MISSING,YA-FIC,1,0
10096,2025,10,3,PRGMNG,A-BK-CLUB,1,0
10097,2025,10,3,PRGMNG,A-FIC,140,3
10098,2025,10,3,PRGMNG,A-LEASE-FI,1,0
10099,2025,10,3,PRGMNG,A-LP,5,1
10100,2025,10,3,PRGMNG,A-LP-FIC,4,0
10101,2025,10,3,PRGMNG,A-NEWBK-FI,10,1
10102,2025,10,3,PRGMNG,A-NEWBK-LP,1,0
10103,2025,10,3,PRGMNG,A-NEWBK-NF,3,0
10104,2025,10,3,PRGMNG,A-NF,11,4
10105,2025,10,3,PRGMNG,A-SC,2,0
10106,2025,10,3,PRGMNG,A-SCIFIC,2,0
10107,2025,10,3,PRGMNG,A-VIS-MEDI,1,0
10108,2025,10,3,PRGMNG,J-BEGINREA,3,0
10109,2025,10,3,PRGMNG,J-BIO,1,0
10110,2025,10,3,PRGMNG,J-BOARD-BK,34,0
10111,2025,10,3,PRGMNG,J-BRAILLE,1,0
10112,2025,10,3,PRGMNG,J-CALDECTT,11,0
10113,2025,10,3,PRGMNG,J-DISPLAY,1,0
10114,2025,10,3,PRGMNG,J-EASY,195,0
10115,2025,10,3,PRGMNG,J-EASY-F,3,0
10116,2025,10,3,PRGMNG,J-EASY-PIC,3,0
10117,2025,10,3,PRGMNG,J-FIC,7,5
10118,2025,10,3,PRGMNG,J-GRA,20,14
10119,2025,10,3,PRGMNG,J-HOLIDAY,11,0
10120,2025,10,3,PRGMNG,J-NF,49,2
10121,2025,10,3,PRGMNG,J-PIC-BOOK,930,5
10122,2025,10,3,PRGMNG,J-SPA,2,0
10123,2025,10,3,PRGMNG,YA,2,1
10124,2025,10,3,PRGMNG,YA-FIC,1,1
10125,2025,10,3,PRGMNG,YA-GRA,1,0
10126,2025,10,3,PRGMNG,YA-PBK,1,0
10127,2025,10,3,REPAIR,J-FIC,5,0
10128,2025,10,3,REPAIR,J-GRA,2,0
10129,2025,10,3,REPAIR,J-NF,2,0
10130,2025,10,3,REPAIR,J-PBK,1,0
10131,2025,10,3,REPAIR,J-PIC-BOOK,4,0
10132,2025,10,3,REPAIR,YA-GRA,1,0
10133,2025,10,3,STAFF-PERS,A-AUD,1,2
10134,2025,10,3,STAFF-PERS,A-BIO,1,0
10135,2025,10,3,STAFF-PERS,A-DVD,5,6
10136,2025,10,3,STAFF-PERS,A-FIC,24,6
10137,2025,10,3,STAFF-PERS,A-GRA,1,0
10138,2025,10,3,STAFF-PERS,A-NEWBK,1,0
10139,2025,10,3,STAFF-PERS,A-NEWBK-FI,15,17
10140,2025,10,3,STAFF-PERS,A-NEWBK-NF,2,1
10141,2025,10,3,STAFF-PERS,A-NF,16,13
10142,2025,10,3,STAFF-PERS,A-PLAYAWAY,1,0
10143,2025,10,3,STAFF-PERS,A-SCIFIC,1,0
10144,2025,10,3,STAFF-PERS,A-SND-REC,1,0
10145,2025,10,3,STAFF-PERS,J-BIO,1,0
10146,2025,10,3,STAFF-PERS,J-BOARD-BK,3,6
10147,2025,10,3,STAFF-PERS,J-DVD,1,0
10148,2025,10,3,STAFF-PERS,J-EASY,24,15
10149,2025,10,3,STAFF-PERS,J-EASY-PIC,2,0
10150,2025,10,3,STAFF-PERS,J-FIC,5,2
10151,2025,10,3,STAFF-PERS,J-NEWBERY,1,0
10152,2025,10,3,STAFF-PERS,J-NF,6,7
10153,2025,10,3,STAFF-PERS,J-PIC-BOOK,43,29
10154,2025,10,3,STAFF-PERS,J-ROOM,1,0
10155,2025,10,3,STAFF-PERS,J-STORYTIM,1,0
10156,2025,10,3,STAFF-PERS,YA,1,2
10157,2025,10,3,STAFF-PERS,YA-FIC,4,13
10158,2025,10,3,TEEN,A-FIC,12,14
10159,2025,10,3,TEEN,A-NEWBK-NF,1,0
10160,2025,10,3,TEEN,A-NF,11,6
10161,2025,10,3,TEEN,J-FIC,7,7
10162,2025,10,3,TEEN,J-GRA,9,10
10163,2025,10,3,TEEN,J-NF,2,2
10164,2025,10,3,TEEN,YA,7,3
10165,2025,10,3,TEEN,YA-GRA,2,2
10166,2025,10,3,YCLCIRC,A-PLAYAWAY,3,0
10167,2025,10,3,,A-AUD,1,0
10168,2025,10,3,,A-NEWBK-FI,1,0
10169,2025,10,3,,A-NEWBK-LP,1,0
10170,2025,10,3,,J-NF,1,0
10171,2025,10,13,ADULT,A-BIO,1,0
10172,2025,10,13,ADULT,A-DVD,3,5
10173,2025,10,13,ADULT,A-DVD-TV,3,6
10174,2025,10,13,ADULT,A-FIC,93,44
10175,2025,10,13,ADULT,A-FIC-PBK,1,1
10176,2025,10,13,ADULT,A-GRA,3,0
10177,2025,10,13,ADULT,A-HOMESCH,2,0
10178,2025,10,13,ADULT,A-LEASE-FI,7,1
10179,2025,10,13,ADULT,A-LEASE-NF,1,2
10180,2025,10,13,ADULT,A-LP,13,4
10181,2025,10,13,ADULT,A-LP-FIC,6,0
10182,2025,10,13,ADULT,A-LP-MYS,1,0
10183,2025,10,13,ADULT,A-MYSTERY,1,1
10184,2025,10,13,ADULT,A-NEWBK,1,0
10185,2025,10,13,ADULT,A-NEWBK-FI,32,10
10186,2025,10,13,ADULT,A-NEWBK-LP,3,2
10187,2025,10,13,ADULT,A-NEWBK-NF,11,4
10188,2025,10,13,ADULT,A-NF,46,55
10189,2025,10,13,ADULT,A-SCIFIC,5,3
10190,2025,10,13,ADULT,A-VID-GAME,5,3
10191,2025,10,13,ADULT,J-AUD,3,1
10192,2025,10,13,ADULT,J-BEGINREA,2,4
10193,2025,10,13,ADULT,J-BIO,2,1
10194,2025,10,13,ADULT,J-BOARD-BK,7,2
10195,2025,10,13,ADULT,J-CALDECTT,1,0
10196,2025,10,13,ADULT,J-DVD,3,4
10197,2025,10,13,ADULT,J-EASY,7,6
10198,2025,10,13,ADULT,J-EASY-PIC,1,0
10199,2025,10,13,ADULT,J-F-LANG,1,0
10200,2025,10,13,ADULT,J-FIC,29,23
10201,2025,10,13,ADULT,J-GRA,10,5
10202,2025,10,13,ADULT,J-GRA-COM,1,0
10203,2025,10,13,ADULT,J-HOLIDAY,1,0
10204,2025,10,13,ADULT,J-NEWBERY,1,1
10205,2025,10,13,ADULT,J-NF,53,45
10206,2025,10,13,ADULT,J-PBK,9,5
10207,2025,10,13,ADULT,J-PIC-BOOK,35,23
10208,2025,10,13,ADULT,J-SERIES,1,0
10209,2025,10,13,ADULT,J-SPA,1,1
10210,2025,10,13,ADULT,J-SPA-EAS,1,0
10211,2025,10,13,ADULT,YA,5,5
10212,2025,10,13,ADULT,YA-FIC,10,7
10213,2025,10,13,ADULT,YA-GRA,5,1
10214,2025,10,13,ADULT,YA-MANGA,1,0
10215,2025,10,13,ADULT,YA-PBK,1,0
10216,2025,10,13,ADULT,YA-VID-GAM,1,1
10217,2025,10,13,DISCARD,J-DVD,13,0
10218,2025,10,13,DISCARD,J-NF,1,0
10219,2025,10,13,DISCARD,YA,1,0
10220,2025,10,13,DISCARD,YA-GRA,40,0
10221,2025,10,13,INST-TEACH,J-BOARD-BK,7,0
10222,2025,10,13,INST-TEACH,J-EASY,5,0
10223,2025,10,13,INST-TEACH,J-NF,6,0
10224,2025,10,13,INST-TEACH,J-PIC-BOOK,11,0
10225,2025,10,13,J-INTERNET,A-NF,1,0
10226,2025,10,13,J-INTERNET,J-AUD,1,0
10227,2025,10,13,J-INTERNET,J-EASY,3,0
10228,2025,10,13,J-INTERNET,J-EASY-F,2,0
10229,2025,10,13,J-INTERNET,J-FIC,11,1
10230,2025,10,13,J-INTERNET,J-GRA,1,0
10231,2025,10,13,J-INTERNET,J-NEWBERY,1,0
10232,2025,10,13,J-INTERNET,J-NF,9,0
10233,2025,10,13,J-INTERNET,J-PBK,1,1
10234,2025,10,13,J-INTERNET,J-PIC-BOOK,5,0
10235,2025,10,13,JUVENILE,A-NF,7,2
10236,2025,10,13,JUVENILE,A-VID-GAME,2,0
10237,2025,10,13,JUVENILE,J-FIC,23,6
10238,2025,10,13,JUVENILE,J-GRA,11,1
10239,2025,10,13,JUVENILE,J-NF,6,10
10240,2025,10,13,JUVENILE,J-PBK,3,2
10241,2025,10,13,JUVENILE,J-PIC-BOOK,1,1
10242,2025,10,13,STAFF-PERS,A-VID-GAME,2,0
10243,2025,10,13,STAFF-PERS,J-DVD,1,0
10244,2025,10,13,TEEN,A-LP,1,1
10245,2025,10,4,A-NONRES,A-FIC,4,4
10246,2025,10,4,A-NONRES,A-HOTSPOT,2,1
10247,2025,10,4,A-NONRES,A-LEASE-FI,1,0
10248,2025,10,4,A-NONRES,A-NEWBK-FI,1,1
10249,2025,10,4,A-NONRES,J-EASY,16,11
10250,2025,10,4,A-NONRES,J-FIC,3,3
10251,2025,10,4,A-NONRES,J-GRA,2,0
10252,2025,10,4,A-NONRES,J-PBK,6,2
10253,2025,10,4,A-NONRES,J-PIC-BOOK,18,11
10254,2025,10,4,ADULT,A-AUD,48,27
10255,2025,10,4,ADULT,A-AUD-CD,48,13
10256,2025,10,4,ADULT,A-BIO,3,3
10257,2025,10,4,ADULT,A-BK-CLUB,3,0
10258,2025,10,4,ADULT,A-DVD,91,49
10259,2025,10,4,ADULT,A-DVD-FIC,2,3
10260,2025,10,4,ADULT,A-DVD-TV,5,2
10261,2025,10,4,ADULT,A-FIC,637,390
10262,2025,10,4,ADULT,A-FIC-PBK,1,0
10263,2025,10,4,ADULT,A-HOMESCH,2,0
10264,2025,10,4,ADULT,A-HOTSPOT,24,2
10265,2025,10,4,ADULT,A-KIT-HOBB,1,2
10266,2025,10,4,ADULT,A-LEASE-FI,10,5
10267,2025,10,4,ADULT,A-LEASE-LP,2,1
10268,2025,10,4,ADULT,A-LEASE-NF,2,4
10269,2025,10,4,ADULT,A-LP,95,46
10270,2025,10,4,ADULT,A-LP-FIC,22,6
10271,2025,10,4,ADULT,A-MUSIC-CD,2,2
10272,2025,10,4,ADULT,A-MYSTERY,4,3
10273,2025,10,4,ADULT,A-NEWBK,3,2
10274,2025,10,4,ADULT,A-NEWBK-FI,245,155
10390,2025,10,4,PRGMNG,YA,1,0
10275,2025,10,4,ADULT,A-NEWBK-LP,44,22
10276,2025,10,4,ADULT,A-NEWBK-NF,90,63
10277,2025,10,4,ADULT,A-NF,213,203
10278,2025,10,4,ADULT,A-SC,1,0
10279,2025,10,4,ADULT,A-SFI-FAN,1,4
10280,2025,10,4,ADULT,A-SPA-FIC,2,2
10281,2025,10,4,ADULT,A-VID-GAME,8,6
10282,2025,10,4,ADULT,A-VIS-MEDI,5,6
10283,2025,10,4,ADULT,ILL,1,0
10284,2025,10,4,ADULT,J-AUD,2,1
10285,2025,10,4,ADULT,J-BEGINREA,2,0
10286,2025,10,4,ADULT,J-BIO,3,1
10287,2025,10,4,ADULT,J-BOARD-BK,8,3
10288,2025,10,4,ADULT,J-CALDECTT,25,7
10289,2025,10,4,ADULT,J-DVD,63,113
10290,2025,10,4,ADULT,J-DVD-F,1,3
10291,2025,10,4,ADULT,J-EASY,308,242
10292,2025,10,4,ADULT,J-EASY-F,2,0
10293,2025,10,4,ADULT,J-FIC,264,384
10294,2025,10,4,ADULT,J-GRA,184,173
10295,2025,10,4,ADULT,J-GRA-COM,2,1
10296,2025,10,4,ADULT,J-HOLIDAY,5,1
10297,2025,10,4,ADULT,J-KIT,4,7
10298,2025,10,4,ADULT,J-NEWBERY,6,15
10299,2025,10,4,ADULT,J-NF,291,272
10300,2025,10,4,ADULT,J-PBK,62,126
10301,2025,10,4,ADULT,J-PIC-BOOK,786,591
10302,2025,10,4,ADULT,J-ROOM,2,0
10303,2025,10,4,ADULT,J-SEASONAL,2,0
10304,2025,10,4,ADULT,J-SERIES,1,2
10305,2025,10,4,ADULT,J-SPA,4,7
10306,2025,10,4,ADULT,J-VIS-MEDI,1,1
10307,2025,10,4,ADULT,MISSING,1,0
10308,2025,10,4,ADULT,T-BIO,1,0
10309,2025,10,4,ADULT,YA,22,24
10310,2025,10,4,ADULT,YA-AUD,1,0
10311,2025,10,4,ADULT,YA-DVD,1,1
10312,2025,10,4,ADULT,YA-FIC,14,10
10313,2025,10,4,ADULT,YA-GRA,83,33
10314,2025,10,4,ADULT,YA-NF,2,0
10315,2025,10,4,ADULT,YA-PBK,7,5
10316,2025,10,4,ADULT,YA-VID-GAM,1,0
10317,2025,10,4,DAMAGED,J-FIC,4,0
10318,2025,10,4,DISCARD,A-FIC,2,0
10319,2025,10,4,DISCARD,A-NEWBK-FI,1,0
10320,2025,10,4,DISCARD,A-NF,14,0
10321,2025,10,4,DISCARD,DAMAGED,2,0
10322,2025,10,4,DISCARD,DISCARD,662,1
10323,2025,10,4,DISCARD,J-FIC,22,0
10324,2025,10,4,DISCARD,J-GRA,2,0
10325,2025,10,4,DISCARD,J-NEWBERY,2,0
10326,2025,10,4,DISCARD,J-NF,7,0
10327,2025,10,4,DISCARD,J-PBK,7,0
10328,2025,10,4,DISCARD,YA,23,0
10329,2025,10,4,DISCARD,YA-FIC,1,0
10330,2025,10,4,HOMEBOUND,A-NF,1,0
10331,2025,10,4,HOMEBOUND,J-EASY,1,0
10332,2025,10,4,HOMEBOUND,J-FIC,1,0
10333,2025,10,4,HOMEBOUND,J-PIC-BOOK,2,0
10334,2025,10,4,HOMEBOUND,YA-FIC,1,0
10335,2025,10,4,J-INTERNET,A-FIC,2,4
10336,2025,10,4,J-INTERNET,J-EASY,2,7
10337,2025,10,4,J-INTERNET,J-FIC,46,6
10338,2025,10,4,J-INTERNET,J-GRA,8,6
10339,2025,10,4,J-INTERNET,J-NEWBERY,2,2
10340,2025,10,4,J-INTERNET,J-NF,8,1
10341,2025,10,4,J-INTERNET,J-PBK,28,3
10342,2025,10,4,J-INTERNET,J-PIC-BOOK,7,15
10343,2025,10,4,J-INTERNET,YA,1,3
10344,2025,10,4,J-INTERNET,YA-FIC,2,0
10345,2025,10,4,JR-NONRES,J-EASY,2,0
10346,2025,10,4,JR-NONRES,J-NF,2,0
10347,2025,10,4,JR-NONRES,J-PIC-BOOK,1,0
10348,2025,10,4,JUVENILE,A-FIC,8,5
10349,2025,10,4,JUVENILE,A-KIT-HOBB,2,2
10350,2025,10,4,JUVENILE,A-LP,2,1
10351,2025,10,4,JUVENILE,A-NEWBK-FI,4,2
10352,2025,10,4,JUVENILE,A-NEWBK-NF,1,1
10353,2025,10,4,JUVENILE,A-NF,7,14
10354,2025,10,4,JUVENILE,A-VID-GAME,1,1
10355,2025,10,4,JUVENILE,J-BOARD-BK,1,1
10356,2025,10,4,JUVENILE,J-CALDECTT,4,2
10357,2025,10,4,JUVENILE,J-DVD,34,36
10358,2025,10,4,JUVENILE,J-EASY,72,47
10359,2025,10,4,JUVENILE,J-EASY-PIC,1,0
10360,2025,10,4,JUVENILE,J-FIC,91,109
10361,2025,10,4,JUVENILE,J-GRA,102,92
10362,2025,10,4,JUVENILE,J-KIT,1,3
10363,2025,10,4,JUVENILE,J-NEWBERY,4,3
10364,2025,10,4,JUVENILE,J-NF,82,79
10365,2025,10,4,JUVENILE,J-PBK,20,20
10366,2025,10,4,JUVENILE,J-PIC-BOOK,215,133
10367,2025,10,4,JUVENILE,J-SPA,3,3
10368,2025,10,4,JUVENILE,YA,14,15
10369,2025,10,4,JUVENILE,YA-FIC,8,9
10370,2025,10,4,JUVENILE,YA-GRA,12,8
10371,2025,10,4,JUVENILE,YA-PBK,3,3
10372,2025,10,4,MISSING,A-FIC,5,0
10373,2025,10,4,MISSING,A-LEASE-FI,1,0
10374,2025,10,4,MISSING,A-NF,1,0
10375,2025,10,4,MISSING,J-EASY,1,0
10376,2025,10,4,MISSING,J-NF,3,0
10377,2025,10,4,MISSING,J-PIC-BOOK,3,0
10378,2025,10,4,PRGMNG,A-AUD,1,0
10379,2025,10,4,PRGMNG,A-DVD,3,8
10380,2025,10,4,PRGMNG,A-FIC,9,1
10381,2025,10,4,PRGMNG,A-LP-FIC,1,0
10382,2025,10,4,PRGMNG,A-MYSTERY,1,0
10383,2025,10,4,PRGMNG,A-NF,21,1
10384,2025,10,4,PRGMNG,J-BOARD-BK,1,0
10385,2025,10,4,PRGMNG,J-DVD,1,2
10386,2025,10,4,PRGMNG,J-EASY,7,0
10387,2025,10,4,PRGMNG,J-NF,2,0
10388,2025,10,4,PRGMNG,J-PIC-BOOK,24,0
10389,2025,10,4,PRGMNG,J-SEASONAL,1,0
10391,2025,10,4,PRGMNG,YA-NF,1,0
10392,2025,10,4,STAFF-PERS,A-DVD,3,3
10393,2025,10,4,STAFF-PERS,A-FIC,10,4
10394,2025,10,4,STAFF-PERS,A-GRA,1,9
10395,2025,10,4,STAFF-PERS,A-LEASE-FI,1,0
10396,2025,10,4,STAFF-PERS,A-LEASE-NF,1,0
10397,2025,10,4,STAFF-PERS,A-LP,2,0
10398,2025,10,4,STAFF-PERS,A-LP-FIC,2,0
10399,2025,10,4,STAFF-PERS,A-MYSTERY,1,0
10400,2025,10,4,STAFF-PERS,A-NEWBK-FI,11,1
10401,2025,10,4,STAFF-PERS,A-NEWBK-NF,1,0
10402,2025,10,4,STAFF-PERS,A-NF,6,3
10403,2025,10,4,STAFF-PERS,ILL,1,0
10404,2025,10,4,STAFF-PERS,J-BOARD-BK,1,0
10405,2025,10,4,STAFF-PERS,J-DVD,3,1
10406,2025,10,4,STAFF-PERS,J-EASY,3,0
10407,2025,10,4,STAFF-PERS,J-FIC,4,1
10408,2025,10,4,STAFF-PERS,J-GRA,3,0
10409,2025,10,4,STAFF-PERS,J-NF,6,0
10410,2025,10,4,STAFF-PERS,J-PIC-BOOK,4,0
10411,2025,10,4,STAFF-PERS,J-SPA,1,0
10412,2025,10,4,STAFF-PERS,YA,1,0
10413,2025,10,4,STAFF-PERS,YA-FIC,1,0
10414,2025,10,4,STAFF-PERS,YA-GRA,2,0
10415,2025,10,4,TEEN,A-NF,2,2
10416,2025,10,4,TEEN,YA-FIC,1,1
10417,2025,10,4,YCLCIRC,A-LP,1,0
10418,2025,10,4,YCLCIRC,A-NEWBK-FI,1,0
10419,2025,10,4,YCLCIRC,A-NEWBK-NF,1,0
10420,2025,10,4,YCLCIRC,A-NF,1,0
10421,2025,10,4,YCLCIRC,J-PIC-BOOK,1,0
10422,2025,10,14,ADULT,A-FIC,45,10
10423,2025,10,14,ADULT,A-INCL-C,1,0
10424,2025,10,14,ADULT,A-LEASE-LP,1,0
10425,2025,10,14,ADULT,A-LP,1,0
10426,2025,10,14,ADULT,A-LP-FIC,3,0
10427,2025,10,14,ADULT,A-NEWBK-FI,11,3
10428,2025,10,14,ADULT,A-NEWBK-LP,1,0
10429,2025,10,14,ADULT,A-NF,20,22
10430,2025,10,14,ADULT,A-PBK,1,0
10431,2025,10,14,ADULT,A-SFI-FAN,2,0
10432,2025,10,14,ADULT,A-VID-GAME,4,4
10433,2025,10,14,ADULT,J-AUD,1,1
10434,2025,10,14,ADULT,J-AUD-CD,1,1
10435,2025,10,14,ADULT,J-BEGINREA,3,1
10436,2025,10,14,ADULT,J-BOARD-NF,1,0
10437,2025,10,14,ADULT,J-CALDECTT,2,1
10438,2025,10,14,ADULT,J-EASY,5,0
10439,2025,10,14,ADULT,J-EASY-F,1,1
10440,2025,10,14,ADULT,J-FIC,8,8
10441,2025,10,14,ADULT,J-GRA,1,6
10442,2025,10,14,ADULT,J-GRA-COM,1,0
10443,2025,10,14,ADULT,J-NF,5,14
10444,2025,10,14,ADULT,J-PBK,2,1
10445,2025,10,14,ADULT,J-PIC-BOOK,15,18
10446,2025,10,14,ADULT,YA,1,0
10447,2025,10,14,ADULT,YA-FIC,3,0
10448,2025,10,14,ADULT,YA-PBK,1,0
10449,2025,10,14,ADULT,YA-VID-GAM,1,1
10450,2025,10,14,JUVENILE,J-ABC-CON,1,1
10451,2025,10,14,JUVENILE,J-BEGINREA,1,0
10452,2025,10,14,JUVENILE,J-BOARD-BK,1,0
10453,2025,10,14,JUVENILE,J-DVD,1,0
10454,2025,10,14,JUVENILE,J-EASY,6,2
10455,2025,10,14,JUVENILE,J-FIC,10,0
10456,2025,10,14,JUVENILE,J-GRA,2,0
10457,2025,10,14,JUVENILE,J-HOLIDAY,1,0
10458,2025,10,14,JUVENILE,J-NF,7,1
10459,2025,10,14,JUVENILE,J-PBK,2,0
10460,2025,10,14,JUVENILE,J-PIC-BOOK,10,1
10461,2025,10,14,JUVENILE,J-ROOM,1,1
10462,2025,10,1,ADULT,A-AUD,1,20
10463,2025,10,1,ADULT,A-AUD-CD,2,43
10464,2025,10,1,ADULT,A-BIO,1,7
10465,2025,10,1,ADULT,A-DVD,4,47
10466,2025,10,1,ADULT,A-FIC,30,999
10467,2025,10,1,ADULT,A-GRA,5,74
10468,2025,10,1,ADULT,A-KIT,1,0
10469,2025,10,1,ADULT,A-LEASE-FI,2,120
10470,2025,10,1,ADULT,A-LP-FIC,2,119
10471,2025,10,1,ADULT,A-LP-NF,2,7
10472,2025,10,1,ADULT,A-MUSIC-CD,1,0
10473,2025,10,1,ADULT,A-NEWBK-FI,39,201
10474,2025,10,1,ADULT,A-NEWBK-LP,2,46
10475,2025,10,1,ADULT,A-NEWBK-NF,3,82
10476,2025,10,1,ADULT,A-NF,7,733
10477,2025,10,1,ADULT,A-VID-GAME,1,31
10478,2025,10,1,ADULT,J-DVD,1,62
10479,2025,10,1,ADULT,J-FIC,1,402
10480,2025,10,1,ADULT,J-GRA,6,180
10481,2025,10,1,ADULT,J-NF,6,491
10482,2025,10,1,ADULT,J-PIC-BOOK,1,963
10483,2025,10,1,ADULT,YA-GRA,7,105
10484,2025,10,1,ADULT,YA-VID-GAM,1,46
10485,2025,10,1,DAMAGED,A-AUD-CD,2,0
10486,2025,10,1,DAMAGED,A-BK-CLUB,1,0
10487,2025,10,1,DAMAGED,A-DVD,3,0
10488,2025,10,1,DAMAGED,A-HOMESCH,1,0
10489,2025,10,1,DAMAGED,A-HOTSPOT,1,0
10490,2025,10,1,DAMAGED,A-LP,1,0
10491,2025,10,1,DAMAGED,A-LP-FIC,1,0
10492,2025,10,1,DAMAGED,A-NEWBK-LP,1,0
10493,2025,10,1,DAMAGED,A-NEWBK-NF,1,0
10494,2025,10,1,DAMAGED,A-NF,2,3
10495,2025,10,1,DAMAGED,J-AUD,1,0
10496,2025,10,1,DAMAGED,J-DVD,11,0
10497,2025,10,1,DAMAGED,J-FIC,4,0
10498,2025,10,1,DAMAGED,J-GRA,2,0
10499,2025,10,1,DAMAGED,J-PBK,1,0
10500,2025,10,1,DAMAGED,J-PIC-BOOK,2,0
10501,2025,10,1,DAMAGED,YA-GRA,2,0
10502,2025,10,1,DISCARD,A-AUD-CD,1,0
10503,2025,10,1,DISCARD,A-FIC,135,0
10504,2025,10,1,DISCARD,A-LP,2,0
10505,2025,10,1,DISCARD,A-LP-FIC,1,0
10506,2025,10,1,DISCARD,A-NEWBK-LP,1,0
10507,2025,10,1,DISCARD,A-NF,4,0
10508,2025,10,1,DISCARD,ILL,27,0
10509,2025,10,1,DISCARD,J-EASY,1,0
10510,2025,10,1,DISCARD,J-FIC,2,0
10511,2025,10,1,DISCARD,J-GRA,2,0
10512,2025,10,1,DISCARD,J-NF,5,0
10513,2025,10,1,DISCARD,J-PBK,9,0
10514,2025,10,1,DISCARD,J-PIC-BOOK,6,0
10515,2025,10,1,ILL,A-FIC,1,0
10516,2025,10,1,ILL,A-NF,1,0
10517,2025,10,1,INST-TEACH,J-PBK,1,0
10518,2025,10,1,J-INTERNET,YA-GRA,1,82
10519,2025,10,1,JUVENILE,A-FIC,5,8
10520,2025,10,1,JUVENILE,A-GRA,2,12
10521,2025,10,1,JUVENILE,A-LEASE-FI,2,1
10522,2025,10,1,JUVENILE,A-NEWBK-FI,1,1
10523,2025,10,1,JUVENILE,J-FIC,3,130
10524,2025,10,1,JUVENILE,J-GRA,3,84
10525,2025,10,1,JUVENILE,YA-FIC,1,8
10526,2025,10,1,JUVENILE,YA-GRA,12,43
10527,2025,10,1,MISSING,A-AUD,4,0
10528,2025,10,1,MISSING,A-FIC,1,0
10529,2025,10,1,MISSING,A-NEWBK-NF,1,0
10530,2025,10,1,MISSING,A-NF,1,0
10531,2025,10,1,MISSING,J-PIC-BOOK,1,0
10532,2025,10,1,MISSING,YA-FIC,1,0
10533,2025,10,1,MISSING,YA-VID-GAM,1,0
10534,2025,10,1,PRGMNG,A-LEASE-FI,1,0
10535,2025,10,1,PRGMNG,A-NEWBK-FI,2,0
10536,2025,10,1,PRGMNG,A-NEWBK-NF,1,0
10537,2025,10,1,PRGMNG,A-NF,4,0
10538,2025,10,1,PRGMNG,ILL,6,0
10539,2025,10,1,PRGMNG,J-DVD,1,0
10540,2025,10,1,PRGMNG,J-EASY,2,5
10541,2025,10,1,PRGMNG,J-NF,3,7
10542,2025,10,1,PRGMNG,J-PIC-BOOK,5,15
10543,2025,10,1,PRGMNG,J-SPA,1,0
10544,2025,10,1,PRGMNG,YA,11,0
10545,2025,10,1,PRGMNG,YA-FIC,11,0
10546,2025,10,1,PRGMNG,YA-GRA,4,0
10547,2025,10,1,PRGMNG,YA-NF,1,0
10548,2025,10,1,PRGMNG,YA-PBK,1,0
10549,2025,10,1,STAFF-PERS,A-AUD,8,0
10550,2025,10,1,STAFF-PERS,A-AUD-CD,1,1
10551,2025,10,1,STAFF-PERS,A-DVD,4,5
10552,2025,10,1,STAFF-PERS,A-DVD-TV,1,1
10553,2025,10,1,STAFF-PERS,A-FIC,14,42
10554,2025,10,1,STAFF-PERS,A-GRA,7,3
10555,2025,10,1,STAFF-PERS,A-LEASE-FI,2,1
10556,2025,10,1,STAFF-PERS,A-LEASE-NF,1,0
10557,2025,10,1,STAFF-PERS,A-LP,1,2
10558,2025,10,1,STAFF-PERS,A-LP-FIC,1,0
10559,2025,10,1,STAFF-PERS,A-LP-NF,1,0
10560,2025,10,1,STAFF-PERS,A-MYSTERY,2,2
10561,2025,10,1,STAFF-PERS,A-NEWBK-FI,7,8
10562,2025,10,1,STAFF-PERS,A-NEWBK-LP,1,2
10563,2025,10,1,STAFF-PERS,A-NEWBK-NF,3,3
10564,2025,10,1,STAFF-PERS,A-NF,16,18
10565,2025,10,1,STAFF-PERS,A-REF-BUS,1,0
10566,2025,10,1,STAFF-PERS,A-VID-GAME,1,4
10567,2025,10,1,STAFF-PERS,J-FIC,5,7
10568,2025,10,1,STAFF-PERS,J-GRA,1,1
10569,2025,10,1,STAFF-PERS,J-PIC-BOOK,1,2
10570,2025,10,1,STAFF-PERS,T-GRA,1,0
10571,2025,10,1,STAFF-PERS,YA,7,1
10572,2025,10,1,STAFF-PERS,YA-DVD,1,0
10573,2025,10,1,STAFF-PERS,YA-FIC,7,6
10574,2025,10,1,STAFF-PERS,YA-VID-GAM,7,1
10575,2025,10,1,YCLCIRC,A-NF,1,0
10576,2025,10,5,A-NONRES,A-NF,2,0
10577,2025,10,5,ADULT,A-AFR-AMER,1,0
10578,2025,10,5,ADULT,A-AUD,20,7
10579,2025,10,5,ADULT,A-AUD-CD,34,10
10580,2025,10,5,ADULT,A-AUD-F,1,0
10581,2025,10,5,ADULT,A-BIO,7,1
10582,2025,10,5,ADULT,A-BK-CLUB,3,0
10583,2025,10,5,ADULT,A-DVD,135,52
10584,2025,10,5,ADULT,A-DVD-FIC,1,3
10585,2025,10,5,ADULT,A-DVD-TV,1,0
10586,2025,10,5,ADULT,A-FIC,811,185
10587,2025,10,5,ADULT,A-GRA,7,5
10588,2025,10,5,ADULT,A-HOMESCH,31,4
10589,2025,10,5,ADULT,A-HOTSPOT,125,1
10590,2025,10,5,ADULT,A-INCL-C,1,0
10591,2025,10,5,ADULT,A-KIT-HOBB,8,0
10592,2025,10,5,ADULT,A-LEASE-FI,21,9
10593,2025,10,5,ADULT,A-LEASE-LP,4,0
10594,2025,10,5,ADULT,A-LP,205,29
10595,2025,10,5,ADULT,A-LP-FIC,47,8
10596,2025,10,5,ADULT,A-LP-MYS,1,0
10597,2025,10,5,ADULT,A-LP-NF,2,1
10598,2025,10,5,ADULT,A-LP-WEST,1,0
10599,2025,10,5,ADULT,A-MUSIC-CD,1,0
10600,2025,10,5,ADULT,A-MYSTERY,10,3
10601,2025,10,5,ADULT,A-NEWBK,2,0
10602,2025,10,5,ADULT,A-NEWBK-FI,223,41
10603,2025,10,5,ADULT,A-NEWBK-LP,43,18
10604,2025,10,5,ADULT,A-NEWBK-NF,51,18
10605,2025,10,5,ADULT,A-NF,411,131
10606,2025,10,5,ADULT,A-PBK,3,0
10607,2025,10,5,ADULT,A-SCIFIC,1,0
10608,2025,10,5,ADULT,A-SFI-FAN,2,0
10609,2025,10,5,ADULT,A-SPA,7,0
10610,2025,10,5,ADULT,A-STACKS,3,1
10611,2025,10,5,ADULT,A-VID-GAME,5,2
10612,2025,10,5,ADULT,A-VIS-MEDI,3,1
10613,2025,10,5,ADULT,A-WESTERN,6,0
10614,2025,10,5,ADULT,ILL,20,0
10615,2025,10,5,ADULT,J-AUD,3,0
10616,2025,10,5,ADULT,J-BEGINREA,6,1
10617,2025,10,5,ADULT,J-BIO,6,0
10618,2025,10,5,ADULT,J-BOARD-BK,4,3
10619,2025,10,5,ADULT,J-CALDECTT,26,5
10620,2025,10,5,ADULT,J-DVD,139,29
10621,2025,10,5,ADULT,J-EASY,413,31
10622,2025,10,5,ADULT,J-EASY-F,10,0
10623,2025,10,5,ADULT,J-EASY-PIC,1,0
10624,2025,10,5,ADULT,J-FIC,342,86
10625,2025,10,5,ADULT,J-GRA,203,18
10626,2025,10,5,ADULT,J-HOLIDAY,1,0
10627,2025,10,5,ADULT,J-INVESTIN,1,0
10628,2025,10,5,ADULT,J-KIT,7,3
10629,2025,10,5,ADULT,J-NEWBERY,12,3
10630,2025,10,5,ADULT,J-NF,555,119
10631,2025,10,5,ADULT,J-PBK,58,5
10632,2025,10,5,ADULT,J-PIC-BOOK,1066,91
10633,2025,10,5,ADULT,J-SC,3,0
10634,2025,10,5,ADULT,J-SEASONAL,1,0
10635,2025,10,5,ADULT,J-SPA,12,4
10636,2025,10,5,ADULT,J-VIDEO,1,0
10637,2025,10,5,ADULT,T-FIC,1,0
10638,2025,10,5,ADULT,YA,40,18
10639,2025,10,5,ADULT,YA-FIC,27,7
10640,2025,10,5,ADULT,YA-GRA,42,5
10641,2025,10,5,ADULT,YA-MANGA,11,5
10642,2025,10,5,ADULT,YA-NF,1,1
10643,2025,10,5,ADULT,YA-PBK,4,1
10644,2025,10,5,DAMAGED,A-HOTSPOT,8,0
10645,2025,10,5,DAMAGED,J-DVD,1,0
10646,2025,10,5,DAMAGED,J-PBK,1,0
10647,2025,10,5,DISCARD,A-AUD,1,0
10648,2025,10,5,DISCARD,A-AUD-CD,31,0
10649,2025,10,5,DISCARD,A-FIC,405,0
10650,2025,10,5,DISCARD,A-LP,5,0
10651,2025,10,5,DISCARD,A-NF,67,0
10652,2025,10,5,DISCARD,ILL,69,0
10653,2025,10,5,DISCARD,J-EASY,2,0
10654,2025,10,5,DISCARD,J-FIC,1,0
10655,2025,10,5,DISCARD,J-GRA,17,0
10656,2025,10,5,DISCARD,J-NF,139,0
10657,2025,10,5,DISCARD,J-PBK,1,0
10658,2025,10,5,DISCARD,J-PIC-BOOK,3,0
10659,2025,10,5,DISCARD,YA,1,0
10660,2025,10,5,DISCARD,YA-GRA,1,0
10661,2025,10,5,INST-TEACH,A-FIC,1,0
10662,2025,10,5,INST-TEACH,A-HOMESCH,1,0
10663,2025,10,5,INST-TEACH,A-NF,1,0
10664,2025,10,5,INST-TEACH,J-EASY,5,0
10665,2025,10,5,INST-TEACH,J-EASY-F,1,0
10666,2025,10,5,INST-TEACH,J-NF,13,0
10667,2025,10,5,INST-TEACH,J-PIC-BOOK,14,0
10668,2025,10,5,J-INTERNET,A-DVD,1,0
10669,2025,10,5,J-INTERNET,A-FIC,12,0
10670,2025,10,5,J-INTERNET,A-GRA,1,1
10671,2025,10,5,J-INTERNET,A-HOMESCH,3,0
10672,2025,10,5,J-INTERNET,A-KIT-HOBB,1,0
10673,2025,10,5,J-INTERNET,A-NEWBK-FI,1,0
10674,2025,10,5,J-INTERNET,A-NF,3,8
10675,2025,10,5,J-INTERNET,J-AUD,1,0
10676,2025,10,5,J-INTERNET,J-CALDECTT,2,0
10677,2025,10,5,J-INTERNET,J-DVD,49,14
10678,2025,10,5,J-INTERNET,J-EASY,59,9
10679,2025,10,5,J-INTERNET,J-FIC,113,31
10680,2025,10,5,J-INTERNET,J-GRA,100,16
10681,2025,10,5,J-INTERNET,J-KIT,1,0
10682,2025,10,5,J-INTERNET,J-NF,78,21
10683,2025,10,5,J-INTERNET,J-PBK,20,3
10684,2025,10,5,J-INTERNET,J-PIC-BOOK,140,41
10685,2025,10,5,J-INTERNET,YA,7,3
10686,2025,10,5,J-INTERNET,YA-FIC,6,1
10687,2025,10,5,J-INTERNET,YA-GRA,35,0
10688,2025,10,5,J-INTERNET,YA-PBK,3,1
10689,2025,10,5,JUVENILE,A-DVD,13,0
10690,2025,10,5,JUVENILE,A-FIC,11,0
10691,2025,10,5,JUVENILE,A-GRA,1,0
10692,2025,10,5,JUVENILE,A-HOMESCH,10,0
10693,2025,10,5,JUVENILE,A-LP,2,0
10694,2025,10,5,JUVENILE,A-NEWBK-FI,6,1
10695,2025,10,5,JUVENILE,A-NF,9,2
10696,2025,10,5,JUVENILE,A-SC-FIC,1,0
10697,2025,10,5,JUVENILE,A-VID-GAME,3,2
10698,2025,10,5,JUVENILE,J-AUD,2,2
10699,2025,10,5,JUVENILE,J-BEGINREA,5,1
10700,2025,10,5,JUVENILE,J-BOARD-BK,1,0
10701,2025,10,5,JUVENILE,J-DVD,69,6
10702,2025,10,5,JUVENILE,J-EASY,56,4
10703,2025,10,5,JUVENILE,J-EASY-F,2,1
10704,2025,10,5,JUVENILE,J-FIC,137,15
10705,2025,10,5,JUVENILE,J-GRA,107,10
10706,2025,10,5,JUVENILE,J-GRA-COM,2,0
10707,2025,10,5,JUVENILE,J-KIT,2,1
10708,2025,10,5,JUVENILE,J-NF,68,7
10709,2025,10,5,JUVENILE,J-PBK,20,6
10710,2025,10,5,JUVENILE,J-PIC-BOOK,114,12
10711,2025,10,5,JUVENILE,J-SEASONAL,1,0
10712,2025,10,5,JUVENILE,J-SERIES,1,0
10713,2025,10,5,JUVENILE,YA,6,0
10714,2025,10,5,JUVENILE,YA-GRA,22,0
10715,2025,10,5,JUVENILE,YA-GRA-COM,1,0
10716,2025,10,5,JUVENILE,YA-MANGA,2,0
10717,2025,10,5,JUVENILE,YA-PBK,1,1
10718,2025,10,5,MISSING,A-FIC,4,0
10719,2025,10,5,MISSING,A-HOTSPOT,4,0
10720,2025,10,5,MISSING,A-NEWBK-NF,1,0
10721,2025,10,5,MISSING,A-NF,1,0
10722,2025,10,5,MISSING,J-BEGINREA,1,0
10723,2025,10,5,MISSING,J-EASY,2,0
10724,2025,10,5,MISSING,J-FIC,1,0
10725,2025,10,5,MISSING,J-NF,2,0
10726,2025,10,5,MISSING,J-PIC-BOOK,4,0
10727,2025,10,5,MISSING,YA-FIC,1,0
10728,2025,10,5,MISSING,YA-GRA,1,0
10729,2025,10,5,PRGMNG,A-AUD,2,0
10730,2025,10,5,PRGMNG,A-BK-CLUB,1,0
10731,2025,10,5,PRGMNG,A-FIC,35,1
10732,2025,10,5,PRGMNG,A-GRA,1,0
10733,2025,10,5,PRGMNG,A-LP,1,0
10734,2025,10,5,PRGMNG,A-LP-FIC,3,0
10735,2025,10,5,PRGMNG,A-NF,8,1
10736,2025,10,5,PRGMNG,J-DVD,1,0
10737,2025,10,5,PRGMNG,J-EASY,4,1
10738,2025,10,5,PRGMNG,J-VIS-MEDI,1,0
10739,2025,10,5,PRGMNG,YA-PBK,1,0
10740,2025,10,5,STAFF-PERS,A-AUD,1,0
10741,2025,10,5,STAFF-PERS,A-AUD-CD,7,0
10742,2025,10,5,STAFF-PERS,A-DVD,9,12
10743,2025,10,5,STAFF-PERS,A-FIC,2,4
10744,2025,10,5,STAFF-PERS,A-GRA,1,0
10745,2025,10,5,STAFF-PERS,A-LEASE-FI,2,1
10746,2025,10,5,STAFF-PERS,A-NEWBK-FI,2,1
10747,2025,10,5,STAFF-PERS,A-NF,21,7
10748,2025,10,5,STAFF-PERS,A-VID-GAME,1,3
10749,2025,10,5,STAFF-PERS,ILL,1,0
10750,2025,10,5,STAFF-PERS,J-DVD,1,2
10751,2025,10,5,STAFF-PERS,J-EASY,4,0
10752,2025,10,5,STAFF-PERS,J-GRA,2,0
10753,2025,10,5,STAFF-PERS,J-PIC-BOOK,2,0
10754,2025,10,5,STAFF-PERS,T-FIC,1,1
10755,2025,10,5,STAFF-PERS,YA,1,0
10756,2025,10,5,STAFF-PERS,YA-GRA,1,1
10757,2025,10,5,,A-DVD,2,0
10758,2025,10,5,,A-FIC,1,0
10759,2025,10,5,,A-HOTSPOT,1,0
10760,2025,10,5,,J-EASY,4,0
10761,2025,10,5,,J-PIC-BOOK,5,0
10762,2025,10,15,ADULT,A-BLU-RAY,1,0
10763,2025,10,15,ADULT,A-DVD,15,0
10764,2025,10,15,ADULT,A-DVD-FIC,2,0
10765,2025,10,15,ADULT,A-DVD-TV,3,0
10766,2025,10,15,ADULT,A-FIC,17,0
10767,2025,10,15,ADULT,A-GRA,1,0
10768,2025,10,15,ADULT,A-INCL-C,1,0
10769,2025,10,15,ADULT,A-LEASE-FI,1,0
10770,2025,10,15,ADULT,A-LEASE-LP,1,0
10771,2025,10,15,ADULT,A-LP,4,0
10772,2025,10,15,ADULT,A-LP-FIC,1,0
10773,2025,10,15,ADULT,A-NEWBK-FI,10,0
10774,2025,10,15,ADULT,A-NEWBK-LP,1,0
10775,2025,10,15,ADULT,A-NEWBK-NF,2,0
10776,2025,10,15,ADULT,A-NF,38,0
10777,2025,10,15,ADULT,A-VIS-MEDI,1,0
10778,2025,10,15,ADULT,J-BEGINREA,3,0
10779,2025,10,15,ADULT,J-BOARD-BK,1,0
10780,2025,10,15,ADULT,J-CALDECTT,1,0
10781,2025,10,15,ADULT,J-EASY,10,0
10782,2025,10,15,ADULT,J-EASY-F,1,0
10783,2025,10,15,ADULT,J-FIC,4,0
10784,2025,10,15,ADULT,J-NF,10,0
10785,2025,10,15,ADULT,J-PIC-BOOK,26,0
10786,2025,10,15,ADULT,J-SPA,1,0
10787,2025,10,15,ADULT,YA,2,0
10788,2025,10,15,ADULT,YA-DVD,1,0
10789,2025,10,15,ADULT,YA-NF,1,0
10790,2025,10,15,INST-TEACH,J-NF,1,0
10791,2025,10,15,INST-TEACH,J-PIC-BOOK,1,0
10792,2025,10,15,J-INTERNET,J-BOARD-BK,1,0
10793,2025,10,15,J-INTERNET,J-FIC,6,0
10794,2025,10,15,J-INTERNET,J-GRA,7,0
10795,2025,10,15,J-INTERNET,J-NF,1,0
10796,2025,10,15,J-INTERNET,J-PIC-BOOK,1,0
10797,2025,10,15,J-INTERNET,YA-VID-GAM,1,0
10798,2025,10,15,JUVENILE,A-FIC,2,0
10799,2025,10,15,JUVENILE,A-NF,2,0
10800,2025,10,15,JUVENILE,J-FIC,2,0
10801,2025,10,15,JUVENILE,YA,1,0
10802,2025,10,15,JUVENILE,YA-PBK,1,0
10803,2025,10,6,ADULT,A-SC-DOC,0,1
10804,2025,10,6,ADULT,J-CALDECTT,0,2
10805,2025,10,6,ADULT,J-SC,0,1
10806,2025,10,6,ADULT,YA-FIC,0,1
10807,2025,10,6,HOMEBOUND,A-PLAYAWAY,0,2
10808,2025,10,6,J-INTERNET,J-DVD,0,4
10809,2025,10,6,J-INTERNET,YA,0,1
10810,2025,10,6,J-INTERNET,YA-FIC,0,1
10811,2025,10,6,J-INTERNET,YA-GRA,0,6
10812,2025,10,6,JUVENILE,A-LEASE-LP,0,2
10813,2025,10,6,JUVENILE,J-NEWBERY,0,1
10814,2025,10,6,STAFF-PERS,A-FIC,0,2
10815,2025,10,2,A-NONRES,J-CALDECTT,0,2
10816,2025,10,2,A-NONRES,J-EASY,0,6
10817,2025,10,2,A-NONRES,J-PIC-BOOK,0,2
10818,2025,10,2,ADULT,A-SFI-FAN,0,1
10819,2025,10,2,ADULT,J-EASY-PBK,0,1
10820,2025,10,2,ADULT,J-VIS-MEDI,0,1
10821,2025,10,2,ADULT,YA-NF,0,2
10822,2025,10,2,ADULT,YA-PBK,0,6
10823,2025,10,2,JUVENILE,A-BIO,0,1
10824,2025,10,2,JUVENILE,A-DVD,0,5
10825,2025,10,2,JUVENILE,A-SPA,0,1
10826,2025,10,2,JUVENILE,J-NEWBERY,0,1
10827,2025,10,2,JUVENILE,YA-VID-GAM,0,1
10828,2025,10,2,STAFF-PERS,YA-FIC,0,1
10829,2025,10,2,TEEN,J-FIC,0,3
10830,2025,10,2,TEEN,J-GRA,0,5
10831,2025,10,2,TEEN,YA,0,1
10832,2025,10,2,TEEN,YA-GRA,0,2
10833,2025,10,2,TEEN,YA-PBK,0,1
10834,2025,10,12,ADULT,J-NEWBERY,0,2
10835,2025,10,12,ADULT,J-PBK,0,1
10836,2025,10,12,ADULT,YA-FIC,0,1
10837,2025,10,12,ADULT,YA-PBK,0,1
10838,2025,10,12,ADULT,YA-VID-GAM,0,1
10839,2025,10,12,JUVENILE,J-PIC-BOOK,0,1
10840,2025,10,3,A-NONRES,A-HOMESCH,0,1
10841,2025,10,3,A-NONRES,A-LEASE-FI,0,1
10842,2025,10,3,A-NONRES,J-BOARD-BK,0,1
10843,2025,10,3,A-NONRES,J-PBK,0,1
10844,2025,10,3,A-NONRES,J-SPA,0,2
10845,2025,10,3,A-NONRES,YA,0,6
10846,2025,10,3,A-NONRES,YA-PBK,0,1
10847,2025,10,3,ADULT,A-AUD-NF,0,1
10848,2025,10,3,ADULT,A-INCL-C,0,2
10849,2025,10,3,ADULT,A-PARENT,0,3
10850,2025,10,3,ADULT,A-PLAYAWAY,0,1
10851,2025,10,3,ADULT,J-GRA-BIO,0,1
10852,2025,10,3,ADULT,J-MEDIA,0,1
10853,2025,10,3,ADULT,J-NEW,0,1
10854,2025,10,3,ADULT,J-OVERSIZE,0,1
10855,2025,10,3,ADULT,J-SC-AWARD,0,2
10856,2025,10,3,ADULT,T-DVD,0,1
10857,2025,10,3,ADULT,YA-BLU-RAY,0,2
10858,2025,10,3,ADULT,YA-CLASSIC,0,1
10859,2025,10,3,J-INTERNET,A-NEWBK,0,1
10860,2025,10,3,J-INTERNET,YA-MANGA,0,2
10861,2025,10,3,JUVENILE,A-SFI-FAN,0,2
10862,2025,10,3,STAFF-PERS,A-LP,0,1
10863,2025,10,3,STAFF-PERS,A-NEWBK-LP,0,1
10864,2025,10,3,TEEN,A-NEWBK-FI,0,2
10865,2025,10,3,TEEN,J-PBK,0,1
10866,2025,10,3,TEEN,YA-FIC,0,1
10867,2025,10,13,ADULT,A-MUSIC-CD,0,1
10868,2025,10,13,ADULT,YA-GRA-COM,0,1
10869,2025,10,13,ADULT,YA-NEW,0,2
10870,2025,10,13,J-INTERNET,A-HOMESCH,0,2
10871,2025,10,13,JUVENILE,A-FIC,0,6
10872,2025,10,13,JUVENILE,J-AUD,0,1
10873,2025,10,13,TEEN,J-FIC,0,1
10874,2025,10,4,A-NONRES,A-NF,0,2
10875,2025,10,4,A-NONRES,J-NF,0,1
10876,2025,10,4,A-NONRES,YA,0,1
10877,2025,10,4,ADULT,A-GRA,0,1
10878,2025,10,4,ADULT,A-SC-FIC,0,1
10879,2025,10,4,ADULT,J-BOARD-NF,0,1
10880,2025,10,4,J-INTERNET,A-NF,0,1
10881,2025,10,4,J-INTERNET,YA-GRA,0,4
10882,2025,10,4,JUVENILE,A-AUD-CD,0,1
10883,2025,10,4,JUVENILE,A-SFI-FAN,0,1
10884,2025,10,4,JUVENILE,J-EASY-F,0,4
10885,2025,10,4,TEEN,A-FIC,0,1
10886,2025,10,4,TEEN,YA-GRA,0,2
10887,2025,10,14,ADULT,A-DEMENTIA,0,2
10888,2025,10,14,ADULT,A-MYSTERY,0,1
10889,2025,10,14,ADULT,A-NEWBK-NF,0,2
10890,2025,10,14,ADULT,J-DVD,0,1
10891,2025,10,14,ADULT,YA-NF,0,2
10892,2025,10,14,J-INTERNET,J-PIC-BOOK,0,1
10893,2025,10,14,JUVENILE,A-VID-GAME,0,2
10894,2025,10,14,STAFF-PERS,A-NEWBK-FI,0,2
10895,2025,10,1,A-NONRES,A-AUD-CD,0,1
10896,2025,10,1,A-NONRES,A-DVD,0,8
10897,2025,10,1,A-NONRES,A-FIC,0,2
10898,2025,10,1,A-NONRES,A-LP-FIC,0,2
10899,2025,10,1,A-NONRES,A-NF,0,1
10900,2025,10,1,A-NONRES,J-AUD,0,1
10901,2025,10,1,A-NONRES,J-DVD,0,1
10902,2025,10,1,ADULT,A-AFR-AMER,0,1
10903,2025,10,1,ADULT,A-AUD-F,0,1
10904,2025,10,1,ADULT,A-BK-CLUB,0,2
10905,2025,10,1,ADULT,A-CHILDHOO,0,5
10906,2025,10,1,ADULT,A-DVD-TV,0,4
10907,2025,10,1,ADULT,A-FIC-CHRI,0,1
10908,2025,10,1,ADULT,A-FIC-PBK,0,1
10909,2025,10,1,ADULT,A-FIC-URBN,0,2
10910,2025,10,1,ADULT,A-HOMESCH,0,26
10911,2025,10,1,ADULT,A-INCL-C,0,1
10912,2025,10,1,ADULT,A-LEASE-LP,0,27
10913,2025,10,1,ADULT,A-LEASE-NF,0,14
10914,2025,10,1,ADULT,A-LP,0,143
10915,2025,10,1,ADULT,A-LP-BIO,0,3
10916,2025,10,1,ADULT,A-LP-WEST,0,1
10917,2025,10,1,ADULT,A-MYSTERY,0,7
10918,2025,10,1,ADULT,A-NEWBK,0,1
10919,2025,10,1,ADULT,A-PARENT,0,1
10920,2025,10,1,ADULT,A-PBK,0,3
10921,2025,10,1,ADULT,A-SC-FIC,0,1
10922,2025,10,1,ADULT,A-SCIFIC,0,3
10923,2025,10,1,ADULT,A-SFI-FAN,0,1
10924,2025,10,1,ADULT,A-SPA,0,15
10925,2025,10,1,ADULT,A-SPA-NF,0,1
10926,2025,10,1,ADULT,A-STACKS,0,2
10927,2025,10,1,ADULT,A-VIS-MEDI,0,2
10928,2025,10,1,ADULT,A-WESTERN,0,2
10929,2025,10,1,ADULT,J-AUD,0,20
10930,2025,10,1,ADULT,J-BEGINREA,0,3
10931,2025,10,1,ADULT,J-BOARD-BK,0,12
10932,2025,10,1,ADULT,J-CALDECTT,0,21
10933,2025,10,1,ADULT,J-EASY,0,359
10934,2025,10,1,ADULT,J-EASY-F,0,5
10935,2025,10,1,ADULT,J-EASY-PBK,0,1
10936,2025,10,1,ADULT,J-EASY-PIC,0,3
10937,2025,10,1,ADULT,J-GRA-COM,0,2
10938,2025,10,1,ADULT,J-HOLIDAY,0,1
10939,2025,10,1,ADULT,J-KIT,0,2
10940,2025,10,1,ADULT,J-NEWBERY,0,28
10941,2025,10,1,ADULT,J-PBK,0,88
10942,2025,10,1,ADULT,J-SERIES,0,2
10943,2025,10,1,ADULT,J-SPA,0,29
10944,2025,10,1,ADULT,YA,0,59
10945,2025,10,1,ADULT,YA-DVD,0,2
10946,2025,10,1,ADULT,YA-FIC,0,51
10947,2025,10,1,ADULT,YA-MANGA,0,3
10948,2025,10,1,ADULT,YA-NEW,0,1
10949,2025,10,1,ADULT,YA-NF,0,6
10950,2025,10,1,ADULT,YA-PBK,0,8
10951,2025,10,1,ADULT,YA-PLAYAWY,0,2
10952,2025,10,1,ADULT,YA-ROOM,0,1
10953,2025,10,1,ADULT,YA-SPA,0,1
10954,2025,10,1,INST-TEACH,J-EASY,0,1
10955,2025,10,1,INST-TEACH,J-KIT,0,2
10956,2025,10,1,J-INTERNET,A-AUD-CD,0,2
10957,2025,10,1,J-INTERNET,A-DVD,0,1
10958,2025,10,1,J-INTERNET,A-FIC,0,15
10959,2025,10,1,J-INTERNET,A-GRA,0,20
10960,2025,10,1,J-INTERNET,A-HOMESCH,0,1
10961,2025,10,1,J-INTERNET,A-KIT-HOBB,0,1
10962,2025,10,1,J-INTERNET,A-LEASE-FI,0,2
10963,2025,10,1,J-INTERNET,A-LEASE-LP,0,1
10964,2025,10,1,J-INTERNET,A-LEASE-NF,0,1
10965,2025,10,1,J-INTERNET,A-LP,0,1
10966,2025,10,1,J-INTERNET,A-NEWBK-FI,0,3
10967,2025,10,1,J-INTERNET,A-NEWBK-LP,0,2
10968,2025,10,1,J-INTERNET,A-NF,0,39
10969,2025,10,1,J-INTERNET,A-SFI-FAN,0,1
10970,2025,10,1,J-INTERNET,A-VID-GAME,0,1
10971,2025,10,1,J-INTERNET,J-AUD,0,8
10972,2025,10,1,J-INTERNET,J-BOARD-BK,0,1
10973,2025,10,1,J-INTERNET,J-CALDECTT,0,3
10974,2025,10,1,J-INTERNET,J-DVD,0,5
10975,2025,10,1,J-INTERNET,J-EASY,0,81
10976,2025,10,1,J-INTERNET,J-EASY-F,0,3
10977,2025,10,1,J-INTERNET,J-FIC,0,96
10978,2025,10,1,J-INTERNET,J-GRA,0,90
10979,2025,10,1,J-INTERNET,J-NEWBERY,0,4
10980,2025,10,1,J-INTERNET,J-NF,0,108
10981,2025,10,1,J-INTERNET,J-PBK,0,37
10982,2025,10,1,J-INTERNET,J-PIC-BOOK,0,149
10983,2025,10,1,J-INTERNET,J-ROOM,0,2
10984,2025,10,1,J-INTERNET,J-SPA,0,3
10985,2025,10,1,J-INTERNET,YA,0,15
10986,2025,10,1,J-INTERNET,YA-FIC,0,17
10987,2025,10,1,J-INTERNET,YA-PBK,0,4
10988,2025,10,1,J-INTERNET,YA-VID-GAM,0,6
10989,2025,10,1,J-NONRES,J-FIC,0,1
10990,2025,10,1,JUVENILE,A-AUD-CD,0,1
10991,2025,10,1,JUVENILE,A-DVD,0,1
10992,2025,10,1,JUVENILE,A-HOMESCH,0,8
10993,2025,10,1,JUVENILE,A-NEWBK-NF,0,1
10994,2025,10,1,JUVENILE,A-NF,0,27
10995,2025,10,1,JUVENILE,A-VID-GAME,0,3
10996,2025,10,1,JUVENILE,J-AUD,0,14
10997,2025,10,1,JUVENILE,J-CALDECTT,0,10
10998,2025,10,1,JUVENILE,J-DVD,0,26
10999,2025,10,1,JUVENILE,J-EASY,0,69
11000,2025,10,1,JUVENILE,J-EASY-F,0,2
11001,2025,10,1,JUVENILE,J-NEWBERY,0,8
11002,2025,10,1,JUVENILE,J-NF,0,112
11003,2025,10,1,JUVENILE,J-PBK,0,19
11004,2025,10,1,JUVENILE,J-PIC-BOOK,0,173
11005,2025,10,1,JUVENILE,J-SERIES,0,1
11006,2025,10,1,JUVENILE,J-SPA,0,1
11007,2025,10,1,JUVENILE,YA,0,12
11008,2025,10,1,JUVENILE,YA-AUD,0,1
11009,2025,10,1,JUVENILE,YA-NF,0,1
11010,2025,10,1,JUVENILE,YA-PBK,0,2
11011,2025,10,1,JUVENILE,YA-VID-GAM,0,5
11012,2025,10,1,PRGMNG,A-BK-CLUB,0,4
11013,2025,10,1,PRGMNG,J-BOARD-BK,0,6
11014,2025,10,1,PRGMNG,J-EASY-PIC,0,1
11015,2025,10,1,PRGMNG,J-FIC,0,1
11016,2025,10,1,STAFF-PERS,A-CHRISTIA,0,2
11017,2025,10,1,STAFF-PERS,J-EASY,0,1
11018,2025,10,1,STAFF-PERS,J-EASY-PIC,0,1
11019,2025,10,1,STAFF-PERS,J-NF,0,4
11020,2025,10,1,STAFF-PERS,J-ROOM,0,1
11021,2025,10,1,STAFF-PERS,SC-NF,0,1
11022,2025,10,1,STAFF-PERS,YA-GRA,0,9
11023,2025,10,1,STAFF-PERS,YA-VIDEO,0,1
11024,2025,10,1,TEEN,J-NF,0,2
11025,2025,10,1,,J-FIC,0,1
11026,2025,10,1,,YA,0,2
11027,2025,10,16,ADULT,A-AUD-CD,0,1
11028,2025,10,16,ADULT,A-DVD,0,2
11029,2025,10,16,ADULT,A-FIC,0,7
11030,2025,10,16,ADULT,A-LP,0,1
11031,2025,10,16,ADULT,A-LP-FIC,0,1
11032,2025,10,16,ADULT,A-NEWBK-FI,0,2
11033,2025,10,16,ADULT,A-NEWBK-NF,0,2
11034,2025,10,16,ADULT,A-NF,0,4
11035,2025,10,16,ADULT,A-SFI-FAN,0,1
11036,2025,10,16,ADULT,A-VIS-MEDI,0,1
11037,2025,10,16,ADULT,J-EASY,0,1
11038,2025,10,16,ADULT,J-FIC,0,10
11039,2025,10,16,ADULT,J-GRA,0,3
11040,2025,10,16,ADULT,J-NEWBERY,0,1
11041,2025,10,16,ADULT,J-PBK,0,1
11042,2025,10,16,ADULT,J-PIC-BOOK,0,1
11043,2025,10,16,J-INTERNET,J-BOARD-BK,0,1
11044,2025,10,16,J-INTERNET,J-FIC,0,1
11045,2025,10,16,J-INTERNET,J-GRA,0,5
11046,2025,10,16,J-INTERNET,J-PIC-BOOK,0,4
11047,2025,10,16,JUVENILE,A-NF,0,1
11048,2025,10,16,JUVENILE,J-FIC,0,1
11049,2025,10,16,JUVENILE,J-PIC-BOOK,0,2
11050,2025,10,5,ADULT,YA-DVD,0,1
11051,2025,10,5,J-INTERNET,J-BOARD-BK,0,2
11052,2025,10,5,JUVENILE,J-EASY-PIC,0,1
11053,2025,10,5,JUVENILE,YA-VID-GAM,0,1
11054,2025,10,5,STAFF-PERS,A-LP,0,2
11055,2025,10,5,STAFF-PERS,A-NEWBK-LP,0,4
11056,2025,10,5,STAFF-PERS,A-NEWBK-NF,0,2
11057,2025,10,5,STAFF-PERS,J-NF,0,2
11058,2025,10,5,STAFF-PERS,YA-NF,0,1
11059,2025,9,6,ADULT,A-AUD,3,1
11060,2025,9,6,ADULT,A-AUD-CD,4,3
11061,2025,9,6,ADULT,A-BK-CLUB,3,0
11062,2025,9,6,ADULT,A-DVD,16,23
11063,2025,9,6,ADULT,A-FIC,41,28
11064,2025,9,6,ADULT,A-GRA,2,1
11065,2025,9,6,ADULT,A-HOTSPOT,1,0
11066,2025,9,6,ADULT,A-KIT-HOBB,1,3
11067,2025,9,6,ADULT,A-LEASE-FI,16,10
11068,2025,9,6,ADULT,A-LEASE-LP,115,157
11069,2025,9,6,ADULT,A-LEASE-NF,6,15
11070,2025,9,6,ADULT,A-LP,51,9
11071,2025,9,6,ADULT,A-LP-FIC,23,6
11072,2025,9,6,ADULT,A-LP-MYS,1,2
11073,2025,9,6,ADULT,A-LP-NF,1,0
11074,2025,9,6,ADULT,A-MYSTERY,1,1
11075,2025,9,6,ADULT,A-NEWBK-FI,9,4
11076,2025,9,6,ADULT,A-NEWBK-LP,23,30
11077,2025,9,6,ADULT,A-NEWBK-NF,11,1
11078,2025,9,6,ADULT,A-NF,35,20
11079,2025,9,6,ADULT,A-PLAYAWAY,40,35
11080,2025,9,6,ADULT,A-SC-DOC,1,1
11081,2025,9,6,ADULT,J-BOARD-BK,1,0
11082,2025,9,6,ADULT,J-CALDECTT,4,1
11083,2025,9,6,ADULT,J-DVD,9,13
11084,2025,9,6,ADULT,J-EASY,121,30
11085,2025,9,6,ADULT,J-FIC,36,12
11086,2025,9,6,ADULT,J-GRA,46,8
11087,2025,9,6,ADULT,J-KINDERBO,4,0
11088,2025,9,6,ADULT,J-KIT,1,2
11089,2025,9,6,ADULT,J-NF,104,21
11090,2025,9,6,ADULT,J-PIC-BOOK,179,43
11091,2025,9,6,ADULT,J-SC,1,0
11092,2025,9,6,ADULT,J-SPA,9,7
11093,2025,9,6,ADULT,YA,3,4
11094,2025,9,6,ADULT,YA-FIC,2,1
11095,2025,9,6,ADULT,YA-GRA,11,1
11096,2025,9,6,ADULT,YA-NF,2,0
11097,2025,9,6,ADULT,YA-VID-GAM,3,2
11098,2025,9,6,DISCARD,A-LP,1,0
11099,2025,9,6,DISCARD,A-NEWBK-LP,1,0
11100,2025,9,6,DISCARD,J-NF,1,0
11101,2025,9,6,DISCARD,J-PIC-BOOK,2,0
11102,2025,9,6,HOMEBOUND,A-AUD,7,0
11103,2025,9,6,HOMEBOUND,A-AUD-CD,8,1
11104,2025,9,6,HOMEBOUND,A-AUD-MP3,3,6
11105,2025,9,6,HOMEBOUND,A-DVD,4,0
11106,2025,9,6,HOMEBOUND,A-DVD-TV,1,0
11107,2025,9,6,HOMEBOUND,A-FIC,5,0
11108,2025,9,6,HOMEBOUND,A-LEASE-LP,8,1
11109,2025,9,6,HOMEBOUND,A-LEASE-NF,1,0
11110,2025,9,6,HOMEBOUND,A-LP,12,0
11111,2025,9,6,HOMEBOUND,A-LP-FIC,13,0
11112,2025,9,6,HOMEBOUND,A-NEWBK-LP,3,1
11113,2025,9,6,HOMEBOUND,A-NEWBK-NF,2,3
11114,2025,9,6,HOMEBOUND,A-NF,31,0
11115,2025,9,6,HOMEBOUND,A-PLAYAWAY,6,1
11116,2025,9,6,HOMEBOUND,J-DVD,5,0
11117,2025,9,6,HOMEBOUND,J-EASY,1,0
11118,2025,9,6,HOMEBOUND,J-FIC,1,1
11119,2025,9,6,HOMEBOUND,J-NF,47,1
11120,2025,9,6,HOMEBOUND,J-PIC-BOOK,3,0
11121,2025,9,6,HOMEBOUND,YA-DVD,2,0
11122,2025,9,6,HOMEBOUND,YA-NF,2,0
11123,2025,9,6,INST-TEACH,J-AUD,5,0
11124,2025,9,6,INST-TEACH,J-CALDECTT,9,1
11125,2025,9,6,INST-TEACH,J-EASY,213,4
11126,2025,9,6,INST-TEACH,J-EASY-PIC,1,0
11127,2025,9,6,INST-TEACH,J-FIC,4,0
11128,2025,9,6,INST-TEACH,J-GRA,10,0
11129,2025,9,6,INST-TEACH,J-KINDERBO,26,0
11130,2025,9,6,INST-TEACH,J-NEWBERY,1,0
11131,2025,9,6,INST-TEACH,J-NF,83,2
11132,2025,9,6,INST-TEACH,J-PBK,1,0
11133,2025,9,6,INST-TEACH,J-PIC-BOOK,447,4
11134,2025,9,6,INST-TEACH,J-SPA,5,0
11135,2025,9,6,INST-TEACH,YA-GRA,2,0
11136,2025,9,6,J-INTERNET,A-GRA,1,0
11137,2025,9,6,J-INTERNET,J-DVD,2,0
11138,2025,9,6,J-INTERNET,J-EASY,5,0
11139,2025,9,6,J-INTERNET,J-FIC,8,0
11140,2025,9,6,J-INTERNET,J-GRA,30,2
11141,2025,9,6,J-INTERNET,J-NF,8,0
11142,2025,9,6,J-INTERNET,J-PIC-BOOK,6,1
11143,2025,9,6,J-INTERNET,YA,1,0
11144,2025,9,6,J-INTERNET,YA-FIC,1,0
11145,2025,9,6,J-INTERNET,YA-GRA,5,0
11146,2025,9,6,JUVENILE,A-GRA,5,0
11147,2025,9,6,JUVENILE,A-LEASE-FI,1,3
11148,2025,9,6,JUVENILE,A-LEASE-LP,2,2
11149,2025,9,6,JUVENILE,A-NF,3,0
11150,2025,9,6,JUVENILE,J-EASY,41,4
11151,2025,9,6,JUVENILE,J-FIC,41,17
11152,2025,9,6,JUVENILE,J-GRA,66,17
11153,2025,9,6,JUVENILE,J-NEWBERY,1,0
11154,2025,9,6,JUVENILE,J-NF,54,15
11155,2025,9,6,JUVENILE,J-PBK,3,2
11156,2025,9,6,JUVENILE,J-PIC-BOOK,44,8
11157,2025,9,6,JUVENILE,J-SPA,3,2
11158,2025,9,6,JUVENILE,YA,4,12
11159,2025,9,6,JUVENILE,YA-FIC,12,14
11160,2025,9,6,JUVENILE,YA-GRA,24,28
11161,2025,9,6,JUVENILE,YA-NF,2,2
11162,2025,9,6,JUVENILE,YA-VID-GAM,2,0
11163,2025,9,6,STAFF-PERS,A-FIC,2,5
11164,2025,9,6,STAFF-PERS,A-LEASE-FI,2,0
11165,2025,9,6,STAFF-PERS,A-LEASE-NF,1,0
11166,2025,9,6,STAFF-PERS,A-NEWBK-FI,1,0
11167,2025,9,6,STAFF-PERS,A-NF,3,6
11168,2025,9,6,STAFF-PERS,J-EASY,1,0
11169,2025,9,6,STAFF-PERS,J-KINDERBO,10,0
11170,2025,9,6,STAFF-PERS,J-PIC-BOOK,1,0
11171,2025,9,6,,J-DVD,1,0
11172,2025,9,2,A-NONRES,J-CALDECTT,1,0
11173,2025,9,2,A-NONRES,J-EASY,3,0
11174,2025,9,2,A-NONRES,J-PIC-BOOK,1,0
11175,2025,9,2,ADULT,A-AUD,5,3
11176,2025,9,2,ADULT,A-AUD-CD,6,12
11177,2025,9,2,ADULT,A-BIO,2,5
11178,2025,9,2,ADULT,A-BLU-RAY,1,0
11179,2025,9,2,ADULT,A-CAROL-NF,1,1
11180,2025,9,2,ADULT,A-DVD,75,97
11181,2025,9,2,ADULT,A-DVD-FIC,1,1
11182,2025,9,2,ADULT,A-FIC,337,173
11183,2025,9,2,ADULT,A-GRA,3,2
11184,2025,9,2,ADULT,A-HOMESCH,1,22
11185,2025,9,2,ADULT,A-HOTSPOT,69,1
11186,2025,9,2,ADULT,A-KIT-HOBB,2,2
11187,2025,9,2,ADULT,A-LEASE-FI,5,3
11188,2025,9,2,ADULT,A-LEASE-LP,2,0
11189,2025,9,2,ADULT,A-LEASE-NF,2,0
11190,2025,9,2,ADULT,A-LP,43,27
11191,2025,9,2,ADULT,A-LP-FIC,17,9
11192,2025,9,2,ADULT,A-LP-MYS,2,0
11193,2025,9,2,ADULT,A-LP-WEST,1,0
11194,2025,9,2,ADULT,A-MYSTERY,4,5
11195,2025,9,2,ADULT,A-NEWBK,2,0
11196,2025,9,2,ADULT,A-NEWBK-FI,137,99
11197,2025,9,2,ADULT,A-NEWBK-LP,14,9
11198,2025,9,2,ADULT,A-NEWBK-NF,26,37
11199,2025,9,2,ADULT,A-NF,177,127
11200,2025,9,2,ADULT,A-PBK,2,0
11201,2025,9,2,ADULT,A-SC,1,0
11202,2025,9,2,ADULT,A-SCIFIC,1,1
11203,2025,9,2,ADULT,A-STACKS,2,0
11204,2025,9,2,ADULT,A-VID-GAME,2,3
11205,2025,9,2,ADULT,A-VIS-MEDI,1,1
11206,2025,9,2,ADULT,A-WESTERN,1,0
11207,2025,9,2,ADULT,ILL,25,0
11208,2025,9,2,ADULT,J-AUD,3,1
11209,2025,9,2,ADULT,J-BEGINREA,2,0
11210,2025,9,2,ADULT,J-BOARD-BK,14,7
11211,2025,9,2,ADULT,J-BRAILLE,1,0
11212,2025,9,2,ADULT,J-CALDECTT,22,2
11213,2025,9,2,ADULT,J-DVD,50,80
11214,2025,9,2,ADULT,J-EASY,236,130
11215,2025,9,2,ADULT,J-EASY-F,1,0
11216,2025,9,2,ADULT,J-EASY-PBK,2,0
11217,2025,9,2,ADULT,J-EASY-PIC,2,1
11218,2025,9,2,ADULT,J-FIC,131,95
11219,2025,9,2,ADULT,J-GRA,75,65
11220,2025,9,2,ADULT,J-KIT,2,3
11221,2025,9,2,ADULT,J-NEWBERY,7,7
11222,2025,9,2,ADULT,J-NF,157,169
11223,2025,9,2,ADULT,J-PBK,45,30
11224,2025,9,2,ADULT,J-PIC-BOOK,540,254
11225,2025,9,2,ADULT,J-SEASONAL,1,0
11226,2025,9,2,ADULT,J-SPA,8,3
11227,2025,9,2,ADULT,J-VIS-MEDI,1,1
11228,2025,9,2,ADULT,LOCAUTH,1,0
11229,2025,9,2,ADULT,YA,8,17
11230,2025,9,2,ADULT,YA-FIC,7,2
11231,2025,9,2,ADULT,YA-GRA,20,20
11232,2025,9,2,ADULT,YA-NF,2,0
11233,2025,9,2,ADULT,YA-PBK,6,2
11234,2025,9,2,ADULT,YA-VID-GAM,1,1
11235,2025,9,2,DAMAGED,A-DVD,1,0
11236,2025,9,2,DAMAGED,A-FIC,2,0
11237,2025,9,2,DAMAGED,A-HOTSPOT,1,0
11238,2025,9,2,DAMAGED,J-DVD,1,0
11239,2025,9,2,DAMAGED,J-EASY,1,0
11240,2025,9,2,DAMAGED,J-FIC,1,0
11241,2025,9,2,DAMAGED,J-GRA,2,0
11242,2025,9,2,DISCARD,A-DVD,1,0
11243,2025,9,2,DISCARD,A-FIC,4,0
11244,2025,9,2,DISCARD,A-NF,268,0
11245,2025,9,2,DISCARD,J-DVD,63,0
11246,2025,9,2,DISCARD,J-EASY,2,0
11247,2025,9,2,DISCARD,J-FIC,89,0
11248,2025,9,2,DISCARD,J-GRA,36,0
11249,2025,9,2,DISCARD,J-NF,82,0
11250,2025,9,2,DISCARD,J-PIC-BOOK,3,0
11251,2025,9,2,DISCARD,YA-GRA,3,0
11252,2025,9,2,J-INTERNET,A-FIC,2,3
11253,2025,9,2,J-INTERNET,A-NF,2,3
11254,2025,9,2,J-INTERNET,J-EASY,1,3
11255,2025,9,2,J-INTERNET,J-FIC,6,6
11256,2025,9,2,J-INTERNET,J-GRA,5,4
11257,2025,9,2,J-INTERNET,J-NF,1,17
11258,2025,9,2,J-INTERNET,J-PBK,3,8
11259,2025,9,2,J-INTERNET,J-PIC-BOOK,6,11
11260,2025,9,2,JUVENILE,A-BIO,1,0
11261,2025,9,2,JUVENILE,A-DVD,11,21
11262,2025,9,2,JUVENILE,A-FIC,6,5
11263,2025,9,2,JUVENILE,A-GRA,6,0
11264,2025,9,2,JUVENILE,A-NEWBK-FI,4,8
11265,2025,9,2,JUVENILE,A-NEWBK-NF,2,2
11266,2025,9,2,JUVENILE,A-NF,13,6
11267,2025,9,2,JUVENILE,A-SPA,1,0
11268,2025,9,2,JUVENILE,J-DVD,28,37
11269,2025,9,2,JUVENILE,J-EASY,50,59
11270,2025,9,2,JUVENILE,J-FIC,71,64
11271,2025,9,2,JUVENILE,J-GRA,99,43
11272,2025,9,2,JUVENILE,J-KIT,1,0
11273,2025,9,2,JUVENILE,J-NEWBERY,1,3
11274,2025,9,2,JUVENILE,J-NF,112,38
11275,2025,9,2,JUVENILE,J-PBK,16,19
11276,2025,9,2,JUVENILE,J-PIC-BOOK,131,97
11277,2025,9,2,JUVENILE,YA,7,7
11278,2025,9,2,JUVENILE,YA-FIC,3,1
11279,2025,9,2,JUVENILE,YA-GRA,26,5
11280,2025,9,2,JUVENILE,YA-VID-GAM,1,1
11281,2025,9,2,MISSING,A-DVD,2,0
11282,2025,9,2,MISSING,A-FIC,1,0
11283,2025,9,2,MISSING,A-LP,1,0
11284,2025,9,2,MISSING,A-NF,4,0
11285,2025,9,2,MISSING,J-FIC,2,0
11286,2025,9,2,MISSING,J-PBK,3,0
11287,2025,9,2,MISSING,J-PIC-BOOK,3,0
11288,2025,9,2,PRGMNG,A-FIC,15,0
11289,2025,9,2,PRGMNG,A-NF,2,0
11290,2025,9,2,PRGMNG,J-EASY,1,0
11291,2025,9,2,PRGMNG,J-FIC,1,0
11292,2025,9,2,PRGMNG,J-NF,1,0
11293,2025,9,2,PRGMNG,J-PIC-BOOK,1,0
11294,2025,9,2,PRGMNG,YA,10,0
11295,2025,9,2,PRGMNG,YA-FIC,5,0
11296,2025,9,2,PRGMNG,YA-GRA,1,0
11297,2025,9,2,PRGMNG,YA-PBK,1,0
11298,2025,9,2,STAFF-PERS,A-BIO,1,0
11299,2025,9,2,STAFF-PERS,A-DVD,1,0
11300,2025,9,2,STAFF-PERS,A-FIC,7,13
11301,2025,9,2,STAFF-PERS,A-GRA,24,2
11302,2025,9,2,STAFF-PERS,A-MYSTERY,1,0
11303,2025,9,2,STAFF-PERS,A-NEWBK-LP,1,1
11304,2025,9,2,STAFF-PERS,A-NF,29,7
11305,2025,9,2,STAFF-PERS,J-DVD,1,1
11306,2025,9,2,STAFF-PERS,J-EASY,17,1
11307,2025,9,2,STAFF-PERS,J-FIC,1,0
11308,2025,9,2,STAFF-PERS,J-NF,2,0
11309,2025,9,2,STAFF-PERS,J-PBK,1,0
11310,2025,9,2,STAFF-PERS,J-PIC-BOOK,12,1
11311,2025,9,2,STAFF-PERS,YA-FIC,2,1
11312,2025,9,2,STAFF-PERS,YA-GRA,32,2
11313,2025,9,2,STAFF-PERS,YA-GRA-COM,1,0
11314,2025,9,2,STAFF-PERS,YA-MANGA,1,0
11315,2025,9,2,TEEN,A-NF,3,0
11316,2025,9,2,TEEN,J-FIC,2,3
11317,2025,9,2,TEEN,J-GRA,2,5
11318,2025,9,2,TEEN,YA,1,1
11319,2025,9,2,TEEN,YA-GRA,6,0
11320,2025,9,2,TEEN,YA-PBK,1,1
11321,2025,9,2,,J-EASY,2,0
11322,2025,9,2,,J-NF,5,0
11323,2025,9,2,,J-PIC-BOOK,6,0
11324,2025,9,12,ADULT,A-DVD,1,0
11325,2025,9,12,ADULT,A-FIC,11,2
11326,2025,9,12,ADULT,A-LEASE-FI,1,0
11327,2025,9,12,ADULT,A-LP,1,0
11328,2025,9,12,ADULT,A-MYSTERY,1,0
11329,2025,9,12,ADULT,A-NEWBK-FI,1,0
11330,2025,9,12,ADULT,A-NEWBK-NF,2,1
11331,2025,9,12,ADULT,A-NF,6,2
11332,2025,9,12,ADULT,A-SCIFIC,1,0
11333,2025,9,12,ADULT,J-EASY,3,5
11334,2025,9,12,ADULT,J-FIC,6,3
11335,2025,9,12,ADULT,J-GRA,1,0
11336,2025,9,12,ADULT,J-NEWBERY,2,2
11337,2025,9,12,ADULT,J-NF,1,5
11338,2025,9,12,ADULT,J-PBK,1,1
11339,2025,9,12,ADULT,J-PIC-BOOK,11,10
11340,2025,9,12,ADULT,YA,2,2
11341,2025,9,12,ADULT,YA-FIC,2,2
11342,2025,9,12,ADULT,YA-PBK,1,0
11343,2025,9,12,ADULT,YA-VID-GAM,1,1
11344,2025,9,12,JUVENILE,J-CALDECTT,1,0
11345,2025,9,12,JUVENILE,J-PIC-BOOK,5,0
11346,2025,9,12,TEEN,J-FIC,1,1
11347,2025,9,3,A-NONRES,A-AUD,1,0
11348,2025,9,3,A-NONRES,A-AUD-CD,2,0
11349,2025,9,3,A-NONRES,A-DVD,7,10
11350,2025,9,3,A-NONRES,A-FIC,1,3
11351,2025,9,3,A-NONRES,A-HOMESCH,1,1
11352,2025,9,3,A-NONRES,A-KIT,1,0
11353,2025,9,3,A-NONRES,A-LEASE-FI,1,0
11354,2025,9,3,A-NONRES,A-NEWBK-FI,2,2
11355,2025,9,3,A-NONRES,A-NEWBK-NF,1,2
11356,2025,9,3,A-NONRES,A-NF,4,4
11357,2025,9,3,A-NONRES,J-EASY,8,1
11358,2025,9,3,A-NONRES,J-NF,1,9
11359,2025,9,3,A-NONRES,J-PIC-BOOK,15,7
11360,2025,9,3,A-NONRES,YA,1,5
11361,2025,9,3,ADULT,A-AFR-AMER,2,1
11362,2025,9,3,ADULT,A-AUD,47,8
11363,2025,9,3,ADULT,A-AUD-CD,81,50
11364,2025,9,3,ADULT,A-BIO,10,10
11365,2025,9,3,ADULT,A-BK-CLUB,9,0
11366,2025,9,3,ADULT,A-BLU-RAY,1,0
11367,2025,9,3,ADULT,A-CHILDHOO,1,1
11368,2025,9,3,ADULT,A-DVD,333,362
11369,2025,9,3,ADULT,A-DVD-FIC,3,5
11370,2025,9,3,ADULT,A-DVD-NEW,1,2
11371,2025,9,3,ADULT,A-DVD-TV,14,18
11372,2025,9,3,ADULT,A-F-LANG,1,0
11373,2025,9,3,ADULT,A-FIC,2056,1261
11374,2025,9,3,ADULT,A-FIC-CHRI,2,1
11375,2025,9,3,ADULT,A-GRA,57,18
11376,2025,9,3,ADULT,A-HOMESCH,68,59
11377,2025,9,3,ADULT,A-HOTSPOT,33,0
11378,2025,9,3,ADULT,A-INCL-C,2,2
11379,2025,9,3,ADULT,A-KIT,68,0
11380,2025,9,3,ADULT,A-KIT-HOBB,5,6
11381,2025,9,3,ADULT,A-LEASE-BK,1,0
11382,2025,9,3,ADULT,A-LEASE-FI,63,27
11383,2025,9,3,ADULT,A-LEASE-LP,21,4
11384,2025,9,3,ADULT,A-LEASE-NF,18,14
11385,2025,9,3,ADULT,A-LP,282,109
11386,2025,9,3,ADULT,A-LP-FIC,81,35
11387,2025,9,3,ADULT,A-LP-MYS,4,2
11388,2025,9,3,ADULT,A-LP-NF,5,5
11389,2025,9,3,ADULT,A-MUSIC-CD,20,0
11390,2025,9,3,ADULT,A-MYSTERY,15,7
11391,2025,9,3,ADULT,A-NEWBK,9,8
11392,2025,9,3,ADULT,A-NEWBK-FI,712,458
11393,2025,9,3,ADULT,A-NEWBK-LP,105,56
11394,2025,9,3,ADULT,A-NEWBK-NF,173,194
11395,2025,9,3,ADULT,A-NF,1242,1123
11396,2025,9,3,ADULT,A-OVERSIZE,1,0
11397,2025,9,3,ADULT,A-PARENT,1,2
11398,2025,9,3,ADULT,A-PBK,3,0
11399,2025,9,3,ADULT,A-PLAYAWAY,1,0
11400,2025,9,3,ADULT,A-SC,2,1
11401,2025,9,3,ADULT,A-SCIFIC,2,5
11402,2025,9,3,ADULT,A-SFI-FAN,3,4
11403,2025,9,3,ADULT,A-SND-REC,1,0
11404,2025,9,3,ADULT,A-SPA,4,2
11405,2025,9,3,ADULT,A-SPA-FIC,3,1
11406,2025,9,3,ADULT,A-VID,1,1
11407,2025,9,3,ADULT,A-VID-GAME,6,13
11408,2025,9,3,ADULT,A-VIS-MEDI,15,11
11409,2025,9,3,ADULT,A-WESTERN,1,0
11410,2025,9,3,ADULT,ILL,28,0
11411,2025,9,3,ADULT,J-AUD,26,12
11412,2025,9,3,ADULT,J-AUD-CD,1,0
11413,2025,9,3,ADULT,J-AUD-F,2,0
11414,2025,9,3,ADULT,J-BEGINREA,26,8
11415,2025,9,3,ADULT,J-BIO,15,5
11416,2025,9,3,ADULT,J-BOARD-BK,54,31
11417,2025,9,3,ADULT,J-BRAILLE,1,0
11418,2025,9,3,ADULT,J-CALDECTT,112,54
11419,2025,9,3,ADULT,J-DVD,316,435
11420,2025,9,3,ADULT,J-EASY,1374,880
11421,2025,9,3,ADULT,J-EASY-F,17,14
11422,2025,9,3,ADULT,J-EASY-PIC,9,19
11423,2025,9,3,ADULT,J-F-LANG,1,1
11424,2025,9,3,ADULT,J-F-LANG-F,1,0
11425,2025,9,3,ADULT,J-FIC,1264,1152
11426,2025,9,3,ADULT,J-GRA,813,562
11427,2025,9,3,ADULT,J-GRA-BIO,1,0
11428,2025,9,3,ADULT,J-GRA-COM,12,16
11429,2025,9,3,ADULT,J-HOLIDAY,5,0
11430,2025,9,3,ADULT,J-KIT,8,14
11431,2025,9,3,ADULT,J-MEDIA,1,0
11432,2025,9,3,ADULT,J-MUSIC,1,0
11433,2025,9,3,ADULT,J-MUSIC-CD,1,1
11434,2025,9,3,ADULT,J-NEW,4,0
11435,2025,9,3,ADULT,J-NEWBERY,45,59
11436,2025,9,3,ADULT,J-NF,1843,1278
11437,2025,9,3,ADULT,J-OVERSIZE,1,0
11438,2025,9,3,ADULT,J-PBK,262,216
11439,2025,9,3,ADULT,J-PIC-BOOK,4325,2654
11440,2025,9,3,ADULT,J-ROOM,4,3
11441,2025,9,3,ADULT,J-SC-AWARD,1,0
11442,2025,9,3,ADULT,J-SEASONAL,2,0
11443,2025,9,3,ADULT,J-SERIES,3,4
11444,2025,9,3,ADULT,J-SPA,55,42
11445,2025,9,3,ADULT,J-VIS-MEDI,5,9
11446,2025,9,3,ADULT,MAGAZINE,1,0
11447,2025,9,3,ADULT,PARENTING,2,1
11448,2025,9,3,ADULT,T-FIC,1,0
11449,2025,9,3,ADULT,UNKNOWN,2,0
11450,2025,9,3,ADULT,YA,146,128
11451,2025,9,3,ADULT,YA-AUD,1,1
11452,2025,9,3,ADULT,YA-BLU-RAY,1,0
11453,2025,9,3,ADULT,YA-CLASSIC,1,0
11454,2025,9,3,ADULT,YA-DVD,1,2
11455,2025,9,3,ADULT,YA-FIC,92,79
11456,2025,9,3,ADULT,YA-GRA,211,127
11457,2025,9,3,ADULT,YA-MANGA,2,0
11458,2025,9,3,ADULT,YA-NEW,1,0
11459,2025,9,3,ADULT,YA-NF,7,8
11460,2025,9,3,ADULT,YA-PBK,28,15
11461,2025,9,3,ADULT,YA-ROOM,2,0
11462,2025,9,3,ADULT,YA-SCIFIC,1,0
11463,2025,9,3,ADULT,YA-VID-GAM,4,6
11464,2025,9,3,DAMAGED,A-DVD,1,0
11465,2025,9,3,DAMAGED,A-FIC,1,0
11466,2025,9,3,DAMAGED,A-LP,1,0
11467,2025,9,3,DAMAGED,J-CALDECTT,2,0
11468,2025,9,3,DAMAGED,J-EASY,2,0
11469,2025,9,3,DAMAGED,J-FIC,5,0
11470,2025,9,3,DAMAGED,J-GRA,1,0
11471,2025,9,3,DAMAGED,J-NF,6,0
11472,2025,9,3,DAMAGED,J-PIC-BOOK,4,0
11473,2025,9,3,DISCARD,A-DVD,73,1
11474,2025,9,3,DISCARD,A-FIC,5,0
11475,2025,9,3,DISCARD,A-KIT,11,0
11476,2025,9,3,DISCARD,A-NEWBK-FI,1,0
11477,2025,9,3,DISCARD,A-NF,103,0
11478,2025,9,3,DISCARD,J-DVD,53,0
11479,2025,9,3,DISCARD,J-EASY,1,0
11480,2025,9,3,DISCARD,J-FIC,5,0
11481,2025,9,3,DISCARD,J-GRA,4,0
11482,2025,9,3,DISCARD,J-NEWBERY,1,0
11483,2025,9,3,DISCARD,J-NF,150,0
11484,2025,9,3,DISCARD,J-PBK,2,0
11485,2025,9,3,DISCARD,J-PIC-BOOK,14,0
11486,2025,9,3,DISCARD,J-REF,2,0
11487,2025,9,3,DISCARD,J-SPA,1,0
11488,2025,9,3,DISCARD,YA,13,0
11489,2025,9,3,DISCARD,YA-GRA,2,0
11490,2025,9,3,INST-TEACH,A-DVD,1,0
11491,2025,9,3,INST-TEACH,A-FIC,4,0
11492,2025,9,3,INST-TEACH,A-HOMESCH,1,0
11493,2025,9,3,INST-TEACH,A-LP,2,0
11494,2025,9,3,INST-TEACH,A-NF,5,0
11495,2025,9,3,INST-TEACH,J-CALDECTT,1,0
11496,2025,9,3,INST-TEACH,J-EASY,9,1
11497,2025,9,3,INST-TEACH,J-FIC,6,0
11498,2025,9,3,INST-TEACH,J-GRA,1,0
11499,2025,9,3,INST-TEACH,J-NEWBERY,1,0
11500,2025,9,3,INST-TEACH,J-NF,8,0
11501,2025,9,3,INST-TEACH,J-PBK,1,0
11502,2025,9,3,INST-TEACH,J-PIC-BOOK,44,0
11503,2025,9,3,J-INTERNET,A-DVD,2,12
11504,2025,9,3,J-INTERNET,A-FIC,13,13
11505,2025,9,3,J-INTERNET,A-HOMESCH,1,0
11506,2025,9,3,J-INTERNET,A-KIT,2,0
11507,2025,9,3,J-INTERNET,A-LEASE-FI,1,0
11508,2025,9,3,J-INTERNET,A-LP-FIC,1,2
11509,2025,9,3,J-INTERNET,A-NEWBK,1,0
11510,2025,9,3,J-INTERNET,A-NEWBK-FI,2,5
11511,2025,9,3,J-INTERNET,A-NEWBK-NF,1,0
11512,2025,9,3,J-INTERNET,A-NF,18,24
11513,2025,9,3,J-INTERNET,J-AUD,1,0
11514,2025,9,3,J-INTERNET,J-BEGINREA,1,0
11515,2025,9,3,J-INTERNET,J-BIO,1,0
11516,2025,9,3,J-INTERNET,J-CALDECTT,13,9
11517,2025,9,3,J-INTERNET,J-DVD,23,46
11518,2025,9,3,J-INTERNET,J-EASY,58,47
11519,2025,9,3,J-INTERNET,J-EASY-F,1,0
11520,2025,9,3,J-INTERNET,J-F-LANG,1,0
11521,2025,9,3,J-INTERNET,J-FIC,144,88
11522,2025,9,3,J-INTERNET,J-GRA,58,46
11523,2025,9,3,J-INTERNET,J-GRA-COM,2,0
11524,2025,9,3,J-INTERNET,J-KIT,1,2
11525,2025,9,3,J-INTERNET,J-NEWBERY,4,3
11526,2025,9,3,J-INTERNET,J-NF,120,61
11527,2025,9,3,J-INTERNET,J-PBK,18,17
11528,2025,9,3,J-INTERNET,J-PIC-BOOK,231,131
11872,2025,9,4,PRGMNG,A-DVD,3,0
11529,2025,9,3,J-INTERNET,J-SPA,5,0
11530,2025,9,3,J-INTERNET,YA,24,21
11531,2025,9,3,J-INTERNET,YA-FIC,7,8
11532,2025,9,3,J-INTERNET,YA-GRA,41,24
11533,2025,9,3,J-INTERNET,YA-MANGA,5,0
11534,2025,9,3,JUVENILE,A-DVD,3,5
11535,2025,9,3,JUVENILE,A-FIC,23,19
11536,2025,9,3,JUVENILE,A-GRA,12,0
11537,2025,9,3,JUVENILE,A-HOMESCH,1,5
11538,2025,9,3,JUVENILE,A-KIT,4,0
11539,2025,9,3,JUVENILE,A-LEASE-FI,1,0
11540,2025,9,3,JUVENILE,A-NEWBK-FI,8,6
11541,2025,9,3,JUVENILE,A-NEWBK-NF,1,0
11542,2025,9,3,JUVENILE,A-NF,78,44
11543,2025,9,3,JUVENILE,A-SFI-FAN,2,0
11544,2025,9,3,JUVENILE,J-AUD,3,2
11545,2025,9,3,JUVENILE,J-AUD-CD,1,0
11546,2025,9,3,JUVENILE,J-BEGINREA,1,1
11547,2025,9,3,JUVENILE,J-BIO,6,2
11548,2025,9,3,JUVENILE,J-BOARD-BK,3,1
11549,2025,9,3,JUVENILE,J-CALDECTT,11,17
11550,2025,9,3,JUVENILE,J-DVD,34,42
11551,2025,9,3,JUVENILE,J-DVD-F,1,2
11552,2025,9,3,JUVENILE,J-EASY,166,129
11553,2025,9,3,JUVENILE,J-EASY-F,1,2
11554,2025,9,3,JUVENILE,J-EASY-PIC,4,1
11555,2025,9,3,JUVENILE,J-FIC,254,218
11556,2025,9,3,JUVENILE,J-GRA,164,97
11557,2025,9,3,JUVENILE,J-GRA-COM,3,2
11558,2025,9,3,JUVENILE,J-KIT,2,3
11559,2025,9,3,JUVENILE,J-NEWBERY,5,8
11560,2025,9,3,JUVENILE,J-NF,264,227
11561,2025,9,3,JUVENILE,J-PBK,73,71
11562,2025,9,3,JUVENILE,J-PIC-BOOK,517,399
11563,2025,9,3,JUVENILE,J-ROOM,1,1
11564,2025,9,3,JUVENILE,J-SERIES,2,0
11565,2025,9,3,JUVENILE,J-SND-REC,1,0
11566,2025,9,3,JUVENILE,J-SPA,10,10
11567,2025,9,3,JUVENILE,J-VIS-MEDI,1,2
11568,2025,9,3,JUVENILE,YA,43,61
11569,2025,9,3,JUVENILE,YA-FIC,19,23
11570,2025,9,3,JUVENILE,YA-GRA,63,30
11571,2025,9,3,JUVENILE,YA-MANGA,3,16
11572,2025,9,3,JUVENILE,YA-PBK,9,7
11573,2025,9,3,JUVENILE,YA-SCIFIC,1,0
11574,2025,9,3,MISSING,A-AUD,1,0
11575,2025,9,3,MISSING,A-BIO,2,0
11576,2025,9,3,MISSING,A-DVD,3,0
11577,2025,9,3,MISSING,A-FIC,7,0
11578,2025,9,3,MISSING,A-HOMESCH,1,0
11579,2025,9,3,MISSING,A-LEASE-FI,1,0
11580,2025,9,3,MISSING,A-LP,1,0
11581,2025,9,3,MISSING,A-MYSTERY,1,0
11582,2025,9,3,MISSING,A-NEWBK,1,0
11583,2025,9,3,MISSING,A-NEWBK-FI,2,0
11584,2025,9,3,MISSING,A-NF,9,0
11585,2025,9,3,MISSING,J-CALDECTT,1,0
11586,2025,9,3,MISSING,J-DVD,1,0
11587,2025,9,3,MISSING,J-EASY,3,0
11588,2025,9,3,MISSING,J-FIC,2,0
11589,2025,9,3,MISSING,J-GRA,3,0
11590,2025,9,3,MISSING,J-GRA-COM,1,0
11591,2025,9,3,MISSING,J-NF,4,0
11592,2025,9,3,MISSING,J-PBK,1,0
11593,2025,9,3,MISSING,J-PIC-BOOK,8,0
11594,2025,9,3,MISSING,YA-FIC,1,0
11595,2025,9,3,MISSING,YA-PBK,1,0
11596,2025,9,3,PRGMNG,A-AUD,1,0
11597,2025,9,3,PRGMNG,A-BIO,2,0
11598,2025,9,3,PRGMNG,A-BK-CLUB,2,0
11599,2025,9,3,PRGMNG,A-F-LANG,1,0
11600,2025,9,3,PRGMNG,A-FIC,64,10
11601,2025,9,3,PRGMNG,A-LP,7,0
11602,2025,9,3,PRGMNG,A-LP-FIC,1,0
11603,2025,9,3,PRGMNG,A-NEWBK-FI,6,0
11604,2025,9,3,PRGMNG,A-NEWBK-LP,1,0
11605,2025,9,3,PRGMNG,A-NEWBK-NF,5,3
11606,2025,9,3,PRGMNG,A-NF,26,9
11607,2025,9,3,PRGMNG,A-SPA,2,0
11608,2025,9,3,PRGMNG,J-BEGINREA,2,0
11609,2025,9,3,PRGMNG,J-BOARD-BK,11,0
11610,2025,9,3,PRGMNG,J-BRAILLE,1,0
11611,2025,9,3,PRGMNG,J-CALDECTT,13,0
11612,2025,9,3,PRGMNG,J-EASY,153,3
11613,2025,9,3,PRGMNG,J-EASY-F,2,0
11614,2025,9,3,PRGMNG,J-FIC,12,2
11615,2025,9,3,PRGMNG,J-GRA,17,2
11616,2025,9,3,PRGMNG,J-HOLIDAY,3,0
11617,2025,9,3,PRGMNG,J-MEDIA,1,0
11618,2025,9,3,PRGMNG,J-NF,35,1
11619,2025,9,3,PRGMNG,J-PBK,2,0
11620,2025,9,3,PRGMNG,J-PIC-BOOK,753,5
11621,2025,9,3,PRGMNG,J-SPA,1,0
11622,2025,9,3,PRGMNG,PARENTING,1,0
11623,2025,9,3,PRGMNG,YA,2,0
11624,2025,9,3,PRGMNG,YA-FIC,2,0
11625,2025,9,3,PRGMNG,YA-PBK,1,0
11626,2025,9,3,STAFF-PERS,A-AUD,1,1
11627,2025,9,3,STAFF-PERS,A-AUD-CD,4,1
11628,2025,9,3,STAFF-PERS,A-CRAFTS,1,0
11629,2025,9,3,STAFF-PERS,A-DVD,4,0
11630,2025,9,3,STAFF-PERS,A-FIC,10,7
11631,2025,9,3,STAFF-PERS,A-GRA,2,3
11632,2025,9,3,STAFF-PERS,A-LEASE-FI,1,0
11633,2025,9,3,STAFF-PERS,A-LP,1,0
11634,2025,9,3,STAFF-PERS,A-LP-FIC,1,0
11635,2025,9,3,STAFF-PERS,A-NEWBK,1,0
11636,2025,9,3,STAFF-PERS,A-NEWBK-FI,17,11
11637,2025,9,3,STAFF-PERS,A-NEWBK-LP,1,1
11638,2025,9,3,STAFF-PERS,A-NEWBK-NF,1,12
11639,2025,9,3,STAFF-PERS,A-NF,22,12
11640,2025,9,3,STAFF-PERS,J-DVD,1,0
11641,2025,9,3,STAFF-PERS,J-EASY,22,34
11642,2025,9,3,STAFF-PERS,J-FIC,1,0
11643,2025,9,3,STAFF-PERS,J-NF,6,7
11644,2025,9,3,STAFF-PERS,J-PIC-BOOK,19,34
11645,2025,9,3,STAFF-PERS,J-VIS-MEDI,1,0
11646,2025,9,3,STAFF-PERS,YA,3,1
11647,2025,9,3,STAFF-PERS,YA-FIC,10,2
11648,2025,9,3,STAFF-PERS,YA-GRA,1,0
11649,2025,9,3,STAFF-PERS,YA-GRA-COM,1,0
11650,2025,9,3,TEEN,A-FIC,7,12
11651,2025,9,3,TEEN,A-NEWBK-FI,2,3
11652,2025,9,3,TEEN,A-NF,5,11
11653,2025,9,3,TEEN,J-FIC,3,5
11654,2025,9,3,TEEN,YA,7,1
11655,2025,9,3,TEEN,YA-FIC,2,4
11656,2025,9,3,,A-FIC,2,0
11657,2025,9,3,,J-EASY,1,0
11658,2025,9,3,,J-FIC,1,0
11659,2025,9,3,,J-PIC-BOOK,14,0
11660,2025,9,13,ADULT,A-AUD,1,0
11661,2025,9,13,ADULT,A-AUD-CD,5,2
11662,2025,9,13,ADULT,A-BIO,1,0
11663,2025,9,13,ADULT,A-DEMENTIA,1,0
11664,2025,9,13,ADULT,A-DVD,11,8
11665,2025,9,13,ADULT,A-DVD-TV,2,3
11666,2025,9,13,ADULT,A-FIC,80,45
11667,2025,9,13,ADULT,A-GRA,5,1
11668,2025,9,13,ADULT,A-LEASE-FI,8,2
11669,2025,9,13,ADULT,A-LEASE-LP,1,0
11670,2025,9,13,ADULT,A-LEASE-NF,3,1
11671,2025,9,13,ADULT,A-LP,11,9
11672,2025,9,13,ADULT,A-LP-FIC,3,0
11673,2025,9,13,ADULT,A-LP-NF,1,0
11674,2025,9,13,ADULT,A-MUSIC-CD,1,0
11675,2025,9,13,ADULT,A-MYSTERY,1,0
11676,2025,9,13,ADULT,A-NEWBK,1,0
11677,2025,9,13,ADULT,A-NEWBK-FI,25,10
11678,2025,9,13,ADULT,A-NEWBK-LP,2,0
11679,2025,9,13,ADULT,A-NEWBK-NF,8,8
11680,2025,9,13,ADULT,A-NF,79,44
11681,2025,9,13,ADULT,A-PARENT,1,0
11682,2025,9,13,ADULT,A-SCIFIC,2,1
11683,2025,9,13,ADULT,A-SFI-FAN,1,0
11684,2025,9,13,ADULT,A-VID-GAME,2,1
11685,2025,9,13,ADULT,A-VIS-MEDI,1,2
11686,2025,9,13,ADULT,J-AUD,1,4
11687,2025,9,13,ADULT,J-BEGINREA,3,1
11688,2025,9,13,ADULT,J-BIO,1,0
11689,2025,9,13,ADULT,J-BOARD-BK,5,2
11690,2025,9,13,ADULT,J-CALDECTT,2,1
11691,2025,9,13,ADULT,J-DVD,4,8
11692,2025,9,13,ADULT,J-EASY,7,8
11693,2025,9,13,ADULT,J-EASY-F,2,0
11694,2025,9,13,ADULT,J-FIC,34,31
11695,2025,9,13,ADULT,J-GRA,20,2
11696,2025,9,13,ADULT,J-GRA-COM,1,0
11697,2025,9,13,ADULT,J-MUSIC-CD,1,1
11698,2025,9,13,ADULT,J-NEWBERY,1,1
11699,2025,9,13,ADULT,J-NF,43,19
11700,2025,9,13,ADULT,J-PBK,5,8
11701,2025,9,13,ADULT,J-PIC-BOOK,29,23
11702,2025,9,13,ADULT,J-ROOM,1,1
11703,2025,9,13,ADULT,YA,6,0
11704,2025,9,13,ADULT,YA-FIC,10,7
11705,2025,9,13,ADULT,YA-GRA,3,1
11706,2025,9,13,ADULT,YA-GRA-COM,1,0
11707,2025,9,13,ADULT,YA-NEW,1,0
11708,2025,9,13,ADULT,YA-NF,1,1
11709,2025,9,13,DISCARD,J-GRA,3,0
11710,2025,9,13,DISCARD,J-NF,26,0
11711,2025,9,13,DISCARD,J-REF,1,0
11712,2025,9,13,DISCARD,YA,26,0
11713,2025,9,13,DISCARD,YA-GRA,6,0
11714,2025,9,13,INST-TEACH,J-BOARD-BK,1,0
11715,2025,9,13,INST-TEACH,J-NF,2,0
11716,2025,9,13,INST-TEACH,J-PIC-BOOK,12,0
11717,2025,9,13,J-INTERNET,A-HOMESCH,1,0
11718,2025,9,13,J-INTERNET,A-NF,2,0
11719,2025,9,13,J-INTERNET,J-FIC,9,1
11720,2025,9,13,J-INTERNET,J-GRA,8,0
11721,2025,9,13,J-INTERNET,J-NF,4,3
11722,2025,9,13,J-INTERNET,J-PBK,8,0
11723,2025,9,13,J-INTERNET,J-PIC-BOOK,1,0
11724,2025,9,13,JUVENILE,A-FIC,2,6
11725,2025,9,13,JUVENILE,A-NF,3,0
11726,2025,9,13,JUVENILE,J-AUD,1,0
11727,2025,9,13,JUVENILE,J-EASY-F,1,3
11728,2025,9,13,JUVENILE,J-FIC,11,10
11729,2025,9,13,JUVENILE,J-GRA,3,2
11730,2025,9,13,JUVENILE,J-NF,17,3
11731,2025,9,13,JUVENILE,J-PBK,5,6
11732,2025,9,13,JUVENILE,J-PIC-BOOK,2,1
11733,2025,9,13,PRGMNG,J-EASY,5,0
11734,2025,9,13,PRGMNG,J-PIC-BOOK,4,0
11735,2025,9,13,STAFF-PERS,A-FIC,1,0
11736,2025,9,13,TEEN,J-FIC,1,0
11737,2025,9,4,A-NONRES,A-FIC,2,4
11738,2025,9,4,A-NONRES,A-HOTSPOT,2,0
11739,2025,9,4,A-NONRES,A-NEWBK-FI,1,2
11740,2025,9,4,A-NONRES,A-NF,3,1
11741,2025,9,4,A-NONRES,J-EASY,8,8
11742,2025,9,4,A-NONRES,J-FIC,3,3
11743,2025,9,4,A-NONRES,J-GRA,1,0
11744,2025,9,4,A-NONRES,J-NF,1,3
11745,2025,9,4,A-NONRES,J-PBK,1,2
11746,2025,9,4,A-NONRES,J-PIC-BOOK,12,12
11747,2025,9,4,ADULT,A-AUD,39,20
11748,2025,9,4,ADULT,A-AUD-CD,50,17
11749,2025,9,4,ADULT,A-BIO,4,1
11750,2025,9,4,ADULT,A-BK-CLUB,10,0
11751,2025,9,4,ADULT,A-DVD,91,58
11752,2025,9,4,ADULT,A-FIC,605,336
11753,2025,9,4,ADULT,A-GRA,4,1
11754,2025,9,4,ADULT,A-HOTSPOT,16,0
11755,2025,9,4,ADULT,A-KIT-HOBB,3,1
11756,2025,9,4,ADULT,A-LEASE-BK,1,2
11757,2025,9,4,ADULT,A-LEASE-FI,19,6
11758,2025,9,4,ADULT,A-LEASE-LP,5,3
11759,2025,9,4,ADULT,A-LEASE-NF,3,1
11760,2025,9,4,ADULT,A-LP,98,42
11761,2025,9,4,ADULT,A-LP-FIC,20,6
11762,2025,9,4,ADULT,A-MYSTERY,3,1
11763,2025,9,4,ADULT,A-NEWBK,1,0
11764,2025,9,4,ADULT,A-NEWBK-FI,237,159
11765,2025,9,4,ADULT,A-NEWBK-LP,34,21
11766,2025,9,4,ADULT,A-NEWBK-NF,74,61
11767,2025,9,4,ADULT,A-NF,219,227
11768,2025,9,4,ADULT,A-SC-FIC,1,0
11769,2025,9,4,ADULT,A-SFI-FAN,1,2
11770,2025,9,4,ADULT,A-SPA-FIC,1,1
11771,2025,9,4,ADULT,A-STACKS,2,0
11772,2025,9,4,ADULT,A-VID-GAME,1,0
11773,2025,9,4,ADULT,A-VIS-MEDI,1,0
11774,2025,9,4,ADULT,ILL,1,0
11775,2025,9,4,ADULT,J-AUD,3,1
11776,2025,9,4,ADULT,J-BEGINREA,2,0
11777,2025,9,4,ADULT,J-BIO,1,1
11778,2025,9,4,ADULT,J-BOARD-BK,5,2
11779,2025,9,4,ADULT,J-CALDECTT,20,12
11780,2025,9,4,ADULT,J-DVD,59,91
11781,2025,9,4,ADULT,J-DVD-F,1,1
11782,2025,9,4,ADULT,J-EASY,326,243
11783,2025,9,4,ADULT,J-EASY-F,4,0
11784,2025,9,4,ADULT,J-EASY-PIC,2,0
11785,2025,9,4,ADULT,J-FIC,327,253
11786,2025,9,4,ADULT,J-GRA,182,139
11787,2025,9,4,ADULT,J-GRA-COM,3,3
11788,2025,9,4,ADULT,J-HOLIDAY,2,0
11789,2025,9,4,ADULT,J-KIT,3,4
11790,2025,9,4,ADULT,J-NEWBERY,13,12
11791,2025,9,4,ADULT,J-NF,363,190
11792,2025,9,4,ADULT,J-PBK,106,95
11793,2025,9,4,ADULT,J-PIC-BOOK,844,553
11794,2025,9,4,ADULT,J-SPA,11,10
11795,2025,9,4,ADULT,J-VIS-MEDI,1,1
11796,2025,9,4,ADULT,PARENTING,1,0
11797,2025,9,4,ADULT,T-GRA,1,0
11798,2025,9,4,ADULT,UNKNOWN,1,0
11799,2025,9,4,ADULT,YA,26,25
11800,2025,9,4,ADULT,YA-FIC,18,13
11801,2025,9,4,ADULT,YA-GRA,167,25
11802,2025,9,4,ADULT,YA-GRA-BIO,1,0
11803,2025,9,4,ADULT,YA-NF,1,0
11804,2025,9,4,ADULT,YA-PBK,5,0
11805,2025,9,4,DISCARD,A-DVD,29,1
11806,2025,9,4,DISCARD,A-FIC,62,0
11807,2025,9,4,DISCARD,A-LP,3,0
11808,2025,9,4,DISCARD,A-NF,121,0
11809,2025,9,4,DISCARD,DISCARD,1,0
11810,2025,9,4,DISCARD,J-CALDECTT,1,0
11811,2025,9,4,DISCARD,J-EASY,7,0
11812,2025,9,4,DISCARD,J-EASY-PIC,1,0
11813,2025,9,4,DISCARD,J-FIC,4,0
11814,2025,9,4,DISCARD,J-GRA,1,0
11815,2025,9,4,DISCARD,J-NF,1,0
11816,2025,9,4,DISCARD,J-PBK,6,0
11817,2025,9,4,DISCARD,J-PIC-BOOK,70,0
11818,2025,9,4,DISCARD,YA-GRA,1,0
11819,2025,9,4,J-INTERNET,A-FIC,5,6
11820,2025,9,4,J-INTERNET,A-NF,1,0
11821,2025,9,4,J-INTERNET,J-AUD,2,1
11822,2025,9,4,J-INTERNET,J-BEGINREA,1,1
11823,2025,9,4,J-INTERNET,J-CALDECTT,1,1
11824,2025,9,4,J-INTERNET,J-DVD,2,2
11825,2025,9,4,J-INTERNET,J-EASY,7,6
11826,2025,9,4,J-INTERNET,J-FIC,32,8
11827,2025,9,4,J-INTERNET,J-GRA,2,0
11828,2025,9,4,J-INTERNET,J-NEW,1,0
11829,2025,9,4,J-INTERNET,J-NEWBERY,1,0
11830,2025,9,4,J-INTERNET,J-NF,9,8
11831,2025,9,4,J-INTERNET,J-PBK,34,2
11832,2025,9,4,J-INTERNET,J-PIC-BOOK,27,15
11833,2025,9,4,J-INTERNET,YA,6,11
11834,2025,9,4,J-INTERNET,YA-GRA,4,4
11835,2025,9,4,JR-NONRES,J-PBK,1,0
11836,2025,9,4,JR-NONRES,J-PIC-BOOK,7,0
11837,2025,9,4,JUVENILE,A-AUD-CD,1,0
11838,2025,9,4,JUVENILE,A-FIC,2,11
11839,2025,9,4,JUVENILE,A-GRA,1,1
11840,2025,9,4,JUVENILE,A-KIT-HOBB,2,2
11841,2025,9,4,JUVENILE,A-LP,6,3
11842,2025,9,4,JUVENILE,A-NEWBK-NF,1,0
11843,2025,9,4,JUVENILE,A-NF,20,5
11844,2025,9,4,JUVENILE,J-BOARD-BK,1,1
11845,2025,9,4,JUVENILE,J-CALDECTT,2,2
11846,2025,9,4,JUVENILE,J-DVD,23,29
11847,2025,9,4,JUVENILE,J-EASY,76,41
11848,2025,9,4,JUVENILE,J-EASY-F,3,0
11849,2025,9,4,JUVENILE,J-FIC,98,121
11850,2025,9,4,JUVENILE,J-GRA,109,72
11851,2025,9,4,JUVENILE,J-KIT,2,1
11852,2025,9,4,JUVENILE,J-NEWBERY,4,5
11853,2025,9,4,JUVENILE,J-NF,95,68
11854,2025,9,4,JUVENILE,J-PBK,17,29
11855,2025,9,4,JUVENILE,J-PIC-BOOK,174,112
11856,2025,9,4,JUVENILE,J-PLAYAWAY,1,0
11857,2025,9,4,JUVENILE,J-SPA,2,3
11858,2025,9,4,JUVENILE,YA,9,6
11859,2025,9,4,JUVENILE,YA-FIC,4,6
11860,2025,9,4,JUVENILE,YA-GRA,2,1
11861,2025,9,4,MISSING,A-DVD,1,0
11862,2025,9,4,MISSING,A-DVD-TV,1,0
11863,2025,9,4,MISSING,A-FIC,1,0
11864,2025,9,4,MISSING,A-NEWBK-FI,3,0
11865,2025,9,4,MISSING,A-NF,1,0
11866,2025,9,4,MISSING,J-EASY,1,0
11867,2025,9,4,MISSING,J-NF,4,0
11868,2025,9,4,MISSING,J-PIC-BOOK,7,0
11869,2025,9,4,PRGMNG,A-AUD,1,0
11870,2025,9,4,PRGMNG,A-AUD-CD,1,0
11871,2025,9,4,PRGMNG,A-BK-CLUB,2,0
11873,2025,9,4,PRGMNG,A-FIC,32,0
11874,2025,9,4,PRGMNG,A-LP,10,0
11875,2025,9,4,PRGMNG,A-LP-FIC,5,0
11876,2025,9,4,PRGMNG,A-LP-NF,4,0
11877,2025,9,4,PRGMNG,A-NEWBK-FI,1,0
11878,2025,9,4,PRGMNG,A-NEWBK-NF,1,0
11879,2025,9,4,PRGMNG,A-NF,20,0
11880,2025,9,4,PRGMNG,J-EASY,3,0
11881,2025,9,4,PRGMNG,J-PIC-BOOK,7,0
11882,2025,9,4,PRGMNG,YA-FIC,1,0
11883,2025,9,4,STAFF-PERS,A-DVD,9,9
11884,2025,9,4,STAFF-PERS,A-FIC,9,0
11885,2025,9,4,STAFF-PERS,A-GRA,14,0
11886,2025,9,4,STAFF-PERS,A-LEASE-FI,1,0
11887,2025,9,4,STAFF-PERS,A-NEWBK-FI,13,3
11888,2025,9,4,STAFF-PERS,A-NEWBK-NF,1,0
11889,2025,9,4,STAFF-PERS,A-NF,8,4
11890,2025,9,4,STAFF-PERS,A-STACKS,1,0
11891,2025,9,4,STAFF-PERS,A-VID-GAME,1,1
11892,2025,9,4,STAFF-PERS,J-DVD,2,4
11893,2025,9,4,STAFF-PERS,J-EASY,2,0
11894,2025,9,4,STAFF-PERS,J-NF,2,0
11895,2025,9,4,STAFF-PERS,YA-FIC,2,0
11896,2025,9,4,STAFF-PERS,YA-GRA,8,0
11897,2025,9,4,STAFF-PERS,YA-NF,1,0
11898,2025,9,4,TEEN,A-NEWBK-FI,1,1
11899,2025,9,4,TEEN,A-NEWBK-NF,1,0
11900,2025,9,4,TEEN,J-FIC,1,1
11901,2025,9,4,TEEN,YA-FIC,1,0
11902,2025,9,4,TEEN,YA-GRA,3,0
11903,2025,9,4,TEEN,YA-PBK,1,0
11904,2025,9,4,,J-FIC,1,0
11905,2025,9,14,ADULT,A-DEMENTIA,2,0
11906,2025,9,14,ADULT,A-FIC,33,12
11907,2025,9,14,ADULT,A-LEASE-FI,2,1
11908,2025,9,14,ADULT,A-LP,8,5
11909,2025,9,14,ADULT,A-MYSTERY,2,0
11910,2025,9,14,ADULT,A-NEWBK,1,0
11911,2025,9,14,ADULT,A-NEWBK-FI,18,4
11912,2025,9,14,ADULT,A-NEWBK-LP,3,0
11913,2025,9,14,ADULT,A-NEWBK-NF,5,1
11914,2025,9,14,ADULT,A-NF,21,19
11915,2025,9,14,ADULT,A-SFI-FAN,4,2
11916,2025,9,14,ADULT,A-VID-GAME,2,2
11917,2025,9,14,ADULT,J-BEGINREA,1,1
11918,2025,9,14,ADULT,J-BOARD-BK,2,1
11919,2025,9,14,ADULT,J-CALDECTT,6,1
11920,2025,9,14,ADULT,J-DVD,2,2
11921,2025,9,14,ADULT,J-EASY,2,1
11922,2025,9,14,ADULT,J-EASY-PIC,1,0
11923,2025,9,14,ADULT,J-FIC,7,17
11924,2025,9,14,ADULT,J-GRA,3,2
11925,2025,9,14,ADULT,J-NF,15,10
11926,2025,9,14,ADULT,J-PBK,3,5
11927,2025,9,14,ADULT,J-PIC-BOOK,18,13
11928,2025,9,14,ADULT,YA-NF,1,0
11929,2025,9,14,ADULT,YA-VID-GAM,2,0
11930,2025,9,14,J-INTERNET,J-PIC-BOOK,1,0
11931,2025,9,14,JUVENILE,A-VID-GAME,1,0
11932,2025,9,14,JUVENILE,J-EASY,1,0
11933,2025,9,14,JUVENILE,J-FIC,1,3
11934,2025,9,14,JUVENILE,J-NF,2,0
11935,2025,9,14,JUVENILE,J-PIC-BOOK,1,0
11936,2025,9,14,JUVENILE,J-VIS-MEDI,1,0
11937,2025,9,14,STAFF-PERS,A-NEWBK-FI,1,0
11938,2025,9,1,A-NONRES,A-AUD-CD,2,0
11939,2025,9,1,A-NONRES,A-DVD,8,0
11940,2025,9,1,A-NONRES,A-FIC,6,0
11941,2025,9,1,A-NONRES,A-LEASE-LP,2,2
11942,2025,9,1,A-NONRES,A-LP-FIC,2,1
11943,2025,9,1,A-NONRES,A-NEWBK-FI,1,0
11944,2025,9,1,A-NONRES,A-NF,4,2
11945,2025,9,1,A-NONRES,J-AUD,1,0
11946,2025,9,1,A-NONRES,J-DVD,1,0
11947,2025,9,1,A-NONRES,J-EASY,4,5
11948,2025,9,1,A-NONRES,J-FIC,5,9
11949,2025,9,1,A-NONRES,J-NF,3,0
11950,2025,9,1,A-NONRES,J-PIC-BOOK,3,24
11951,2025,9,1,A-NONRES,YA-GRA,2,0
11952,2025,9,1,ADULT,A-AUD,61,52
11953,2025,9,1,ADULT,A-AUD-CD,124,75
11954,2025,9,1,ADULT,A-BIO,11,7
11955,2025,9,1,ADULT,A-BK-CLUB,32,3
11956,2025,9,1,ADULT,A-CHILDHOO,11,2
11957,2025,9,1,ADULT,A-DEMENTIA,10,9
11958,2025,9,1,ADULT,A-DVD,207,257
11959,2025,9,1,ADULT,A-DVD-FIC,2,4
11960,2025,9,1,ADULT,A-DVD-TV,22,23
11961,2025,9,1,ADULT,A-FIC,1770,1175
11962,2025,9,1,ADULT,A-FIC-CHRI,1,1
11963,2025,9,1,ADULT,A-FIC-PBK,1,0
11964,2025,9,1,ADULT,A-GRA,134,169
11965,2025,9,1,ADULT,A-HOMESCH,25,19
11966,2025,9,1,ADULT,A-HOTSPOT,47,0
11967,2025,9,1,ADULT,A-INCL-C,1,0
11968,2025,9,1,ADULT,A-KIT-HOBB,10,11
11969,2025,9,1,ADULT,A-LEASE-FI,287,262
11970,2025,9,1,ADULT,A-LEASE-LP,76,74
11971,2025,9,1,ADULT,A-LEASE-NF,39,54
11972,2025,9,1,ADULT,A-LP,340,161
11973,2025,9,1,ADULT,A-LP-BIO,3,4
11974,2025,9,1,ADULT,A-LP-FIC,320,153
11975,2025,9,1,ADULT,A-LP-MYS,1,0
11976,2025,9,1,ADULT,A-LP-NF,14,8
11977,2025,9,1,ADULT,A-LP-WEST,1,0
11978,2025,9,1,ADULT,A-MUSIC-CD,7,3
11979,2025,9,1,ADULT,A-MYSTERY,10,8
11980,2025,9,1,ADULT,A-NEWBK,5,2
11981,2025,9,1,ADULT,A-NEWBK-FI,513,377
11982,2025,9,1,ADULT,A-NEWBK-LP,135,80
11983,2025,9,1,ADULT,A-NEWBK-NF,131,142
11984,2025,9,1,ADULT,A-NF,1045,891
11985,2025,9,1,ADULT,A-PARNT-ED,1,0
11986,2025,9,1,ADULT,A-PBK,10,0
11987,2025,9,1,ADULT,A-SCIFIC,3,4
11988,2025,9,1,ADULT,A-SFI-FAN,1,3
11989,2025,9,1,ADULT,A-SND-REC,1,0
11990,2025,9,1,ADULT,A-SPA,17,18
11991,2025,9,1,ADULT,A-SPA-FIC,2,2
11992,2025,9,1,ADULT,A-SPA-NF,1,1
11993,2025,9,1,ADULT,A-STACKS,2,0
11994,2025,9,1,ADULT,A-VID-GAME,59,75
11995,2025,9,1,ADULT,A-VIS-MEDI,5,10
11996,2025,9,1,ADULT,A-WESTERN,2,0
11997,2025,9,1,ADULT,ILL,45,3
11998,2025,9,1,ADULT,J-AUD,28,22
11999,2025,9,1,ADULT,J-AUD-CASS,1,0
12000,2025,9,1,ADULT,J-BEGINREA,3,4
12001,2025,9,1,ADULT,J-BIO,1,1
12002,2025,9,1,ADULT,J-BOARD-BK,25,10
12003,2025,9,1,ADULT,J-CALDECTT,34,44
12004,2025,9,1,ADULT,J-DVD,211,372
12005,2025,9,1,ADULT,J-EASY,772,515
12006,2025,9,1,ADULT,J-EASY-F,8,17
12007,2025,9,1,ADULT,J-EASY-PBK,1,0
12008,2025,9,1,ADULT,J-EASY-PIC,7,8
12009,2025,9,1,ADULT,J-FIC,617,539
12010,2025,9,1,ADULT,J-GRA,418,259
12011,2025,9,1,ADULT,J-GRA-COM,4,2
12012,2025,9,1,ADULT,J-HOLIDAY,1,0
12013,2025,9,1,ADULT,J-KIT,1,6
12014,2025,9,1,ADULT,J-NEW,2,1
12015,2025,9,1,ADULT,J-NEWBERY,24,43
12016,2025,9,1,ADULT,J-NF,1003,872
12017,2025,9,1,ADULT,J-PBK,127,187
12018,2025,9,1,ADULT,J-PIC-BOOK,2282,1478
12019,2025,9,1,ADULT,J-SERIES,2,0
12020,2025,9,1,ADULT,J-SPA,35,33
12021,2025,9,1,ADULT,J-VIS-MEDI,1,2
12022,2025,9,1,ADULT,SC-FIC,1,1
12023,2025,9,1,ADULT,STACKS,1,1
12024,2025,9,1,ADULT,YA,90,82
12025,2025,9,1,ADULT,YA-DVD,28,56
12026,2025,9,1,ADULT,YA-FIC,83,91
12027,2025,9,1,ADULT,YA-GRA,158,78
12028,2025,9,1,ADULT,YA-GRA-COM,1,0
12029,2025,9,1,ADULT,YA-MANGA,4,3
12030,2025,9,1,ADULT,YA-NEW,1,1
12031,2025,9,1,ADULT,YA-NF,10,7
12032,2025,9,1,ADULT,YA-PBK,8,14
12033,2025,9,1,ADULT,YA-PLAYAWY,2,1
12034,2025,9,1,ADULT,YA-ROOM,1,0
12035,2025,9,1,ADULT,YA-SPA,1,0
12036,2025,9,1,ADULT,YA-VID-GAM,61,78
12037,2025,9,1,DAMAGED,A-AUD-CD,3,0
12038,2025,9,1,DAMAGED,A-BK-CLUB,4,0
12039,2025,9,1,DAMAGED,A-DVD,7,0
12040,2025,9,1,DAMAGED,A-FIC,33,0
12041,2025,9,1,DAMAGED,A-HOTSPOT,70,3
12042,2025,9,1,DAMAGED,A-LEASE-FI,14,0
12043,2025,9,1,DAMAGED,A-LEASE-LP,2,0
12044,2025,9,1,DAMAGED,A-LEASE-NF,6,0
12045,2025,9,1,DAMAGED,A-LP,4,0
12046,2025,9,1,DAMAGED,A-NEWBK-FI,5,0
12047,2025,9,1,DAMAGED,A-NEWBK-LP,1,0
12048,2025,9,1,DAMAGED,A-NF,34,0
12049,2025,9,1,DAMAGED,A-VID-GAME,2,0
12050,2025,9,1,DAMAGED,J-AUD,1,0
12051,2025,9,1,DAMAGED,J-CALDECTT,1,0
12052,2025,9,1,DAMAGED,J-DVD,28,0
12053,2025,9,1,DAMAGED,J-EASY,4,0
12054,2025,9,1,DAMAGED,J-FIC,12,0
12055,2025,9,1,DAMAGED,J-GRA,45,0
12056,2025,9,1,DAMAGED,J-NF,8,0
12057,2025,9,1,DAMAGED,J-PBK,15,0
12058,2025,9,1,DAMAGED,J-PIC-BOOK,31,0
12059,2025,9,1,DAMAGED,J-SPA,1,0
12060,2025,9,1,DAMAGED,YA,1,0
12061,2025,9,1,DAMAGED,YA-VID-GAM,1,0
12062,2025,9,1,DISCARD,A-AUD-CD,2,0
12063,2025,9,1,DISCARD,A-CHILDHOO,1,0
12064,2025,9,1,DISCARD,A-FIC,62,0
12065,2025,9,1,DISCARD,A-LEASE-FI,51,0
12066,2025,9,1,DISCARD,A-LEASE-LP,45,0
12067,2025,9,1,DISCARD,A-LEASE-NF,11,0
12068,2025,9,1,DISCARD,A-LP,2,0
12069,2025,9,1,DISCARD,A-LP-FIC,3,0
12070,2025,9,1,DISCARD,A-NEWBK-FI,7,0
12071,2025,9,1,DISCARD,A-NEWBK-LP,2,0
12072,2025,9,1,DISCARD,A-NF,117,0
12073,2025,9,1,DISCARD,ILL,125,0
12074,2025,9,1,DISCARD,J-AUD,1,0
12075,2025,9,1,DISCARD,J-DVD,1,0
12076,2025,9,1,DISCARD,J-EASY,1,0
12077,2025,9,1,DISCARD,J-FIC,9,0
12078,2025,9,1,DISCARD,J-GRA,4,0
12079,2025,9,1,DISCARD,J-NEWBERY,1,0
12080,2025,9,1,DISCARD,J-NF,7,0
12081,2025,9,1,DISCARD,J-PBK,3,0
12082,2025,9,1,DISCARD,J-PIC-BOOK,21,0
12083,2025,9,1,DISCARD,J-SPA,1,0
12084,2025,9,1,DISCARD,YA,3,0
12085,2025,9,1,DISCARD,YA-DVD,1,0
12086,2025,9,1,DISCARD,YA-PBK,1,0
12087,2025,9,1,ILL,A-DVD,4,3
12088,2025,9,1,INST-TEACH,A-FIC,2,0
12089,2025,9,1,INST-TEACH,A-LP,1,0
12090,2025,9,1,INST-TEACH,A-NF,3,0
12091,2025,9,1,INST-TEACH,J-EASY,19,1
12092,2025,9,1,INST-TEACH,J-EASY-PIC,1,0
12093,2025,9,1,INST-TEACH,J-FIC,13,1
12094,2025,9,1,INST-TEACH,J-GRA,23,0
12095,2025,9,1,INST-TEACH,J-KIT,2,2
12096,2025,9,1,INST-TEACH,J-NEWBERY,3,0
12097,2025,9,1,INST-TEACH,J-NF,30,3
12098,2025,9,1,INST-TEACH,J-PBK,1,0
12099,2025,9,1,INST-TEACH,J-PIC-BOOK,74,0
12100,2025,9,1,INST-TEACH,J-SPA,4,0
12101,2025,9,1,J-INTERNET,A-DVD,8,14
12102,2025,9,1,J-INTERNET,A-FIC,17,26
12103,2025,9,1,J-INTERNET,A-GRA,26,21
12104,2025,9,1,J-INTERNET,A-HOMESCH,2,3
12105,2025,9,1,J-INTERNET,A-KIT-HOBB,1,0
12106,2025,9,1,J-INTERNET,A-LEASE-FI,2,2
12107,2025,9,1,J-INTERNET,A-LEASE-LP,1,0
12108,2025,9,1,J-INTERNET,A-LEASE-NF,1,1
12109,2025,9,1,J-INTERNET,A-LP,1,0
12110,2025,9,1,J-INTERNET,A-NEWBK-FI,3,4
12111,2025,9,1,J-INTERNET,A-NEWBK-LP,2,0
12112,2025,9,1,J-INTERNET,A-NF,47,25
12113,2025,9,1,J-INTERNET,A-SFI-FAN,1,1
12114,2025,9,1,J-INTERNET,A-VID-GAME,7,9
12115,2025,9,1,J-INTERNET,J-AUD,8,8
12116,2025,9,1,J-INTERNET,J-CALDECTT,4,3
12117,2025,9,1,J-INTERNET,J-DVD,21,67
12118,2025,9,1,J-INTERNET,J-EASY,109,124
12119,2025,9,1,J-INTERNET,J-EASY-F,4,4
12120,2025,9,1,J-INTERNET,J-FIC,124,172
12121,2025,9,1,J-INTERNET,J-GRA,132,89
12122,2025,9,1,J-INTERNET,J-GRA-COM,1,2
12123,2025,9,1,J-INTERNET,J-NEWBERY,3,5
12124,2025,9,1,J-INTERNET,J-NF,200,195
12125,2025,9,1,J-INTERNET,J-PBK,51,89
12126,2025,9,1,J-INTERNET,J-PIC-BOOK,247,301
12127,2025,9,1,J-INTERNET,J-ROOM,2,0
12128,2025,9,1,J-INTERNET,J-SPA,3,2
12129,2025,9,1,J-INTERNET,YA,13,27
12130,2025,9,1,J-INTERNET,YA-FIC,20,35
12131,2025,9,1,J-INTERNET,YA-GRA,205,47
12132,2025,9,1,J-INTERNET,YA-NF,1,1
12133,2025,9,1,J-INTERNET,YA-PBK,2,5
12134,2025,9,1,J-INTERNET,YA-VID-GAM,16,14
12135,2025,9,1,JUVENILE,A-AUD-CD,1,2
12136,2025,9,1,JUVENILE,A-DVD,3,7
12137,2025,9,1,JUVENILE,A-FIC,12,13
12138,2025,9,1,JUVENILE,A-GRA,11,17
12139,2025,9,1,JUVENILE,A-HOMESCH,8,3
12140,2025,9,1,JUVENILE,A-LEASE-FI,1,0
12141,2025,9,1,JUVENILE,A-LEASE-LP,1,0
12142,2025,9,1,JUVENILE,A-LP,1,2
12143,2025,9,1,JUVENILE,A-NEWBK-FI,1,0
12144,2025,9,1,JUVENILE,A-NEWBK-LP,1,0
12145,2025,9,1,JUVENILE,A-NEWBK-NF,2,1
12146,2025,9,1,JUVENILE,A-NF,53,63
12147,2025,9,1,JUVENILE,A-PARNT-ED,1,0
12148,2025,9,1,JUVENILE,A-VID-GAME,11,8
12149,2025,9,1,JUVENILE,J-AUD,35,9
12150,2025,9,1,JUVENILE,J-AUD-CD,1,0
12151,2025,9,1,JUVENILE,J-BEGINREA,2,0
12152,2025,9,1,JUVENILE,J-BIO,1,0
12153,2025,9,1,JUVENILE,J-CALDECTT,15,17
12154,2025,9,1,JUVENILE,J-CD-BK,1,0
12155,2025,9,1,JUVENILE,J-DVD,54,81
12156,2025,9,1,JUVENILE,J-EASY,105,96
12157,2025,9,1,JUVENILE,J-EASY-F,3,0
12158,2025,9,1,JUVENILE,J-EASY-PIC,1,0
12159,2025,9,1,JUVENILE,J-FIC,222,189
12160,2025,9,1,JUVENILE,J-GRA,175,108
12161,2025,9,1,JUVENILE,J-GRA-COM,1,0
12162,2025,9,1,JUVENILE,J-KIT,1,2
12163,2025,9,1,JUVENILE,J-NEWBERY,10,2
12164,2025,9,1,JUVENILE,J-NF,247,152
12165,2025,9,1,JUVENILE,J-PBK,32,24
12166,2025,9,1,JUVENILE,J-PIC-BOOK,332,219
12167,2025,9,1,JUVENILE,J-SERIES,1,0
12168,2025,9,1,JUVENILE,J-SPA,2,2
12169,2025,9,1,JUVENILE,YA,20,16
12170,2025,9,1,JUVENILE,YA-AUD,1,0
12171,2025,9,1,JUVENILE,YA-DVD,7,19
12172,2025,9,1,JUVENILE,YA-FIC,16,27
12173,2025,9,1,JUVENILE,YA-GRA,63,77
12174,2025,9,1,JUVENILE,YA-NF,1,0
12175,2025,9,1,JUVENILE,YA-PBK,2,1
12176,2025,9,1,JUVENILE,YA-SERIES,1,1
12177,2025,9,1,JUVENILE,YA-VID-GAM,16,23
12178,2025,9,1,MISSING,A-AUD-CD,2,0
12179,2025,9,1,MISSING,A-CHILDHOO,1,0
12180,2025,9,1,MISSING,A-DVD,1,0
12181,2025,9,1,MISSING,A-FIC,15,0
12182,2025,9,1,MISSING,A-GRA,2,0
12183,2025,9,1,MISSING,A-LEASE-FI,2,0
12184,2025,9,1,MISSING,A-LEASE-LP,1,0
12185,2025,9,1,MISSING,A-LP,3,0
12186,2025,9,1,MISSING,A-NEWBK-FI,2,0
12187,2025,9,1,MISSING,A-NEWBK-LP,1,0
12188,2025,9,1,MISSING,A-NEWBK-NF,1,0
12189,2025,9,1,MISSING,A-NF,18,0
12190,2025,9,1,MISSING,A-SPA,1,0
12191,2025,9,1,MISSING,J-DVD,1,0
12192,2025,9,1,MISSING,J-FIC,3,0
12193,2025,9,1,MISSING,J-NF,2,0
12194,2025,9,1,MISSING,J-PBK,3,0
12195,2025,9,1,MISSING,J-PIC-BOOK,1,0
12196,2025,9,1,MISSING,J-SPA,1,0
12197,2025,9,1,PRGMNG,A-BK-CLUB,11,2
12198,2025,9,1,PRGMNG,A-DVD,1,3
12199,2025,9,1,PRGMNG,A-FIC,1,1
12200,2025,9,1,PRGMNG,A-GRA,1,0
12201,2025,9,1,PRGMNG,A-LP,2,1
12202,2025,9,1,PRGMNG,A-LP-FIC,3,0
12203,2025,9,1,PRGMNG,A-NEWBK-FI,2,0
12204,2025,9,1,PRGMNG,A-NF,19,0
12205,2025,9,1,PRGMNG,A-PROF-COL,20,0
12206,2025,9,1,PRGMNG,A-REF-BUS,1,0
12207,2025,9,1,PRGMNG,A-VID-GAME,1,0
12208,2025,9,1,PRGMNG,ILL,4,0
12209,2025,9,1,PRGMNG,J-AUD,5,0
12210,2025,9,1,PRGMNG,J-BOARD-BK,11,0
12211,2025,9,1,PRGMNG,J-CALDECTT,1,0
12212,2025,9,1,PRGMNG,J-EASY,40,0
12213,2025,9,1,PRGMNG,J-EASY-F,1,0
12214,2025,9,1,PRGMNG,J-EASY-PIC,2,0
12215,2025,9,1,PRGMNG,J-FIC,2,0
12216,2025,9,1,PRGMNG,J-KIT-STO,1,0
12217,2025,9,1,PRGMNG,J-NEWBERY,1,0
12218,2025,9,1,PRGMNG,J-NF,4,0
12219,2025,9,1,PRGMNG,J-PIC-BOOK,80,1
12220,2025,9,1,PRGMNG,J-SPA,1,0
12221,2025,9,1,PRGMNG,YA,12,0
12222,2025,9,1,PRGMNG,YA-DVD,1,0
12223,2025,9,1,PRGMNG,YA-FIC,15,0
12224,2025,9,1,PRGMNG,YA-GRA,4,0
12225,2025,9,1,PRGMNG,YA-NF,7,0
12226,2025,9,1,STAFF-PERS,A-AUD,4,3
12227,2025,9,1,STAFF-PERS,A-AUD-CD,10,3
12228,2025,9,1,STAFF-PERS,A-CHRISTIA,2,0
12229,2025,9,1,STAFF-PERS,A-COOKING,1,0
12230,2025,9,1,STAFF-PERS,A-DVD,13,11
12231,2025,9,1,STAFF-PERS,A-DVD-TV,1,1
12232,2025,9,1,STAFF-PERS,A-FIC,57,14
12233,2025,9,1,STAFF-PERS,A-GRA,12,11
12234,2025,9,1,STAFF-PERS,A-KIT-HOBB,1,1
12235,2025,9,1,STAFF-PERS,A-LEASE-FI,4,3
12236,2025,9,1,STAFF-PERS,A-LEASE-LP,2,1
12237,2025,9,1,STAFF-PERS,A-LP,3,1
12238,2025,9,1,STAFF-PERS,A-LP-FIC,3,3
12239,2025,9,1,STAFF-PERS,A-MYSTERY,3,1
12240,2025,9,1,STAFF-PERS,A-NEWBK-FI,17,4
12241,2025,9,1,STAFF-PERS,A-NEWBK-LP,2,2
12242,2025,9,1,STAFF-PERS,A-NEWBK-NF,7,7
12243,2025,9,1,STAFF-PERS,A-NF,24,26
12244,2025,9,1,STAFF-PERS,A-PROF-COL,2,0
12245,2025,9,1,STAFF-PERS,A-REF-BUS,1,0
12246,2025,9,1,STAFF-PERS,A-VID-GAME,6,2
12247,2025,9,1,STAFF-PERS,ILL,1,0
12248,2025,9,1,STAFF-PERS,J-CALDECTT,6,0
12249,2025,9,1,STAFF-PERS,J-DVD,5,1
12250,2025,9,1,STAFF-PERS,J-EASY,15,5
12251,2025,9,1,STAFF-PERS,J-EASY-PIC,1,0
12252,2025,9,1,STAFF-PERS,J-FIC,22,6
12253,2025,9,1,STAFF-PERS,J-GRA,4,8
12254,2025,9,1,STAFF-PERS,J-NEWBERY,1,2
12255,2025,9,1,STAFF-PERS,J-NF,16,6
12256,2025,9,1,STAFF-PERS,J-PBK,4,0
12257,2025,9,1,STAFF-PERS,J-PIC-BOOK,20,16
12258,2025,9,1,STAFF-PERS,SC-NF,1,0
12259,2025,9,1,STAFF-PERS,YA,3,1
12260,2025,9,1,STAFF-PERS,YA-FIC,10,9
12261,2025,9,1,STAFF-PERS,YA-GRA,12,14
12262,2025,9,1,STAFF-PERS,YA-NF,1,1
12263,2025,9,1,STAFF-PERS,YA-VID-GAM,1,4
12264,2025,9,1,STAFF-PERS,YA-VIDEO,1,3
12265,2025,9,1,TEEN,J-NF,6,0
12266,2025,9,1,TEEN,YA-FIC,1,1
12267,2025,9,1,YCLCIRC,A-FIC,10,0
12268,2025,9,1,YCLCIRC,A-LP,5,0
12269,2025,9,1,YCLCIRC,A-LP-FIC,1,0
12270,2025,9,1,YCLCIRC,A-NEWBK-FI,3,0
12271,2025,9,1,YCLCIRC,J-FIC,1,0
12272,2025,9,1,,A-DVD,1,1
12273,2025,9,16,ADULT,A-AUD-CD,2,0
12274,2025,9,16,ADULT,A-BLU-RAY,1,0
12275,2025,9,16,ADULT,A-DVD,12,5
12276,2025,9,16,ADULT,A-DVD-TV,2,3
12277,2025,9,16,ADULT,A-FIC,26,18
12278,2025,9,16,ADULT,A-GRA,1,0
12279,2025,9,16,ADULT,A-HOMESCH,3,0
12280,2025,9,16,ADULT,A-LEASE-FI,2,2
12281,2025,9,16,ADULT,A-LEASE-LP,1,0
12282,2025,9,16,ADULT,A-LEASE-NF,1,0
12283,2025,9,16,ADULT,A-LP,6,4
12284,2025,9,16,ADULT,A-LP-FIC,5,1
12285,2025,9,16,ADULT,A-NEWBK-FI,17,4
12286,2025,9,16,ADULT,A-NEWBK-LP,2,0
12287,2025,9,16,ADULT,A-NEWBK-NF,3,3
12288,2025,9,16,ADULT,A-NF,9,9
12289,2025,9,16,ADULT,A-SCIFIC,1,0
12290,2025,9,16,ADULT,A-VID-GAME,2,1
12291,2025,9,16,ADULT,A-VIS-MEDI,1,1
12292,2025,9,16,ADULT,J-BIO,2,1
12293,2025,9,16,ADULT,J-CALDECTT,1,0
12294,2025,9,16,ADULT,J-DVD,1,0
12295,2025,9,16,ADULT,J-EASY,2,5
12296,2025,9,16,ADULT,J-FIC,11,17
12297,2025,9,16,ADULT,J-GRA,2,2
12298,2025,9,16,ADULT,J-NEWBERY,1,1
12299,2025,9,16,ADULT,J-NF,12,12
12300,2025,9,16,ADULT,J-PBK,1,9
12301,2025,9,16,ADULT,J-PIC-BOOK,12,16
12302,2025,9,16,ADULT,YA,1,0
12303,2025,9,16,ADULT,YA-FIC,2,0
12304,2025,9,16,J-INTERNET,A-NEWBK-NF,1,0
12305,2025,9,16,J-INTERNET,J-BOARD-BK,1,0
12306,2025,9,16,J-INTERNET,J-FIC,4,0
12307,2025,9,16,J-INTERNET,J-GRA,4,0
12308,2025,9,16,J-INTERNET,J-PBK,6,3
12309,2025,9,16,J-INTERNET,J-PIC-BOOK,5,2
12310,2025,9,16,JUVENILE,A-NF,2,0
12311,2025,9,16,JUVENILE,J-FIC,2,0
12312,2025,9,16,JUVENILE,J-PBK,1,1
12313,2025,9,16,JUVENILE,J-PIC-BOOK,2,0
12314,2025,9,16,JUVENILE,YA-FIC,1,0
12315,2025,9,5,A-NONRES,A-FIC,2,0
12316,2025,9,5,ADULT,A-AFR-AMER,1,0
12317,2025,9,5,ADULT,A-AUD,11,6
12318,2025,9,5,ADULT,A-AUD-CD,17,9
12319,2025,9,5,ADULT,A-AUD-NF,1,0
12320,2025,9,5,ADULT,A-BIO,1,1
12321,2025,9,5,ADULT,A-BLU-RAY,2,2
12322,2025,9,5,ADULT,A-DVD,102,32
12323,2025,9,5,ADULT,A-DVD-FIC,1,3
12324,2025,9,5,ADULT,A-FIC,513,187
12325,2025,9,5,ADULT,A-FIC-CHRI,1,0
12326,2025,9,5,ADULT,A-GRA,5,1
12327,2025,9,5,ADULT,A-HOMESCH,22,3
12328,2025,9,5,ADULT,A-HOTSPOT,93,0
12329,2025,9,5,ADULT,A-KIT-HOBB,4,1
12330,2025,9,5,ADULT,A-LEASE-FI,12,13
12331,2025,9,5,ADULT,A-LEASE-LP,4,2
12332,2025,9,5,ADULT,A-LEASE-NF,1,1
12333,2025,9,5,ADULT,A-LP,88,16
12334,2025,9,5,ADULT,A-LP-FIC,24,13
12335,2025,9,5,ADULT,A-MYSTERY,3,0
12336,2025,9,5,ADULT,A-NEWBK-FI,151,54
12337,2025,9,5,ADULT,A-NEWBK-LP,54,8
12338,2025,9,5,ADULT,A-NEWBK-NF,37,16
12339,2025,9,5,ADULT,A-NF,250,154
12340,2025,9,5,ADULT,A-PLAYAWAY,9,0
12341,2025,9,5,ADULT,A-SC,1,0
12342,2025,9,5,ADULT,A-SC-REF,1,0
12343,2025,9,5,ADULT,A-SFI-FAN,1,0
12344,2025,9,5,ADULT,A-VID-GAME,6,1
12345,2025,9,5,ADULT,A-WESTERN,2,0
12346,2025,9,5,ADULT,ILL,12,0
12347,2025,9,5,ADULT,J-AUD,2,1
12348,2025,9,5,ADULT,J-BEGINREA,1,3
12349,2025,9,5,ADULT,J-BOARD-BK,6,3
12350,2025,9,5,ADULT,J-CALDECTT,17,6
12351,2025,9,5,ADULT,J-DVD,82,40
12352,2025,9,5,ADULT,J-DVD-F,2,4
12353,2025,9,5,ADULT,J-EASY,312,36
12354,2025,9,5,ADULT,J-EASY-F,1,0
12355,2025,9,5,ADULT,J-EASY-PIC,1,1
12356,2025,9,5,ADULT,J-F-LANG-F,4,4
12357,2025,9,5,ADULT,J-FIC,238,67
12358,2025,9,5,ADULT,J-GRA,131,21
12359,2025,9,5,ADULT,J-GRA-COM,1,0
12360,2025,9,5,ADULT,J-KIT,5,7
12361,2025,9,5,ADULT,J-NEWBERY,10,3
12362,2025,9,5,ADULT,J-NF,461,91
12363,2025,9,5,ADULT,J-PBK,74,22
12364,2025,9,5,ADULT,J-PIC-BOOK,696,105
12365,2025,9,5,ADULT,J-SPA,13,2
12366,2025,9,5,ADULT,YA,35,13
12367,2025,9,5,ADULT,YA-DVD,1,1
12368,2025,9,5,ADULT,YA-FIC,12,9
12369,2025,9,5,ADULT,YA-GRA,47,6
12370,2025,9,5,ADULT,YA-MANGA,6,0
12371,2025,9,5,ADULT,YA-PBK,5,0
12372,2025,9,5,ADULT,YA-ROOM,1,0
12373,2025,9,5,ADULT,YA-VID-GAM,2,0
12374,2025,9,5,DAMAGED,A-HOTSPOT,8,0
12375,2025,9,5,DAMAGED,J-DVD,1,0
12376,2025,9,5,DAMAGED,J-FIC,1,0
12377,2025,9,5,DAMAGED,J-PIC-BOOK,1,0
12378,2025,9,5,DISCARD,A-AUD,1,0
12379,2025,9,5,DISCARD,A-AUD-CD,17,0
12380,2025,9,5,DISCARD,A-FIC,5,0
12381,2025,9,5,DISCARD,A-NF,3,0
12382,2025,9,5,DISCARD,J-EASY,3,0
12383,2025,9,5,DISCARD,J-FIC,88,0
12384,2025,9,5,DISCARD,J-GRA,2,0
12385,2025,9,5,DISCARD,J-KIT,1,0
12386,2025,9,5,DISCARD,J-NF,4,0
12387,2025,9,5,DISCARD,J-PBK,3,0
12388,2025,9,5,DISCARD,J-PIC-BOOK,474,0
12389,2025,9,5,DISCARD,YA,1,0
12390,2025,9,5,DISCARD,YA-GRA,1,0
12391,2025,9,5,INST-TEACH,J-EASY,8,0
12392,2025,9,5,INST-TEACH,J-NF,7,0
12393,2025,9,5,INST-TEACH,J-PIC-BOOK,14,0
12394,2025,9,5,J-INTERNET,A-DVD,2,0
12395,2025,9,5,J-INTERNET,A-FIC,3,0
12396,2025,9,5,J-INTERNET,A-HOMESCH,1,0
12397,2025,9,5,J-INTERNET,A-NF,21,5
12398,2025,9,5,J-INTERNET,J-BOARD-BK,1,1
12399,2025,9,5,J-INTERNET,J-CALDECTT,3,2
12400,2025,9,5,J-INTERNET,J-DVD,103,7
12401,2025,9,5,J-INTERNET,J-EASY,77,8
12402,2025,9,5,J-INTERNET,J-FIC,80,5
12403,2025,9,5,J-INTERNET,J-GRA,55,2
12404,2025,9,5,J-INTERNET,J-NF,65,29
12405,2025,9,5,J-INTERNET,J-PBK,10,0
12406,2025,9,5,J-INTERNET,J-PIC-BOOK,144,15
12407,2025,9,5,J-INTERNET,J-SPA,1,0
12408,2025,9,5,J-INTERNET,YA,8,0
12409,2025,9,5,J-INTERNET,YA-FIC,7,0
12410,2025,9,5,J-INTERNET,YA-GRA,23,0
12411,2025,9,5,JUVENILE,A-DVD,1,0
12412,2025,9,5,JUVENILE,A-FIC,3,2
12413,2025,9,5,JUVENILE,A-NF,7,2
12414,2025,9,5,JUVENILE,J-AUD,3,0
12415,2025,9,5,JUVENILE,J-BEGINREA,6,3
12416,2025,9,5,JUVENILE,J-DVD,40,13
12417,2025,9,5,JUVENILE,J-EASY,72,6
12418,2025,9,5,JUVENILE,J-EASY-F,2,0
12419,2025,9,5,JUVENILE,J-EASY-PIC,3,0
12420,2025,9,5,JUVENILE,J-FIC,97,19
12421,2025,9,5,JUVENILE,J-GRA,53,11
12422,2025,9,5,JUVENILE,J-NF,56,9
12423,2025,9,5,JUVENILE,J-PBK,24,10
12424,2025,9,5,JUVENILE,J-PIC-BOOK,143,10
12425,2025,9,5,JUVENILE,J-SPA,1,1
12426,2025,9,5,JUVENILE,YA,2,0
12427,2025,9,5,JUVENILE,YA-PBK,1,1
12428,2025,9,5,JUVENILE,YA-VID-GAM,3,0
12429,2025,9,5,MISSING,A-FIC,1,0
12430,2025,9,5,MISSING,A-HOTSPOT,5,0
12431,2025,9,5,MISSING,A-NEWBK-FI,1,0
12432,2025,9,5,MISSING,A-NF,2,0
12433,2025,9,5,MISSING,J-EASY,2,0
12434,2025,9,5,MISSING,J-FIC,2,0
12435,2025,9,5,MISSING,J-GRA,1,0
12436,2025,9,5,MISSING,J-NF,6,0
12437,2025,9,5,MISSING,J-PIC-BOOK,13,0
12438,2025,9,5,MISSING,YA,1,0
12439,2025,9,5,PRGMNG,A-FIC,6,13
12440,2025,9,5,PRGMNG,A-NF,1,0
12441,2025,9,5,PRGMNG,J-EASY,3,0
12442,2025,9,5,PRGMNG,J-PIC-BOOK,12,0
12443,2025,9,5,STAFF-PERS,A-DVD,3,1
12444,2025,9,5,STAFF-PERS,A-FIC,1,2
12445,2025,9,5,STAFF-PERS,A-KIT-HOBB,1,1
12446,2025,9,5,STAFF-PERS,A-LEASE-FI,2,0
12447,2025,9,5,STAFF-PERS,A-NEWBK-FI,4,2
12448,2025,9,5,STAFF-PERS,A-NEWBK-NF,1,0
12449,2025,9,5,STAFF-PERS,A-NF,12,6
12450,2025,9,5,STAFF-PERS,A-VID-GAME,1,0
12451,2025,9,5,STAFF-PERS,J-EASY,1,0
12452,2025,9,5,STAFF-PERS,J-EASY-F,1,0
12453,2025,9,5,STAFF-PERS,J-FIC,1,0
12454,2025,9,5,STAFF-PERS,J-NEWBERY,2,0
12455,2025,9,5,STAFF-PERS,J-NF,2,0
12456,2025,9,5,STAFF-PERS,J-PIC-BOOK,4,0
12457,2025,9,5,STAFF-PERS,YA-GRA,1,1
12458,2025,9,5,STAFF-PERS,YA-NF,1,0
12459,2025,9,5,TEEN,A-NF,2,0
12460,2025,9,5,TEEN,YA-GRA,2,0
12461,2025,9,5,,A-FIC,1,0
12462,2025,9,5,,J-NF,2,0
12463,2025,9,5,,J-PBK,1,0
12464,2025,9,5,,YA-FIC,1,0
12465,2025,9,15,ADULT,A-BIO,1,0
12466,2025,9,15,ADULT,A-DVD,6,0
12467,2025,9,15,ADULT,A-DVD-FIC,2,0
12468,2025,9,15,ADULT,A-FIC,33,0
12469,2025,9,15,ADULT,A-GRA,1,0
12470,2025,9,15,ADULT,A-HOMESCH,1,0
12471,2025,9,15,ADULT,A-LEASE-FI,2,0
12472,2025,9,15,ADULT,A-LEASE-LP,1,0
12473,2025,9,15,ADULT,A-LP,8,0
12474,2025,9,15,ADULT,A-LP-FIC,3,0
12475,2025,9,15,ADULT,A-NEWBK-FI,9,0
12476,2025,9,15,ADULT,A-NEWBK-NF,1,0
12477,2025,9,15,ADULT,A-NF,23,0
12478,2025,9,15,ADULT,A-SND-REC,1,0
12479,2025,9,15,ADULT,A-VIS-MEDI,2,0
12480,2025,9,15,ADULT,J-DVD,1,0
12481,2025,9,15,ADULT,J-EASY,7,0
12482,2025,9,15,ADULT,J-EASY-PIC,1,0
12483,2025,9,15,ADULT,J-FIC,1,0
12484,2025,9,15,ADULT,J-GRA,2,0
12485,2025,9,15,ADULT,J-NF,4,0
12486,2025,9,15,ADULT,J-PIC-BOOK,6,0
12487,2025,9,15,ADULT,YA-FIC,4,0
12488,2025,9,15,ADULT,YA-MANGA,1,0
12489,2025,9,15,ADULT,YA-NF,1,0
12490,2025,9,15,J-INTERNET,A-NF,1,0
12491,2025,9,15,JUVENILE,A-VID-GAME,1,0
12492,2025,9,15,JUVENILE,YA-VID-GAM,1,0
12493,2025,9,6,ADULT,A-AUD-MP3,0,2
12494,2025,9,6,ADULT,J-EASY-PIC,0,1
12495,2025,9,6,HOMEBOUND,J-PBK,0,1
12496,2025,9,6,STAFF-PERS,YA-VID-GAM,0,1
12497,2025,9,2,ADULT,A-DVD-TV,0,9
12498,2025,9,2,ADULT,J-HOLIDAY,0,1
12499,2025,9,2,ADULT,T-FIC,0,1
12500,2025,9,2,INST-TEACH,A-DVD,0,2
12501,2025,9,2,INST-TEACH,J-NF,0,1
12502,2025,9,2,J-INTERNET,YA,0,3
12503,2025,9,2,J-INTERNET,YA-FIC,0,2
12504,2025,9,2,J-INTERNET,YA-GRA,0,5
12505,2025,9,2,JUVENILE,A-HOMESCH,0,7
12506,2025,9,2,JUVENILE,J-SPA,0,1
12507,2025,9,2,JUVENILE,YA-NF,0,1
12508,2025,9,2,STAFF-PERS,A-NEWBK-FI,0,3
12509,2025,9,2,STAFF-PERS,YA,0,1
12510,2025,9,2,TEEN,A-FIC,0,4
12511,2025,9,2,TEEN,J-NF,0,4
12512,2025,9,12,ADULT,A-LP-FIC,0,2
12513,2025,9,12,ADULT,J-CALDECTT,0,1
12514,2025,9,3,A-NONRES,J-BOARD-BK,0,1
12515,2025,9,3,A-NONRES,J-FIC,0,4
12516,2025,9,3,A-NONRES,J-PBK,0,1
12517,2025,9,3,A-NONRES,J-SPA,0,2
12518,2025,9,3,A-NONRES,YA-FIC,0,2
12519,2025,9,3,A-NONRES,YA-PBK,0,2
12520,2025,9,3,ADULT,A-STACKS,0,1
12521,2025,9,3,ADULT,BASMNT,0,1
12522,2025,9,3,ADULT,J-SND-REC,0,2
12523,2025,9,3,ADULT,T-GRA,0,1
12524,2025,9,3,ADULT,YA-PLAYAWY,0,1
12525,2025,9,3,J-INTERNET,J-BOARD-BK,0,2
12526,2025,9,3,J-INTERNET,YA-PBK,0,1
12527,2025,9,3,J-NONRES,J-PIC-BOOK,0,6
12528,2025,9,3,JUVENILE,A-VID-GAME,0,1
12529,2025,9,3,JUVENILE,J-NEW,0,1
12530,2025,9,3,JUVENILE,YA-GRA-COM,0,2
12531,2025,9,3,STAFF-PERS,A-AUD-MP3,0,1
12532,2025,9,3,STAFF-PERS,A-PLAYAWAY,0,2
12533,2025,9,3,STAFF-PERS,A-SCIFIC,0,1
12534,2025,9,3,STAFF-PERS,J-PBK,0,2
12535,2025,9,3,STAFF-PERS,YA-DVD,0,2
12536,2025,9,3,TEEN,J-PBK,0,1
12537,2025,9,3,TEEN,YA-PBK,0,1
12538,2025,9,13,ADULT,A-HOMESCH,0,1
12539,2025,9,13,ADULT,J-SPA,0,1
12540,2025,9,13,ADULT,J-VIS-MEDI,0,2
12541,2025,9,13,ADULT,YA-PBK,0,1
12542,2025,9,13,J-INTERNET,A-FIC,0,2
12543,2025,9,4,A-NONRES,YA,0,1
12544,2025,9,4,ADULT,A-CHILDHOO,0,2
12545,2025,9,4,ADULT,A-CHRISTIA,0,1
12546,2025,9,4,ADULT,A-DVD-TV,0,1
12547,2025,9,4,ADULT,A-FIC-PBK,0,1
12548,2025,9,4,ADULT,A-HOMESCH,0,1
12549,2025,9,4,ADULT,A-SND-REC,0,1
12550,2025,9,4,ADULT,J-ROOM,0,2
12551,2025,9,4,ADULT,J-SERIES,0,3
12552,2025,9,4,ADULT,YA-SCIFIC,0,2
12553,2025,9,4,J-INTERNET,A-NEWBK-NF,0,3
12554,2025,9,4,J-INTERNET,YA-FIC,0,3
12555,2025,9,4,JUVENILE,A-LEASE-FI,0,2
12556,2025,9,4,JUVENILE,A-NEWBK-LP,0,3
12557,2025,9,4,JUVENILE,A-SFI-FAN,0,1
12558,2025,9,4,JUVENILE,J-BEGINREA,0,1
12559,2025,9,4,JUVENILE,J-GRA-COM,0,2
12560,2025,9,4,TEEN,A-FIC,0,4
12561,2025,9,4,TEEN,A-NF,0,2
12562,2025,9,4,TEEN,J-NEWBERY,0,1
12563,2025,9,14,ADULT,A-AUD-CD,0,1
12564,2025,9,14,ADULT,A-HOMESCH,0,1
12565,2025,9,14,ADULT,A-LEASE-NF,0,1
12566,2025,9,14,ADULT,A-LP-FIC,0,1
12567,2025,9,14,ADULT,J-BIO,0,3
12568,2025,9,14,ADULT,J-EASY-F,0,1
12569,2025,9,14,ADULT,J-ROOM,0,1
12570,2025,9,14,ADULT,YA,0,1
12571,2025,9,14,ADULT,YA-FIC,0,2
12572,2025,9,14,JUVENILE,J-BEGINREA,0,7
12573,2025,9,1,A-NONRES,A-LP,0,1
12574,2025,9,1,A-NONRES,J-PBK,0,1
12575,2025,9,1,ADULT,A-AFR-AMER,0,1
12576,2025,9,1,ADULT,A-AUD-MP3,0,1
12577,2025,9,1,ADULT,A-FIC-URBN,0,3
12578,2025,9,1,ADULT,A-SC,0,1
12579,2025,9,1,ADULT,J-AUD-F,0,2
12580,2025,9,1,ADULT,J-DVD-F,0,1
12581,2025,9,1,ADULT,J-F-LANG,0,1
12582,2025,9,1,ADULT,J-ROOM,0,1
12583,2025,9,1,ADULT,J-STORYTIM,0,1
12584,2025,9,1,ADULT,YA-SCIFIC,0,1
12585,2025,9,1,ILL,J-DVD,0,2
12586,2025,9,1,J-INTERNET,A-AUD-CD,0,2
12587,2025,9,1,J-INTERNET,A-NEWBK-NF,0,2
12588,2025,9,1,J-INTERNET,J-BIO,0,1
12589,2025,9,1,J-INTERNET,J-F-LANG,0,1
12590,2025,9,1,J-INTERNET,J-NEW,0,1
12591,2025,9,1,J-INTERNET,YA-MANGA,0,3
12592,2025,9,1,J-NONRES,J-EASY,0,2
12593,2025,9,1,J-NONRES,J-FIC,0,1
12594,2025,9,1,J-NONRES,J-PIC-BOOK,0,3
12595,2025,9,1,JUVENILE,A-CHILDHOO,0,1
12596,2025,9,1,JUVENILE,J-BOARD-BK,0,1
12597,2025,9,1,JUVENILE,J-F-LANG,0,1
12598,2025,9,1,JUVENILE,J-ROOM,0,1
12599,2025,9,1,PRGMNG,J-DVD,0,1
12600,2025,9,1,STAFF-PERS,A-AUD-NF,0,1
12601,2025,9,1,STAFF-PERS,A-LEASE-NF,0,1
12602,2025,9,1,STAFF-PERS,A-MUSIC-CD,0,3
12603,2025,9,1,STAFF-PERS,J-ROOM,0,1
12604,2025,9,1,STAFF-PERS,YA-NEW,0,1
12605,2025,9,1,TEEN,YA,0,1
12606,2025,9,1,TEEN,YA-PBK,0,2
12607,2025,9,1,,A-CHRISTIA,0,1
12608,2025,9,1,,A-DVD-TV,0,1
12609,2025,9,1,,J-DVD,0,1
12610,2025,9,1,,J-EASY,0,2
12611,2025,9,1,,YA,0,1
12612,2025,9,16,ADULT,A-SFI-FAN,0,1
12613,2025,9,16,ADULT,A-STACKS,0,2
12614,2025,9,16,J-INTERNET,J-EASY,0,3
12615,2025,9,16,JUVENILE,J-NF,0,1
12616,2025,9,5,ADULT,A-LP-NF,0,1
12617,2025,9,5,ADULT,J-SERIES,0,1
12618,2025,9,5,J-INTERNET,A-GRA,0,1
12619,2025,9,5,J-INTERNET,A-VID-GAME,0,4
12620,2025,9,5,J-INTERNET,YA-DVD,0,1
12621,2025,9,5,JUVENILE,J-NEWBERY,0,1
12622,2025,9,5,PRGMNG,A-AUD,0,1
12623,2025,9,5,PRGMNG,A-LP,0,2
12624,2025,9,5,STAFF-PERS,A-LP,0,1
12625,2025,9,5,STAFF-PERS,A-NEWBK-LP,0,2
12626,2025,9,5,STAFF-PERS,J-DVD,0,1
12627,2025,9,5,STAFF-PERS,J-GRA,0,1
